primary_22_00_fee_0bps,primary_22_00_fee_1bps,primary_22_00_fee_5bps,primary_22_00_fee_10bps,primary_22_00_fee_20bps,buyhold_fee_0bps,buyhold_fee_1bps,buyhold_fee_5bps,buyhold_fee_10bps,buyhold_fee_20bps
1.001319518090081,1.001119518090081,1.000319518090081,0.9993195180900809,0.9973195180900809,,,,,
0.9996791436607046,0.9992792473996422,0.9976804623553926,0.9956837810500805,0.9916964184394563,0.9974682492140848,0.9972682492140849,0.9964682492140848,0.9954682492140848,0.9934682492140848
0.9819755894436452,0.9813829191905006,0.9790146227955775,0.9760596140916477,0.9701674465162019,0.969679910636472,0.969286028760688,0.9677113012575522,0.9657446918786325,0.9618174731207931
0.9833914493055319,0.9826016479279357,0.9794471987698576,0.9755148247861808,0.9676856110408859,0.9997752829182113,0.9991753191617524,0.9967778636925385,0.9937864397584213,0.9878215537648519
0.9722280975649089,0.9712507415962329,0.9673491745294048,0.9624898579725515,0.9528298078073308,0.9714285544381591,0.9706457664501947,0.9675193434755592,0.9636219406672827,0.9558624643466739
0.9685452094471961,0.9673773056431588,0.9627174190396529,0.9569188794727567,0.9454090829374808,0.9805855277442014,0.9796012318114987,0.9756719480576248,0.9707780826381484,0.9610492572192145
0.968344483762844,0.966983346539338,0.9615551837138707,0.9548067255226018,0.941431515756748,0.9499439892178089,0.9487945305207687,0.9442082781331919,0.9385014530110354,0.9271739950688817
0.9718598684982281,0.9703003932636723,0.9640843660432392,0.9563633506306914,0.9410834721769636,0.9125433626000738,0.9112494007973013,0.9060892662238342,0.899674332179461,0.8869611590626261
0.9759659358232379,0.9742058117923424,0.9671934978293147,0.9584912191141346,0.9412951766251239,0.9159068507060583,0.9144258696879785,0.9085228763021114,0.9011910384441776,0.8866825106435035
0.9831351608792311,0.9811672662128871,0.973331089041807,0.963615096414752,0.9444445374181216,0.9278141470139982,0.9261310272485469,0.9194256539770954,0.9111046389658939,0.894663144302993
0.9761285099193603,0.973978406678144,0.9654209790838172,0.9548203317171019,0.9339358503477191,0.9644892169498392,0.9625543398365678,0.9548497139974185,0.9452969984035642,0.9264491533791204
0.9782030637117931,0.9758535952015406,0.9665073553149367,0.9549399588397498,0.9321849892036735,0.9751488412038491,0.973000068781351,0.9644479518570176,0.9538539144818743,0.9329825587099224
0.9779056299772823,0.9753617051305333,0.9652469704378803,0.9527397185984033,0.928172807829755,0.9699539848661864,0.9676220594660825,0.9583456538218185,0.9468647935973064,0.9242804022355072
0.9813669393525122,0.9786189379104901,0.9676982273567456,0.9542064734740565,0.9277453960191601,0.9832685875913617,0.9807111273327129,0.9705425628018506,0.95796872035042,0.9332709199934253
0.9850761356873485,0.9821220240503079,0.9703880628960222,0.9559046005603627,0.9275409415908138,1.02452052537149,1.021659627492407,1.0102900518317626,0.9962432929554118,0.9686921776698458
0.9843286293249067,0.9811803349547036,0.9686813142364438,0.9532674212635512,0.9231269309539946,1.0149062551165917,1.011867872451428,0.9997990326450764,0.9849018943458691,0.9557270411634144
0.9760705098711446,0.9727523923515576,0.95958578811929,0.9433633579517229,0.9116897612954431,1.0011121546370676,0.9979126945817333,0.9852104629785831,0.9695457944095396,0.9389143669288965
0.9798426439822082,0.9763171527463279,0.9623346293835714,0.9451223648848434,0.911566329727642,0.9843204168254089,0.9809750390419781,0.9677002351067041,0.9513444302064963,0.9194102203393151
0.9795455638929529,0.9758258781259609,0.9610805229484325,0.9429455669638632,0.9076436851265468,1.0201206693067124,1.0164574233618486,1.0019283025818402,0.9840426398095308,0.9491720138732215
1.004711148817515,1.0007007351246673,0.9848106404780584,0.9652849672501331,0.9273314582825055,1.0428231072855247,1.0388750455654152,1.0232239473340612,1.003974088252687,0.9664988256393975
1.0051835131251177,1.0009710737917978,0.9842888379338443,0.9638082254290472,0.9240581167446879,1.064647886635287,1.060409422684536,1.0436153206659227,1.0229778656468103,0.9828602528632653
1.006295103213865,1.0018778113066402,0.9843930326438648,0.9629464438798272,0.9213837612092222,1.068756753570927,1.0642898499476756,1.0465993998895662,1.024879956946664,0.9827220302914859
1.0112478128578,1.0066084046840622,0.9882535532460253,0.9657599103747824,0.9222330253752051,1.0723505750338993,1.06765579294693,1.0490721152204514,1.026276477558193,0.9820956616625215
1.023944482240565,1.0190455025375695,0.9996732658434777,0.9759539389401449,0.9301231421163074,1.076516661902744,1.0715901094073914,1.052098693051661,1.0282110133933484,0.9819827251351334
1.023075079371775,1.017976450156103,0.997824797725715,0.9731733756331492,0.9256129077775517,1.0711671267387164,1.0660507377429895,1.0458183994279713,1.0210451015027764,0.9731750266429858
1.0268829389277963,1.0215617374531754,1.000540851574694,0.9748491555593751,0.9253555639661154,1.0876718398507896,1.0822634065737582,1.0608867169266818,1.0347354362912835,0.9842771618162073
1.0221530331185622,1.0166520291805017,0.9949317386971975,0.9684092232505803,0.9173918791955185,1.0679821701102366,1.0624551907641027,1.0406210403796794,1.0139345813164726,0.9625220941676422
1.024117856190267,1.018402947598577,0.9958493041791946,0.9683339193944035,0.915485758708325,1.1025243769469482,1.0966061450916373,1.0732376733847664,1.0447008345717383,0.9898032720163353
1.023464837618919,1.017549892492367,0.99421846146487,0.9657798030570766,0.9112400652793085,1.112868102239467,1.10667502515421,1.0822333973590281,1.052412666028704,0.9951302510102306
1.0266659240066434,1.020528968754218,0.9963338556314496,0.9668689086145038,0.910445186488211,1.1145040901680434,1.1080805738547734,1.0827421168970788,1.0518549552325374,0.9926126356953164
1.0223164152542776,1.0160013536495547,0.991116515970507,0.9608389943468116,0.9029462705100636,1.1102036091373764,1.1035832628095381,1.0774814520826363,1.0456925053659822,0.9848120405633264
1.0163329610148977,1.0098516601835668,0.9843245532285388,0.9532936796167907,0.8940496855269361,1.0712121230141352,1.0646035733671888,1.0385617201269965,1.0068753301699387,0.9462851864001686
1.011155347165126,1.0045050943867129,0.9783256786853374,0.946530626170346,0.8859188337215785,1.029040305430225,1.022479002540778,0.9966367322081159,0.9652225931301424,0.9052463912140853
1.0081508069188712,1.0013194136382773,0.9744403626180875,0.9418250501361622,0.8797427450801769,1.0255923749747768,1.0188485607648663,0.9923007373148471,0.9600580468522356,0.8985922624521345
1.0071550757774304,1.000130165849723,0.9725034862708164,0.9390111775674125,0.8753548691287734,1.0276583713621243,1.0206972024172636,0.9933073688906798,0.9600719120408017,0.8968080554250011
1.0037008774933474,0.9965000345767306,0.9681956276298804,0.9339126672494041,0.8688512811087751,1.0498673700093288,1.0425516219487114,1.0137806915096432,0.9789001378986322,0.9126019808377553
1.007168253782386,0.999743234889778,0.9705721521650732,0.9352711284620893,0.8683774020349511,1.0501613324606307,1.0426350256690398,1.0130507690136275,0.9772164292770159,0.9092071011106446
1.0153889517328705,1.0077033797834816,0.977523573654126,0.9410344462082196,0.8719917531713758,1.0625789169257756,1.0547550886599093,1.0240164905559417,0.9868170472246479,0.9163211503336395
0.9974171649943505,0.9896660824684089,0.9592444582445488,0.9224966215564037,0.8530700454241673,1.0524728591849164,1.0445124913722685,1.0132531788315868,0.9754579172389667,0.9039408476692379
0.9930056163393468,0.9850908834214831,0.9540425019620974,0.9165714511588345,0.8458846599224552,1.0515087759916266,1.043346797514174,1.0113117683594492,0.9726134652191472,0.8994970589557597
0.9884030066469394,0.9803279405679051,0.9486664449274412,0.910489973125806,0.8385804214696363,1.0247422691311152,1.01657938718057,0.9845571779766232,0.945910037897216,0.8730020728543278
0.9917849084363217,0.9834861472696292,0.9509637183734808,0.9117843091474557,0.8380953713347722,1.019553359437781,1.011228495375913,0.9785871933030321,0.9392284849173336,0.8650895101907603
0.9864270528947451,0.9779764263599497,0.9448754247915598,0.9050350670570866,0.8302154013658016,1.0557876508812338,1.0469646806360378,1.0123869855214018,0.9707296233747101,0.8923738945872259
0.9863195608438722,0.9776742598979583,0.9438275852429314,0.90312637424714,0.8268040702665251,1.0689023142093221,1.059760354856626,1.0239501524001158,0.9808462632945264,0.8998891878681881
0.9855040430929124,0.9766703554817362,0.9421033735102297,0.9005733902983354,0.8228132282898566,1.0630743384721595,1.0537702717504722,1.017343319167641,0.9735367030082951,0.891383165592866
0.9898091883154481,0.9807415769304917,0.9452768208196708,0.9027063716991084,0.8231164105935167,1.1172353178342644,1.1072464781232754,1.0681570741259498,1.0211888903234654,0.9332313763426324
0.9990431310037848,0.9896947794398415,0.953150043656262,0.9093223183440304,0.8275028085654372,1.1340164838337838,1.1236561598482744,1.0831329150246192,1.034485036139264,0.943515829622533
0.999845316645927,0.9902915198301516,0.9529622292183468,0.9082338176673155,0.8248572439914479,1.143736075767121,1.1330622227915215,1.0913332538171792,1.0412825795222618,0.9478285877720802
1.005036811162127,0.9952353498853608,0.9569573305593303,0.9111331703747358,0.8258407193683219,1.1403874542719576,1.1295182396746666,1.0870467236385226,1.036151355409281,0.9412622283297412
1.0052776291599852,0.9952747722741091,0.9562296708483422,0.9095292216751264,0.8227352371121147,1.1573001071849611,1.1460437917490502,1.1020812537248055,1.0494458196457215,0.9514566817839962
1.0074365401587826,0.9972131464142256,0.9573270179147939,0.9096634471639402,0.8212111833408771,1.1563487762400646,1.1448725050313806,1.1000732328673861,1.0464842561056644,0.9468687327892736
1.0111996337288396,1.0007386097513835,0.9599456095795479,0.9112420004660157,0.8209938216702204,1.1671279280450761,1.1553157038250474,1.1092277269565542,1.05414631383631,0.9519076967491069
1.0048392110595712,0.9942438389627662,0.9529476279454502,0.9036878250328183,0.8125458139407817,1.1393995184275285,1.1276368637067369,1.0817656718889734,1.0269938079013263,0.9254848188248352
1.0031970550031624,0.9924201495998518,0.9504373279556071,0.9004035997349212,0.807967729648926,1.1394114117161853,1.1274231068416212,1.0806951979116892,1.024950540260044,0.92179253995216
1.0076179126090967,0.9965950318440455,0.9536752483080307,0.9025706631371909,0.8082963858123767,1.1274406845354088,1.1153528449163492,1.0682606517283018,1.0121324450355296,0.9084209600176396
1.0054673219917145,0.9942686487015661,0.9506861139681607,0.898839136843582,0.8033380278583958,1.1530091407852199,1.1404240987490948,1.091418743834426,1.0330616396887153,0.9253887338783736
0.9968784037387235,0.985576538196167,0.9416144624697069,0.889363381222094,0.7932623894250884,1.1269633672173138,1.1144345287886688,1.0656728410417309,1.0076592837662055,0.900783211600092
0.9955990499936759,0.9841145735042464,0.9394644177870282,0.8864432811806146,0.7890712987453111,1.1336953650400492,1.120868797776018,1.0709730425976143,1.011663291382383,0.9025609729297124
0.9959912307529116,0.9843054074486138,0.9388950218909468,0.885019577353045,0.7862258400633072,1.1490172245213723,1.1357931328188404,1.084376238695142,1.0233125643982117,0.911148814014787
0.998155702118159,0.9862476222980137,0.9399965177149874,0.8851728478357299,0.7847895494547427,1.1823897924925082,1.1685544557548009,1.1147869688480965,1.0509874851107512,0.9339680306830396
1.0042129774949875,0.9920353843557392,0.9447608594573023,0.8887741447445684,0.7864128610838423,1.2302187849737034,1.2155900824653763,1.1587665643660692,1.0913991319954908,0.9680122123131808
1.0038505264431428,0.9914789214913161,0.943475105626308,0.8866758107942341,0.7829833692838535,1.2235400426546204,1.208747639982713,1.151316962882014,1.0832912302792512,0.9588849160179193
1.001744692409501,0.9892007442889021,0.9405524494225144,0.8830424291681854,0.7782089273023338,1.1877117748711474,1.1731107806763876,1.1164522479004653,1.0494032108956113,0.9269708629035766
1.0055542077752635,0.9927647163699931,0.9431887055506968,0.8846344491523565,0.7780555271546956,1.1753490977553016,1.1606654605129911,1.1037148460686044,1.0363813561929847,0.9136143073445252
1.0042134659655215,0.991242474308637,0.9409879292161251,0.8816856651337872,0.7739058954589149,1.1718730859238582,1.1570007414081065,1.0993469726242084,1.0312435689164974,0.9072579004154615
0.9982371494006541,0.9851451027490241,0.9344468951420312,0.874675169736647,0.7662045712173766,1.1628438333232254,1.1478546796989637,1.0897771849265638,1.0212353760632844,0.8966384695502883
1.0084690978198945,0.9950458284382117,0.9430905454328666,0.8818912553416375,0.7709933633255779,1.1464899006817908,1.1314819796720736,1.0733610654025043,1.0048305171102765,0.8804418258951664
1.0115895843123537,0.9979257704012515,0.9450656417853279,0.8828562919450555,0.7702950597765237,1.173280061971964,1.1576951527510237,1.0973690557276592,1.026300846267565,0.897493443937867
1.0072649467980728,0.9934599617805875,0.9400803345363683,0.8773162883847909,0.763920798070155,1.2793937012878993,1.2621677247494771,1.195519792857457,1.1170688092127998,0.9750744528500622
1.0066105341749463,0.9926158261622751,0.9385294909268572,0.8749916698719292,0.7603688011573233,1.2838888358095835,1.2663499024629425,1.1985247176086213,1.1187594795423377,0.9746000675078311
1.0072586848167644,0.9930564425281357,0.9381952750917657,0.8738050885562642,0.7578169229812932,1.294940211777185,1.2769970379446012,1.207642777077528,1.1261519466699725,0.9790907671845155
1.0106288544751785,0.9961804818577379,0.9403961713901131,0.8749811279254008,0.757321222010174,1.2987068162948112,1.2804560515796932,1.2099478159659431,1.1271752913133624,0.978022294445619
1.017192644488432,1.0024511970884649,0.9455634209394438,0.8789139565020407,0.7592105553189558,1.3611509426158088,1.341766557564458,1.2669143043663875,1.1791175272070333,1.0211352512080363
1.0254871293043102,1.0104249856132146,0.952328256802188,0.8843230487453811,0.7623645368883046,1.5004456679555045,1.4788092094135856,1.3952983160030525,1.2974254482365912,1.1215495941244504
1.0218690048389654,1.0066579184175117,0.9480159232693443,0.8794343333983576,0.7566253036050088,1.4873265776810827,1.4655835348589166,1.3817032793304216,1.2834866067223565,1.1072571690469162
1.0434383373366636,1.027704847864321,0.9670783691227597,0.8962383249975402,0.7695694431208068,1.5320650330309682,1.5093748475702917,1.421882905887267,1.3195266274998017,1.1361341917528534
1.0325755599305197,1.0168003239245995,0.956043463377377,0.8851155055003066,0.7584795164946604,1.4771594016512926,1.4549805044563309,1.3695040616171095,1.2695988227602517,1.0908732599338526
1.0247738578331604,1.0089144527414107,0.9478639618128802,0.8766577178942887,0.7497148495476617,1.5402892421371839,1.5168714821178713,1.4266634968548122,1.32131888181535,1.133130771244063
1.0192262731091626,1.0032509395744056,0.9417848627060766,0.8701586403307966,0.7426574297022918,1.5317872586670052,1.5081953841053113,1.4173620335242993,1.31138291823686,1.1223436702375396
1.027319400116253,1.011016564872296,0.9483212843106983,0.8753277842544969,0.7455838427304332,1.5195498575250115,1.495844818644378,1.4046214099415424,1.2982835547329086,1.1088879266080538
1.0174237143818898,1.0010757133871178,0.938238229073457,0.8651455068685097,0.7354196480512533,1.5314210775240256,1.50723167817032,1.4141901499452898,1.3058296029664096,1.1131153697127663
1.0180790856125739,1.001520338946516,0.9379043549202063,0.8639724974155839,0.7329516883954162,1.561953792459208,1.5369806705064948,1.4409713825606059,1.3292529276107432,1.1308556511523806
1.0170129686966392,1.000271258030157,0.9359842914064939,0.8613398135773624,0.7292523457945669,1.5956609582845567,1.5698415169806146,1.470626760875484,1.3552798726767439,1.1507362404602564
1.0209961427648833,1.0039888082328006,0.9387141289605965,0.862990607558695,0.7291914838966047,1.6661982032412408,1.638923428203831,1.5341661599181164,1.412480353473886,1.1970023498877274
1.017283721714989,1.000137429406814,0.9343621775565671,0.8581267256570129,0.7236233212506541,1.6746890863086732,1.6469475353629202,1.5404500465231916,1.416853339261576,1.1983142192208311
1.0141620138578222,0.9968683103735299,0.9305605663619906,0.8537771646192841,0.7185082669172853,1.6538577269308878,1.626131862004124,1.51974802864596,1.3963954769489886,1.1786152020137592
1.0235678541218134,1.0059143866134297,0.9382604848744841,0.8599879621132465,0.7222980349924665,1.6566363956040846,1.6285387217053078,1.5207816297776362,1.3959487888696058,1.175880948503019
1.0160715118179313,0.9983461507946844,0.9304506508671488,0.851969660078779,0.7141189216284949,1.5748877438735382,1.5478508746625297,1.444216108010074,1.3242721730291322,1.1131522102498586
1.0191743886188638,1.0011952286995165,0.9323616082327534,0.8528674637093975,0.7134432206308249,1.555800997794062,1.5287822299259302,1.4252688119240082,1.3055742011571758,1.0952088280712051
1.014694640107207,0.9965942679659775,0.9273310809195654,0.847412977053268,0.7074535308321558,1.6230682491083697,1.5945755302430438,1.4854670511944639,1.359411395456298,1.1381808917376277
1.0205359334704656,1.0021320440503414,0.9317421173380015,0.8505964539926087,0.7086963149577221,1.6179769965296733,1.5892547387311597,1.4793219600275758,1.3524283608699614,1.1300579138678988
1.0207732475091302,1.0021646520647682,0.93102704126603,0.8490930576277441,0.706026328975578,1.6486751603248375,1.6190900991000463,1.5059100753253787,1.3753833667001982,1.14697847093337
1.0170295061396042,0.9982887258000945,0.9266814219448033,0.8442807765710556,0.7006128337219886,1.631401347879621,1.6018024428561757,1.4886261582620623,1.3582221721952235,1.1303732164222076
1.0112588080211722,0.9924247064638011,0.9204966838925245,0.8378017055396977,0.6938350550864649,1.6456021988312095,1.6154252838823364,1.50009556859408,1.3673286374319464,1.1356912775000918
1.0156711347252636,0.9965563712323526,0.9235925004087259,0.8397816004132955,0.6940870575379553,1.6213145176220902,1.5912599030751338,1.4764553452478841,1.3444133787470738,1.1143866803267344
1.0139236598565557,0.9946424722786501,0.9210798554796216,0.8366571824836572,0.6901165238591139,1.6235208548155886,1.5931070889972314,1.4769880980527845,1.3435540731643587,1.1114456270149542
1.0222891265143277,1.0026499293018458,0.927758226278297,0.8418867820570456,0.6930499250624618,1.6733680062342005,1.6417018215753245,1.520859248938439,1.3821182634694587,1.1411246900849705
1.0020533319909035,0.9826023546570463,0.9084658739783275,0.8235382044841271,0.6765590859731213,1.6420811246505218,1.6106786607674615,1.490902957047244,1.3535126278702845,1.1152246375684394
0.9950378223799863,0.9755265034731374,0.9011971168238216,0.8161254267855508,0.6691161688374315,1.689794884379397,1.657157827033491,1.532733047434397,1.3901344611871955,1.1431686912472994
0.9943165939310209,0.9746243120183289,0.8996427093624662,0.8139016276888045,0.665954711927843,1.6900463613606636,1.6570730153695155,1.5314284172670336,1.3875610734792725,1.138766144001461
1.0056738205572644,0.9855616857161631,0.9090189146025809,0.821570325460917,0.6708975232342935,1.71241473007587,1.6786735554413195,1.5501659922815985,1.4031508189572848,1.1492830570775419
1.0099577247011478,0.9895628051547587,0.9119820755295264,0.8234268568207306,0.6710717789171486,1.6482086791141852,1.6153968766027986,1.4904932027499285,1.347734147058826,1.1015941870615917
1.0075989081914623,0.9870537096351931,0.9089401049171669,0.8198568405658433,0.6668201636326083,1.6349275758187267,1.602057088206838,1.4769924620355954,1.3341787696714467,1.0883112727890407
1.003509006770876,0.9828497916050856,0.9043417250995758,0.8148892812214743,0.661446221912504,1.7113480342310017,1.676620689325404,1.5445536598210463,1.39387314592547,1.1348283216435575
1.0060048578802037,0.985097690730877,0.9056865931798409,0.8152862331644807,0.6604455356493627,1.6922789959368587,1.6576032832906997,1.525798607596729,1.3755538888800078,1.1176439564506229
1.0070479236047791,0.9859220595374403,0.9057199583567929,0.8145009817906603,0.6584885296246822,1.7161543764725404,1.6806579236989618,1.5457994145102378,1.392209671232776,1.1289415694564089
1.0102560789174448,0.9888657297155082,0.9076995929362704,0.815466737822855,0.6579523242082342,1.7147230852565138,1.678920105321755,1.5429644017510193,1.3882641340441417,1.1234842537620957
1.0263325730019408,1.0044040599060255,0.9212363767182588,0.8268125599048303,0.6657906985299434,1.7645288744601302,1.7273501783503493,1.5862383295944669,1.4258110792357928,1.151623002687755
1.0260458776013095,1.0039226091969904,0.9200578024775314,0.8249279732386912,0.662941553982859,1.7934984148228463,1.755363859267976,1.6106945074470014,1.4463680236399776,1.1659235342694645
1.0236909433336197,1.001417666736294,0.9170260694618803,0.8213847797768414,0.6587682341824042,1.7952064232216225,1.7566844780848958,1.6106177310762224,1.4448527121344095,1.1623701880269843
1.015777863292048,0.9934764744809031,0.9090204775170291,0.8133927467509755,0.6510409155831755,1.6942216985651302,1.6575153695764837,1.5184059512750407,1.3606865298567228,1.0923345589921787
1.0162194630329142,0.9937096836107259,0.9085066450248187,0.8121195759986173,0.6487197857513723,1.6489438165008303,1.6128869569027158,1.4763083190951156,1.3216009641547406,1.0587727039924981
1.0292776964686117,1.0062799285788349,0.9192722818893168,0.8209309242240151,0.654460836695176,1.653532247264645,1.6170524767148606,1.4789400576605933,1.3226353129475243,1.0574838052773576
1.032962940689696,1.0096815751958972,0.9216443884802611,0.8222283380975474,0.6541862366000772,1.6444381101670065,1.607835561456216,1.4693272069000698,1.3127157802768337,1.0474378947587397
1.0327714360849936,1.0092924504897582,0.9205518772219836,0.8204314456401058,0.6514482097841083,1.6085966276183592,1.5724702855775459,1.435833040862955,1.281478946779513,1.020418626645346
1.0427037376106192,1.018797092969326,0.9284843963100174,0.8266807820847917,0.6551074818197641,1.6016341642909844,1.5653496932676136,1.4281825143932971,1.273369383839936,1.0119202903451197
1.0458472088597297,1.0216647326978814,0.9303550425773575,0.8275196406757264,0.6544620247058526,1.669613559300534,1.6314759685297557,1.4873717846382564,1.3248692446435395,1.0508223230879759
1.0561095512562788,1.0314854523714616,0.9385537667314386,0.8339846114881462,0.6582660643609707,1.6796105291548793,1.6409182907413336,1.4947901927632292,1.3301522866625752,1.0529109323176895
1.0554798072659233,1.0306640943112257,0.9370555659152874,0.8318193484034593,0.6552404848596365,1.6187307667352135,1.5811127973400259,1.4391147039959808,1.2792788077917903,1.0105351033229077
1.053098629596293,1.0281327684291055,0.9340044994764022,0.828279113258336,0.6511412909350431,1.592688296858601,1.555359310448268,1.4145228191723471,1.256138952470412,0.9902352685923429
1.0547087113861837,1.0294990533768829,0.9344984938309927,0.8278889104136655,0.6495322552551676,1.6103789029974143,1.5723242172065697,1.4288199494856164,1.2675790967108502,0.9972732543990094
1.0576041384756856,1.0321193741288937,0.9361294166946671,0.8285058852044663,0.6487172472675357,1.5820031020339784,1.5443044968146364,1.402214501586196,1.24270846697919,0.9757116339965153
1.0652899458818597,1.0394135551034105,0.9419963151238537,0.8328697809143754,0.6508367280452393,1.5670369840311469,1.529386155502804,1.387547011138539,1.228466738356578,0.9625783280307387
1.0616503141393867,1.0356544490063664,0.9378359277002142,0.8283584880797678,0.6460097555147767,1.5802761965210028,1.5420013953213207,1.3978822440664367,1.2363885849288108,0.9668604194753602
1.0572099632536809,1.0311156948987465,0.9329755943769509,0.8232371629390934,0.6407237816353818,1.5970420333929198,1.5580527579160763,1.4113151019940966,1.2470331915244317,0.9732508201331999
1.0547358851141848,1.0284964593131294,0.92985927337063,0.8196641525993283,0.6366614675129005,1.6386518930877936,1.5983351676210338,1.446674655880735,1.2770297390696488,0.9947152146085844
1.0537896468551726,1.02736806201431,0.9280952067545697,0.8172894766192506,0.6335436516967972,1.6596262362247647,1.6184737995068734,1.463745062716046,1.2908213476716843,1.0034684650196473
1.0523247179682558,1.0257343895616244,0.9258769171696095,0.8145187402110156,0.6301287544531317,1.6616646137528979,1.6201379382427186,1.4640791110224824,1.289825110877078,1.0006870659931428
1.0519478962263134,1.025161942540662,0.9246194975766907,0.8125980357524353,0.62738259975315,1.6630672289284965,1.6211814730620289,1.4638508646796375,1.2883342051946314,0.9975290001356982
1.0578940168939401,1.0307516235938299,0.9289212767666862,0.815566038633268,0.6284193406630911,1.7296367406416018,1.6857501389801581,1.520982262153364,1.3373271771879889,1.0334681289086693
1.0627520523994454,1.0352788661277628,0.9322581254747065,0.8176801293377671,0.6287914755089726,1.6396658620196163,1.59772496893209,1.4403440252220994,1.265088493399299,0.9755761270697404
1.069290570461726,1.0414413012911958,0.9370615293772294,0.8210754968794021,0.6301449113289855,1.6076509790224862,1.5662094472903847,1.4107806065441533,1.2378571495251767,0.9526254564971338
1.0742824599312057,1.0460948906239962,0.9404990576085502,0.8232664650019471,0.6305661080670069,1.5642922773044479,1.523655190939984,1.3713207616152432,1.2019961547043319,0.9231224358618797
1.0750219677754225,1.0466057759073344,0.9402059734129738,0.8221866470947208,0.6284779087904173,1.601865554829185,1.559947661186868,1.4028876687661187,1.228463323980018,0.9416027433476799
1.0712543734175208,1.0427284496932276,0.9359706582912088,0.8176607831281627,0.6237613911674686,1.599390825754997,1.557225701716946,1.3993174538261912,1.2241085389910369,0.936381646193996
1.0733731297995206,1.044582241028278,0.9368858761599643,0.8176426535618203,0.6225000380489402,1.598270081520566,1.5558230587912938,1.3969375899397731,1.2208025499630724,0.9319799670827082
1.0774630626553199,1.0483535539239577,0.9395188582268901,0.8191228771679205,0.6223819841358199,1.5987795107180347,1.556007793903498,1.3959859092582776,1.2187500608645567,0.9285491045216356
1.07831480997379,1.0489726191200566,0.9393220401589573,0.8181321577542148,0.6203844565326758,1.6329589722507123,1.588961659966447,1.4244339677377447,1.2423675736723843,0.9446858682806318
1.0869697254383208,1.0571822298191955,0.9459220311063888,0.8230624958804822,0.6228823319327529,1.700066324906411,1.6539431263934063,1.4815474359660312,1.2909386215001166,0.9797295133603492
1.0854692072752004,1.055511395654558,0.943670301603967,0.8202801660841633,0.6195309384977902,1.691482674187455,1.645261563508329,1.4725855417179505,1.2818387831257014,0.9708639318629384
1.0799509944790278,1.0499343774646221,0.9379292832995111,0.8144695376573922,0.6139032978993506,1.7612631095426077,1.71280614060177,1.531863008049004,1.3321560896254552,1.0070325020118707
1.0866062282638669,1.0561946459770948,0.9427713743003877,0.8178597940932169,0.615230884121144,1.7660972027910122,1.717164674034208,1.5345356097711644,1.333148111768878,1.005768348034732
1.0623830801122267,1.032438208501274,0.9208118904512365,0.7979919509958145,0.5990549380991522,1.7098214645580667,1.662104711598026,1.484103921644452,1.288001767422797,0.9696970067513708
1.0586605618544191,1.0286141274009144,0.9166646161496472,0.7935998574204162,0.5945596704738656,1.726209094850696,1.6777025840143442,1.4968440784938215,1.2977705011709364,0.9751121926110589
1.0523528011365273,1.0222796679241672,0.9102862376796237,0.7872841940348474,0.5886388986430178,1.7952862404032737,1.7445031198486616,1.5552459550211155,1.3471074184499479,1.0102324899715538
1.0480951911037293,1.0179392718707112,0.9056931144560235,0.7825244304540951,0.5839028271938282,1.7535729090970853,1.7036208296374244,1.5175546944716571,1.313113271164279,0.982718889413472
1.0562182230718753,1.0256249991446027,0.9118067972384347,0.7870241656112684,0.5860926267178147,1.758414138318684,1.7079834279853077,1.5202267746045355,1.3141122616326892,0.9815010846265653
1.0536999187629836,1.0229745121937737,0.9087210012633878,0.7835736429831941,0.5823508559814904,1.773011035782546,1.7218200947843953,1.531326211120365,1.3223927084633729,0.9857226891935823
1.050066510746788,1.0192424577871793,0.9046787940468537,0.7793045473483685,0.5780133682532157,1.7709257458380439,1.719450647978342,1.527993847529693,1.3181926184476656,0.9806204612582125
1.0298260962365353,0.9993923396346748,0.8863361019434202,0.7627245592204162,0.5645598965498546,1.736864160010721,1.686035232427874,1.4970767651201105,1.2902024141047348,0.9578369469369878
1.0372643153562933,1.006410863609623,0.8918515866577296,0.7667081105247023,0.5663793553557547,1.726878819149729,1.676004903209226,1.4869729002486,1.2802045547736751,0.9484989345380254
1.0478384385002686,1.0164691770362995,0.9000514857115335,0.7729907021004584,0.5698876459802393,1.7139430176682746,1.6631149899526332,1.4743472266864317,1.2680543170134064,0.9375998693610135
1.0475091762904918,1.0159464781522665,0.8988686111013692,0.7712018238742294,0.5674290196354516,1.7546841387005911,1.7023152851426113,1.5079187113146513,1.2956603740595887,0.9561365992477
1.0446145935782367,1.0129359233663882,0.8954858983377072,0.7675283577808505,0.5635913266190036,1.7716505757078538,1.7184348928270103,1.5209911989929095,1.305597085926825,0.9615571534495484
1.0475967688813588,1.0156250749271607,0.8971468537783412,0.7681844480462815,0.5629459069903203,1.7321618179711045,1.6797885856254307,1.4855684588823055,1.2738851154874102,0.9362785396898042
1.0422399897880277,1.0102286548108148,0.8916622381076255,0.7627200464248585,0.5578155569570215,1.7026798090149295,1.650862029956033,1.4587979879648991,1.249655368437475,0.916597632462392
1.0499648569636129,1.0175142148634024,0.8973793919026345,0.7668477295171846,0.559718708231063,1.652109545645981,1.6015006027018548,1.4140123130956272,1.2100407992898805,0.8857079299325048
1.0454565037970454,1.0129416958555717,0.8926288328578467,0.7620213330056199,0.5550765057115931,1.7150767123725765,1.66221860099732,1.46649082219965,1.2537392338367161,0.9159222537489238
1.0593551948347648,1.0262055344971381,0.9036031466612363,0.7706278878662679,0.5602355950315108,1.655022608481,1.6036829015074634,1.4136745628469278,1.2073315696463764,0.8801871770307197
1.0551918256724613,1.0219672056238858,0.8991482950814594,0.7660579893844843,0.5557928721613737,1.634306085412579,1.5832882797407815,1.3945654069399693,1.1898042958480861,0.8656488036303148
1.0535071831002032,1.020131213623941,0.8968136319730385,0.7633028409007837,0.5526823621708364,1.6337008491675968,1.5823852793784652,1.3926543889922158,1.186984064357956,0.8618656307491869
1.059521964579541,1.0257514156623597,0.9010369903821669,0.766134154998006,0.5536270584176471,1.6328503468809799,1.58124501484699,1.3905367207532837,1.1839921540512526,0.8579694822320056
1.0587197353005915,1.0247696058609936,0.8994537228394545,0.7640217993738346,0.5509933650696239,1.6323717080863673,1.5804652541637623,1.3887385748348124,1.1812771051278728,0.8542861069876168
1.077003162352059,1.0422617815092452,0.9140872718362035,0.77568793395919,0.5583047020925611,1.6322786761395403,1.5800590874129512,1.3872706894255828,1.178847227704229,0.8508202751808747
1.0775742301317022,1.0426059757394894,0.9136578681818114,0.7745478571492749,0.5563675175371376,1.6483807353567532,1.595330000404406,1.399568529690535,1.1881185939882737,0.8558101432736266
1.0710314459396741,1.0360669895927543,0.9071966887696786,0.7682958840516652,0.5507639111893102,1.6195288064040883,1.567087562794573,1.3736720406879914,1.1649464857215983,0.8374074911355475
1.0732268125908628,1.0379834738005151,0.9081490353876384,0.7683341210791933,0.5496897941279038,1.655568906873305,1.6016472472508376,1.402867308305791,1.188540669074483,0.852693065432182
1.074823496592453,1.0393201281318094,0.9085919773041835,0.7679405353472841,0.5483088312362266,1.634374537896182,1.5808228466096075,1.383505123668719,1.1709480510225796,0.8383662320038209
1.0749390841908457,1.0392240336366714,0.9077810962207223,0.766487239373092,0.5461745615937227,1.6492654638851716,1.5949096939966936,1.3947268518769753,1.1792747626113846,0.8426511934113669
1.0738275214794262,1.0379415579958897,0.9059346055440883,0.7641616631119784,0.5434250803884599,1.6505642110065002,1.5958466556395767,1.394430430618455,1.1778448566167121,0.8399441511967464
1.0623915081216329,1.0266801334914013,0.8953806780876851,0.7544951957988856,0.5354640293481236,1.6268582437603527,1.5726073912911234,1.3730087138242755,1.1585725565675666,0.8245208096581715
1.0554583766393857,1.0197747172199991,0.888642073023494,0.7480623949709203,0.5298277528677068,1.6200092952658252,1.565672313248471,1.3658554436773565,1.15137790980514,0.8177515570169963
1.062367695214998,1.0262464858792824,0.893570724477252,0.7514632907700296,0.5311768389202867,1.6159617448405939,1.5614473878746327,1.3610770344921566,1.1461984666961096,0.812437420127882
1.066223049059124,1.02976550582728,0.8959199399774769,0.7526874396632417,0.5309797830520009,1.6345320578970595,1.579078943235348,1.375357185788214,1.1570779560523197,0.8185240407412416
1.0684986028479964,1.0317572981232932,0.8969361096473996,0.752788464830016,0.5299890912104661,1.6634225739640336,1.6066735042179312,1.3982914031267484,1.175215267652623,0.8297174380948392
1.0774182496640359,1.0401638832408444,0.9035266454851022,0.7575670395272979,0.5322933947345476,1.6258806154327596,1.5700909866927464,1.365334926393887,1.1463412804852862,0.8076725884614722
1.0762842459892994,1.038861057735104,0.901672139462275,0.7552545513966007,0.5296039719990212,1.6336038527912178,1.5772351946711203,1.3704551880175981,1.149493933651275,0.8082784941340497
1.0819986331380593,1.0441689792631899,0.9055577748629339,0.7577539652473635,0.5302974175154831,1.6285320259173277,1.5720229277372586,1.364829899908996,1.1436261281577746,0.802535929300666
1.053627753543999,1.0165811900054325,0.8809077595543401,0.7363695352576931,0.5142714005003637,1.5464471905607478,1.4924719830367597,1.294671926342992,1.0836953288631772,0.7588746132540287
1.0512415320265558,1.0140755540898605,0.8780318008447127,0.7332290906584354,0.5110496099277956,1.4993179198955309,1.4466891575371372,1.2539210453642393,1.048501417297159,0.7327117766886505
1.0474689910820578,1.0102335738280583,0.8740028176988689,0.7291313277940993,0.5071714318369898,1.422049998592629,1.3718441417596676,1.188045824614802,0.9923694937011673,0.6920203484885725
1.052541393608057,1.0149236159248585,0.8773612018424741,0.7312039072162965,0.507598740200032,1.432787127444386,1.3819278245674602,1.1958280689440537,0.9978775989407385,0.6944773377019199
1.0537809177621145,1.015915854823378,0.8775170640445954,0.7306026008369617,0.5061661183081754,1.4271779882185096,1.3762414060537322,1.189950759585644,0.991975307820228,0.6889806573614997
1.053674508389357,1.015610085842532,0.8765509364934988,0.7290676203721571,0.5040903418644634,1.4552761469656337,1.4030614814258335,1.2121884580892275,1.0095212826255593,0.6997893272664485
1.0540181509083162,1.0157381921177826,0.8759602614792321,0.7278472612487635,0.5022383831407842,1.5944079342507302,1.5369206693239519,1.3268676398373882,1.1040175994626458,0.7638935820889055
1.0646265662034284,1.0257581820636654,0.8839006107165776,0.7337171578577688,0.50528432675673,1.4560315029429955,1.4032260930822615,1.2103837882951232,1.0059934232167524,0.69454075376575
1.0615541526510262,1.022592787427401,0.880465854903152,0.7301322838585111,0.5018049857352495,1.4752279315734187,1.4214456860066764,1.2251311952280213,1.01724452917595,0.700919468183377
1.064267469489644,1.0250020010306788,0.8818358468548251,0.7305382266955359,0.5010803719731591,1.5328680943106088,1.4767001776300293,1.2717744374251234,1.054955857662336,0.7255021428512062
1.0631850583609863,1.0237545243689894,0.8800571416009381,0.7283341577809883,0.4985664276822359,1.5213209003536678,1.4652807601669462,1.2609223043430546,1.044898895610683,0.7171348799694187
1.0682174443274712,1.0283955224341983,0.8833426689681385,0.7303249218439242,0.49893203213173715,1.4671155193805774,1.4127790596592582,1.2147341258178228,1.0055788575054219,0.6887144865515259
1.0680277881183426,1.028007257286668,0.8823024936029363,0.7287346067744486,0.49684772132902766,1.4572698585874775,1.4030154894259994,1.2053674363765472,0.9968193638884832,0.6813377367854151
1.0544440424885697,1.0147269126085905,0.8701985985862288,0.7180087031248662,0.4885411567870445,1.3629418075922273,1.3119186824151468,1.1261394842167416,0.9303023102037355,0.6345098742809571
1.042634208842941,1.0031589677090085,0.8595821258622672,0.7085309471356891,0.48111530323358664,1.329002061899811,1.2789871221941889,1.096970410327258,0.9052754752648371,0.6161713775284596
1.0399287328672415,1.0003552921404537,0.8564920598611043,0.7052753560245004,0.47794242154547495,1.4012934347857293,1.348302123504747,1.1555433977380833,0.9527075920444804,0.6472234758455012
1.0475893255456947,1.0075242976202747,0.8619448816951243,0.7090601875130743,0.47955139525208174,1.415640705335449,1.3618371772594442,1.1662189907374307,0.9605565603738804,0.651261238489258
1.0522372085806957,1.0117929176236793,0.864907163440261,0.710787983897576,0.47976083524749447,1.3717877713998923,1.319378571790386,1.1289262855821962,0.9288798579820118,0.6284817834899987
1.0493238881476046,1.0087892163800278,0.8616475949861635,0.707398455133398,0.4765134820606584,1.4204688519395252,1.3659359142372376,1.1678599349934744,0.9599855610704434,0.6482709946093757
1.0487725661523168,1.0080574337370865,0.8603332318124428,0.7056119862044601,0.4743570646682093,1.4266608944572392,1.3716170520970554,1.1717829563983573,0.9622503148737547,0.648503823748386
1.046717479151129,1.005880517217214,0.8577870615379297,0.7028181040013431,0.4715301259808858,1.3967704171095272,1.3426054943622594,1.1460607339852265,0.9401653673211909,0.6323227753126052
1.0460670581139369,1.0050542958056228,0.8563962531393372,0.7009757428037734,0.4693510008030969,1.422132326579664,1.366715381185706,1.1657243125638788,0.9553561233169658,0.6412749079206073
1.0550368035253834,1.0134713568837534,0.8628832258436591,0.7055844709431279,0.47149815617507596,1.3991802616867095,1.344384357869109,1.1457447412068484,0.9380267363602299,0.6283601502256584
1.0702538031260498,1.0278861557476442,0.8744658740525574,0.7143500831113423,0.4764126725281257,1.4694472646955794,1.4116306270485437,1.2021384367953147,0.9832584997364747,0.6574030328345571
1.0687224984659696,1.0262098929130137,0.8723402342381679,0.7118993005119603,0.4738253770324234,1.4236347132323282,1.3673382828010066,1.163457560383498,0.9506372040980499,0.6342777479442038
1.0645018934680646,1.0219519369613042,0.8680228429660934,0.7076640651253736,0.47005884163775374,1.4215496875831297,1.3650622400707477,1.1605901271946715,0.9473436463076044,0.6308116870182288
1.0622436614322421,1.019579579924648,0.8653133983240306,0.7047474999637259,0.46718142445177946,1.4176546355480097,1.361048951427891,1.1562495153092818,0.9428532334981541,0.6265600136335356
1.071955888452072,1.0286978079804703,0.872359753851546,0.7097815997432452,0.46958419711020194,1.4537445556819335,1.39542562347645,1.1845284692744515,0.9649701980920163,0.6400044150710341
1.0640589647039906,1.0209138198762306,0.8650608624360153,0.7031331915592347,0.4642465103262701,1.4792697996496245,1.419647802579221,1.2041422151971473,0.9799834679947667,0.6486817697339945
1.0602361417311958,1.0170418208226268,0.8610879150301808,0.6992007928781989,0.4607216353017555,1.4799378060291846,1.4200049553885852,1.203481837670339,0.9784660404850798,0.6463799733703272
1.0578606818111447,1.014559729448812,0.8582975589556492,0.6962358313590694,0.4578465015696796,1.4698414611407284,1.410033479887084,1.194068032634889,0.9698338747786606,0.6393847579385935
1.0536314019532869,1.0103006529227194,0.8540078260096398,0.6920598398732641,0.45418466565598575,1.4747294706310443,1.4144405891356262,1.1968448798539388,0.971119423699933,0.6389535154139071
1.0584098714417507,1.0146805470080176,0.8570269471848454,0.693814376485362,0.4544277626844221,1.426710449826643,1.368101760976654,1.156677281130836,0.9375563318494049,0.615592582338405
1.059685328788907,1.0157003713750796,0.8572026971854123,0.6932628422057407,0.45315766862432916,1.3971196833530837,1.339452950882178,1.1315304751481363,0.9162357805720521,0.6003624802320503
1.0640883332786162,1.0197174777965026,0.8599071813605099,0.6947568314476509,0.45322791317259203,1.3927062160801764,1.3349537608315791,1.1268244672822052,0.9115089423506973,0.5960644997633409
1.063325473317964,1.018782484433503,0.8584307945711868,0.6928692367960579,0.4510900760252822,1.396357455697831,1.3381866008427192,1.1286518237394998,0.9120756155032949,0.5952429362443472
1.062192858721825,1.0174935588692755,0.8566579953427693,0.6907454798789104,0.44880523141313056,1.4409948180941332,1.38069677805131,1.1636027876831498,0.9394077878310755,0.6118900969811772
1.035966138551208,0.9921670152935197,0.8346495009918213,0.6723087166480677,0.43592851138048416,1.3952673697186044,1.3366066430811259,1.1255142870850938,0.9077185103562998,0.5900252753582602
1.0416529084844615,0.99741492356262,0.8383965260363733,0.6746546300665281,0.436577756968791,1.4056323707830538,1.3462685507869994,1.1327498633222162,0.912646227751906,0.5920482858667359
1.0380087622566547,0.993726057692636,0.8346250608145398,0.6709450911126036,0.43330411070933955,1.4182056912557777,1.358041610759448,1.1417495117609127,0.9189845161431884,0.5949759389119722
1.0453665588227188,1.0005712165797522,0.8397065721387991,0.6743591121200617,0.43464231679564097,1.411780672428041,1.3516175501013779,1.1354351965523328,0.9129831927716664,0.589900564652201
1.0378966235376115,0.9932212636765799,0.8328665265473787,0.6681915876273943,0.4297978992006824,1.3208601807806315,1.2643013174253586,1.0611762738902917,0.8523599341623534,0.5495506070864746
1.037339860663552,0.9924898219247482,0.8315868822295636,0.6664967638711482,0.4278481494652396,1.339972563504546,1.282342453005326,1.0754699454490784,0.8629885630596897,0.555304208854837
1.028117952950882,0.9834681312049053,0.8233625229553788,0.6592386421570838,0.42233320482139697,1.2901596383277358,1.2344154348315748,1.0344143256247011,0.8291813434581982,0.532439788002084
1.0185915234502134,0.9741587284861062,0.8149099725499298,0.6518117310781835,0.41673057830854754,1.3965951893233164,1.3360053191186412,1.1187169931878673,0.8959287582769412,0.5742352304487139
1.017382260632753,0.9728073841428245,0.8131276086896384,0.6497342825131953,0.4145689171508938,1.346849659448895,1.2881507476967655,1.0777505307412427,0.8622246822800893,0.5514845202245399
1.0143147690761718,0.9696797280441357,0.8098628341724139,0.6464758114151475,0.4116606819516508,1.4107789932278303,1.3490362588988658,1.1278291011308141,0.9014264410629736,0.575455251321237
1.0129875655093483,0.9682169922811796,0.8079932876237568,0.6443369635982229,0.40947539230469815,1.4424936367602006,1.379093103992065,1.1520551354480488,0.9198878665591044,0.5860897996920845
1.014763936963151,0.9697212108158163,0.8086021885408285,0.644178196718,0.40855554535203226,1.4156844462081761,1.353186413337096,1.1294917791702033,0.9009516902092963,0.5728527802276994
1.0132799446024057,0.9681091447657281,0.8066110852532956,0.6419477931271153,0.40632385090524487,1.4299804434690195,1.3665806498264705,1.1397682270581755,0.908247861565718,0.5763462047026989
1.0064952708674766,0.9614333017875012,0.8004036043752745,0.6363655727250727,0.40197791075404254,1.4153458839244109,1.352321613833177,1.1269639594583345,0.8971362685060789,0.5681424365251834
1.0003065137233134,0.9553293358701259,0.7946816639607738,0.6311799449188091,0.3978983097360423,1.421370363219715,1.3578073633487835,1.1306339650011192,0.8991606942364436,0.5682881889606112
0.9986381210421889,0.9535448939225577,0.792561547488795,0.628864851705607,0.39564306928628024,1.4360781325633891,1.3715858468397917,1.1412026769628838,0.9066665263859486,0.5718954540186266
0.9970051359630207,0.9517949368525151,0.7904729797563821,0.6265787946251307,0.39341353669868095,1.4284779246687034,1.3640526366164758,1.1340218463588472,0.9000548095019393,0.5665812093448643
0.994072980837414,0.9488053842582603,0.7873577550620747,0.6234828920409091,0.39068286793229773,1.4388840236528448,1.3737166032077084,1.141148885729886,0.9048113706421296,0.5684422847600051
0.9960322984711352,0.9504857183919039,0.7881222792747133,0.6234648109043811,0.3898901723101373,1.440668016951373,1.3751450556790237,1.141422584692419,0.9041235738403396,0.5668732959993291
0.9987024191161167,0.9528436425757807,0.7894469213825889,0.6238892389941351,0.3893758124642415,1.480423712944643,1.412817595529666,1.1717790844208142,0.9272649066923644,0.5802488532317227
1.0034263047971816,0.9571600464482143,0.7923915767688592,0.6255924711337673,0.3896600658676635,1.5811692503514807,1.508679849656287,1.2503490120855079,0.9885124472703073,0.6174148520065991
1.0054990853247276,0.9589458226270473,0.7932360306910229,0.6256335743108624,0.38890634749335534,1.5847974962777318,1.5118400210800873,1.2519677890120169,0.9888037224069365,0.6163619497996768
1.0119514283849942,0.9649076416697346,0.797533033997675,0.6283970322976402,0.3898463555743283,1.5884405427409785,1.515012988855191,1.2535937768208474,0.989099123287931,0.6153133613951778
1.0122474374917352,0.9649969083215867,0.7969687898690222,0.6273240526326215,0.3884010053401269,1.602187730804134,1.527821694197068,1.263189433576892,0.9956811017020932,0.6181773488190321
1.0152210998057498,0.9676387641671453,0.7985130629219104,0.6279122838717692,0.3879884004357088,1.6011797085166395,1.5265548952354324,1.261131503877932,0.9930633030814978,0.6153157108773358
1.0094399689191553,0.9619350609976829,0.7931674531405591,0.6230808410480048,0.38422706434001624,1.5858615491695651,1.5116453452612908,1.247805384770686,0.9815767426155859,0.6069678482612693
1.014681488292795,0.9667375240148528,0.7964928095225984,0.6250700280743552,0.3846852560030321,1.6066085983455387,1.5311191311571233,1.2628820054957721,0.9924550764340235,0.6124806396598188
1.009333382540135,0.9614487701454427,0.7914982231973193,0.6205253166167075,0.3811189452890922,1.594846135863909,1.519603125836079,1.2523731862883551,0.9832041055783312,0.6055465629941107
1.0053021430331108,0.9574164902224211,0.7875455108873923,0.6168059112448657,0.37807229479767485,1.5936010406891878,1.5181128521973373,1.2501430863006326,0.9804701106639228,0.6026516269973794
1.0051579318786272,0.9570876649935617,0.7866449915326507,0.6154838182695511,0.3765057709364148,1.6322026912397878,1.5545823367726816,1.279175043516397,1.0022590072090096,0.6148389950859944
1.006794142912792,0.9584542089992025,0.7871388589604056,0.6152547443482815,0.37561262954747054,1.6391321176542266,1.5608713137901677,1.2833265354989845,1.00450952447663,0.6149899041150407
1.0020986103256964,0.9537924355657676,0.7826806258774317,0.6111547816334325,0.3723583796623692,1.621752983530571,1.5440097768372645,1.2684365547196523,0.991850048660743,0.6060094255524904
0.9870989431187358,0.939325068997786,0.7701825823156837,0.6007845516539656,0.3652953910872534,1.5954059133166916,1.518616924219208,1.2465610421746698,0.9737527091010083,0.5937401321008229
0.9861568994762095,0.9382407536172997,0.768677371486896,0.5990096203042901,0.3634855877325389,1.602659365773204,1.5252175350652557,1.2509819236172466,0.976232333431361,0.5940645885570061
1.0091933624650247,0.9599702551683964,0.7858648710969854,0.6118043672811193,0.3705226089323539,1.6373655678457286,1.5579416611416335,1.2768214341322324,0.9954205536519914,0.6045530262791297
1.0080848673186609,0.9587238324933888,0.7842158144653115,0.6099087543530309,0.36863353750676114,1.6413245793442923,1.5613970440171032,1.2786318589665024,0.9958365552774315,0.6035965722746672
1.012410332834314,0.9626457561400614,0.7867964923936932,0.6113059181820826,0.36874072698545973,1.7462794159020947,1.6609286185412733,1.3591156033396887,1.0575238547557002,0.6397792924855186
1.0127052279019557,0.9627336266214381,0.7862388741280716,0.6102613676458114,0.36737317094418054,1.7417992140650573,1.6563352044137862,1.3542695817078065,1.0526956557179177,0.6355787768455549
1.0216580689963126,0.9710521460364477,0.7924033959573888,0.6144358729009222,0.3691514482246285,1.77100807382508,1.6837796203050373,1.3756255475940835,1.0682432978500378,0.6436947116727344
1.0192127042437307,0.9685336974272696,0.7897143547399301,0.6117363331577639,0.3667912689865166,1.7609587735006442,1.673888527879244,1.3664441562422254,1.060045236562318,0.6374673907679607
1.0221454749707388,0.9711269332603292,0.7911970327255093,0.6122731234896059,0.36637954081017626,1.7390629647880702,1.65274057523502,1.348087308726331,1.0447445151308077,0.6269912345371936
1.0200881567103386,0.9689780769313251,0.7888133577697687,0.6098162275349264,0.3641765940342741,1.761979878405661,1.6741894070284884,1.3645039608368108,1.0564223940972663,0.6327455949154986
1.019278168106428,0.9680148760497462,0.7873981967515511,0.6081123779153558,0.36243071765940865,1.7513488641182533,1.6637532440842497,1.3549066380562684,1.0479355596268811,0.6263969029568103
1.0239791066059087,0.9722857838835397,0.7902423003502395,0.6097007839058736,0.36265253506830514,1.7546781920562624,1.6665833014121703,1.35612741957258,1.0478318222323126,0.6250821007744448
1.0228304600914238,0.9710006670936353,0.7885656053302583,0.6077974517033503,0.3607951201722629,1.7505109158585521,1.6622919296766505,1.3515505548450317,1.043247608475491,0.6210972324870737
1.0216214381654012,0.9696587096900686,0.7868449271763183,0.6058634186282604,0.35892546704717176,1.745396933883756,1.6571032142470132,1.34625055409037,1.0381133462228365,0.6167983561279072
1.0439828808606357,0.9906888506434014,0.8032806923978539,0.6179129445512473,0.36534599348763,1.800261731639043,1.7088611670551623,1.3872223361535125,1.0686691688263898,0.6337195988853311
1.0456560923529516,0.9920785089957908,0.8037648451593145,0.6176674596524315,0.3644701565817225,1.7863048252525717,1.6952710904686112,1.3750803819121882,1.058246748777958,0.6262716764798713
1.0475126556257215,0.9936415295223803,0.8043881654737782,0.6175287938280252,0.363659393025414,1.8063643101965274,1.7139692489560088,1.3891469013220674,1.0680139407656608,0.630799368887336
1.0590372625822342,1.0043747245893473,0.812433558165623,0.623087712995663,0.3662056919080212,1.8551160897298427,1.7598845938882521,1.4252492964592796,1.0947024306654014,0.6453007503342987
1.0670635248741804,1.011785833909553,0.8177784195988695,0.6265638127832918,0.3675162794492679,1.8890451314624674,1.7917199275972064,1.4498910642765594,1.112534524545026,0.6545217392331864
1.0579356261056005,1.0029284356396664,0.809965182656679,0.619950918919051,0.3629023983201292,1.8146051699068622,1.7207568318737068,1.3913065747387117,1.0664687733136633,0.6261114823093529
1.0478919101389055,0.9932063553606917,0.801465656751446,0.6128253934295778,0.35800550479612686,1.8234646127750054,1.728813927839133,1.3967080412230306,1.0695426539358148,0.626663899106288
1.0627469670291962,1.007087541188128,0.8120258762183815,0.6202872379799089,0.3616486170434897,1.844126294567953,1.74805735971409,1.4111374352641965,1.0795225589416495,0.6312579736165784
1.0635781213979723,1.0076737478609672,0.8118489204722287,0.6195317784595665,0.3604848611411671,1.851173464540095,1.7543877990451997,1.4151188381281798,1.081488816404198,0.6311452397569319
1.0639596326337442,1.0078336711454283,0.8113282861590129,0.6185149443088799,0.359172229569794,1.8435916251690014,1.7468514865481675,1.4079078260757105,1.0748963919125845,0.6260356812583433
1.0666793771496068,1.0102083770590762,0.812590914054239,0.6188589919124589,0.35865367388858554,1.8233512300898098,1.7273238103019106,1.3910428016920318,1.060945543328501,0.6166584277264748
1.0582484264143932,1.0020217270357983,0.8053556678315383,0.6127298606467906,0.35438428848279374,1.7869950324376243,1.6925368595439958,1.3619154532316244,1.0376692277761002,0.601896107198715
1.051738268482511,0.995657061509977,0.799595905941073,0.6077349947418219,0.3507866416031928,1.7590602081880544,1.6657401254568256,1.3392636807064893,1.0193727432172086,0.5900795083821405
1.0498384426780212,0.9936594075616374,0.7973519459943873,0.605421732022054,0.34874984545535936,1.7699293525439026,1.6756995017004563,1.3461996597993875,1.0236326505266655,0.5913652618862314
1.0513134419986574,0.9948567447241948,0.7976748555389606,0.6050614924291665,0.34784483173629044,1.7870559525050775,1.6915791530738555,1.3578798687971518,1.0314904963463298,0.5947221062271495
1.0604989682896773,1.0033500267217779,0.8038466182122609,0.6091379072401398,0.34949263912518785,1.7910477366212736,1.6950193528431934,1.3595551134840624,1.0317315771674547,0.5936716609625462
1.0602689389332522,1.0029317233496722,0.8028684118579426,0.607787505318076,0.3480188612654675,1.7834117167129655,1.6874537400673286,1.352399180250255,1.0252693910186435,0.5887658923550962
1.057899156252471,1.000489507413937,0.8002710707538246,0.605213478455453,0.3458489368806434,1.771848929333119,1.6761756074995522,1.3422784725367771,1.0165714965731234,0.582593552737745
1.0572543564832333,0.9996796014795312,0.7989830267240889,0.6036341680289399,0.34425474286055036,1.718120204939865,1.6250128013819547,1.3002335647847394,0.9837123114376753,0.5625968820891433
1.0563996473894137,0.9986715012409225,0.7975381271735303,0.6019389077450685,0.342599420321467,1.7657573190307296,1.6697433892256437,1.3349839954821736,1.0090195882459405,0.575945223789504
1.0543327191331382,0.9965177883022367,0.7951801435325915,0.599557289535548,0.3405587001687604,1.786509521965121,1.689033232157276,1.3493385167713805,1.0188601318058066,0.5804102848152357
1.048190482289261,0.9905130609311888,0.7897524743403066,0.5948653279576394,0.3372124690852048,1.7894783511091756,1.6915022681407061,1.3502315147574564,1.018515557655233,0.5790531719630522
1.0510775887018429,0.9930431996628041,0.7911379938909906,0.5953140776466498,0.3367924277587873,1.8656404608622934,1.763156110712406,1.4063485785331586,1.0598276364295804,0.6013820806920671
1.0547463795174516,0.9963108125555039,0.7931083264460544,0.5962013958237202,0.3366208334562757,1.865067204349033,1.7622617134074818,1.4045101003458016,1.057382327254878,0.5987917653205899
1.056560878958948,0.9978255220624341,0.7936796168445804,0.5960346491715482,0.33585344508420045,1.8384113050730304,1.7367226776424936,1.3830320616993286,1.0401552509658023,0.587838551157055
1.0544297261193551,0.9956132771994668,0.7912850331976415,0.5936403387526279,0.33383259279801675,1.7917038497121767,1.6922514220342213,1.3465111319831733,1.0116483161177412,0.5705523220352675
1.0590158799252452,0.999744491130067,0.7939353761616922,0.5950350470227597,0.33394923933724935,1.794807601608661,1.6948444431318235,1.3474971695478966,1.011377488444162,0.5692584752222335
1.0598683663477513,1.000349316381898,0.7937805427493017,0.594323968139439,0.3328822647816582,1.7839272247024145,1.6842310881072105,1.337980954421259,1.0032236204393912,0.5635305161291726
1.0676673857377907,1.007510296214028,0.7988277798658215,0.5975086407952797,0.3340002429633021,1.7854622518250591,1.6853434828481024,1.3377942743866167,1.002080423361483,0.561761298725966
1.0502678820343274,0.9908896552315338,0.7850106590296402,0.586576177238523,0.32722112502259837,1.8064117512035025,1.7047811824000914,1.3521533229276412,1.0118340485922328,0.5661056098963192
1.0505503782496437,0.9909580022339709,0.7844367969203779,0.5855607994412794,0.3260002549528944,1.769333498782194,1.6694480340667575,1.3230469866580958,0.9890415617375409,0.5522213523405872
1.0486413468550844,0.9889590688736608,0.7822269030455556,0.5833256127840232,0.32410385519217116,1.7741492235070064,1.673658003591068,1.3253249736710335,0.9897554255568015,0.5515154882790184
1.0505089910894427,0.9905226263606147,0.7828378326967643,0.583197872260133,0.3233846730631264,1.770669115098359,1.6700402836067774,1.3213999380732777,0.9858344454463118,0.5482275930376825
1.048157234654088,0.9881070558444116,0.7803024692536257,0.5807258814556879,0.3213671786575748,1.747564155372338,1.647914392942207,1.3028359646409162,0.9709989021226763,0.538881016094053
1.0551313147861774,0.9944839611919272,0.7847140328211866,0.5834283813005589,0.3222199773532926,1.728906228422767,1.6299907971238699,1.287623357077438,0.9586900021774,0.5309721109009301
1.0732592854250558,1.011371066678918,0.7974113117380116,0.5922852745848873,0.3264670854359563,1.7081930090456396,1.6101366392479255,1.2709093186656881,0.9452870042700576,0.5224868931755986
1.0897450611176749,1.0267039355327772,0.8088625193747356,0.6001984889936001,0.33017590759315263,1.785731568739311,1.682902181800159,1.3273277205365461,0.9863050432930133,0.5441137509879571
1.0903580384845282,1.027076111724087,0.8085086388827756,0.5993357013359021,0.3290409266291688,1.7937812107975741,1.6901517136438913,1.3319836622117973,0.9887784556085365,0.5443900279685354
1.0887202397991125,1.0253279519662486,0.8064856902717256,0.597236783235242,0.3272305190338922,1.8162385148824032,1.7109735944175908,1.3473274927226053,0.9991799437650596,0.5490279770866873
1.0878459825328608,1.0242995339851044,0.8050315855246261,0.595562720350663,0.3256588263684476,1.809131746319325,1.7039365227574754,1.3407082008975595,0.9932718877913481,0.5446835709230221
1.087665707549065,1.0239249298453403,0.8040931462156131,0.5942728998175639,0.3243022237361746,1.8114258295535808,1.705756425085974,1.3410675879008758,0.9925448699676347,0.5431955267731864
1.0873729121549152,1.023444508235606,0.8030725943100145,0.5929243780558965,0.3229177139391573,1.8154392858846626,1.70919460542572,1.3426978350161531,0.9927588962098515,0.5422262670462953
1.095647245485445,1.0310276912882632,0.8083804798420807,0.5962503705356573,0.32408327626770916,1.8333886371255883,1.7257516705607583,1.354630466870497,1.0005888419607036,0.5454183838503053
1.095851836971881,1.031014010751813,0.8077230491908978,0.5951692083208303,0.3228474596103307,1.8123364590217406,1.7055903007977868,1.3377210755220672,0.9870982429489045,0.5369738565339777
1.0947933759971407,1.02981197251099,0.8061351628959808,0.5934040080851717,0.3212442379847238,1.7879573316376152,1.6823059797792086,1.3183886425142006,0.9718458311042056,0.5276027140196863
1.0878736883217863,1.0230970401406454,0.8002338164597425,0.5884665650256418,0.3179288232870899,1.841102492000773,1.7319743030897023,1.3562579764126985,0.9987892396140094,0.5411747416359685
1.0858729152010942,1.0210107821933758,0.7979618250969526,0.5862073480805038,0.3160723862098276,1.8544760986524516,1.7442088173099066,1.364753457149123,1.004046778368375,0.5429410884183216
1.0866905360225354,1.0215753621501575,0.7977646980415428,0.5854763251225128,0.3150460870968611,1.8270770009830473,1.7180900301823407,1.3432250503053071,0.9872043195884058,0.5327475998045643
1.08805589975409,1.0226545973639338,0.797969278490453,0.5850409895716233,0.3141817399135461,1.8307196510033386,1.721171774479009,1.3445598178924867,0.9871981037691514,0.5316787502205356
1.0875698735504937,1.0219932544997261,0.7968148624714056,0.5836095742812284,0.312784670386636,1.847704588681845,1.7367961212815333,1.3556897320878116,0.9943826731408973,0.5344848114820008
1.0886389632761873,1.0227934832430614,0.7968013228756231,0.5830160479268985,0.31184100149217825,1.8318536100029437,1.7215492383689843,1.3427039315846834,0.9838633566192948,0.5277616655948738
1.0890950890346371,1.023017461893522,0.7963383710841265,0.5820942920750706,0.3107242948649363,1.8431350550322296,1.7318070656090212,1.3496302511777212,0.9879547387308119,0.528900831824213
1.0928446256126272,1.0263349029240805,0.7982836664610045,0.5829341377225956,0.3105511592893958,1.8831221415637014,1.769032513597089,1.3775610480401128,1.0074126528459006,0.5382598099558165
1.088491677742211,1.0220416052890804,0.7943057110420639,0.5794463639777704,0.308071987405658,1.9618954889152576,1.842679543043367,1.433808583389234,1.0475391550077338,0.5586228497525998
1.0873085324929803,1.0207262801879127,0.792648028010209,0.5776576371162675,0.30650483799978967,1.988020154631254,1.8668481893423228,1.4514674176878979,1.0593931429979448,0.5638269988385486
1.0866192496235456,1.019875060878568,0.7913528927020281,0.5761361244824414,0.3050845145216675,1.9863539048904284,1.8649101296763348,1.448799409681874,1.0563864313326008,0.5610991218963974
1.0909676777012496,1.0237524173465873,0.7937283722938325,0.5772894312126332,0.3050850623161721,2.014831591693358,1.8912737359581426,1.4681215593601717,1.0694187148771992,0.5668990145052434
1.0887401456077248,1.0214573745363387,0.7913140134858587,0.574956145811451,0.3032418009836758,2.027315844648807,1.9026141478355176,1.4757501786857397,1.0739061849794793,0.5681440250226089
1.0909105501226157,1.0232893593082528,0.7921001847102368,0.5749524091428798,0.3026333465981705,1.9921892808960886,1.8692677221659095,1.448704642293663,1.053151191014856,0.5560274241898355
1.0838614121713164,1.0164725114112332,0.7861897698546817,0.5700873336838623,0.2994672869694162,2.008449917295393,1.8841511953496997,1.4590805467205064,1.0596409134959277,0.5583417184788289
1.0739342318448177,1.0069592573473374,0.7782028000510027,0.5637256798681642,0.2955265710643345,2.0176787128501577,1.8924320100070298,1.464325918173142,1.0623906648810193,0.5586739229568125
1.0769424226223454,1.0095784530714171,0.779604416477068,0.564177277151213,0.29517226249732004,1.9959264164873765,1.8716514934572563,1.4470749106882048,1.048812406618401,0.5504162461704641
1.0783590219336836,1.0107045267991046,0.7798502959270435,0.5637910357549557,0.2943798400946429,1.9950127476232267,1.8704203832292121,1.444965412915097,1.0462346702978733,0.5479626188978473
1.0706568555816447,1.003283440959982,0.7735003742664367,0.5586365829874633,0.29109971626490144,1.9842271205832798,1.8599342551641465,1.435708538506667,1.0384859479014823,0.542808320966065
1.0719472106505925,1.0042919409375182,0.7736590961289815,0.5581925783321224,0.29028615062198343,1.9862574371046569,1.8614654049085981,1.4357418869805227,1.0374715837864976,0.5411925042928125
1.0769067534300278,1.0087376069253762,0.7764649000379591,0.5596587643542398,0.29046806337155817,2.029744718487841,1.9018481863391676,1.4657403943838851,1.0581111275974844,0.5508766468470944
1.0825173052353116,1.0137912583357618,0.7797337218192165,0.5614552001910752,0.29081949402209395,2.0089992550836886,1.8820295486327276,1.449293723907647,1.0451802420621437,0.5430427813218182
1.080217695740579,1.0114348864724958,0.7772975867988804,0.5591395811818031,0.2890384233636417,2.0021828149114897,1.8752675048049665,1.4429270446068352,1.0395436340763575,0.5390280915293597
1.083913038140684,1.0146926411476065,0.7791793650088615,0.5599340759075784,0.28887104808524816,1.9899506996755658,1.8634357111671305,1.432668713816271,1.0311135695497393,0.5335788464473475
1.0828876475785358,1.0135297951165585,0.7776630756184292,0.5582845055595006,0.2874422895286717,1.9950231872877147,1.867813018365195,1.4348879920096478,1.031679704414338,0.5328046512339575
1.0842839210293047,1.014633932713881,0.7778881299609635,0.557887787619572,0.28666314795911113,2.020611994275894,1.8913966243405673,1.4518574374164441,1.0428489996423564,0.5375073558985379
1.0835792326149407,1.0137715838301025,0.7766046835153038,0.5564094344455823,0.28533018973710345,1.994919319233445,1.8669686813577429,1.4319447861931969,1.0275031702858113,0.5285227625571065
1.0864376176779929,1.0162430682448906,0.7778766925006749,0.5567643738803664,0.2849415444889381,1.9944314301032102,1.8661386908471853,1.4301626366194997,1.0251968717635305,0.5262794128905285
1.0913597273926645,1.0206439126755957,0.7806229890903525,0.5581732682233272,0.28509270705039774,1.9931440476799314,1.8645608921652694,1.4278093205402378,1.022484725295298,0.5238345879641699
1.083760956599917,1.0133333835387397,0.7744071507265676,0.5531705489159144,0.28196733157048937,1.9577127514422938,1.831042453249659,1.4009999362824481,1.0022634683643483,0.512427259097988
1.0779419074993732,1.0076898152701057,0.7694747111181783,0.549094063372932,0.27932549208578283,1.9168030100063536,1.7924134948916002,1.3703226571254992,0.9793149396524528,0.49966950994744647
1.0749021408611565,1.0046466196436674,0.766535338809114,0.5464474450353635,0.27742049988465567,1.903362668790545,1.7794868719896892,1.3593438332340924,0.9704894972327062,0.49416722268241486
1.0726890896266374,1.0023772839436227,0.7641906300595653,0.544229502434562,0.27573965353776647,1.932086150225716,1.8059850571135077,1.3784982296344652,0.9831940913147083,0.49964798861444965
1.072170967294304,1.001692647641667,0.7630573257362439,0.5428781737297463,0.27450350920019434,1.9464344779566496,1.8190357183018895,1.3873569272840085,0.9885292362669511,0.501359952263273
1.0772454574632142,1.0062332316401519,0.7659057511085842,0.5443618116669124,0.2747046959450403,1.9306820814259482,1.8039505463947558,1.3747417603812584,0.9785520603035807,0.49529703152583265
1.076244214078289,1.005096743763618,0.764427975967393,0.5427671321732974,0.273350553495036,1.9457218056708006,1.8176422608537535,1.3840760510311985,0.9842177301693193,0.49717413309180575
1.07954719100194,1.0079803508474738,0.7660095656808918,0.5433473418814003,0.27309605992135416,1.9875937141590805,1.8563943707158996,1.4124772739785605,1.00342964773277,0.5058846175743642
1.077033757105488,1.0054319449278653,0.7634601098486314,0.5409956097467371,0.27136784530786473,1.9736012600542903,1.8429542675404968,1.401121102835251,0.9943587475353504,0.5002997037368059
1.0763298554648937,1.0045737526767173,0.7621976859687938,0.5395600477178398,0.27010501990197383,1.9705471956748617,1.839733782996337,1.3975518061550871,0.9908313019837636,0.4975243123151012
1.0812151642915324,1.0089324559615298,0.7648949956671097,0.5409299142878154,0.2702505682660979,2.0180627339261226,1.8837270883477655,1.4298532322009896,1.0127414206745002,0.5075309515787384
1.0808111575230168,1.0083536718526147,0.7638442900708711,0.5396459306323806,0.2690685841881342,2.0080973473605437,1.8740483186154617,1.4213626271143582,1.0057149239507133,0.5029945914491162
1.0833148895708984,1.010487883188154,0.7648499144019651,0.5398167450469705,0.26861561544239154,2.032646152329507,1.896583576900673,1.4373172915852663,1.0159982663432578,0.5071316755987191
1.0890857542728678,1.015668697738911,0.7681594526602163,0.5416127384217095,0.2689720798408337,2.086273519473874,1.9462418841376303,1.4738007614461592,1.040771383915054,0.5184828197882315
1.0927702741430698,1.0189017043433894,0.7699900773305748,0.5423618598365961,0.26880615932594765,2.0021452849783943,1.867371126943615,1.4128964713930565,0.9967211068346343,0.4955012539933408
1.092799726266331,1.018725385235039,0.7692408398699688,0.5412917537439997,0.2677381794978459,1.9857824984442929,1.8517363251016081,1.3999364991276912,0.9865818348315228,0.48946970207020574
1.0921012962528622,1.0178705525273595,0.7679799619284071,0.5398632199239604,0.26649610999073187,1.9873787099296947,1.8528544403406024,1.3996618594425356,0.9854017052717287,0.48790526874792994
1.0888035199622483,1.0145933538487337,0.764892942405951,0.5371532892778283,0.2646253974947876,1.9867210110669706,1.851870689764075,1.397798996478767,0.9831047951268997,0.485792181346078
1.084772531092938,1.010634188581349,0.7612962484264217,0.534090323689181,0.2625871947812528,1.9662193600802835,1.832390231048304,1.381976833409167,0.9709935922130963,0.47883595759256475
1.0795348134907732,1.0055523138451967,0.7568591080295197,0.5304433403810142,0.26026896952776396,1.9084746685505647,1.778209407155335,1.3400084258007239,0.940535089222728,0.4628579739439236
1.07800174211119,1.0039231961947348,0.7550274164821872,0.5286291593243172,0.2588582799019625,1.932961760566164,1.8006694610195995,1.3558616817996385,0.9507217554691983,0.46694534018096595
1.0767842001236885,1.0025885370951448,0.7534196283090465,0.5269748442736131,0.25753048099825504,1.9018053087147555,1.7712852292341572,1.3326513581890178,0.9334960995487571,0.4575510984911321
1.0761616231060962,1.0018083409514846,0.7522305951704962,0.5256162073256722,0.25635145963946293,1.9767828469176505,1.840762834227269,1.3838576905332574,0.9684316334260384,0.4737595728250546
1.0791716500048327,1.004410039855701,0.7535823555343979,0.5260351248294836,0.2560430695097705,1.9517661071138661,1.8170993131599609,1.3649607267251158,0.9542389969826082,0.4658689746363196
1.083841778948341,1.0085557549792052,0.7560899103389089,0.5272594782254579,0.2561269268484258,1.919112025925256,1.7863348589298276,1.3407592497645602,0.9363655949297429,0.4562112639339309
1.0833546971345733,1.0079007957841104,0.7549940313080061,0.525968007245226,0.2549873149159439,1.862738101987066,1.7335039978660571,1.3000336818404759,0.9069871203993102,0.4409852110563863
1.0856063783836793,1.009794070919188,0.7558082425498922,0.5260092610259856,0.25449733996411733,1.8910132064398735,1.7594707152312468,1.3184672801206356,0.9189405971701621,0.44591512743849954
1.083261402692389,1.0074108956008785,0.7534198426135692,0.5238210305627915,0.25292962089780646,1.8812591239694312,1.750043251228483,1.310347993818691,0.9123627055202045,0.441831380967928
1.0884009809358626,1.0119891158171357,0.7562410541772566,0.5252586789084533,0.25311793739512145,1.9040150817471992,1.7708619959024445,1.3248877874888263,0.9215740393847311,0.4454085059358018
1.0870200105234769,1.0105026994648838,0.7545252894376522,0.5235417098410857,0.2517843079210356,1.8337342032348962,1.7051418828711833,1.2746587294940874,0.8857138114398422,0.42718598265959795
1.0893988825555763,1.0125120178380247,0.7554219932803173,0.5236403631319713,0.2513281841412073,1.8406533221324994,1.7112347637296856,1.2781936638275788,0.8872843944310365,0.42708911388523735
1.0813844350567565,1.0048607062436024,0.7491091120298765,0.5187407852666289,0.24847390995532626,1.830678420935995,1.7016189629322367,1.269988660343906,0.8807014382825188,0.42306626851324347
1.0956587863785578,1.017923966770583,0.7582482963839127,0.5245507188925742,0.25075988756873685,1.8478355470047225,1.7172262194104873,1.2806210108940903,0.8871939730897755,0.4253389823351545
1.0959788900620089,1.018017774938694,0.757711575150206,0.5236548682837532,0.24983010911459003,1.8808361193362022,1.7475507890530102,1.3022110540869056,0.90126401942156,0.43123377308385663
1.093264848451165,1.0152931897965463,0.7550774946389175,0.5213107989881008,0.24821211863080958,1.8897012445533703,1.755438177585652,1.3070466792509658,0.9037095054992897,0.4315414134811973
1.0954030431690551,1.0170758298102982,0.7557991889557221,0.521287751007949,0.24770472054072395,1.8728686731173232,1.7394504708755898,1.2940970744360558,0.893852266521989,0.42597127953282826
1.0955363161692344,1.0169961579076892,0.7551353446194329,0.5203085983556017,0.24674403883178772,1.871643267942712,1.7379644702248196,1.2919562584890019,0.8914797205590806,0.4239886843173646
1.0957975940005553,1.0170353052231076,0.7545603038296759,0.5193920711595501,0.2458159094224843,1.8643826795130052,1.7308748635400666,1.285652469675272,0.8862384806564704,0.4206479677879268
1.0963887066379494,1.0173805235878577,0.754212780494819,0.5186334657826396,0.24496524772818948,1.8803112288634796,1.7453165998617262,1.2953509241895402,0.8920376752894855,0.422559226035484
1.0938380525957447,1.014810199184504,0.7517039565389221,0.516389642692741,0.24341549615418817,1.895780961567103,1.7593266388374824,1.3047127093005995,0.897592589456419,0.42434547652229915
1.0962034472584674,1.016801736250939,0.7525777916852926,0.5164735417874978,0.2429682134759603,1.8865398762807266,1.7503988420884753,1.2970481049871023,0.8914220413849863,0.4205795999858023
1.0973381518244276,1.0176508899928258,0.7526042239018326,0.5159752079525215,0.24224784242302583,1.9276461212748084,1.788188599460473,1.3240127320489408,0.9090625942242769,0.4280613858244682
1.106976119173768,1.0263854305767623,0.7584617743735291,0.5194750895877006,0.24340652408815847,1.953802634574875,1.8120951554474023,1.340654442513218,0.9195796728753667,0.43215756808749295
1.1085060316080009,1.0275986843924036,0.7587515557178693,0.5191540875061117,0.24276930151607862,1.9637109333549008,1.8209223955457863,1.346112634864194,0.9224039682663684,0.4326205339512552
1.1090911133748087,1.0279355426279406,0.7583932816409646,0.5183897946112175,0.2419263606374745,1.961287477569589,1.818310973533325,1.3431052571229278,0.9194208027460794,0.43035614597521654
1.1023303998457792,1.0214639439661637,0.7530119320866748,0.5141930538109863,0.239483938826119,1.9519731824841469,1.8093120219390377,1.3353836485414712,0.9132155657179829,0.42659092914704255
1.0985696206840243,1.017774761061404,0.7496898976699135,0.5114104146026951,0.23770896472474495,1.9511460703318884,1.80818349738273,1.333482421031166,0.9110021765592468,0.42470380549752756
1.0983725185857798,1.0173885999846746,0.7488057006376193,0.5102958380359521,0.23671547982946572,1.9763454381903813,1.831174843732059,1.3493710802895031,0.9209459130269062,0.4284901087853032
1.1013002907831113,1.019897027384766,0.7500528776062795,0.5106354679074289,0.2363995960061904,1.9699305947318289,1.8248649615947607,1.3436419059216462,0.9161148049678488,0.42538535050769943
1.0994921462539713,1.0180185535241568,0.7480713676787116,0.5087758218840843,0.23506587038767124,1.9813719384197237,1.8350987920655888,1.3501021271976155,0.9196033640035826,0.4261544443696571
1.10110507040658,1.019308354489763,0.7484206960340914,0.5085046301067109,0.23447044194754765,1.9569037435183236,1.8120699216788698,1.3320794552492194,0.9064078672695864,0.41918719528063836
1.0998625667075725,1.017954289777465,0.746827746048139,0.5069138164922621,0.23326798016895056,1.9575651425152967,1.8123199554107865,1.3311975951869826,0.9049014014289786,0.41765212438807875
1.0980855685702562,1.0161060362756824,0.7448743025359079,0.505080991163608,0.23195802773719723,1.9504438377105269,1.8053645650715862,1.325023716434058,0.8997997139486283,0.41446216513405276
1.095333270160941,1.0133559943948995,0.7422624367923693,0.5028048680864957,0.2304488040397984,1.9072813752553266,1.7650515700620504,1.2943765018874756,0.8780879434447898,0.4036324514365318
1.0937786771217808,1.0117150794961407,0.7404666904079031,0.5010856335848956,0.22919993567028704,1.8945983722316562,1.7529613537487216,1.28447480540638,0.8704926752319093,0.39933385431463747
1.0933576137271148,1.0111232644648165,0.7394411720659849,0.4998905633132847,0.22819490262685757,1.9169683267186837,1.773308375429095,1.2983564171752107,0.8790297951578115,0.40245154466594085
1.0888839502365393,1.0067838525129866,0.7356761782902987,0.4968453927053936,0.2263484237474191,1.8444225696031604,1.7058446244165717,1.2479230552511884,0.844005728441555,0.38561136060196366
1.0907059746478542,1.0082671424450071,0.7361715056136915,0.49668307098733094,0.22582177780919527,1.8558505663782292,1.7160728267344159,1.2544072326841746,0.8475471556728164,0.38645815364427966
1.0926148587425937,1.0098300939203124,0.7367237345667991,0.49655896790650356,0.2253137095836393,1.8552590734890284,1.715182668954592,1.2527530233490276,0.8455819328689481,0.38478914987896684
1.104846621600154,1.0209331198997849,0.7442345922564203,0.5011248001273972,0.22693482925095254,1.8964625791547929,1.7529321769219772,1.279322700644422,0.8626703240851382,0.3917957873109801
1.1061432313048223,1.0219270650030505,0.7443637655888512,0.500710653225193,0.22629341278472404,1.9350056882956708,1.7882076328637495,1.3040439302453775,0.8784776238482692,0.39819133854798144
1.1051429101947783,1.0207985178837564,0.7429462495883642,0.49925642307602686,0.22518359467935345,1.9292727267201113,1.7825519574810802,1.2988763143421096,0.8741179483641548,0.3954188269752516
1.1146577385296523,1.0293830158031525,0.7485997666030841,0.5025563037831704,0.22622159892659913,2.006993121582581,1.85400522290797,1.3499024300468054,0.9075833922973024,0.40976652595587726
1.118234251977518,1.0324800384414046,0.7502531392444928,0.5031637035340264,0.22604257174560188,2.0409007553956235,1.8849573643836202,1.3713587827997713,0.9211016140479658,0.41505036016573216
1.1172659935591227,1.0313795370075027,0.7488532557467468,0.5017216959544756,0.2249426753640008,2.068141936621195,1.909740079981211,1.3882918089944205,0.9315539312315608,0.4189300959557856
1.1190131632479379,1.032786122383906,0.7492754519253815,0.5015028400685374,0.22439466782940265,2.0707164371724494,1.9117354479519,1.3886317148319558,0.9308504565968813,0.4177758754477095
1.125918359244871,1.0389526721363607,0.7531497984478557,0.5035945034391562,0.22488178168264064,2.089166892308784,1.9283870068485591,1.3996160409473055,0.9372828003340159,0.419827229984411
1.1216425505789842,1.0347993354595415,0.749536472857378,0.5006748545063716,0.2231282392864872,2.1101699114861834,1.947387980382256,1.412287183282452,0.9448310188596589,0.42236856968523173
1.1158691658441144,1.0292659953798662,0.7449288780143303,0.497096401636777,0.22108722748721904,2.0545114349345286,1.8956336114316525,1.3736239843848768,0.9180202095616041,0.4095385749185342
1.1168366061831372,1.0299524989856865,0.7448297903051136,0.49653318329363444,0.22039455759203355,2.086234139473655,1.924524034611774,1.393459815389915,0.9303588694501469,0.4142239051167351
1.1187322153349677,1.03149464905741,0.7453491617052437,0.49638288375724243,0.21988705551396212,2.0586234734138102,1.898668647159401,1.3736243442477185,0.9161851387209197,0.40708488373589286
1.1088309171888011,1.0221591448392402,0.738007127320856,0.4909968996132796,0.21706140502964638,1.9153828191930735,1.7661780428993266,1.2766728484448846,0.8506038797552156,0.3771312550828744
1.1055656180022093,1.0189446459455185,0.735095827552445,0.48856901198833697,0.21555395426265048,1.8743656417162664,1.7280027920177052,1.2480567235141946,0.8306873210231623,0.36754661103987035
1.1002515437539777,1.013843140033074,0.7308273785312234,0.4852434905099411,0.21365564461380948,1.947948229307364,1.7954939645901185,1.2958040394825063,0.8616365113635347,0.38050532261791775
1.0950716979676238,1.0088673255077574,0.7266559078391451,0.4819885382501017,0.21179515815198485,1.949693899786887,1.796743913082436,1.2956694813246845,0.8606854012758058,0.379324294429317
1.0933887273000573,1.0071150653307384,0.7248124843437801,0.48028381280663734,0.2106224782489968,1.9133114047520046,1.7628562106932242,1.2701958172995513,0.8429031081192706,0.370728571114967
1.092198495859444,1.0058173258977727,0.7232986618889884,0.4788004220714135,0.20955071077948995,1.8737837956056427,1.7260843241715897,1.242684308290441,0.8238035424265339,0.36158667668643535
1.089585923334716,1.0032102163335117,0.7208452104953502,0.4766975158342729,0.20821125616611671,1.8298391511997765,1.685258363467393,1.2122977493448304,0.8028358014942613,0.35166027055866744
1.0804710574575482,0.9946172792241538,0.7140941777877965,0.4717563362435764,0.20563663233041327,1.8011616571474118,1.6585097079860556,1.1920861524091408,0.7886479753848062,0.34474236073415737
1.080186475883905,0.9941563869274587,0.7131920007886858,0.47068856928438924,0.20475992387234454,1.8133501636582605,1.6694011832056403,1.1989609434148558,0.7924074802395618,0.3456962715697341
1.0789967087353272,0.992862546004866,0.711693266261573,0.46922875407105424,0.2037153521634412,1.8380989080243109,1.6918514204304542,1.2141254948741367,0.8016375043296008,0.3490315761413931
1.0790381773167315,0.9927021317226354,0.7110089251734116,0.4683083302145701,0.2029083200526862,1.8706006229704615,1.7214287812085094,1.2343798336555776,0.814208979951673,0.35380711162577144
1.0543662205201425,0.9698056880889668,0.6940408626493659,0.45666395257457265,0.19745723525792644,1.8351233393500175,1.688436362893459,1.2097345541802795,0.7971385042091801,0.3456816773277675
1.058605481872,0.9735109980891318,0.6961373328523953,0.45758672090169933,0.1974613172083691,1.821386855246653,1.675460190369724,1.1994695702505047,0.7895773909906532,0.34171141289626766
1.063696835412435,0.9779983882758186,0.6987892617585154,0.45887230667701145,0.19762116036802357,1.861812011243652,1.7123114540843305,1.2248919818865198,0.8055226787017952,0.3479287535104915
1.0630148290312798,0.9771757291585206,0.6976424324916203,0.4576603486836131,0.19670396773237941,1.8781055524082402,1.7269541873960936,1.2343866619175514,0.8109611189235881,0.34958191705208863
1.0647247174086307,0.9785521078541197,0.6980669669604156,0.4574811871531896,0.19623355556440758,1.8883633817271261,1.7360410679627054,1.2398942433389633,0.8137685008489197,0.35009293448617823
1.0751120402894787,0.9879030309743662,0.7041791551323796,0.46102935475527695,0.19736305168116314,1.9364151751491598,1.779869619339205,1.2702050255293096,0.8328483320765222,0.35760112003610955
1.072555731235367,0.9853564994048986,0.7018006392732355,0.45901110004980783,0.19610432656421806,1.9304820098812099,1.774060134854964,1.2650429194087243,0.8286307927802922,0.35507502772393046
1.0705503734518038,0.9833171067522705,0.6997866817609062,0.45723486465348895,0.1949532529377222,1.9100529079553297,1.7549315372490106,1.250390706544746,0.8182046419546432,0.3498971873222794
1.055427406706857,0.9692297640374234,0.6892014651365034,0.4498613362714914,0.1914194625007987,1.8616402192963863,1.710099608148439,1.21744759375398,0.7958298089206528,0.33962901513118043
1.0591022378290047,0.97241062266284,0.6909119540502779,0.45052795954436936,0.19132027691138367,1.8319582709431244,1.6824917998527378,1.1968191900441907,0.781549457341001,0.33285546195343924
1.059660420977853,0.9727286342371633,0.6905851763566548,0.4498643472885271,0.19065582814153378,1.8531731228062673,1.7016392683827188,1.209482043438655,0.7890370318091102,0.3353786471832992
1.0617157677660471,0.974420819990122,0.6912340693717071,0.44983718797846023,0.1902630061693438,1.862218365272761,1.7096045540648792,1.21417598089075,0.7913102068165708,0.33567409848001106
1.0664400113871257,0.9785617491227189,0.6936185719938726,0.4509391231955328,0.19034855435586423,1.8715812906940443,1.7178582416165846,1.2190664805855975,0.7937061630240735,0.3360191158411127
1.0635271130722483,0.975693171126832,0.691030388000519,0.44880553965110065,0.1890672378012234,1.8021374354078805,1.653774612442506,1.1726147134561367,0.7626687790623607,0.32220725987499327
1.0769401877015126,0.9878033561263242,0.6990545488393458,0.4535682094648521,0.1906954618633192,1.7182025329269008,1.5764189824502286,1.1168273397970474,0.7256219943947382,0.3059115648746015
1.079247305182309,0.98972195605207,0.6998530713965293,0.45363274738470194,0.19034120487044714,1.757350878312761,1.6120215800531215,1.1411568388343085,0.7407036677493725,0.3116579535031551
1.0815425877198723,0.9916288967153427,0.7006416265202918,0.4536902425324093,0.18998464703229398,1.7132465995435895,1.5712422299865596,1.1113760403846784,0.7206328020132093,0.3025896342665774
1.0758903837180733,0.9862482610741844,0.6962793913049385,0.4504118506479459,0.18823183771079852,1.7485501090019917,1.6033053199473912,1.1331659060943224,0.7340410431577652,0.307614499554377
1.0760964341156225,0.9862398939041926,0.6957164606706769,0.449597288095826,0.18751495979917207,1.7300387337982035,1.5860109466683623,1.1200362528425922,0.7248018888585812,0.30312741917510183
1.0783742693676672,0.9881302766674969,0.6964934072811796,0.4496497819739224,0.18716182366697318,1.7713920949010447,1.623604388968845,1.1456886019168608,0.7406773273775681,0.30916060717003657
1.0826325034898576,0.9918345334563656,0.6985471946224406,0.45052603854018486,0.18715223227019628,1.7929262154907986,1.6430171913659657,1.158470601364925,0.7482000971804961,0.3116823092747687
1.086009342692272,0.994729797790273,0.7000274860863045,0.4510302222968217,0.186987369896583,1.7424281047397017,1.5964126935943372,1.124683584075931,0.7256304977406997,0.30165698801479246
1.083520660516335,0.9922513444449894,0.6977232864639361,0.4490945879860435,0.18581092305855465,1.7198079947479252,1.575368865449895,1.1089583173696358,0.7147591397968083,0.2965342649136012
1.0936715392486251,1.0013487234449334,0.703562129324919,0.45240370640289734,0.18680843449525675,1.6863258763734945,1.5443836895505982,1.0862595805607889,0.6994143180641739,0.28957504423633795
1.088270118613966,0.9962029966199396,0.6993838173582608,0.44926456936984777,0.18513859200629346,1.5971127323866023,1.4623709580612063,1.0277059988419257,0.6610137739600127,0.2730971071621496
1.092424103639937,0.999806315936583,0.7013540188350504,0.4500809070292872,0.1851047215081727,1.6162042357815416,1.4795593163395515,1.0389632444110113,0.6675933468775784,0.27526925619714204
1.101273756196246,1.0077057168992571,0.7063342855027056,0.45282681969872474,0.1858638232445993,1.593060028202953,1.458075965918657,1.0230462227734762,0.6566981561594879,0.27022629567496886
1.104205553748646,1.010186877616084,0.7075083457310661,0.4531266760918547,0.18561517235334415,1.5577697335097251,1.4254842932188978,0.9993601242819216,0.640837240579166,0.26315919697827667
1.1101427507934085,1.0154165087592333,0.7106050352950074,0.4546568371853893,0.1858707449096594,1.5721750168785598,1.4383811864451275,1.0076022235775504,0.6454816293955954,0.2645400923883772
1.121552774905625,1.025649855223478,0.7171980140386306,0.4584204770310607,0.18703763758185396,1.5471380584840584,1.4151872246265038,0.9905485102791352,0.6339113419355593,0.2592691190586258
1.112673940937118,1.0173251120000664,0.7108030786664655,0.45387452526349703,0.184808793329805,1.4636254998980487,1.3385141679724357,0.9360894041030805,0.5984257855520845,0.2442370229548978
1.1120367246220986,1.0165390359042916,0.7096852063630891,0.45270684718809684,0.18396372016214071,1.439433625736443,1.3161225226977107,0.9196809434744725,0.5873377143348725,0.23922314647850057
1.116105580244217,1.0200551651262677,0.7115722039621666,0.45345785253058185,0.1839009741820115,1.4318227138819661,1.3089003857912052,0.9138985092439575,0.5830575288689993,0.23700137703488014
1.1012391230882326,1.006264082513713,0.7013825341025344,0.4465109063337678,0.18071582070680858,1.468192522742281,1.3418860576414948,0.936198597897142,0.5967016907218993,0.24207345676412328
1.0949313136123273,1.0002990296451895,0.6966636886014065,0.4430603058199651,0.17895783168026122,1.4929302988532365,1.3642273016793283,0.951036537194262,0.6055621955312807,0.24518389163447965
1.099887531663713,1.0046268338667808,0.6991204803910303,0.44417970231999926,0.1790520548517391,1.4774418011830657,1.3498011957487117,0.9402189133141118,0.5980686287101634,0.24165948062826376
1.1037227512572263,1.0079289616818061,0.7008591369445933,0.44484016190669906,0.17896018678462713,1.531098901549075,1.398552738878732,0.9734251633563384,0.6185928924937629,0.24946932851797377
1.1022069229197593,1.0063431086171584,0.699195733419447,0.44333954797451935,0.1779985660876801,1.5440830690710674,1.410133165538011,0.9807066689347874,0.6226015557756951,0.250587024240888
1.1000950766160982,1.0042136703115445,0.6971568673442319,0.44160342312914913,0.17694552368977795,1.5382363283673572,1.4045116055975646,0.9760124719009136,0.6189988435823707,0.24863581699003698
1.097679014027234,1.0018073426774596,0.6949285931566089,0.4397503532843047,0.17584912840226744,1.5367336774193894,1.4028586834790562,0.9740830259161747,0.6171561668989121,0.247398389817173
1.0881269975285492,0.9928892411925142,0.6881863872606953,0.4350441395075253,0.17361549057556708,1.528922694020174,1.3954475945622455,0.9681578271200454,0.6127849436968199,0.24515130789524953
1.0864302585191161,0.9911424305447916,0.6864250975576651,0.43349567787319027,0.1726503063757222,1.4601370661873412,1.332387869190914,0.9236326312293353,0.5839904213414235,0.23314144219577967
1.0829935818570984,0.9878089469117652,0.6835673217502928,0.4312574208816146,0.17141356491345858,1.5450930735733377,1.4096444928910983,0.9764492552204243,0.6168010961316548,0.2457738810719956
1.0797427054062334,0.9846462291904681,0.6808318559260155,0.42910037889094554,0.17021336991148525,1.5807693715573063,1.4419113455772667,0.9980190817794514,0.6298094707359997,0.25046572019583374
1.079354849729674,0.9840956039877301,0.6799064616398168,0.4280880404696876,0.16947137388240052,1.558431396802001,1.4212472021019722,0.982917977544814,0.619649965251247,0.24592450677127559
1.0814444294274685,0.9858039471917199,0.6805428217785426,0.42806062249221916,0.16912157691337423,1.5120120233219467,1.3786297419618474,0.952657905119829,0.5999537969446804,0.23761571150145036
1.079013075414947,0.9833904558009643,0.6783322507136116,0.4262421153087821,0.16806486355619032,1.5101252191503625,1.3766336564474717,0.9505164478653999,0.5980052211461917,0.23636873360875207
1.0822336010788838,0.9861288989541501,0.6796785338006307,0.4266618340779982,0.16789422657403857,1.529522776506738,1.3940411880454278,0.9617753145083094,0.6044905873404154,0.2384594148879119
1.0740324106902073,0.9784587663638181,0.673848236164597,0.42257525750643277,0.1659503434707064,1.533161462097477,1.3970787590482916,0.9631015717959848,0.6047196698700988,0.2380728645223163
1.0743203120260385,0.9785253568127285,0.6733550173074049,0.42184338102292435,0.1653310261599592,1.567930566452231,1.42848235801217,0.9839797308362255,0.6172240903076069,0.24251960015644683
1.0703886330376289,0.9747485525645746,0.6702173918638081,0.4194558783811995,0.16406464180056216,1.5571097881369205,1.4183382588446134,0.9762049998043099,0.6117299859948965,0.2398758182854253
1.066032643582343,0.9705868245405843,0.6668196979259511,0.4169099741108853,0.16274071559600808,1.5648593228780756,1.42511347791706,0.9800872412789347,0.6135510273257634,0.2401101460456047
1.0669101211289131,0.9711916209337662,0.6667017538333484,0.41641932296094164,0.16222370859764745,1.52670155628968,1.3900782724687406,0.9552085583989091,0.5973630041528428,0.2332948233168325
1.0678238026294804,0.9718290926102441,0.6666060027592488,0.41594309788942807,0.1617137390565536,1.5273551585751999,1.390395368761434,0.9546622879819208,0.5964240176000914,0.23246152079980323
1.064189027093037,0.9683267085561991,0.6636703302819371,0.4136953790506251,0.16051642517519185,1.4914049185091682,1.357390751257484,0.9312371883223501,0.5811927931640336,0.22606009370812158
1.066890314817259,0.9705909985065135,0.6646912897218173,0.4139180933213733,0.16028180687135643,1.4618226094853204,1.3301951613710643,0.9118346788875956,0.5685023345531119,0.22067190704409592
1.0678347939841317,0.9712561091937111,0.6646150254398443,0.4134566837584466,0.15978257129413373,1.4859336092840596,1.3518690862304374,0.9259624568241421,0.5767420898171544,0.2234289362131586
1.0709605513398925,0.9739049109841389,0.66589586613117,0.4138400374451849,0.15961115525685274,1.4571233068416936,1.3253877451173177,0.9070832976264264,0.5644063334720224,0.2182032266386633
1.0694585212541934,0.972344221168906,0.6642960463930341,0.41243194366025465,0.1587488548113423,1.4458201895975218,1.3148414422205779,0.8991398373693754,0.5588993388553194,0.21563777959320435
1.0733434269447717,0.9756818814563283,0.6660448663671056,0.4131052764519628,0.15869052909659945,1.490230918771085,1.3549659768987996,0.9258592465700359,0.5749490464496692,0.22139889516451042
1.0749540258345975,0.9769507985373445,0.6663782510359793,0.4128989484855006,0.15829388907941516,1.4943417679215012,1.3584327002309837,0.9274873993555784,0.575385163496678,0.22112403544272227
1.0811686923613373,0.9824034856721313,0.6695644269512904,0.41446025665298347,0.15857586311108615,1.4990220413032773,1.362415620330668,0.9294647993657307,0.5760364975629307,0.2209320990348555
1.084759754666113,0.9854700222547264,0.6711187963019553,0.4150079507373899,0.1584682635934568,1.4967999785392214,1.3601235718261806,0.9271575502081205,0.5740305416917006,0.21972087379269023
1.0818158628485315,0.9825984953885212,0.6686263515165944,0.41305165917427505,0.15740432902312756,1.4784352872288677,1.343163779942751,0.9148548164621851,0.5658395264046625,0.21614616849133403
1.0815474490878094,0.9821581791557777,0.6677918295448603,0.41212307191848496,0.15673565747483348,1.4818859267111766,1.3460300655767077,0.9160752151651259,0.5660285059071036,0.2157860648111523
1.0737789091662286,0.9749071009295323,0.6623274220037254,0.40833862782909924,0.15498291383337853,1.4755798407700085,1.3400329009401097,0.9112608310914468,0.5624877450004336,0.21400465454702997
1.0726542797914964,0.9736910441706701,0.6609714016174462,0.4070942744365992,0.15420065980796424,1.4766949026554146,1.3407775265277946,0.9110381891966803,0.5617878286147444,0.21331035434420076
1.0751141186641404,0.9757291997520531,0.6618261871358688,0.40721364513412606,0.15393747415822195,1.4851170689439406,1.348156347567224,0.9153231567029152,0.5638683477931883,0.2136737049744573
1.0794691087916772,0.9794864632036385,0.663845235900597,0.40804872776431245,0.15394528242028016,1.4857335377393208,1.348446333001975,0.9147877821547065,0.5629746715958522,0.2129077056347102
1.0784108258385663,0.9783303032982291,0.6625305743597778,0.4068325901324466,0.15317857740887758,1.473868792975242,1.337408244717156,0.9065676981852703,0.5573529290182361,0.21035584019977568
1.0811699798123113,0.9806377314937695,0.6635631527579664,0.40705982117727296,0.1529577761535474,1.4957775521576868,1.3570210640161522,0.919137074530944,0.5645231608423668,0.2126413135257939
1.0794505331859188,0.9788820395213268,0.6618442870665585,0.40559833095551634,0.1521026875250484,1.480189811601057,1.3426079231224823,0.9086394608753862,0.5575111270692887,0.2095747786429985
1.084998644749904,0.9837174772323473,0.6645841604402298,0.4068718104516371,0.15227604736436123,1.5009108276896372,1.3611344237421954,0.920450766343163,0.5642006424109532,0.21167029404733945
1.0844926355482765,0.9830619588824897,0.6636096351549173,0.4058683146306112,0.15159592642154038,1.521411553642762,1.3794537369354518,0.9321026207171537,0.5707785768652427,0.21371478709058156
1.0860273740845898,0.9842565436481914,0.6638851441884902,0.4056309495763282,0.15120407631672983,1.5325406324295883,1.389268507905717,0.9379888201387283,0.5738122474705999,0.2144232450458301
1.0892851614648384,0.9870121948484588,0.6652127343019995,0.4060364704398402,0.1510528312044377,1.546269187673848,1.4014357724974482,0.9454533696025876,0.577804854152919,0.21548636336615914
1.086809746902603,0.9845717944814295,0.6630358170593379,0.40430167438908743,0.15010535037475722,1.5879190881071998,1.4389041909716662,0.9699743997031522,0.5922128441316636,0.22042870196005837
1.091400436804897,0.9885337163934547,0.6651734479080941,0.4052008433706442,0.15013897473721055,1.5853907070864042,1.4363252996641516,0.9674599732710786,0.5900854612571127,0.2191960072120886
1.0942845175408442,0.9909482598858738,0.6662660288668008,0.4054612053625175,0.14993516865634138,1.5444933875297278,1.3989860609139868,0.9415355613563675,0.5736832295725975,0.21266476266922907
1.0920620439964486,0.9887374708996662,0.6642465876819756,0.40382679802830834,0.14903091216304934,1.5396914061606966,1.3943566788772372,0.9376666994235173,0.5707522257069243,0.21115290802106215
1.093221491983571,0.9895894711526306,0.6642875751725904,0.40344788945703675,0.14859301541375364,1.5309692647027142,1.3861789674574116,0.9314172789790983,0.5663774878750063,0.2091121440134727
1.0932117593094033,0.9893827431938769,0.6636173736133165,0.4026374018837054,0.1479973204661023,1.5288592631473363,1.3839912819607152,0.9292021704120819,0.5644641441520489,0.2079874943877377
1.095961123453513,0.9916731068382054,0.6646227154297993,0.40284473678376687,0.14777753585807973,1.5363102763432044,1.3904594716528063,0.9328015064794647,0.5660861752803841,0.20816918745936333
1.0985080194198322,0.993779314031017,0.6655026045376705,0.40297521522091356,0.14752984483959186,1.5423907862428476,1.3956846317464542,0.9355606081528892,0.5671944960423452,0.20816041641701108
1.1136164884204423,1.0072486276716224,0.6739901761872408,0.4077116353872698,0.14896879584298864,1.6123773719347194,1.4587352313238422,0.9770764763631932,0.5917967793354485,0.21677313513028598
1.10683558023764,1.0009139529691637,0.6692122008883844,0.40441362031458805,0.14746583663453483,1.6395830054419722,1.483056714888656,0.9925856052796771,0.6005985692047613,0.21956365436925557
1.1069464374478275,1.0008140186079166,0.6686100149007281,0.40364529788470976,0.14689074300767246,1.6162880173927452,1.4616890212430507,0.9774904888869476,0.5908641435286259,0.21556586710988115
1.107364714583639,1.0009920291349197,0.6681940497045347,0.4029905310185187,0.1463586850150915,1.6157984103430378,1.460953907620644,0.9762168963239063,0.5895034302791252,0.21463830428447211
1.1055291260030373,0.9991325675127781,0.6664182446292026,0.40151654527194885,0.14553064336571978,1.608626889430606,1.4541774540539025,0.9709078617677545,0.5857079855318014,0.2128271055653138
1.0853344421016127,0.9806816014300372,0.6535783743425762,0.3933790154935838,0.1422901147207975,1.5841762701668878,1.431783581802628,0.9551794618957438,0.5756339936756445,0.20874089254126602
1.080841328593285,0.9764255978653087,0.6502190845224389,0.3909637303470429,0.14113189561625342,1.5655348616737848,1.4146490604440278,0.9429844407137438,0.567709092841556,0.2054496213490541
1.0677364127852318,0.9643914101109642,0.6416851306712731,0.38544147085549585,0.13885618105291203,1.494033996040592,1.3497564979337644,0.8989736170058938,0.5406453529303462,0.19524455959045073
1.058273473670228,0.9556514999139141,0.6353564358537205,0.3812545676980945,0.13707012714783537,1.5118287345289787,1.3655628634833155,0.908781896680964,0.5460034355559178,0.19678904776610612
1.0617092455855848,0.9585629708469431,0.6367838163690035,0.3817298328893624,0.1369668560862404,1.5132415250737612,1.3665658572960662,0.9087223634072101,0.5454216640531081,0.19618578919495783
1.0646747061609827,0.9610486209214157,0.6379256337189567,0.3820325829929658,0.1368015508497531,1.5139874985678496,1.3669662118046024,0.9082616083942588,0.5445996939337684,0.19549775855645835
1.0626917489383574,0.9590664576150505,0.6360995712434768,0.38055698193217524,0.13599955168306296,1.507198148664258,1.3605627732830647,0.9032803238122794,0.5410682829140327,0.19383907422756316
1.0637520519817703,0.9598315550032804,0.6360981414266347,0.3801755695389101,0.13559124732988362,1.4641094245987303,1.3213940405568807,0.8765535002064764,0.5245177476086272,0.18752212514810407
1.066344981963688,0.9619792091065693,0.6370125530485261,0.3803419086288322,0.13537939038502078,1.4928663393897923,1.347083570385802,0.8928935385072232,0.5337708875662557,0.1904552024571989
1.0685280008722131,0.9637561748115342,0.6376796310776005,0.38035985986147397,0.13511502118919144,1.5071859910802978,1.3597354494481517,0.9005653263007051,0.5378233039486666,0.19152023787010908
1.0673147920384478,0.9624691728841027,0.6363179287153413,0.379167278794536,0.134421151238575,1.5082990707509278,1.3604676875717479,0.9003298421008956,0.53714484799246,0.19089559751358443
1.0694519425668692,0.9642038906995115,0.6369557495952904,0.379168174368751,0.1341526264321576,1.4303700147463565,1.289904519357376,0.8529123088418779,0.5083179780864169,0.1802690416601467
1.0684090903027703,0.9630708279530469,0.6356976806201659,0.37804010061211685,0.13348519997795932,1.4229912863159917,1.2829924174559204,0.8476595501737177,0.5046791253066923,0.1786180268838463
1.074936639708728,0.968762188819079,0.6389458398396448,0.37959369322870773,0.1337668000094844,1.3299529964017516,1.1988509620229055,0.791390050914454,0.4706727394386362,0.1662251165954614
1.0809176824844013,0.9739587150979769,0.6418620453066346,0.38094659880913617,0.13397602314551543,1.3019207793328471,1.173342290980911,0.7739180580501873,0.45981074230059754,0.16205658963753075
1.0838974899624918,0.9764488729210795,0.6429896291252452,0.3812348757977207,0.13380945592485524,1.3310927698980335,1.199398569549284,0.7904852337407419,0.46919404772913614,0.1650395468187002
1.0763866989047564,0.9694873496871622,0.6378910883011286,0.3778306659161269,0.1323469949326294,1.2794445781338188,1.152620410368533,0.7590228570638905,0.4500502988205477,0.15797563199211595
1.0822180826983312,0.9745457029416105,0.6407090070608775,0.37912192287507324,0.13253460403411865,1.235514602117296,1.112814442497015,0.7322026382186079,0.433697634531361,0.15191960571294047
1.0769212684974327,0.9695809718942442,0.6369324083274299,0.37650810258215295,0.1313557875151288,1.0606395179887973,0.9550838105678238,0.6278342683200757,0.3714445541436999,0.12980918358775514
1.0802504118393625,0.9723843723389426,0.6382644585629323,0.376919005671333,0.1312364314177137,1.1934103780572523,1.074450189901041,0.7057987308420645,0.4171990961465205,0.145539461092145
1.0782080573860024,0.970351475843007,0.6364194718063905,0.37545255306493724,0.13046336608272685,1.1719272664610711,1.054893643582379,0.6923875348916956,0.40885451126142197,0.14233738260540657
1.0726758848357834,0.9651786338145443,0.6325176507191593,0.37277524025507425,0.12927211875910513,1.188158830376992,1.0692932760155753,0.7012849340686695,0.41369956674807595,0.1437394509176308
1.068385203202251,0.9611249032630629,0.6293550753826173,0.37053859642622905,0.12823794444898218,1.1863669082193593,1.067466762330327,0.699526006014806,0.4122482464675865,0.14294771241053902
1.0702699385689933,0.9626281960522252,0.6298359638460417,0.37045118534119464,0.1279512168724733,1.1636073824549942,1.0467747499703428,0.6854066180365508,0.40351508822609006,0.13963358095697034
1.0586659491553565,0.9519987451162119,0.6223773741319322,0.36569380873531504,0.12605215023807315,1.1331662458424698,1.0191807172958407,0.6667902865985301,0.3921516984810096,0.13542209205611053
1.065891648003099,0.9583060099431834,0.6260029009042536,0.3674583862846787,0.12640828372846458,1.1199925785878784,1.007128356991684,0.6583717004951474,0.3868084206104734,0.13330604901026194
1.0659977181618956,0.9582097127219902,0.6254391934789076,0.3667600364271962,0.12591522987095982,1.1647089652799227,1.047137145138439,0.6839992204240045,0.4014783658449629,0.1380951501134182
1.0640590987055027,0.9562754741859084,0.6236763329114322,0.3653595279261948,0.1251825799861854,1.1800671653654753,1.0607355806790117,0.6923346391000583,0.4059694226878878,0.13936373338420643
1.0629650327872775,0.9551009763313277,0.622411392366155,0.36425314608254317,0.12455313689597725,1.163447351648734,1.0455842603776406,0.6818916113909358,0.39943989726965284,0.13684350941879186
1.063154184621941,0.9550799138452896,0.6218997374456859,0.3635894576806551,0.12407708825184291,1.1644740067551242,1.0462977932858286,0.6818114380299212,0.398993493252936,0.13641688952398534
1.0607177133772936,0.9527001045716849,0.6198526062138272,0.36202902685196864,0.1232964276740896,1.1418795334077858,1.025787052142665,0.6679003314121689,0.3904537724048166,0.13322430348029313
1.0629301731120488,0.9544967196572413,0.620525650780382,0.36206009396928907,0.12306041536422155,1.123582765990428,1.0091453210274963,0.656530411590702,0.3834164764653394,0.13055670289022525
1.0639679650108917,0.9552377432073904,0.6205109753629415,0.36168947116238304,0.12268832374212171,1.132597614497021,1.0170401738149217,0.6611414256623557,0.38572591128269607,0.1310819724747471
1.0672976926264455,0.9580361479708253,0.6218323767367901,0.36209801297330396,0.1225815281536862,1.1502173894945003,1.0326588183755763,0.6707656344904608,0.3909551817647746,0.13259688149623478
1.0611520626905353,0.9523280520695797,0.6176299578976321,0.3592888125445219,0.1213853626916421,1.150193338621883,1.0324306938713248,0.6700808432474389,0.39016509658719556,0.13206372138940084
1.0616305676657376,0.9525670194565298,0.6172908356278208,0.35873224891382793,0.12095455750536285,1.1446046822820268,1.0272077464568494,0.666154917124025,0.3874889993369408,0.13089378416312286
1.063882231580085,0.9543968517821552,0.6179827869538018,0.3587756370933757,0.12072727768023071,1.092973405417235,0.9806666150611448,0.6354395849728014,0.3692350156024708,0.12446580088047846
1.063621987240916,0.9539725101256318,0.6172136346884654,0.35797032297682374,0.1202148365502064,1.0838690268765865,0.9723016095208944,0.6295109859270122,0.3654208482708143,0.12293114779628395
1.048602970059253,0.9403110186163194,0.6078809729948387,0.3521996142875158,0.11803646745214162,1.149449743785526,1.030937353792849,0.6669707465554936,0.38680020680033883,0.1298775108365457
1.0488675848218165,0.9403602437215507,0.6074264906712171,0.35158409256546197,0.11759410806272698,1.1410201772285022,1.0231707183017198,0.6614125012403247,0.3831899812057573,0.12840553538287922
1.0539703807864242,0.9447470737160943,0.6097742260048284,0.352591399481979,0.11769583315098027,1.1143354697644197,0.9990374877593395,0.645282826686475,0.373462048454262,0.12488893028202457
1.058296666829068,0.9484360758580133,0.6116674231822138,0.35333351660542556,0.11770816191480785,1.1333977685283239,1.0159276424722115,0.6556760276586705,0.37910372575951456,0.12652577797435297
1.0593558922059798,0.9491956570204294,0.611667959952026,0.3529804931572629,0.11735514072406587,1.1118853201534558,0.9964416494703418,0.6425752973991151,0.3711499427072854,0.12361815322341302
1.0498151598573724,0.9404572066274838,0.6055475103493263,0.3490955321443567,0.11582880057860145,1.163492678293282,1.0424914842627477,0.6717573927791781,0.38763430070618154,0.1288613283610123
1.053806276056411,0.9438444817224766,0.6072440923663988,0.34972450883933587,0.11580583546836162,1.155292387912032,1.0349355113745855,0.666351092755137,0.38412698755749597,0.12743766907150442
1.0451089229042259,0.9358659046186868,0.6016250956958896,0.3461386872231442,0.11438683470227184,1.22920785543787,1.1009435733652935,0.7083178041430976,0.4079351318791955,0.13508136507969573
1.0412730991518846,0.9322438582037207,0.5988153487657136,0.3441759901164033,0.11350945769031556,1.1982879478830812,1.073029879959042,0.6897922222150494,0.3968579241937346,0.13114315755886
1.039165430110502,0.9301704294260129,0.5970044550744591,0.3427909822062839,0.11282566229636279,1.1525252160845372,1.031836159826775,0.6627591987872502,0.38090816611101697,0.12561021514807003
1.0360527030495337,0.9271981530507947,0.5946191771944004,0.3410786005277431,0.11203640047145282,1.1379075714393516,1.018542864772404,0.6536905684474281,0.3753152362057868,0.1235146416920126
1.0205688584500126,0.9131557039528629,0.5851379532060094,0.33529901147669683,0.10991386686856706,1.1158689111152436,0.9986123165283952,0.6403763905453187,0.36729561024304813,0.12062838774696706
1.0121215755758757,0.905414852241697,0.5797096086722777,0.3318531322231719,0.10856445061666212,1.1570251079216842,1.0352440575309032,0.6633547891712228,0.3801078525894159,0.12459496818641574
1.014152828844245,0.9070508700249795,0.5802933334431668,0.3318554306914706,0.1083480736503177,1.1828800602804734,1.0581706344323776,0.6775148002308742,0.38784154972382445,0.1268807949350727
1.0061331696874252,0.8996967353773001,0.5751242300084961,0.3285674926250833,0.10705789271769253,1.1875911240651054,1.0621733830829414,0.6795356278459876,0.3886105255804558,0.12687860068770296
1.0082540681131968,0.901413329657405,0.575761450337635,0.32860296802070826,0.10685533596102349,1.192450457514993,1.0663071030258775,0.6816365863965416,0.3894234040910595,0.12689024259717369
1.006011176587587,0.8992278259047449,0.5739048902090914,0.3272147748904935,0.1061902117057082,1.2003723127940207,1.073177683537602,0.6854832942426483,0.39123162983589954,0.12722565680603926
1.0120340102443164,0.9044315185556081,0.5767668653259391,0.32851932969899217,0.10640119526805365,1.2045722294617114,1.0767179303756738,0.687196210746725,0.39181802540907684,0.12716189703231348
1.022028797641914,0.9131827438727973,0.5818862135501841,0.3311067283046521,0.10702640233202776,1.2313737554499347,1.1004593765006192,0.7017990126372688,0.39975227337867014,0.12948257989417003
1.0283120693896317,0.9186142107116354,0.5848816719422086,0.3324801067572296,0.10725627815295315,1.2661698179256442,1.1313359789045507,0.7209285947800589,0.41024893704869325,0.13262355810628226
1.018254435775638,0.9094457784228467,0.5785762257266388,0.32856325132897696,0.10577820929129413,1.2506344078391047,1.117228660265976,0.7113621533603327,0.4043948446406021,0.1304658245153226
1.0182289680715624,0.9092411429916301,0.5779831786500282,0.327897907084897,0.1053524508205454,1.2051925305389923,1.0764106431885716,0.6848034040838262,0.3888923436670553,0.1252034775456766
1.0107736388997557,0.9024019591046379,0.5731732839979067,0.3248412889520554,0.10415966520243908,1.1825465196074743,1.0559692091590844,0.6712508928389981,0.38080712880345785,0.12235004424123377
1.0103730159366289,0.9018638091685446,0.5723729318772404,0.3240628546193394,0.1037017425665574,1.192880465973764,1.0649858376404924,0.676445517503617,0.3833732825276653,0.122929827199256
0.9896493847528017,0.8831854236288017,0.5600606912403315,0.31676791731321363,0.10115992247126496,1.1626869740606056,1.0378165425087946,0.6586472791116152,0.37290281590355867,0.11932658008084161
0.9893217916627559,0.8827164350845919,0.5593152396265247,0.31602952517042515,0.10072179689021306,1.14755752156022,1.0241044019285923,0.6494179907690493,0.3673046161481903,0.11729653784307566
0.9903210578829558,0.8834314810893794,0.5593208617309573,0.31571667229925665,0.10042064393121,1.1994807125877116,1.070236925795106,0.6781525938472595,0.38318932872872313,0.12213463296245734
0.9935911035497379,0.8861718904801004,0.5606084214799992,0.31612773717073167,0.10035055088287005,1.1928395002017236,1.0640972552190595,0.6737196869179864,0.38030133053255594,0.12096986676919019
0.9978479676321275,0.8897913017019206,0.5624496399721837,0.31684987467052356,0.10037908273790164,1.2062034600748248,1.0758060337846975,0.680593975877804,0.3838014282591495,0.12184127143303336
0.9963211771186525,0.8882518886283436,0.561026595529724,0.31573136821862374,0.09982397804855589,1.163590071112616,1.037584232336074,0.6558690006848321,0.36947468709138487,0.11704943395679437
1.0013890004854038,0.8925923633092161,0.5633192508145866,0.31670588439964975,0.09993244037751396,1.1221090553781916,1.0003877028331403,0.6318319487292993,0.35556427322193146,0.11240852150621836
0.9966691053527709,0.8882067461476668,0.5601008117364628,0.31457972749231833,0.09906169421907791,1.1217909759804465,0.9999040497198577,0.6310210141124606,0.3547523544097429,0.11192702346307565
0.9859759282909701,0.8784996110546925,0.5535314375157383,0.3105754692125961,0.09760262304979543,1.115678882792037,0.9942560782751036,0.6269518666338977,0.3521099767367199,0.11086947947968989
0.9855203869660482,0.8779180260948448,0.5527221630755825,0.3098108259670325,0.09716711812177464,1.1281322131969784,1.0051552227648932,0.6333230204620205,0.35533604707269345,0.11166353888642605
0.9855853949369195,0.8778003526761857,0.5522059001747935,0.3092116403947742,0.09678485909273292,1.154152482268098,1.028138007454549,0.6472972365301338,0.362821169272284,0.11379239431501356
0.981540515511718,0.874022267036365,0.549387420549819,0.3073242009448219,0.09600051096472925,1.1515308050051718,1.0255969466423642,0.6451795924603749,0.3612713723921141,0.11307874335210216
0.9810678415066296,0.8734265654330514,0.5485734682454844,0.3065615564504373,0.09557027858672608,1.1314209718059023,1.0074812481899202,0.6332672770417977,0.354239743510078,0.11065167038063604
0.9808924525185687,0.873095734545749,0.5479268243468343,0.3058936282375327,0.09517091203369607,1.1322605058374247,1.008027320542114,0.6331039050940581,0.35379411607141587,0.11029116916228258
0.9798850169726133,0.8720243935658346,0.5468161437180187,0.30496766982643564,0.09469248213470824,1.1382238007699719,1.01313470906081,0.6358051798849966,0.35494986109929283,0.1104308767908842
1.0010225501970658,0.8906608126840824,0.5580649405342951,0.3109363270172167,0.09635636563239708,1.1668390532783657,1.0384025612156234,0.6511536879449563,0.3631634963587953,0.11276541522970776
0.9922198058610713,0.8826504299667468,0.5525993907489506,0.30758015732764904,0.09512360615961905,1.1647494024613563,1.036335242260244,0.6493364061331798,0.3617867926969544,0.11211240597250038
1.0208091885943076,0.9079061990678029,0.5679691458475525,0.3158274756563806,0.09748396125985266,1.2170295242962053,1.0826441894400376,0.6778327265977072,0.3773021264339994,0.11669615488939035
1.014347018529466,0.9019771732253608,0.5638056828003386,0.3131964942083584,0.0964769091669442,1.2029051868349756,1.0698629433320954,0.6692882497333941,0.372168710942616,0.114875043329376
1.0076826823409248,0.895870719935803,0.5595376313845162,0.3105123767012627,0.09545714098218512,1.2140562021319914,1.0795666751289228,0.6748233104153724,0.3748744035265961,0.11548044285009144
1.0045426989775796,0.8928999733994317,0.5572345499922808,0.30892378178510843,0.09477786378700646,1.234383814661333,1.0974265420033082,0.6854474259479877,0.38040138359640613,0.11695207381937238
0.9991817480860983,0.8879562471215015,0.553703517453825,0.3066572982550967,0.09389295056367199,1.2357356851386623,1.0984089345270298,0.685512665729612,0.38005718820360623,0.11661234890786984
0.9907254091085362,0.8802636476793372,0.548463674857443,0.30344866196765724,0.09272273792746416,1.1968579781435718,1.0636320078285317,0.6632601133804175,0.36734002493555046,0.11247713701927797
1.0074166123690917,0.8949177984867375,0.5571554291016092,0.30795410278452245,0.0939139892720896,1.2607138378281382,1.120167147496473,0.6979837124498471,0.3862040053091935,0.11802821138678884
1.0061127880927505,0.8935805894851816,0.5558771889045587,0.3069396325240106,0.09341678743458039,1.254857846788806,1.1147399596464638,0.6940436080887119,0.38363768727190256,0.11700785981526711
1.0069320825177142,0.8941295309459233,0.5557739717824219,0.30657569932137574,0.09311919113301036,1.2656720177215293,1.1241236682969604,0.6993307250015874,0.38617654217897557,0.11754818402342256
1.009537117944434,0.896263908824409,0.556656041445656,0.3067556903516709,0.09298762316066066,1.2713761711090088,1.1289650643066538,0.7017831505516179,0.38714461647263676,0.11760775955485865
1.0043328392628994,0.8914643136393642,0.5532297601889019,0.3045608184926255,0.09213631089294336,1.3041050478685052,1.157802076854509,0.7191472827204163,0.39633654237614696,0.12016489026893622
1.0031210280082818,0.89021039480273,0.5520090126262698,0.30358421885120124,0.09165659551320342,1.280975112236305,1.1370354471544644,0.7056731580786386,0.38851434453889677,0.11755295594459374
0.9951149262628562,0.8829274124457481,0.5470513135761684,0.30055408640759607,0.09055844022404054,1.2485767367538172,1.1080501813042203,0.6871196253291029,0.3779110253196859,0.11410959907733328
0.9927975704019734,0.8806947257432227,0.5452303264243668,0.2992530683497341,0.08998532013567896,1.2834186544646815,1.13874905224447,0.7056067901017675,0.387700926618378,0.1168374241259836
1.0033522419839356,0.8898814658696075,0.5504815718383144,0.3018359941086094,0.09058203460203265,1.2915540603489257,1.145739668559587,0.7093739230620093,0.3893831050634841,0.1171106900223946
0.9960077653108703,0.8831896120024428,0.5459015990328445,0.29902290121608566,0.08955665154403022,1.3228897044160977,1.1733084204969215,0.7258753569913102,0.39805153952472755,0.11948358314723982
1.0012249164561546,0.8876391766622317,0.5482151642490306,0.29999115612523364,0.08966752829572294,1.324120659792082,1.174165528068473,0.7258249122238838,0.39762582536083946,0.11911682887639448
0.9999231211117415,0.8863075379685843,0.5469541582454545,0.29900112450039595,0.08919227221972406,1.3102585032719103,1.1616384116197151,0.7175004606569959,0.39266784776301267,0.11739333311687204
1.0012361029672996,0.887294071648068,0.547125400186925,0.29879573548632465,0.08895261996973804,1.3134539656387036,1.1642390911790028,0.718532802471326,0.3928401515920867,0.11721005899723215
1.0048832296185075,0.8903486915078651,0.548571246896574,0.29928654453040515,0.08892083043759054,1.3306044843248441,1.1792083781982001,0.7271965629031644,0.3971840095420914,0.11827169745301688
1.0122558603298215,0.8967029350904666,0.5520474350475916,0.30088377798348914,0.08921754176831,1.3086114149405874,1.159481837381133,0.714449803312832,0.3898247339316963,0.11584374151995383
1.0113521326493577,0.8957230308363433,0.5510025274893939,0.3000133856564316,0.0887810194448613,1.2908758786001813,1.1435355493859118,0.7040524558170626,0.38376181193839143,0.11381034289056291
1.0102477054251953,0.894565729494625,0.5498498134785388,0.2990857351623466,0.08832894379927635,1.2813521294867267,1.1348701320893995,0.6981540860275106,0.3801629926982473,0.11251543817864812
1.0110585522176843,0.8951048142699646,0.5497412850907022,0.29872761641150175,0.08804652275650869,1.2905514561151523,1.1427908333082843,0.7024682523852863,0.38213200509017253,0.11287316863443474
1.011403463555633,0.8952311483218297,0.5493790819078811,0.2982320687701162,0.08772437275379731,1.3233210343513855,1.1715799275895733,0.7196028012048926,0.3910708060589478,0.11528774233238546
1.0108590571803373,0.8945702275860247,0.5485339895073799,0.29747507577796306,0.08732625601792399,1.330903402313086,1.178058533016871,0.7230063802192631,0.39252942286723175,0.11548716733906338
1.006716197937169,0.8907250472003161,0.5457373685145651,0.2956609671704929,0.08661905699829936,1.3288156015632009,1.1759748897518791,0.72114918689492,0.3911285994047792,0.11484405285845925
1.001811672546214,0.8862074631123105,0.5425329048971265,0.29362924254513206,0.08585058958226406,1.3505044670531454,1.1949339013842188,0.7321986006772941,0.39673032473280123,0.11625915585379949
0.9944202192706482,0.8794917062124917,0.5379875172372912,0.29087556208065324,0.08487377413945348,1.368546057354988,1.210658214550367,0.7412479522271519,0.401236843575269,0.11734724260755396
0.9929758196377532,0.8780383423964229,0.5366681005441974,0.2898713129551987,0.08441099952199116,1.3775174292841574,1.218352436282971,0.745365883865868,0.40306463938913684,0.11764711218902776
0.9971125841469171,0.8815206665533487,0.5383672064752321,0.2904991821723393,0.08442501406391982,1.35312905156441,1.1965383386053416,0.731424122547223,0.39512241697504025,0.11509363016033741
0.99662389038056,0.8809123212829499,0.5375649807015314,0.2897758075691259,0.0840459365556556,1.3563858304416123,1.199178919431942,0.7324531266926477,0.3952831725944657,0.11491026876211283
0.9952186401101965,0.879494043089705,0.5362694433886792,0.288787668987669,0.08359124714625578,1.3643384761234962,1.2059700071813115,0.7360151302496247,0.3968101968235099,0.11512435977137671
1.0143809788073221,0.8962522751911788,0.5460587208080334,0.2937705272083762,0.08486638154340809,1.3904046004297708,1.2287692570777438,0.7493409203181085,0.4035977625485651,0.11686335016100603
1.012944009283019,0.8948033960340612,0.5447391166869522,0.2927668315694825,0.08440669451617759,1.3824050423315182,1.2214538984089236,0.7442803190454945,0.4004685064169121,0.1157235348026409
1.011284074739579,0.89315810053965,0.5433017011057569,0.2917015341953763,0.0839307485549784,1.3613745364425562,1.2026276489290189,0.7322133140882883,0.3935752483949331,0.11350014037181264
1.0099355757794468,0.8917884852979305,0.5420339325636522,0.2907291610785521,0.08348310792062492,1.3411527741822606,1.1845233763161929,0.7206048553582924,0.38694195865318826,0.11136021665422864
1.0062628726404064,0.8883670748281374,0.5395207533686232,0.28909044531531547,0.08284558318080902,1.3714436589147536,1.2110397705533629,0.7361596212373696,0.39490743276679324,0.113429925106462
1.0077712767012736,0.8895210777967943,0.5397899828110835,0.28894561560311727,0.08263838769576996,1.3372667081874592,1.180617943992281,0.7170780553437647,0.38427635917817565,0.11014948413596085
1.006223937586644,0.8879773966546808,0.5384213954876468,0.2879240752390573,0.08218095058260738,1.3211460161513506,1.1661495224102125,0.7077166325026926,0.3788753716544506,0.10838103895636493
0.9945351019594536,0.8774845806340346,0.5316283830861928,0.2840035469802406,0.08089756888836645,1.3094058866228653,1.155553511802232,0.7007199176569195,0.37475081218296347,0.10698440593882091
0.9931593880254243,0.8760952826543799,0.5303613673116547,0.28304268533934185,0.08046207515909923,1.3014782168471608,1.148326215468424,0.6957767575843843,0.3717324184469041,0.10590874170095949
0.991276555519408,0.8742591613333809,0.5288255463631827,0.28194000737841785,0.07998768678036693,1.2984561321994539,1.145430090670799,0.6934653592742388,0.3701257760167926,0.10523918238581904
0.9921296959535741,0.8748367391195903,0.528751853598595,0.2816187785380122,0.07973657729600687,1.310482493541614,1.155810031650948,0.6991948024615752,0.3728136466893315,0.10579295587883746
0.9914657929372569,0.8740763576346274,0.5278692770868704,0.2808670902599412,0.07936427369453179,1.311626231467448,1.1565876154880563,0.6991058375683742,0.3723933965826673,0.10546211601436851
0.9860130096511921,0.8690943679879417,0.5244382751028052,0.27876066599905264,0.07861033539364956,1.2760594838867743,1.1249936591368423,0.6794494096977209,0.3615505943494271,0.10218050127725456
0.9852765791904653,0.8682714425005695,0.5235221459303446,0.2779949447308622,0.07823718179884383,1.2964296479599773,1.1427273102229132,0.6896162383258043,0.3665990461491745,0.10340292076859045
0.9963736243615838,0.87787701936576,0.5288949873275761,0.2805699766521043,0.0788054085291998,1.3018019785939305,1.147234161660057,0.6917843525078367,0.3673850136275682,0.10341780490074176
0.9957703261544918,0.8771698947328814,0.528045849622263,0.27983895327380826,0.07844247069654825,1.3066602548626043,1.1512861497877678,0.6936742814712502,0.368021310723057,0.10339008505897451
0.9962845783959435,0.8774474633918448,0.5277905059757745,0.2794237944447896,0.07816921137661091,1.2825088178824318,1.1297762869455095,0.6801591942544931,0.3604830075597358,0.10106553131828575
0.9959839269069855,0.877007184207474,0.5271034427028398,0.27878062438251056,0.07783294519699183,1.2571490227747228,1.107210606023082,0.6660298504882387,0.35263400072021117,0.09866284147778233
0.9934222689056779,0.8745761314393846,0.5252206359048532,0.2775060429110631,0.07732142807039373,1.2434576010206029,1.0949306989919354,0.6581101892713266,0.3480882486224249,0.09719366787969327
0.9943094683139716,0.8751822772488792,0.5251644760621111,0.2771988642036289,0.07708119610029175,1.2409915936914298,1.0925402619506872,0.6561469243676408,0.34670174848921737,0.09661214011619627
0.993480097155419,0.8742772357373,0.5242012625843827,0.27641324998731687,0.0767085765234245,1.2477786970849418,1.0982969625597652,0.6590793086143598,0.3479044904824016,0.0967540727207373
0.9909087658947668,0.871839570604116,0.5223203204095084,0.27514500902399674,0.07620320461064943,1.2445166323016699,1.0952060281154266,0.6566971998879193,0.34629915564641445,0.09611411249516641
0.9959986082255742,0.876143441358241,0.5244809192119916,0.27600801230018673,0.07628981258685509,1.2061539047054213,1.061226818963589,0.6357975463958949,0.33493174606296977,0.0927668997267041
0.9850306558201656,0.8663201072551957,0.5181808461263302,0.2724165916846371,0.0751445487153166,1.1274887862806424,0.9918015709608745,0.5936951589837288,0.31241770052618484,0.08634559332789633
0.9616252012511641,0.8455620870205575,0.5053500959394678,0.26539882882862925,0.07305845013012796,1.0832301590542353,0.95267087132247,0.569796458003567,0.29952917016446434,0.0826107870647483
0.9705963615293692,0.8532813629253035,0.5095592403278457,0.2673439806656106,0.07344779067368856,1.0793720422877773,0.9490872304932224,0.567197230173369,0.2978632854402913,0.08198611091346521
0.9619019486954355,0.8454671786870002,0.5044851488325494,0.26441447748684804,0.07249606853250634,1.0322824819919092,0.9074917636367296,0.5418850264732419,0.284272733554187,0.07808137388854304
0.9641039473565256,0.8472335398971228,0.5051355377577071,0.2644909496503392,0.07237204321714481,1.0293054596934466,0.9046931297003347,0.5397803872247838,0.2828843676586599,0.07754386779057057
0.9871118803107659,0.8672829632974804,0.5166852481910713,0.27027393240302844,0.07380968324727454,1.0708528796228718,0.9410296942246454,0.5610285826094693,0.2937370903963059,0.08036371325508485
0.9774138483045645,0.8585887522652693,0.5110923095069357,0.2670780368525464,0.0727892899651635,1.066703773727276,0.9371953927982363,0.5582938035108016,0.29201150815537746,0.07973088271003101
0.9770833287587868,0.8581266965327008,0.5104083876449503,0.26645356641345674,0.07247351858165695,1.0434091160471781,0.9165414977153864,0.5455434997434928,0.2850505431157344,0.0776707976074338
0.9796697698307782,0.8602266217025039,0.5112490832813305,0.2666259895504911,0.07237546943966526,1.0394543993472962,0.9128843248392318,0.5429302438232168,0.2834000468845565,0.07706572749276966
0.9814730911355777,0.8616380334181204,0.5116789129087861,0.2665835277765964,0.07221919227701437,1.0750710987403287,0.9439815487994149,0.5609907109942102,0.2925438933417056,0.07939810649199526
0.982753890800225,0.8625901234997225,0.5118349631328041,0.26639824605387663,0.07202455988208725,1.0747461476646931,0.9435074245517894,0.560260155186384,0.29187038121460096,0.07905651518805704
0.9823206440640134,0.8620373328969204,0.5110974858910377,0.2657480079808036,0.07170470963853419,1.0890282694221034,0.9558568353883325,0.5671450985051383,0.2951652571198811,0.07979085793193444
0.9883678311463749,0.8671716458535637,0.5137327155572678,0.2668524624365498,0.07185930653983126,1.1114357538422257,0.9753330571902101,0.5782473428205979,0.3006481490241786,0.08111344472486044
0.9873976656181432,0.8661470101686272,0.5127147112986147,0.26605681954483756,0.07150133340599603,1.121033637788308,0.9835605498309177,0.5826625922852504,0.3026431215909414,0.08148945197238096
0.9860891699170569,0.8648259659815494,0.5115225489655739,0.26517212840152504,0.071120574772216,1.1098990088001082,0.9735946555656297,0.576292653047816,0.29903184269851657,0.08035410291736142
0.9903383883488431,0.8683796763741374,0.5132152601813111,0.26578445392548283,0.07114256258396585,1.0902102640931173,0.956129125083612,0.5654933771932249,0.29312918682637895,0.07860726725046663
0.9902938508564142,0.8681669476729423,0.5126789646073364,0.2652409321606653,0.07085479291070573,1.063592159045513,0.9325934616498373,0.5511210406651145,0.2853860122646789,0.07637359694324496
0.9976526266088739,0.8744445770859564,0.5159759523697172,0.26668142945415224,0.07109788870385436,1.0736842091352876,0.9412559927068141,0.5557993123955586,0.2875231672460057,0.07679278462400017
1.0024042144338035,0.8784344646621128,0.5179174500788662,0.2674182083254736,0.07115211988538331,1.0867029332682105,0.9524807361329954,0.561982736646089,0.29043442048111867,0.07741674767739472
0.9964349561532302,0.8730277520745339,0.5143153646025357,0.26529091216909123,0.07044380470679715,1.0694423355881684,0.937161554600759,0.5524945261213164,0.2852404494473757,0.07587743522015629
0.9915513159875038,0.8685743389918295,0.5112803315965933,0.26346010964668276,0.06981677645166459,1.0817181256229933,0.9477315031136135,0.5582839413666325,0.2879441533739108,0.07644489853892304
0.9937203625105302,0.8703006550347903,0.5118874914381478,0.2635095158621097,0.0696902355172317,1.0596294474127006,0.9281892847016893,0.5463255023953044,0.28148844702977144,0.0745781145346099
0.9932882603623417,0.8697481596851869,0.5111530185061514,0.26286791426554357,0.06938117097909006,1.0315236901756013,0.9033842265657068,0.5312883641090149,0.27345923184214216,0.07230168190679487
0.9867648091520318,0.8638621122550805,0.5072848523120227,0.26061578532244806,0.0686479833201264,1.009813086396945,0.8841899127194663,0.5195749853331795,0.26715678387517544,0.07049073294158355
0.9900450161059543,0.8665609932211248,0.5084638855009909,0.26096089363683744,0.06860159124781676,1.014881807801019,0.8884512350224645,0.5216633987812073,0.2679634544231126,0.07056259577387493
0.9877527537666672,0.864381322627517,0.5067781694737582,0.25983476616317663,0.06816835084853981,1.0137917878956184,0.8873193158951033,0.5205814499538967,0.26713972503618866,0.07020455860124487
0.9899081581074936,0.8660946382746981,0.5073772468558426,0.259882089717683,0.06804442960884817,1.005967986174184,0.8802940845967859,0.5160433512060856,0.2645438307007362,0.0693819461315787
0.9860129636564415,0.8625134193205123,0.5048733883997387,0.25833971423283986,0.06750450353167199,1.0176263823800662,0.8903199580053189,0.5215078538866198,0.2670806028226669,0.06990850180562586
0.9856624126516075,0.8620342726502401,0.5041890205420562,0.25773118890604335,0.06721048606478344,0.9899263845076434,0.8659072030018332,0.50679079578636,0.25927645308483527,0.06772594410773505
0.9727173132518667,0.8505404242938264,0.4970631150967022,0.253830839556812,0.06605894187719442,1.014275580448649,0.8870327206186444,0.5187495262463161,0.2651353169824328,0.06912089378179985
0.97246930735437,0.8501534607686352,0.49643931980331213,0.25325846067330715,0.06577786359342244,1.0399962047194418,0.909349235610953,0.5313855464024193,0.27132851085897725,0.07059722036250492
0.9701726818327635,0.8479756709415479,0.4947704679423963,0.25215383763185334,0.06535940829514238,1.058096997169265,0.9249942906155804,0.5401027518053088,0.27550823747528697,0.07154355292014983
0.9678478283283449,0.8457740466158904,0.4930900643621035,0.25104528625436173,0.06494134797791072,1.0670576651386432,0.9326427576249072,0.5441365977947082,0.2772904076981999,0.07186325702093224
0.9764669714322557,0.8531369100928993,0.4969881747565925,0.2527788728042844,0.06525991603388133,1.0755088378367268,0.9398428261316406,0.5479020618019693,0.27893198665892494,0.07214496610617419
0.9699206221516494,0.8472467526488926,0.4931593194778052,0.2505786558018373,0.06456136622666929,1.0825846838492967,0.9458381476331907,0.5509588447812297,0.2802092352538577,0.07233103289530574
0.9689995301077698,0.8462727093705252,0.49219782788951927,0.2498395346806663,0.06424180959936929,1.071136204188208,0.935646613484531,0.5445814215289279,0.27668556616793705,0.07127679829406676
0.9705080861556525,0.8474209475355228,0.4924718925694504,0.2497288103314386,0.06408485517561917,1.052744422609247,0.919394106030634,0.5346861874849242,0.2713814075268655,0.06976784365670329
0.969698653190783,0.8465446887607844,0.491568684290648,0.2490210713638777,0.06377506705617013,1.0686029997781237,0.9330600107522935,0.5422060318969422,0.27492674330538713,0.07053975741082563
0.9721801415939204,0.8485417134783232,0.4923350548490271,0.24916028173118795,0.06368316912795949,1.0847269294317,0.946952148275513,0.549845060540473,0.27852520258774977,0.07132195819161581
0.9640656772893015,0.8412895096696009,0.4877333628370044,0.2465823031643007,0.06289689421911342,1.0787147398680077,0.9415141965087105,0.5462476533286351,0.27642440299484033,0.07064136245133168
0.9631218529228558,0.8402976257874393,0.48676813645370387,0.2458477334425912,0.0625837303173701,1.078161107281031,0.9408426770032936,0.5454210530572647,0.27572968391334834,0.07032254148484891
0.9673847371436601,0.8438488168211573,0.4884358581170418,0.2464441873312963,0.06261039793284023,1.053205221470874,0.9188770929647232,0.5322509273783108,0.2687959886628294,0.06841351562771798
0.9727929425764374,0.8483976196846363,0.49067804365494916,0.24732905564601135,0.06270998242819448,1.0992766501838893,0.9588886941180623,0.5550014708752707,0.28001661339157846,0.07113254365982045
0.9714097771163135,0.8470216461667368,0.4894896951283781,0.2464827327640554,0.06236997832190993,1.094597169688024,0.9546150495069816,0.5520838989288895,0.2782645851554726,0.07054521131920981
0.966044227374348,0.8421737458185315,0.4862965253084857,0.24462832808478263,0.061775999898338665,1.0786609557737483,0.9405259089098139,0.5434940387999475,0.2736568085704907,0.06923596443599399
0.9634501877070416,0.8397438906897284,0.4845044164394173,0.24348219095790882,0.061363013851440544,1.0806871757179213,0.9421045427060618,0.5439714758100197,0.273623547937669,0.0690890774707734
0.9650526263908407,0.8409726286444331,0.48482575401593203,0.24340019331592966,0.061219622565138014,1.095979962715861,0.9552478281646514,0.5511252360177481,0.2769483433072292,0.06979039959493187
0.9700087191722799,0.84512330571206,0.48683078358588994,0.24416339102070286,0.06128914157111788,1.0940866172355155,0.9534065530295804,0.5496220217744342,0.27591600822581913,0.06939067252807667
0.969271711374035,0.8443121605684132,0.48597406119531456,0.24348955010907536,0.06099741782003099,1.1030721950372473,0.9610460641589248,0.5535863672579732,0.2776302351480289,0.06968300556367116
0.9721216788134295,0.8466258447102563,0.4869170056040842,0.24371850781120125,0.06093277997820619,1.1251144894217782,0.9800580923102399,0.5640948978847449,0.2826227596737754,0.07079672394415867
0.9729637040311286,0.8471898436989156,0.4868518427950799,0.24344217310310842,0.06074182716624015,1.1178483507906982,0.973532735516517,0.5598878033031374,0.28023229887954204,0.07005632241321286
0.972027087391005,0.8462048644086808,0.4858963264632114,0.24272094086777585,0.06044038716651826,1.1003350207266978,0.958085691643738,0.550556153309444,0.2752814348672295,0.06867852472331021
0.9719545699462985,0.8459724928756932,0.4853741801593099,0.2422173909490969,0.06019411650232317,1.0839629177831485,0.9436385275339302,0.5418137629889064,0.2706349049463712,0.06738192923774754
0.9720479877968187,0.8458846076628886,0.48493545693796136,0.24175623650222747,0.0599591254970252,1.087525354178832,0.9465510611167072,0.5430526162923716,0.27098307482072065,0.06733385175049522
0.9776881221797934,0.8506235247033856,0.4872642726317239,0.24267547129984415,0.06006719108375533,1.105157088538794,0.9617079097812594,0.5513139188455083,0.2748344789708387,0.06815618062785767
0.9619220139896335,0.8367363237495608,0.47891942978650665,0.23827675816247723,0.05885828435418241,1.0774193625117987,0.9373781937064367,0.5369254820466705,0.2673868915544954,0.06617294165429756
0.9613105961842466,0.8360371293295175,0.47813609912331595,0.23764875094155707,0.05858543965686239,1.0799676317541818,0.9394077675310852,0.5376584712691094,0.2674845305674366,0.06606475948622938
0.9630438343474279,0.8373772926370464,0.4785200400027308,0.23760193294067944,0.058456727150864723,1.0808211073629628,0.9399622800945073,0.537545712931502,0.2671609488811203,0.06585271003231606
