date,entry_time,exit_time,entry_price,exit_price,gross_return,fee_bps_per_fill,n_fills,net_return_0bps,net_return_1bps,net_return_5bps,net_return_10bps,net_return_20bps
2024-08-30,2024-08-30T22:00:00+00:00,2024-08-31T00:00:00+00:00,59041.44140625,59119.34765625,0.0013195180900809277,0,2,0.0013195180900809277,0.0011195180900809276,0.0003195180900809277,-0.0006804819099190723,-0.0026804819099190726
2024-08-31,2024-08-31T22:00:00+00:00,2024-09-01T00:00:00+00:00,59063.03125,58966.2734375,-0.0016382127779803039,0,2,-0.0016382127779803039,-0.001838212777980304,-0.002638212777980304,-0.003638212777980304,-0.0056382127779803035
2024-09-01,2024-09-01T22:00:00+00:00,2024-09-02T00:00:00+00:00,58349.23046875,57315.91015625,-0.017709236337802494,0,2,-0.017709236337802494,-0.017909236337802493,-0.018709236337802495,-0.019709236337802492,-0.021709236337802494
2024-09-02,2024-09-02T22:00:00+00:00,2024-09-03T00:00:00+00:00,59055.05859375,59140.20703125,0.0014418483281127682,0,2,0.0014418483281127682,0.0012418483281127681,0.0004418483281127682,-0.0005581516718872318,-0.002558151671887232
2024-09-03,2024-09-03T22:00:00+00:00,2024-09-04T00:00:00+00:00,58132.87109375,57472.953125,-0.011351890184225725,0,2,-0.011351890184225725,-0.011551890184225725,-0.012351890184225726,-0.013351890184225725,-0.015351890184225725
2024-09-04,2024-09-04T22:00:00+00:00,2024-09-05T00:00:00+00:00,58190.18359375,57969.75390625,-0.003788090600279109,0,2,-0.003788090600279109,-0.003988090600279109,-0.0047880906002791095,-0.005788090600279109,-0.007788090600279109
2024-09-05,2024-09-05T22:00:00+00:00,2024-09-06T00:00:00+00:00,56168.5546875,56156.9140625,-0.00020724451723502433,0,2,-0.00020724451723502433,-0.0004072445172350243,-0.0012072445172350245,-0.0022072445172350245,-0.0042072445172350245
2024-09-06,2024-09-06T22:00:00+00:00,2024-09-07T00:00:00+00:00,53740.3359375,53935.4296875,0.003630303878764249,0,2,0.003630303878764249,0.003430303878764249,0.002630303878764249,0.001630303878764249,-0.0003696961212357511
2024-09-07,2024-09-07T22:00:00+00:00,2024-09-08T00:00:00+00:00,53940.9921875,54168.890625,0.004224958204473146,0,2,0.004224958204473146,0.004024958204473146,0.003224958204473146,0.002224958204473146,0.0002249582044731458
2024-09-08,2024-09-08T22:00:00+00:00,2024-09-09T00:00:00+00:00,54464.77734375,54864.86328125,0.007345773856283121,0,2,0.007345773856283121,0.007145773856283121,0.006345773856283121,0.005345773856283121,0.0033457738562831206
2024-09-09,2024-09-09T22:00:00+00:00,2024-09-10T00:00:00+00:00,57463.74609375,57054.2109375,-0.00712684403801065,0,2,-0.00712684403801065,-0.00732684403801065,-0.008126844038010651,-0.00912684403801065,-0.01112684403801065
2024-09-10,2024-09-10T22:00:00+00:00,2024-09-11T00:00:00+00:00,57512.4375,57634.66796875,0.002125287573666131,0,2,0.002125287573666131,0.001925287573666131,0.001125287573666131,0.00012528757366613106,-0.001874712426333869
2024-09-11,2024-09-11T22:00:00+00:00,2024-09-12T00:00:00+00:00,57361.47265625,57344.03125,-0.00030406134017027574,0,2,-0.00030406134017027574,-0.0005040613401702757,-0.0013040613401702757,-0.0023040613401702757,-0.004304061340170276
2024-09-12,2024-09-12T22:00:00+00:00,2024-09-13T00:00:00+00:00,57924.19921875,58129.22265625,0.003539512678038614,0,2,0.003539512678038614,0.0033395126780386137,0.002539512678038614,0.0015395126780386138,-0.00046048732196138625
2024-09-13,2024-09-13T22:00:00+00:00,2024-09-14T00:00:00+00:00,60316.25390625,60544.2265625,0.003779622265738512,0,2,0.003779622265738512,0.003579622265738512,0.002779622265738512,0.0017796222657385122,-0.00022037773426148788
2024-09-14,2024-09-14T22:00:00+00:00,2024-09-15T00:00:00+00:00,60053.3046875,60007.734375,-0.0007588310541299052,0,2,-0.0007588310541299052,-0.0009588310541299051,-0.0017588310541299052,-0.002758831054129905,-0.004758831054129905
2024-09-15,2024-09-15T22:00:00+00:00,2024-09-16T00:00:00+00:00,59642.32421875,59141.94921875,-0.008389595921258465,0,2,-0.008389595921258465,-0.008589595921258466,-0.009389595921258466,-0.010389595921258465,-0.012389595921258465
2024-09-16,2024-09-16T22:00:00+00:00,2024-09-17T00:00:00+00:00,57980.0234375,58204.09375,0.0038646123132657626,0,2,0.0038646123132657626,0.0036646123132657625,0.0028646123132657626,0.0018646123132657626,-0.00013538768673423745
2024-09-17,2024-09-17T22:00:00+00:00,2024-09-18T00:00:00+00:00,60334.67578125,60316.3828125,-0.0003031916309009958,0,2,-0.0003031916309009958,-0.0005031916309009958,-0.001303191630900996,-0.002303191630900996,-0.004303191630900996
2024-09-18,2024-09-18T22:00:00+00:00,2024-09-19T00:00:00+00:00,60213.16796875,61760.109375,0.025691081509825995,0,2,0.025691081509825995,0.025491081509825996,0.024691081509825994,0.023691081509825997,0.021691081509825995
2024-09-19,2024-09-19T22:00:00+00:00,2024-09-20T00:00:00+00:00,62928.8046875,62958.390625,0.00047014936398238736,0,2,0.00047014936398238736,0.0002701493639823873,-0.0005298506360176126,-0.0015298506360176126,-0.003529850636017613
2024-09-20,2024-09-20T22:00:00+00:00,2024-09-21T00:00:00+00:00,63129.72265625,63199.53515625,0.0011058578600152997,0,2,0.0011058578600152997,0.0009058578600152997,0.00010585786001529964,-0.0008941421399847004,-0.0028941421399847006
2024-09-21,2024-09-21T22:00:00+00:00,2024-09-22T00:00:00+00:00,63109.8359375,63420.4453125,0.0049217268653274256,0,2,0.0049217268653274256,0.004721726865327426,0.0039217268653274255,0.0029217268653274255,0.0009217268653274255
2024-09-22,2024-09-22T22:00:00+00:00,2024-09-23T00:00:00+00:00,62825.37890625,63614.1796875,0.012555448052722027,0,2,0.012555448052722027,0.012355448052722026,0.011555448052722028,0.010555448052722027,0.008555448052722027
2024-09-23,2024-09-23T22:00:00+00:00,2024-09-24T00:00:00+00:00,63382.59765625,63328.78125,-0.0008490722728321833,0,2,-0.0008490722728321833,-0.0010490722728321833,-0.0018490722728321833,-0.0028490722728321833,-0.004849072272832183
2024-09-24,2024-09-24T22:00:00+00:00,2024-09-25T00:00:00+00:00,64031.66015625,64269.984375,0.0037219746945252,0,2,0.0037219746945252,0.0035219746945251997,0.0027219746945251998,0.0017219746945251998,-0.0002780253054748003
2024-09-25,2024-09-25T22:00:00+00:00,2024-09-26T00:00:00+00:00,63431.7734375,63139.6015625,-0.0046060808198572604,0,2,-0.0046060808198572604,-0.00480608081985726,-0.0056060808198572605,-0.0066060808198572605,-0.00860608081985726
2024-09-26,2024-09-26T22:00:00+00:00,2024-09-27T00:00:00+00:00,65054.73046875,65179.78125,0.0019222396334432588,0,2,0.0019222396334432588,0.0017222396334432588,0.0009222396334432588,-7.776036655674119e-05,-0.0020777603665567412
2024-09-27,2024-09-27T22:00:00+00:00,2024-09-28T00:00:00+00:00,65831.125,65789.1484375,-0.0006376400600779646,0,2,-0.0006376400600779646,-0.0008376400600779646,-0.0016376400600779646,-0.0026376400600779644,-0.0046376400600779645
2024-09-28,2024-09-28T22:00:00+00:00,2024-09-29T00:00:00+00:00,65683.34375,65888.78125,0.0031276955202208323,0,2,0.0031276955202208323,0.0029276955202208322,0.0021276955202208323,0.0011276955202208323,-0.0008723044797791677
2024-09-29,2024-09-29T22:00:00+00:00,2024-09-30T00:00:00+00:00,65892.546875,65613.390625,-0.004236537563642322,0,2,-0.004236537563642322,-0.004436537563642322,-0.005236537563642322,-0.006236537563642322,-0.008236537563642322
2024-09-30,2024-09-30T22:00:00+00:00,2024-10-01T00:00:00+00:00,63693.0390625,63320.25390625,-0.00585283983520079,0,2,-0.00585283983520079,-0.00605283983520079,-0.00685283983520079,-0.00785283983520079,-0.009852839835200789
2024-10-01,2024-10-01T22:00:00+00:00,2024-10-02T00:00:00+00:00,61136.28515625,60824.83203125,-0.005094407097258181,0,2,-0.005094407097258181,-0.005294407097258181,-0.006094407097258181,-0.007094407097258181,-0.009094407097258181
2024-10-02,2024-10-02T22:00:00+00:00,2024-10-03T00:00:00+00:00,60816.90234375,60636.19140625,-0.0029713933221817766,0,2,-0.0029713933221817766,-0.0031713933221817767,-0.003971393322181776,-0.004971393322181777,-0.006971393322181777
2024-10-03,2024-10-03T22:00:00+00:00,2024-10-04T00:00:00+00:00,60807.69921875,60747.640625,-0.00098768074637958,0,2,-0.00098768074637958,-0.00118768074637958,-0.00198768074637958,-0.00298768074637958,-0.00498768074637958
2024-10-04,2024-10-04T22:00:00+00:00,2024-10-05T00:00:00+00:00,62280.703125,62067.1015625,-0.0034296588153684237,0,2,-0.0034296588153684237,-0.003629658815368424,-0.004429658815368423,-0.005429658815368424,-0.007429658815368424
2024-10-05,2024-10-05T22:00:00+00:00,2024-10-06T00:00:00+00:00,61852.6953125,62066.37109375,0.003454591269959057,0,2,0.003454591269959057,0.003254591269959057,0.002454591269959057,0.0014545912699590571,-0.0005454087300409429
2024-10-06,2024-10-06T22:00:00+00:00,2024-10-07T00:00:00+00:00,62308.5546875,62817.12890625,0.008162189306118303,0,2,0.008162189306118303,0.007962189306118302,0.007162189306118303,0.006162189306118303,0.004162189306118303
2024-10-07,2024-10-07T22:00:00+00:00,2024-10-08T00:00:00+00:00,63348.90234375,62227.6640625,-0.01769941135153104,0,2,-0.01769941135153104,-0.017899411351531037,-0.01869941135153104,-0.01969941135153104,-0.02169941135153104
2024-10-08,2024-10-08T22:00:00+00:00,2024-10-09T00:00:00+00:00,62398.82421875,62122.8359375,-0.004422972463110439,0,2,-0.004422972463110439,-0.004622972463110438,-0.005422972463110439,-0.006422972463110439,-0.00842297246311044
2024-10-09,2024-10-09T22:00:00+00:00,2024-10-10T00:00:00+00:00,60862.95703125,60580.85546875,-0.00463502886255026,0,2,-0.00463502886255026,-0.004835028862550259,-0.00563502886255026,-0.00663502886255026,-0.00863502886255026
2024-10-10,2024-10-10T22:00:00+00:00,2024-10-11T00:00:00+00:00,60074.78125,60280.33203125,0.003421581851369621,0,2,0.003421581851369621,0.003221581851369621,0.002421581851369621,0.001421581851369621,-0.0005784181486303791
2024-10-11,2024-10-11T22:00:00+00:00,2024-10-12T00:00:00+00:00,62851.5859375,62512.046875,-0.0054022354000365196,0,2,-0.0054022354000365196,-0.005602235400036519,-0.00640223540003652,-0.00740223540003652,-0.00940223540003652
2024-10-12,2024-10-12T22:00:00+00:00,2024-10-13T00:00:00+00:00,63197.65625,63190.76953125,-0.00010897110998479473,0,2,-0.00010897110998479473,-0.0003089711099847947,-0.0011089711099847948,-0.002108971109984795,-0.004108971109984795
2024-10-13,2024-10-13T22:00:00+00:00,2024-10-14T00:00:00+00:00,62895.58984375,62843.5859375,-0.0008268291366563547,0,2,-0.0008268291366563547,-0.0010268291366563548,-0.0018268291366563547,-0.002826829136656355,-0.004826829136656355
2024-10-14,2024-10-14T22:00:00+00:00,2024-10-15T00:00:00+00:00,65776.7421875,66064.0859375,0.004368470380927529,0,2,0.004368470380927529,0.00416847038092753,0.0033684703809275292,0.0023684703809275292,0.0003684703809275292
2024-10-15,2024-10-15T22:00:00+00:00,2024-10-16T00:00:00+00:00,66433.375,67053.1328125,0.00932901290202402,0,2,0.00932901290202402,0.00912901290202402,0.008329012902024022,0.007329012902024021,0.005329012902024021
2024-10-16,2024-10-16T22:00:00+00:00,2024-10-17T00:00:00+00:00,67553.296875,67607.5390625,0.000802953963895637,0,2,0.000802953963895637,0.0006029539638956371,-0.00019704603610436297,-0.001197046036104363,-0.003197046036104363
2024-10-17,2024-10-17T22:00:00+00:00,2024-10-18T00:00:00+00:00,67062.9765625,67411.1875,0.005192297678220134,0,2,0.005192297678220134,0.004992297678220134,0.004192297678220134,0.003192297678220134,0.0011922976782201338
2024-10-18,2024-10-18T22:00:00+00:00,2024-10-19T00:00:00+00:00,68405.109375,68421.5,0.00023961112188485554,0,2,0.00023961112188485554,3.961112188485553e-05,-0.0007603888781151445,-0.0017603888781151445,-0.0037603888781151448
2024-10-19,2024-10-19T22:00:00+00:00,2024-10-20T00:00:00+00:00,68220.0546875,68366.5625,0.002147576884409105,0,2,0.002147576884409105,0.0019475768844091049,0.001147576884409105,0.00014757688440910494,-0.001852423115590895
2024-10-20,2024-10-20T22:00:00+00:00,2024-10-21T00:00:00+00:00,68752.5546875,69009.3671875,0.0037353157445172208,0,2,0.0037353157445172208,0.0035353157445172207,0.0027353157445172208,0.0017353157445172207,-0.0002646842554827793
2024-10-21,2024-10-21T22:00:00+00:00,2024-10-22T00:00:00+00:00,67785.171875,67358.8046875,-0.006289977228150239,0,2,-0.006289977228150239,-0.006489977228150238,-0.007289977228150239,-0.008289977228150239,-0.010289977228150239
2024-10-22,2024-10-22T22:00:00+00:00,2024-10-23T00:00:00+00:00,67486.140625,67375.8515625,-0.0016342475874097297,0,2,-0.0016342475874097297,-0.0018342475874097298,-0.0026342475874097295,-0.0036342475874097295,-0.00563424758740973
2024-10-23,2024-10-23T22:00:00+00:00,2024-10-24T00:00:00+00:00,66345.0234375,66637.390625,0.004406768923300224,0,2,0.004406768923300224,0.004206768923300224,0.0034067689233002237,0.0024067689233002237,0.00040676892330022366
2024-10-24,2024-10-24T22:00:00+00:00,2024-10-25T00:00:00+00:00,68306.6640625,68160.875,-0.002134331466789306,0,2,-0.002134331466789306,-0.0023343314667893062,-0.003134331466789306,-0.004134331466789307,-0.006134331466789307
2024-10-25,2024-10-25T22:00:00+00:00,2024-10-26T00:00:00+00:00,67172.8203125,66599.015625,-0.00854221521190502,0,2,-0.00854221521190502,-0.00874221521190502,-0.009542215211905021,-0.01054221521190502,-0.01254221521190502
2024-10-26,2024-10-26T22:00:00+00:00,2024-10-27T00:00:00+00:00,67102.9140625,67016.796875,-0.0012833598764397922,0,2,-0.0012833598764397922,-0.0014833598764397923,-0.0022833598764397923,-0.0032833598764397923,-0.005283359876439792
2024-10-27,2024-10-27T22:00:00+00:00,2024-10-28T00:00:00+00:00,67947.828125,67974.59375,0.00039391435662609707,0,2,0.00039391435662609707,0.00019391435662609706,-0.0006060856433739029,-0.001606085643373903,-0.003606085643373903
2024-10-28,2024-10-28T22:00:00+00:00,2024-10-29T00:00:00+00:00,69760.140625,69911.7421875,0.002173183155047575,0,2,0.002173183155047575,0.001973183155047575,0.001173183155047575,0.00017318315504757497,-0.001826816844952425
2024-10-29,2024-10-29T22:00:00+00:00,2024-10-30T00:00:00+00:00,72269.0703125,72707.6328125,0.0060684674384713115,0,2,0.0060684674384713115,0.005868467438471312,0.0050684674384713115,0.004068467438471311,0.0020684674384713114
2024-10-30,2024-10-30T22:00:00+00:00,2024-10-31T00:00:00+00:00,72360.71875,72334.6015625,-0.00036093045993963404,0,2,-0.00036093045993963404,-0.0005609304599396341,-0.0013609304599396341,-0.002360930459939634,-0.004360930459939634
2024-10-31,2024-10-31T22:00:00+00:00,2024-11-01T00:00:00+00:00,70350.453125,70202.875,-0.002097756566511099,0,2,-0.002097756566511099,-0.002297756566511099,-0.003097756566511099,-0.0040977565665110995,-0.0060977565665110995
2024-11-01,2024-11-01T22:00:00+00:00,2024-11-02T00:00:00+00:00,69213.5703125,69476.78125,0.003802880509004229,0,2,0.003802880509004229,0.003602880509004229,0.002802880509004229,0.0018028805090042292,-0.0001971194909957709
2024-11-02,2024-11-02T22:00:00+00:00,2024-11-03T00:00:00+00:00,69439.3046875,69346.71875,-0.0013333361835442847,0,2,-0.0013333361835442847,-0.0015333361835442847,-0.002333336183544285,-0.003333336183544285,-0.005333336183544285
2024-11-03,2024-11-03T22:00:00+00:00,2024-11-04T00:00:00+00:00,69158.3671875,68746.7890625,-0.00595124121256568,0,2,-0.00595124121256568,-0.0061512412125656795,-0.00695124121256568,-0.00795124121256568,-0.00995124121256568
2024-11-04,2024-11-04T22:00:00+00:00,2024-11-05T00:00:00+00:00,67097.4453125,67785.1953125,0.010250017669031502,0,2,0.010250017669031502,0.010050017669031502,0.009250017669031503,0.008250017669031502,0.006250017669031502
2024-11-05,2024-11-05T22:00:00+00:00,2024-11-06T00:00:00+00:00,69157.328125,69371.3203125,0.0030942807263058935,0,2,0.0030942807263058935,0.0028942807263058934,0.0020942807263058935,0.0010942807263058935,-0.0009057192736941066
2024-11-06,2024-11-06T22:00:00+00:00,2024-11-07T00:00:00+00:00,75959.640625,75634.90625,-0.004275090986846016,0,2,-0.004275090986846016,-0.004475090986846016,-0.005275090986846016,-0.006275090986846016,-0.008275090986846017
2024-11-07,2024-11-07T22:00:00+00:00,2024-11-08T00:00:00+00:00,75949.375,75900.03125,-0.0006496926406570166,0,2,-0.0006496926406570166,-0.0008496926406570166,-0.0016496926406570165,-0.0026496926406570165,-0.0046496926406570166
2024-11-08,2024-11-08T22:00:00+00:00,2024-11-09T00:00:00+00:00,76499.859375,76549.1171875,0.0006438941574851751,0,2,0.0006438941574851751,0.0004438941574851751,-0.00035610584251482495,-0.001356105842514825,-0.003356105842514825
2024-11-09,2024-11-09T22:00:00+00:00,2024-11-10T00:00:00+00:00,76465.2421875,76721.0859375,0.0033458829486558996,0,2,0.0033458829486558996,0.0031458829486558995,0.0023458829486558996,0.0013458829486558996,-0.0006541170513441005
2024-11-10,2024-11-10T22:00:00+00:00,2024-11-11T00:00:00+00:00,79925.03125,80444.125,0.006494758173773001,0,2,0.006494758173773001,0.006294758173773001,0.005494758173773001,0.004494758173773001,0.002494758173773001
2024-11-11,2024-11-11T22:00:00+00:00,2024-11-12T00:00:00+00:00,88024.015625,88741.7890625,0.008154290989834627,0,2,0.008154290989834627,0.007954290989834627,0.007154290989834627,0.006154290989834627,0.004154290989834627
2024-11-12,2024-11-12T22:00:00+00:00,2024-11-13T00:00:00+00:00,88343.984375,88032.2890625,-0.0035282007564536,0,2,-0.0035282007564536,-0.0037282007564536,-0.0045282007564536,-0.0055282007564536,-0.0075282007564536
2024-11-13,2024-11-13T22:00:00+00:00,2024-11-14T00:00:00+00:00,88626.828125,90497.5390625,0.0211077275028001,0,2,0.0211077275028001,0.0209077275028001,0.0201077275028001,0.019107727502800098,0.0171077275028001
2024-11-14,2024-11-14T22:00:00+00:00,2024-11-15T00:00:00+00:00,88220.96875,87302.5390625,-0.010410559989458288,0,2,-0.010410559989458288,-0.010610559989458288,-0.011410559989458287,-0.012410559989458288,-0.014410559989458288
2024-11-15,2024-11-15T22:00:00+00:00,2024-11-16T00:00:00+00:00,91734.828125,91041.71875,-0.007555575010786014,0,2,-0.007555575010786014,-0.007755575010786013,-0.008555575010786014,-0.009555575010786015,-0.011555575010786013
2024-11-16,2024-11-16T22:00:00+00:00,2024-11-17T00:00:00+00:00,91053.21875,90560.3046875,-0.00541347213494306,0,2,-0.00541347213494306,-0.00561347213494306,-0.00641347213494306,-0.00741347213494306,-0.00941347213494306
2024-11-17,2024-11-17T22:00:00+00:00,2024-11-18T00:00:00+00:00,89141.9375,89849.765625,0.00794046152519402,0,2,0.00794046152519402,0.00774046152519402,0.0069404615251940196,0.0059404615251940195,0.0039404615251940195
2024-11-18,2024-11-18T22:00:00+00:00,2024-11-19T00:00:00+00:00,91369.2578125,90489.140625,-0.009632530772068867,0,2,-0.009632530772068867,-0.009832530772068868,-0.010632530772068868,-0.011632530772068867,-0.013632530772068868
2024-11-19,2024-11-19T22:00:00+00:00,2024-11-20T00:00:00+00:00,92321.59375,92381.0625,0.0006441477836814316,0,2,0.0006441477836814316,0.0004441477836814316,-0.00035585221631856845,-0.0013558522163185684,-0.0033558522163185684
2024-11-20,2024-11-20T22:00:00+00:00,2024-11-21T00:00:00+00:00,94449.6640625,94350.7578125,-0.0010471847727753795,0,2,-0.0010471847727753795,-0.0012471847727753796,-0.0020471847727753798,-0.00304718477277538,-0.00504718477277538
2024-11-21,2024-11-21T22:00:00+00:00,2024-11-22T00:00:00+00:00,98069.609375,98453.703125,0.0039165420607651935,0,2,0.0039165420607651935,0.0037165420607651934,0.0029165420607651935,0.0019165420607651935,-8.345793923480657e-05
2024-11-22,2024-11-22T22:00:00+00:00,2024-11-23T00:00:00+00:00,99366.609375,99005.3046875,-0.0036360774486776633,0,2,-0.0036360774486776633,-0.0038360774486776634,-0.004636077448677663,-0.005636077448677663,-0.007636077448677663
2024-11-23,2024-11-23T22:00:00+00:00,2024-11-24T00:00:00+00:00,98070.28125,97769.3359375,-0.0030686698219293627,0,2,-0.0030686698219293627,-0.0032686698219293628,-0.004068669821929363,-0.005068669821929363,-0.007068669821929363
2024-11-24,2024-11-24T22:00:00+00:00,2024-11-25T00:00:00+00:00,97039.484375,97939.4765625,0.009274494740945495,0,2,0.009274494740945495,0.009074494740945495,0.008274494740945496,0.007274494740945495,0.005274494740945495
2024-11-25,2024-11-25T22:00:00+00:00,2024-11-26T00:00:00+00:00,93713.890625,93027.5546875,-0.007323737526237189,0,2,-0.007323737526237189,-0.007523737526237188,-0.008323737526237189,-0.009323737526237188,-0.01132373752623719
2024-11-26,2024-11-26T22:00:00+00:00,2024-11-27T00:00:00+00:00,91658.4140625,91938.3203125,0.003053797655817366,0,2,0.003053797655817366,0.002853797655817366,0.002053797655817366,0.001053797655817366,-0.0009462023441826339
2024-11-27,2024-11-27T22:00:00+00:00,2024-11-28T00:00:00+00:00,96372.34375,95948.7421875,-0.0043954680981803974,0,2,-0.0043954680981803974,-0.004595468098180397,-0.0053954680981803975,-0.0063954680981803975,-0.008395468098180398
2024-11-28,2024-11-28T22:00:00+00:00,2024-11-29T00:00:00+00:00,95128.2734375,95675.8984375,0.0057567007180025585,0,2,0.0057567007180025585,0.005556700718002559,0.0047567007180025584,0.0037567007180025584,0.0017567007180025584
2024-11-29,2024-11-29T22:00:00+00:00,2024-11-30T00:00:00+00:00,97463.640625,97486.3046875,0.00023253864061165117,0,2,0.00023253864061165117,3.253864061165116e-05,-0.0007674613593883488,-0.0017674613593883488,-0.003767461359388349
2024-11-30,2024-11-30T22:00:00+00:00,2024-12-01T00:00:00+00:00,96830.9609375,96475.828125,-0.003667554355153226,0,2,-0.003667554355153226,-0.003867554355153226,-0.004667554355153225,-0.005667554355153226,-0.007667554355153226
2024-12-01,2024-12-01T22:00:00+00:00,2024-12-02T00:00:00+00:00,97835.390625,97280.265625,-0.005674071483271087,0,2,-0.005674071483271087,-0.005874071483271087,-0.006674071483271087,-0.007674071483271087,-0.009674071483271087
2024-12-02,2024-12-02T22:00:00+00:00,2024-12-03T00:00:00+00:00,95439.5078125,95855.9296875,0.004363202247627895,0,2,0.004363202247627895,0.004163202247627895,0.003363202247627895,0.0023632022476278948,0.0003632022476278947
2024-12-03,2024-12-03T22:00:00+00:00,2024-12-04T00:00:00+00:00,96101.453125,95936.109375,-0.0017205124857470775,0,2,-0.0017205124857470775,-0.0019205124857470776,-0.0027205124857470776,-0.0037205124857470776,-0.005720512485747078
2024-12-04,2024-12-04T22:00:00+00:00,2024-12-05T00:00:00+00:00,97883.171875,98690.765625,0.008250588273041698,0,2,0.008250588273041698,0.008050588273041698,0.007250588273041698,0.006250588273041698,0.004250588273041698
2024-12-05,2024-12-05T22:00:00+00:00,2024-12-06T00:00:00+00:00,99020.8984375,97060.8203125,-0.019794590393836527,0,2,-0.019794590393836527,-0.019994590393836525,-0.020794590393836528,-0.02179459039383653,-0.023794590393836527
2024-12-06,2024-12-06T22:00:00+00:00,2024-12-07T00:00:00+00:00,100574.109375,99869.9765625,-0.007001133958587441,0,2,-0.007001133958587441,-0.0072011339585874405,-0.008001133958587441,-0.00900113395858744,-0.011001133958587442
2024-12-07,2024-12-07T22:00:00+00:00,2024-12-08T00:00:00+00:00,99981.0078125,99908.5390625,-0.0007248251601534635,0,2,-0.0007248251601534635,-0.0009248251601534635,-0.0017248251601534636,-0.0027248251601534636,-0.004724825160153464
2024-12-08,2024-12-08T22:00:00+00:00,2024-12-09T00:00:00+00:00,100069.46875,101212.4765625,0.01142214330482293,0,2,0.01142214330482293,0.01122214330482293,0.010422143304822929,0.00942214330482293,0.00742214330482293
2024-12-09,2024-12-09T22:00:00+00:00,2024-12-10T00:00:00+00:00,96978.2265625,97391.328125,0.004259735170902167,0,2,0.004259735170902167,0.0040597351709021675,0.003259735170902167,0.002259735170902167,0.00025973517090216707
2024-12-10,2024-12-10T22:00:00+00:00,2024-12-11T00:00:00+00:00,96878.546875,96652.28125,-0.002335559649670891,0,2,-0.002335559649670891,-0.002535559649670891,-0.003335559649670891,-0.004335559649670891,-0.006335559649670891
2024-12-11,2024-12-11T22:00:00+00:00,2024-12-12T00:00:00+00:00,101601.4921875,101189.0859375,-0.0040590570189552614,0,2,-0.0040590570189552614,-0.004259057018955261,-0.0050590570189552615,-0.0060590570189552615,-0.008059057018955262
2024-12-12,2024-12-12T22:00:00+00:00,2024-12-13T00:00:00+00:00,99782.6796875,100030.8515625,0.0024871237751604405,0,2,0.0024871237751604405,0.0022871237751604405,0.0014871237751604405,0.0004871237751604405,-0.0015128762248395595
2024-12-13,2024-12-13T22:00:00+00:00,2024-12-14T00:00:00+00:00,101329.5546875,101434.6171875,0.0010368396498337765,0,2,0.0010368396498337765,0.0008368396498337766,3.6839649833776515e-05,-0.0009631603501662235,-0.0029631603501662235
2024-12-14,2024-12-14T22:00:00+00:00,2024-12-15T00:00:00+00:00,101071.6953125,101393.6796875,0.0031857027232448007,0,2,0.0031857027232448007,0.0029857027232448007,0.0021857027232448007,0.0011857027232448007,-0.0008142972767551993
2024-12-15,2024-12-15T22:00:00+00:00,2024-12-16T00:00:00+00:00,102811.59375,104447.6640625,0.01591328616574432,0,2,0.01591328616574432,0.01571328616574432,0.014913286165744319,0.01391328616574432,0.01191328616574432
2024-12-16,2024-12-16T22:00:00+00:00,2024-12-17T00:00:00+00:00,106081.6484375,106052.015625,-0.0002793396684202049,0,2,-0.0002793396684202049,-0.0004793396684202049,-0.001279339668420205,-0.002279339668420205,-0.004279339668420205
2024-12-17,2024-12-17T22:00:00+00:00,2024-12-18T00:00:00+00:00,106389.1953125,106145.015625,-0.0022951549429692,0,2,-0.0022951549429692,-0.0024951549429692,-0.0032951549429692,-0.0042951549429692,-0.0062951549429692
2024-12-18,2024-12-18T22:00:00+00:00,2024-12-19T00:00:00+00:00,100930.46875,100150.28125,-0.007729950228731104,0,2,-0.007729950228731104,-0.007929950228731103,-0.008729950228731104,-0.009729950228731105,-0.011729950228731103
2024-12-19,2024-12-19T22:00:00+00:00,2024-12-20T00:00:00+00:00,97364.125,97406.453125,0.0004347404652380946,0,2,0.0004347404652380946,0.0002347404652380946,-0.0005652595347619054,-0.0015652595347619054,-0.0035652595347619056
2024-12-20,2024-12-20T22:00:00+00:00,2024-12-21T00:00:00+00:00,96528.6171875,97768.9921875,0.012849816314996614,0,2,0.012849816314996614,0.012649816314996613,0.011849816314996615,0.010849816314996614,0.008849816314996614
2024-12-21,2024-12-21T22:00:00+00:00,2024-12-22T00:00:00+00:00,96878.96875,97225.8359375,0.0035804178344951676,0,2,0.0035804178344951676,0.0033804178344951676,0.0025804178344951676,0.0015804178344951676,-0.00041958216550483244
2024-12-22,2024-12-22T22:00:00+00:00,2024-12-23T00:00:00+00:00,95110.203125,95092.5703125,-0.00018539349008461073,0,2,-0.00018539349008461073,-0.00038539349008461074,-0.0011853934900846108,-0.002185393490084611,-0.004185393490084611
2024-12-23,2024-12-23T22:00:00+00:00,2024-12-24T00:00:00+00:00,93856.734375,94759.3671875,0.009617134226017014,0,2,0.009617134226017014,0.009417134226017013,0.008617134226017013,0.0076171342260170135,0.0056171342260170135
2024-12-24,2024-12-24T22:00:00+00:00,2024-12-25T00:00:00+00:00,98327.078125,98623.5078125,0.003014730968850296,0,2,0.003014730968850296,0.002814730968850296,0.002014730968850296,0.0010147309688502961,-0.000985269031149704
2024-12-25,2024-12-25T22:00:00+00:00,2024-12-26T00:00:00+00:00,98410.3515625,99376.0,0.009812468121168339,0,2,0.009812468121168339,0.009612468121168338,0.00881246812116834,0.007812468121168339,0.005812468121168339
2024-12-26,2024-12-26T22:00:00+00:00,2024-12-27T00:00:00+00:00,95709.53125,95652.4609375,-0.0005962866159163223,0,2,-0.0005962866159163223,-0.0007962866159163223,-0.0015962866159163224,-0.0025962866159163225,-0.004596286615916322
2024-12-27,2024-12-27T22:00:00+00:00,2024-12-28T00:00:00+00:00,94372.734375,94159.828125,-0.0022560144241873356,0,2,-0.0022560144241873356,-0.0024560144241873357,-0.0032560144241873356,-0.004256014424187335,-0.006256014424187335
2024-12-28,2024-12-28T22:00:00+00:00,2024-12-29T00:00:00+00:00,94997.875,95143.1171875,0.0015288993306429223,0,2,0.0015288993306429223,0.0013288993306429223,0.0005288993306429223,-0.0004711006693570777,-0.002471100669357078
2024-12-29,2024-12-29T22:00:00+00:00,2024-12-30T00:00:00+00:00,93252.3671875,93508.3671875,0.0027452386220423526,0,2,0.0027452386220423526,0.0025452386220423525,0.0017452386220423526,0.0007452386220423526,-0.0012547613779576475
2024-12-30,2024-12-30T22:00:00+00:00,2024-12-31T00:00:00+00:00,91951.1953125,92619.421875,0.0072671873402950764,0,2,0.0072671873402950764,0.007067187340295077,0.006267187340295076,0.005267187340295076,0.0032671873402950764
2024-12-31,2024-12-31T22:00:00+00:00,2025-01-01T00:00:00+00:00,93716.21875,93396.03125,-0.0034165644353848835,0,2,-0.0034165644353848835,-0.0036165644353848836,-0.004416564435384884,-0.005416564435384883,-0.007416564435384883
2025-01-01,2025-01-01T22:00:00+00:00,2025-01-02T00:00:00+00:00,94786.71875,94390.2734375,-0.004182498537011547,0,2,-0.004182498537011547,-0.004382498537011547,-0.005182498537011547,-0.006182498537011547,-0.008182498537011546
2025-01-02,2025-01-02T22:00:00+00:00,2025-01-03T00:00:00+00:00,97117.28125,96890.0078125,-0.0023401956333080525,0,2,-0.0023401956333080525,-0.0025401956333080526,-0.0033401956333080525,-0.0043401956333080525,-0.0063401956333080526
2025-01-03,2025-01-03T22:00:00+00:00,2025-01-04T00:00:00+00:00,98255.71875,98167.5703125,-0.0008971328958906018,0,2,-0.0008971328958906018,-0.0010971328958906017,-0.0018971328958906019,-0.002897132895890602,-0.0048971328958906015
2025-01-04,2025-01-04T22:00:00+00:00,2025-01-05T00:00:00+00:00,98347.984375,98211.265625,-0.001390153045523461,0,2,-0.001390153045523461,-0.001590153045523461,-0.0023901530455234608,-0.003390153045523461,-0.005390153045523461
2025-01-05,2025-01-05T22:00:00+00:00,2025-01-06T00:00:00+00:00,98483.9375,98448.671875,-0.000358085043055879,0,2,-0.000358085043055879,-0.000558085043055879,-0.001358085043055879,-0.002358085043055879,-0.004358085043055879
2025-01-06,2025-01-06T22:00:00+00:00,2025-01-07T00:00:00+00:00,101672.6328125,102247.3359375,0.005652485915849559,0,2,0.005652485915849559,0.005452485915849559,0.004652485915849559,0.003652485915849559,0.001652485915849559
2025-01-07,2025-01-07T22:00:00+00:00,2025-01-08T00:00:00+00:00,96495.6484375,96938.7734375,0.0045921759910967485,0,2,0.0045921759910967485,0.004392175991096749,0.0035921759910967485,0.0025921759910967485,0.0005921759910967484
2025-01-08,2025-01-08T22:00:00+00:00,2025-01-09T00:00:00+00:00,94456.9375,95038.078125,0.006152439835348251,0,2,0.006152439835348251,0.005952439835348251,0.005152439835348251,0.004152439835348251,0.0021524398353482506
2025-01-09,2025-01-09T22:00:00+00:00,2025-01-10T00:00:00+00:00,92100.03125,92529.9921875,0.004668412503931697,0,2,0.004668412503931697,0.004468412503931697,0.003668412503931697,0.002668412503931697,0.0006684125039316969
2025-01-10,2025-01-10T22:00:00+00:00,2025-01-11T00:00:00+00:00,94629.734375,94694.875,0.0006883737488035192,0,2,0.0006883737488035192,0.0004883737488035193,-0.0003116262511964808,-0.001311626251196481,-0.003311626251196481
2025-01-11,2025-01-11T22:00:00+00:00,2025-01-12T00:00:00+00:00,94900.234375,94567.640625,-0.003504667319215986,0,2,-0.003504667319215986,-0.003704667319215986,-0.004504667319215986,-0.0055046673192159865,-0.0075046673192159866
2025-01-12,2025-01-12T22:00:00+00:00,2025-01-13T00:00:00+00:00,94303.28125,94489.796875,0.0019778275212454497,0,2,0.0019778275212454497,0.0017778275212454496,0.0009778275212454497,-2.2172478754550317e-05,-0.0020221724787545504
2025-01-13,2025-01-13T22:00:00+00:00,2025-01-14T00:00:00+00:00,94151.328125,94510.078125,0.0038103551712377927,0,2,0.0038103551712377927,0.0036103551712377926,0.0028103551712377927,0.0018103551712377926,-0.0001896448287622074
2025-01-14,2025-01-14T22:00:00+00:00,2025-01-15T00:00:00+00:00,96476.2578125,96552.5234375,0.0007905118495394066,0,2,0.0007905118495394066,0.0005905118495394066,-0.0002094881504605934,-0.0012094881504605935,-0.0032094881504605936
2025-01-15,2025-01-15T22:00:00+00:00,2025-01-16T00:00:00+00:00,99700.125,100500.3515625,0.008026334595869364,0,2,0.008026334595869364,0.007826334595869363,0.007026334595869364,0.006026334595869364,0.004026334595869364
2025-01-16,2025-01-16T22:00:00+00:00,2025-01-17T00:00:00+00:00,100119.484375,99981.2734375,-0.0013804599410672904,0,2,-0.0013804599410672904,-0.0015804599410672905,-0.0023804599410672906,-0.0033804599410672907,-0.005380459941067291
2025-01-17,2025-01-17T22:00:00+00:00,2025-01-18T00:00:00+00:00,104646.40625,104114.4140625,-0.005083711964547277,0,2,-0.005083711964547277,-0.005283711964547277,-0.0060837119645472774,-0.0070837119645472775,-0.009083711964547277
2025-01-18,2025-01-18T22:00:00+00:00,2025-01-19T00:00:00+00:00,103788.7421875,104428.34375,0.006162533132394311,0,2,0.006162533132394311,0.0059625331323943116,0.005162533132394311,0.004162533132394311,0.002162533132394311
2025-01-19,2025-01-19T22:00:00+00:00,2025-01-20T00:00:00+00:00,103472.390625,101165.734375,-0.022292480497137446,0,2,-0.022292480497137446,-0.022492480497137445,-0.023292480497137447,-0.024292480497137448,-0.026292480497137446
2025-01-20,2025-01-20T22:00:00+00:00,2025-01-21T00:00:00+00:00,102489.765625,102130.6484375,-0.003503932176154784,0,2,-0.003503932176154784,-0.003703932176154784,-0.004503932176154784,-0.005503932176154784,-0.007503932176154784
2025-01-21,2025-01-21T22:00:00+00:00,2025-01-22T00:00:00+00:00,106790.015625,106153.734375,-0.005958246623301774,0,2,-0.005958246623301774,-0.006158246623301774,-0.006958246623301774,-0.007958246623301773,-0.009958246623301775
2025-01-22,2025-01-22T22:00:00+00:00,2025-01-23T00:00:00+00:00,104075.8828125,103654.8125,-0.004045801016731107,0,2,-0.004045801016731107,-0.0042458010167311065,-0.005045801016731107,-0.006045801016731107,-0.008045801016731108
2025-01-23,2025-01-23T22:00:00+00:00,2025-01-24T00:00:00+00:00,103126.3046875,103925.5625,0.00775028073508464,0,2,0.00775028073508464,0.00755028073508464,0.00675028073508464,0.00575028073508464,0.00375028073508464
2025-01-24,2025-01-24T22:00:00+00:00,2025-01-25T00:00:00+00:00,105090.03125,104839.46875,-0.002384265158356778,0,2,-0.002384265158356778,-0.0025842651583567783,-0.0033842651583567782,-0.004384265158356778,-0.006384265158356778
2025-01-25,2025-01-25T22:00:00+00:00,2025-01-26T00:00:00+00:00,105083.109375,104720.7578125,-0.0034482379200153927,0,2,-0.0034482379200153927,-0.0036482379200153928,-0.004448237920015393,-0.005448237920015393,-0.007448237920015393
2025-01-26,2025-01-26T22:00:00+00:00,2025-01-27T00:00:00+00:00,104630.8046875,102614.0078125,-0.019275364277504616,0,2,-0.019275364277504616,-0.019475364277504615,-0.020275364277504617,-0.021275364277504615,-0.023275364277504616
2025-01-27,2025-01-27T22:00:00+00:00,2025-01-28T00:00:00+00:00,101365.328125,102097.46875,0.007222791446964499,0,2,0.007222791446964499,0.0070227914469645,0.006222791446964499,0.005222791446964499,0.0032227914469644993
2025-01-28,2025-01-28T22:00:00+00:00,2025-01-29T00:00:00+00:00,100265.703125,101287.8359375,0.01019424170621653,0,2,0.01019424170621653,0.009994241706216529,0.009194241706216529,0.00819424170621653,0.006194241706216529
2025-01-29,2025-01-29T22:00:00+00:00,2025-01-30T00:00:00+00:00,103750.65625,103718.0546875,-0.0003142299401118246,0,2,-0.0003142299401118246,-0.0005142299401118246,-0.0013142299401118246,-0.0023142299401118244,-0.0043142299401118245
2025-01-30,2025-01-30T22:00:00+00:00,2025-01-31T00:00:00+00:00,105048.7421875,104758.4609375,-0.0027633005779534336,0,2,-0.0027633005779534336,-0.0029633005779534337,-0.0037633005779534336,-0.004763300577953433,-0.006763300577953433
2025-01-31,2025-01-31T22:00:00+00:00,2025-02-01T00:00:00+00:00,102113.875,102405.390625,0.002854809153016669,0,2,0.002854809153016669,0.002654809153016669,0.001854809153016669,0.000854809153016669,-0.001145190846983331
2025-02-01,2025-02-01T22:00:00+00:00,2025-02-02T00:00:00+00:00,101142.078125,100624.8984375,-0.0051133978764093145,0,2,-0.0051133978764093145,-0.005313397876409314,-0.0061133978764093145,-0.0071133978764093145,-0.009113397876409315
2025-02-02,2025-02-02T22:00:00+00:00,2025-02-03T00:00:00+00:00,96945.375,97663.9140625,0.0074117931102953595,0,2,0.0074117931102953595,0.00721179311029536,0.0064117931102953595,0.0054117931102953595,0.0034117931102953594
2025-02-03,2025-02-03T22:00:00+00:00,2025-02-04T00:00:00+00:00,101907.15625,101469.5859375,-0.004293813394483766,0,2,-0.004293813394483766,-0.004493813394483765,-0.005293813394483766,-0.006293813394483766,-0.008293813394483766
2025-02-04,2025-02-04T22:00:00+00:00,2025-02-05T00:00:00+00:00,96524.609375,97807.84375,0.013294375220049939,0,2,0.013294375220049939,0.013094375220049938,0.01229437522004994,0.011294375220049939,0.009294375220049939
2025-02-05,2025-02-05T22:00:00+00:00,2025-02-06T00:00:00+00:00,96928.2578125,96547.3203125,-0.003930097461742202,0,2,-0.003930097461742202,-0.004130097461742202,-0.004930097461742202,-0.005930097461742202,-0.007930097461742202
2025-02-06,2025-02-06T22:00:00+00:00,2025-02-07T00:00:00+00:00,96801.8984375,96647.3515625,-0.0015965273150069775,0,2,-0.0015965273150069775,-0.0017965273150069776,-0.0025965273150069775,-0.0035965273150069775,-0.0055965273150069775
2025-02-07,2025-02-07T22:00:00+00:00,2025-02-08T00:00:00+00:00,95993.4375,96541.4921875,0.0057092932785118775,0,2,0.0057092932785118775,0.005509293278511878,0.0047092932785118774,0.0037092932785118774,0.0017092932785118774
2025-02-08,2025-02-08T22:00:00+00:00,2025-02-09T00:00:00+00:00,96546.8515625,96473.75,-0.0007571615367765504,0,2,-0.0007571615367765504,-0.0009571615367765504,-0.0017571615367765504,-0.0027571615367765505,-0.0047571615367765505
2025-02-09,2025-02-09T22:00:00+00:00,2025-02-10T00:00:00+00:00,94850.4453125,96488.453125,0.017269373982413266,0,2,0.017269373982413266,0.017069373982413268,0.016269373982413265,0.015269373982413266,0.013269373982413266
2025-02-10,2025-02-10T22:00:00+00:00,2025-02-11T00:00:00+00:00,97391.4453125,97443.0859375,0.0005302377927989537,0,2,0.0005302377927989537,0.0003302377927989537,-0.00046976220720104634,-0.0014697622072010464,-0.0034697622072010466
2025-02-11,2025-02-11T22:00:00+00:00,2025-02-12T00:00:00+00:00,96341.0703125,95756.109375,-0.006071771214525347,0,2,-0.006071771214525347,-0.006271771214525347,-0.007071771214525347,-0.008071771214525347,-0.010071771214525347
2025-02-12,2025-02-12T22:00:00+00:00,2025-02-13T00:00:00+00:00,97667.2734375,97867.46875,0.0020497686221179353,0,2,0.0020497686221179353,0.0018497686221179352,0.0010497686221179353,4.976862211793524e-05,-0.0019502313778820648
2025-02-13,2025-02-13T22:00:00+00:00,2025-02-14T00:00:00+00:00,96475.9375,96619.46875,0.0014877414381176653,0,2,0.0014877414381176653,0.0012877414381176652,0.0004877414381176653,-0.0005122585618823347,-0.0025122585618823348
2025-02-14,2025-02-14T22:00:00+00:00,2025-02-15T00:00:00+00:00,97491.8828125,97502.3671875,0.00010754100441535157,0,2,0.00010754100441535157,-9.245899558464844e-05,-0.0008924589955846484,-0.0018924589955846484,-0.0038924589955846487
2025-02-15,2025-02-15T22:00:00+00:00,2025-02-16T00:00:00+00:00,97687.375,97586.359375,-0.0010340704210753948,0,2,-0.0010340704210753948,-0.001234070421075395,-0.002034070421075395,-0.003034070421075395,-0.005034070421075395
2025-02-16,2025-02-16T22:00:00+00:00,2025-02-17T00:00:00+00:00,97172.75,96137.8828125,-0.010649767424509442,0,2,-0.010649767424509442,-0.010849767424509443,-0.011649767424509443,-0.012649767424509442,-0.014649767424509443
2025-02-17,2025-02-17T22:00:00+00:00,2025-02-18T00:00:00+00:00,96403.34375,95774.21875,-0.006525966585054266,0,2,-0.006525966585054266,-0.006725966585054265,-0.007525966585054266,-0.008525966585054265,-0.010525966585054267
2025-02-18,2025-02-18T22:00:00+00:00,2025-02-19T00:00:00+00:00,94986.0625,95607.8671875,0.006546272907143614,0,2,0.006546272907143614,0.006346272907143615,0.005546272907143614,0.004546272907143614,0.002546272907143614
2025-02-19,2025-02-19T22:00:00+00:00,2025-02-20T00:00:00+00:00,96279.0,96628.3984375,0.0036290202172851818,0,2,0.0036290202172851818,0.0034290202172851817,0.0026290202172851817,0.0016290202172851817,-0.0003709797827148183
2025-02-20,2025-02-20T22:00:00+00:00,2025-02-21T00:00:00+00:00,98129.4140625,98338.84375,0.002134219280740954,0,2,0.002134219280740954,0.001934219280740954,0.001134219280740954,0.000134219280740954,-0.001865780719259046
2025-02-21,2025-02-21T22:00:00+00:00,2025-02-22T00:00:00+00:00,95321.34375,96117.0703125,0.008347831988048322,0,2,0.008347831988048322,0.008147831988048321,0.007347831988048322,0.006347831988048322,0.004347831988048322
2025-02-22,2025-02-22T22:00:00+00:00,2025-02-23T00:00:00+00:00,96672.796875,96571.046875,-0.001052519460376893,0,2,-0.001052519460376893,-0.0012525194603768932,-0.002052519460376893,-0.003052519460376893,-0.005052519460376893
2025-02-23,2025-02-23T22:00:00+00:00,2025-02-24T00:00:00+00:00,95759.4296875,96267.8515625,0.0053093661549486765,0,2,0.0053093661549486765,0.005109366154948677,0.0043093661549486765,0.0033093661549486765,0.0013093661549486765
2025-02-24,2025-02-24T22:00:00+00:00,2025-02-25T00:00:00+00:00,93959.84375,91496.140625,-0.026220809088989147,0,2,-0.026220809088989147,-0.026420809088989146,-0.027220809088989148,-0.02822080908898915,-0.030220809088989147
2025-02-25,2025-02-25T22:00:00+00:00,2025-02-26T00:00:00+00:00,88692.203125,88491.3359375,-0.002264767143250508,0,2,-0.002264767143250508,-0.002464767143250508,-0.003264767143250508,-0.004264767143250508,-0.006264767143250508
2025-02-26,2025-02-26T22:00:00+00:00,2025-02-27T00:00:00+00:00,84439.328125,84136.3046875,-0.0035886528733556286,0,2,-0.0035886528733556286,-0.0037886528733556287,-0.004588652873355629,-0.005588652873355629,-0.007588652873355629
2025-02-27,2025-02-27T22:00:00+00:00,2025-02-28T00:00:00+00:00,84263.1171875,84671.1640625,0.004842532398748377,0,2,0.004842532398748377,0.004642532398748378,0.0038425323987483773,0.0028425323987483772,0.0008425323987483772
2025-02-28,2025-02-28T22:00:00+00:00,2025-03-01T00:00:00+00:00,84231.65625,84330.8515625,0.0011776488426819935,0,2,0.0011776488426819935,0.0009776488426819934,0.0001776488426819935,-0.0008223511573180065,-0.0028223511573180066
2025-03-01,2025-03-01T22:00:00+00:00,2025-03-02T00:00:00+00:00,86033.0390625,86024.3515625,-0.00010097864837354909,0,2,-0.00010097864837354909,-0.0003009786483735491,-0.0011009786483735491,-0.002100978648373549,-0.004100978648373549
2025-03-02,2025-03-02T22:00:00+00:00,2025-03-03T00:00:00+00:00,94261.5,94292.2421875,0.0003261372617664688,0,2,0.0003261372617664688,0.0001261372617664688,-0.0006738627382335313,-0.0016738627382335313,-0.003673862738233531
2025-03-03,2025-03-03T22:00:00+00:00,2025-03-04T00:00:00+00:00,85279.1796875,86137.4921875,0.010064736822577683,0,2,0.010064736822577683,0.009864736822577682,0.009064736822577683,0.008064736822577682,0.0060647368225776824
2025-03-04,2025-03-04T22:00:00+00:00,2025-03-05T00:00:00+00:00,87488.734375,87236.25,-0.002885907274847351,0,2,-0.002885907274847351,-0.003085907274847351,-0.003885907274847351,-0.004885907274847352,-0.006885907274847352
2025-03-05,2025-03-05T22:00:00+00:00,2025-03-06T00:00:00+00:00,90382.21875,90613.234375,0.0025559853275896704,0,2,0.0025559853275896704,0.0023559853275896703,0.0015559853275896704,0.0005559853275896704,-0.0014440146724103296
2025-03-06,2025-03-06T22:00:00+00:00,2025-03-07T00:00:00+00:00,90050.75,89959.1640625,-0.001017048025696621,0,2,-0.001017048025696621,-0.0012170480256966211,-0.002017048025696621,-0.003017048025696621,-0.0050170480256966216
2025-03-07,2025-03-07T22:00:00+00:00,2025-03-08T00:00:00+00:00,86304.8671875,86713.375,0.00473331140887459,0,2,0.00473331140887459,0.00453331140887459,0.00373331140887459,0.00273331140887459,0.00073331140887459
2025-03-08,2025-03-08T22:00:00+00:00,2025-03-09T00:00:00+00:00,86201.9453125,86186.640625,-0.00017754457216153673,0,2,-0.00017754457216153673,-0.00037754457216153674,-0.0011775445721615367,-0.002177544572161537,-0.004177544572161537
2025-03-09,2025-03-09T22:00:00+00:00,2025-03-10T00:00:00+00:00,81810.984375,80770.46875,-0.012718532027808765,0,2,-0.012718532027808765,-0.012918532027808766,-0.013718532027808764,-0.014718532027808765,-0.016718532027808763
2025-03-10,2025-03-10T22:00:00+00:00,2025-03-11T00:00:00+00:00,79472.25,78582.15625,-0.011200057252688831,0,2,-0.011200057252688831,-0.011400057252688832,-0.012200057252688832,-0.013200057252688831,-0.015200057252688831
2025-03-11,2025-03-11T22:00:00+00:00,2025-03-12T00:00:00+00:00,83118.46875,82902.7890625,-0.0025948467379579825,0,2,-0.0025948467379579825,-0.0027948467379579826,-0.0035948467379579825,-0.004594846737957983,-0.006594846737957983
2025-03-12,2025-03-12T22:00:00+00:00,2025-03-13T00:00:00+00:00,83060.171875,83672.03125,0.00736645929315927,0,2,0.00736645929315927,0.00716645929315927,0.00636645929315927,0.00536645929315927,0.00336645929315927
2025-03-13,2025-03-13T22:00:00+00:00,2025-03-14T00:00:00+00:00,80732.109375,81090.296875,0.004436741499422763,0,2,0.004436741499422763,0.004236741499422763,0.003436741499422763,0.0024367414994227628,0.00043674149942276273
2025-03-14,2025-03-14T22:00:00+00:00,2025-03-15T00:00:00+00:00,84222.9921875,83989.8046875,-0.002768691706901962,0,2,-0.002768691706901962,-0.002968691706901962,-0.003768691706901962,-0.0047686917069019626,-0.006768691706901963
2025-03-15,2025-03-15T22:00:00+00:00,2025-03-16T00:00:00+00:00,84398.875,84354.53125,-0.0005254068848666526,0,2,-0.0005254068848666526,-0.0007254068848666526,-0.0015254068848666526,-0.0025254068848666526,-0.004525406884866653
2025-03-16,2025-03-16T22:00:00+00:00,2025-03-17T00:00:00+00:00,82733.265625,82571.1484375,-0.00195951635989831,0,2,-0.00195951635989831,-0.00215951635989831,-0.00295951635989831,-0.0039595163598983105,-0.005959516359898311
2025-03-17,2025-03-17T22:00:00+00:00,2025-03-18T00:00:00+00:00,84085.515625,84033.265625,-0.0006213912064596441,0,2,-0.0006213912064596441,-0.0008213912064596441,-0.001621391206459644,-0.0026213912064596443,-0.004621391206459644
2025-03-18,2025-03-18T22:00:00+00:00,2025-03-19T00:00:00+00:00,81999.640625,82702.765625,0.008574732701762984,0,2,0.008574732701762984,0.008374732701762984,0.007574732701762984,0.006574732701762984,0.004574732701762984
2025-03-19,2025-03-19T22:00:00+00:00,2025-03-20T00:00:00+00:00,85635.7265625,86870.8671875,0.014423193152901557,0,2,0.014423193152901557,0.014223193152901556,0.013423193152901556,0.012423193152901557,0.010423193152901557
2025-03-20,2025-03-20T22:00:00+00:00,2025-03-21T00:00:00+00:00,84295.859375,84175.25,-0.0014307864691604254,0,2,-0.0014307864691604254,-0.0016307864691604255,-0.0024307864691604257,-0.0034307864691604257,-0.005430786469160426
2025-03-21,2025-03-21T22:00:00+00:00,2025-03-22T00:00:00+00:00,84372.1875,84038.984375,-0.003949205714264549,0,2,-0.003949205714264549,-0.004149205714264549,-0.004949205714264549,-0.005949205714264549,-0.00794920571426455
2025-03-22,2025-03-22T22:00:00+00:00,2025-03-23T00:00:00+00:00,84010.0546875,83831.8359375,-0.0021213978572319327,0,2,-0.0021213978572319327,-0.002321397857231933,-0.0031213978572319327,-0.004121397857231933,-0.006121397857231933
2025-03-23,2025-03-23T22:00:00+00:00,2025-03-24T00:00:00+00:00,85267.2734375,86046.8828125,0.009143125416944935,0,2,0.009143125416944935,0.008943125416944935,0.008143125416944934,0.007143125416944935,0.005143125416944935
2025-03-24,2025-03-24T22:00:00+00:00,2025-03-25T00:00:00+00:00,88160.0859375,87510.625,-0.0073668364838077325,0,2,-0.0073668364838077325,-0.007566836483807732,-0.008366836483807732,-0.009366836483807733,-0.011366836483807732
2025-03-25,2025-03-25T22:00:00+00:00,2025-03-26T00:00:00+00:00,87773.96875,87458.625,-0.003592679634871814,0,2,-0.003592679634871814,-0.003792679634871814,-0.004592679634871814,-0.0055926796348718145,-0.007592679634871815
2025-03-26,2025-03-26T22:00:00+00:00,2025-03-27T00:00:00+00:00,87156.15625,86960.8828125,-0.002240500796522908,0,2,-0.002240500796522908,-0.002440500796522908,-0.003240500796522908,-0.004240500796522908,-0.006240500796522908
2025-03-27,2025-03-27T22:00:00+00:00,2025-03-28T00:00:00+00:00,87564.2890625,87214.2109375,-0.003997955430782151,0,2,-0.003997955430782151,-0.004197955430782151,-0.004997955430782151,-0.005997955430782151,-0.00799795543078215
2025-03-28,2025-03-28T22:00:00+00:00,2025-03-29T00:00:00+00:00,83989.8671875,84370.78125,0.0045352383002302266,0,2,0.0045352383002302266,0.004335238300230227,0.0035352383002302265,0.0025352383002302265,0.0005352383002302265
2025-03-29,2025-03-29T22:00:00+00:00,2025-03-30T00:00:00+00:00,82490.0625,82589.46875,0.0012050693985108812,0,2,0.0012050693985108812,0.0010050693985108811,0.0002050693985108812,-0.0007949306014891188,-0.002794930601489119
2025-03-30,2025-03-30T22:00:00+00:00,2025-03-31T00:00:00+00:00,82077.09375,82418.125,0.00415501127560331,0,2,0.00415501127560331,0.003955011275603311,0.0031550112756033102,0.0021550112756033102,0.00015501127560331018
2025-03-31,2025-03-31T22:00:00+00:00,2025-04-01T00:00:00+00:00,82547.8046875,82488.625,-0.0007169141290193685,0,2,-0.0007169141290193685,-0.0009169141290193684,-0.0017169141290193685,-0.0027169141290193685,-0.004716914129019369
2025-04-01,2025-04-01T22:00:00+00:00,2025-04-02T00:00:00+00:00,85264.265625,85173.4453125,-0.00106516266614476,0,2,-0.00106516266614476,-0.00126516266614476,-0.0020651626661447597,-0.0030651626661447598,-0.00506516266614476
2025-04-02,2025-04-02T22:00:00+00:00,2025-04-03T00:00:00+00:00,84599.65625,82510.796875,-0.024691109486629857,0,2,-0.024691109486629857,-0.024891109486629856,-0.025691109486629858,-0.02669110948662986,-0.028691109486629857
2025-04-03,2025-04-03T22:00:00+00:00,2025-04-04T00:00:00+00:00,82687.2578125,83141.15625,0.005489339585178301,0,2,0.005489339585178301,0.005289339585178301,0.004489339585178301,0.003489339585178301,0.001489339585178301
2025-04-04,2025-04-04T22:00:00+00:00,2025-04-05T00:00:00+00:00,84147.203125,83852.8203125,-0.003498426585405301,0,2,-0.003498426585405301,-0.003698426585405301,-0.0044984265854053004,-0.005498426585405301,-0.007498426585405301
2025-04-05,2025-04-05T22:00:00+00:00,2025-04-06T00:00:00+00:00,82914.1328125,83501.859375,0.0070883761617464005,0,2,0.0070883761617464005,0.006888376161746401,0.0060883761617464005,0.0050883761617464005,0.0030883761617464004
2025-04-06,2025-04-06T22:00:00+00:00,2025-04-07T00:00:00+00:00,78901.71875,78337.90625,-0.007145756885048845,0,2,-0.007145756885048845,-0.007345756885048844,-0.008145756885048844,-0.009145756885048845,-0.011145756885048845
2025-04-07,2025-04-07T22:00:00+00:00,2025-04-08T00:00:00+00:00,79183.2265625,79140.75,-0.0005364338426708703,0,2,-0.0005364338426708703,-0.0007364338426708702,-0.0015364338426708704,-0.0025364338426708704,-0.00453643384267087
2025-04-08,2025-04-08T22:00:00+00:00,2025-04-09T00:00:00+00:00,76945.140625,76261.1015625,-0.00888995792253775,0,2,-0.00888995792253775,-0.00908995792253775,-0.009889957922537749,-0.01088995792253775,-0.01288995792253775
2025-04-09,2025-04-09T22:00:00+00:00,2025-04-10T00:00:00+00:00,83382.9296875,82610.3125,-0.0092658915967044,0,2,-0.0092658915967044,-0.0094658915967044,-0.0102658915967044,-0.0112658915967044,-0.0132658915967044
2025-04-10,2025-04-10T22:00:00+00:00,2025-04-11T00:00:00+00:00,79652.296875,79557.734375,-0.0011871911258051842,0,2,-0.0011871911258051842,-0.0013871911258051843,-0.002187191125805184,-0.0031871911258051842,-0.005187191125805185
2025-04-11,2025-04-11T22:00:00+00:00,2025-04-12T00:00:00+00:00,83644.578125,83392.3828125,-0.0030150826049133114,0,2,-0.0030150826049133114,-0.0032150826049133115,-0.004015082604913312,-0.005015082604913311,-0.007015082604913311
2025-04-12,2025-04-12T22:00:00+00:00,2025-04-13T00:00:00+00:00,85381.0078125,85269.2890625,-0.0013084730768854204,0,2,-0.0013084730768854204,-0.0015084730768854205,-0.0023084730768854205,-0.0033084730768854205,-0.005308473076885421
2025-04-13,2025-04-13T22:00:00+00:00,2025-04-14T00:00:00+00:00,83560.4140625,83706.9453125,0.0017535965043256035,0,2,0.0017535965043256035,0.0015535965043256034,0.0007535965043256035,-0.00024640349567439657,-0.0022464034956743966
2025-04-14,2025-04-14T22:00:00+00:00,2025-04-15T00:00:00+00:00,84685.1875,84561.34375,-0.0014624015563524614,0,2,-0.0014624015563524614,-0.0016624015563524615,-0.0024624015563524614,-0.0034624015563524614,-0.005462401556352461
2025-04-15,2025-04-15T22:00:00+00:00,2025-04-16T00:00:00+00:00,84181.140625,83617.484375,-0.006695754486279865,0,2,-0.006695754486279865,-0.006895754486279865,-0.007695754486279865,-0.008695754486279865,-0.010695754486279865
2025-04-16,2025-04-16T22:00:00+00:00,2025-04-17T00:00:00+00:00,84548.7578125,84028.8828125,-0.006148818899893284,0,2,-0.006148818899893284,-0.006348818899893284,-0.007148818899893284,-0.008148818899893284,-0.010148818899893285
2025-04-17,2025-04-17T22:00:00+00:00,2025-04-18T00:00:00+00:00,85063.0,84921.125,-0.0016678814525704479,0,2,-0.0016678814525704479,-0.001867881452570448,-0.0026678814525704477,-0.0036678814525704477,-0.005667881452570448
2025-04-18,2025-04-18T22:00:00+00:00,2025-04-19T00:00:00+00:00,84588.609375,84450.2890625,-0.0016352120400371579,0,2,-0.0016352120400371579,-0.001835212040037158,-0.002635212040037158,-0.003635212040037158,-0.005635212040037158
2025-04-19,2025-04-19T22:00:00+00:00,2025-04-20T00:00:00+00:00,85322.2890625,85071.359375,-0.0029409629096588093,0,2,-0.0029409629096588093,-0.0031409629096588094,-0.003940962909658809,-0.004940962909658809,-0.006940962909658809
2025-04-20,2025-04-20T22:00:00+00:00,2025-04-21T00:00:00+00:00,85002.0703125,85169.609375,0.001970999787229447,0,2,0.001970999787229447,0.001770999787229447,0.0009709997872294472,-2.900021277055286e-05,-0.002029000212770553
2025-04-21,2025-04-21T22:00:00+00:00,2025-04-22T00:00:00+00:00,87280.03125,87514.0078125,0.0026807570889819084,0,2,0.0026807570889819084,0.0024807570889819083,0.0016807570889819084,0.0006807570889819084,-0.0013192429110180917
2025-04-22,2025-04-22T22:00:00+00:00,2025-04-23T00:00:00+00:00,93026.1015625,93466.1171875,0.004730023268838946,0,2,0.004730023268838946,0.004530023268838946,0.0037300232688389457,0.0027300232688389457,0.0007300232688389457
2025-04-23,2025-04-23T22:00:00+00:00,2025-04-24T00:00:00+00:00,93510.09375,93703.2578125,0.002065702800132205,0,2,0.002065702800132205,0.0018657028001322047,0.0010657028001322048,6.57028001322048e-05,-0.0019342971998677952
2025-04-24,2025-04-24T22:00:00+00:00,2025-04-25T00:00:00+00:00,93387.609375,93986.8828125,0.006417055126591841,0,2,0.006417055126591841,0.006217055126591841,0.005417055126591841,0.004417055126591841,0.0024170551265918407
2025-04-25,2025-04-25T22:00:00+00:00,2025-04-26T00:00:00+00:00,94680.5703125,94708.265625,0.00029251315669719395,0,2,0.00029251315669719395,9.251315669719394e-05,-0.0007074868433028061,-0.001707486843302806,-0.0037074868433028063
2025-04-26,2025-04-26T22:00:00+00:00,2025-04-27T00:00:00+00:00,94385.0703125,94662.34375,0.0029376832223780096,0,2,0.0029376832223780096,0.0027376832223780095,0.0019376832223780096,0.0009376832223780096,-0.0010623167776219905
2025-04-27,2025-04-27T22:00:00+00:00,2025-04-28T00:00:00+00:00,94305.0078125,93767.9921875,-0.0056944550184197034,0,2,-0.0056944550184197034,-0.005894455018419703,-0.0066944550184197035,-0.0076944550184197035,-0.009694455018419704
2025-04-28,2025-04-28T22:00:00+00:00,2025-04-29T00:00:00+00:00,94557.9140625,95048.90625,0.005192502313190503,0,2,0.005192502313190503,0.004992502313190503,0.004192502313190503,0.003192502313190503,0.0011925023131905028
2025-04-29,2025-04-29T22:00:00+00:00,2025-04-30T00:00:00+00:00,94771.734375,94272.21875,-0.005270723684590161,0,2,-0.005270723684590161,-0.005470723684590161,-0.006270723684590161,-0.007270723684590161,-0.00927072368459016
2025-04-30,2025-04-30T22:00:00+00:00,2025-05-01T00:00:00+00:00,94547.0078125,94169.390625,-0.003993962328758917,0,2,-0.003993962328758917,-0.004193962328758917,-0.004993962328758917,-0.005993962328758917,-0.007993962328758916
2025-05-01,2025-05-01T22:00:00+00:00,2025-05-02T00:00:00+00:00,96505.375,96491.53125,-0.0001434505591009827,0,2,-0.0001434505591009827,-0.0003434505591009827,-0.0011434505591009828,-0.002143450559100983,-0.0041434505591009824
2025-05-02,2025-05-02T22:00:00+00:00,2025-05-03T00:00:00+00:00,96760.2734375,96917.78125,0.001627814875923624,0,2,0.001627814875923624,0.001427814875923624,0.000627814875923624,-0.00037218512407637605,-0.002372185124076376
2025-05-03,2025-05-03T22:00:00+00:00,2025-05-04T00:00:00+00:00,96302.6328125,95853.4921875,-0.004663845752529643,0,2,-0.004663845752529643,-0.004863845752529643,-0.0056638457525296435,-0.0066638457525296435,-0.008663845752529643
2025-05-04,2025-05-04T22:00:00+00:00,2025-05-05T00:00:00+00:00,95703.0625,94270.5546875,-0.014968254673145909,0,2,-0.014968254673145909,-0.01516825467314591,-0.015968254673145908,-0.01696825467314591,-0.01896825467314591
2025-05-05,2025-05-05T22:00:00+00:00,2025-05-06T00:00:00+00:00,94836.546875,94746.0390625,-0.0009543558415227252,0,2,-0.0009543558415227252,-0.0011543558415227253,-0.0019543558415227253,-0.0029543558415227253,-0.004954355841522725
2025-05-06,2025-05-06T22:00:00+00:00,2025-05-07T00:00:00+00:00,94673.71875,96885.28125,0.02335983554042024,0,2,0.02335983554042024,0.02315983554042024,0.022359835540420238,0.021359835540420237,0.01935983554042024
2025-05-07,2025-05-07T22:00:00+00:00,2025-05-08T00:00:00+00:00,97144.390625,97037.6875,-0.0010983971829304992,0,2,-0.0010983971829304992,-0.0012983971829304993,-0.002098397182930499,-0.003098397182930499,-0.005098397182930499
2025-05-08,2025-05-08T22:00:00+00:00,2025-05-09T00:00:00+00:00,102815.046875,103256.203125,0.004290775167727608,0,2,0.004290775167727608,0.004090775167727608,0.003290775167727608,0.002290775167727608,0.0002907751677276079
2025-05-09,2025-05-09T22:00:00+00:00,2025-05-10T00:00:00+00:00,102966.796875,102996.7890625,0.00029128018361501543,0,2,0.00029128018361501543,9.128018361501542e-05,-0.0007087198163849846,-0.0017087198163849846,-0.003708719816384985
2025-05-10,2025-05-10T22:00:00+00:00,2025-05-11T00:00:00+00:00,103775.53125,104692.9609375,0.008840520269560172,0,2,0.008840520269560172,0.008640520269560172,0.007840520269560173,0.006840520269560172,0.004840520269560172
2025-05-11,2025-05-11T22:00:00+00:00,2025-05-12T00:00:00+00:00,104376.625,104126.796875,-0.0023935256097809255,0,2,-0.0023935256097809255,-0.0025935256097809256,-0.0033935256097809255,-0.004393525609780926,-0.006393525609780926
2025-05-12,2025-05-12T22:00:00+00:00,2025-05-13T00:00:00+00:00,102514.6015625,102809.5859375,0.00287748643123933,0,2,0.00287748643123933,0.00267748643123933,0.00187748643123933,0.0008774864312393301,-0.00112251356876067
2025-05-13,2025-05-13T22:00:00+00:00,2025-05-14T00:00:00+00:00,104370.0546875,104159.984375,-0.002012745064942074,0,2,-0.002012745064942074,-0.002212745064942074,-0.003012745064942074,-0.004012745064942074,-0.006012745064942074
2025-05-14,2025-05-14T22:00:00+00:00,2025-05-15T00:00:00+00:00,103614.0,103531.7265625,-0.0007940378472021156,0,2,-0.0007940378472021156,-0.0009940378472021157,-0.0017940378472021156,-0.002794037847202116,-0.004794037847202116
2025-05-15,2025-05-15T22:00:00+00:00,2025-05-16T00:00:00+00:00,103276.171875,103752.484375,0.004612027066383748,0,2,0.004612027066383748,0.004412027066383748,0.0036120270663837478,0.0026120270663837477,0.0006120270663837477
2025-05-16,2025-05-16T22:00:00+00:00,2025-05-17T00:00:00+00:00,103612.0078125,103495.78125,-0.001121747999617262,0,2,-0.001121747999617262,-0.001321747999617262,-0.002121747999617262,-0.003121747999617262,-0.005121747999617262
2025-05-17,2025-05-17T22:00:00+00:00,2025-05-18T00:00:00+00:00,103264.6640625,103142.6015625,-0.0011820355114516498,0,2,-0.0011820355114516498,-0.00138203551145165,-0.00218203551145165,-0.00318203551145165,-0.00518203551145165
2025-05-18,2025-05-18T22:00:00+00:00,2025-05-19T00:00:00+00:00,104234.65625,106516.1640625,0.02188818857931428,0,2,0.02188818857931428,0.02168818857931428,0.02088818857931428,0.019888188579314278,0.01788818857931428
2025-05-19,2025-05-19T22:00:00+00:00,2025-05-20T00:00:00+00:00,105450.6640625,105619.671875,0.00160271928112117,0,2,0.00160271928112117,0.00140271928112117,0.00060271928112117,-0.00039728071887883,-0.00239728071887883
2025-05-20,2025-05-20T22:00:00+00:00,2025-05-21T00:00:00+00:00,106664.4453125,106853.828125,0.0017755008423393191,0,2,0.0017755008423393191,0.001575500842339319,0.0007755008423393191,-0.00022449915766068092,-0.002224499157660681
2025-05-21,2025-05-21T22:00:00+00:00,2025-05-22T00:00:00+00:00,108472.953125,109666.359375,0.011001878492464064,0,2,0.011001878492464064,0.010801878492464063,0.010001878492464065,0.009001878492464064,0.007001878492464064
2025-05-22,2025-05-22T22:00:00+00:00,2025-05-23T00:00:00+00:00,110859.8046875,111699.9921875,0.007578828975645267,0,2,0.007578828975645267,0.007378828975645267,0.006578828975645267,0.005578828975645267,0.003578828975645267
2025-05-23,2025-05-23T22:00:00+00:00,2025-05-24T00:00:00+00:00,108260.6796875,107334.59375,-0.008554222457989313,0,2,-0.008554222457989313,-0.008754222457989314,-0.009554222457989314,-0.010554222457989313,-0.012554222457989313
2025-05-24,2025-05-24T22:00:00+00:00,2025-05-25T00:00:00+00:00,108823.0703125,107789.9375,-0.009493692923138642,0,2,-0.009493692923138642,-0.009693692923138642,-0.01049369292313864,-0.011493692923138642,-0.013493692923138642
2025-05-25,2025-05-25T22:00:00+00:00,2025-05-26T00:00:00+00:00,107496.90625,109020.796875,0.01417613472015619,0,2,0.01417613472015619,0.01397613472015619,0.01317613472015619,0.01217613472015619,0.01017613472015619
2025-05-26,2025-05-26T22:00:00+00:00,2025-05-27T00:00:00+00:00,109373.640625,109459.1796875,0.0007820811487228484,0,2,0.0007820811487228484,0.0005820811487228484,-0.00021791885127715163,-0.0012179188512771518,-0.003217918851277152
2025-05-27,2025-05-27T22:00:00+00:00,2025-05-28T00:00:00+00:00,108942.109375,108981.1875,0.00035870541909084456,0,2,0.00035870541909084456,0.00015870541909084455,-0.0006412945809091555,-0.0016412945809091556,-0.0036412945809091556
2025-05-28,2025-05-28T22:00:00+00:00,2025-05-29T00:00:00+00:00,107521.484375,107796.3359375,0.0025562478429093025,0,2,0.0025562478429093025,0.0023562478429093024,0.0015562478429093024,0.0005562478429093024,-0.0014437521570906976
2025-05-29,2025-05-29T22:00:00+00:00,2025-05-30T00:00:00+00:00,106434.5,105593.25,-0.007903922130512194,0,2,-0.007903922130512194,-0.008103922130512194,-0.008903922130512193,-0.009903922130512194,-0.011903922130512194
2025-05-30,2025-05-30T22:00:00+00:00,2025-05-31T00:00:00+00:00,104651.3828125,104007.5859375,-0.0061518238717730754,0,2,-0.0061518238717730754,-0.006351823871773075,-0.0071518238717730755,-0.008151823871773076,-0.010151823871773075
2025-05-31,2025-05-31T22:00:00+00:00,2025-06-01T00:00:00+00:00,104863.421875,104674.0,-0.0018063674788888343,0,2,-0.0018063674788888343,-0.002006367478888834,-0.0028063674788888346,-0.0038063674788888346,-0.005806367478888835
2025-06-01,2025-06-01T22:00:00+00:00,2025-06-02T00:00:00+00:00,105512.1484375,105660.390625,0.0014049774333598287,0,2,0.0014049774333598287,0.0012049774333598286,0.00040497743335982865,-0.0005950225666401714,-0.002595022566640171
2025-06-02,2025-06-02T22:00:00+00:00,2025-06-03T00:00:00+00:00,104963.4765625,105880.5625,0.00873719094997702,0,2,0.00873719094997702,0.008537190949977019,0.0077371909499770195,0.0067371909499770195,0.004737190949977019
2025-06-03,2025-06-03T22:00:00+00:00,2025-06-04T00:00:00+00:00,105460.078125,105437.203125,-0.0002169067234417052,0,2,-0.0002169067234417052,-0.0004169067234417052,-0.0012169067234417052,-0.0022169067234417052,-0.004216906723441705
2025-06-04,2025-06-04T22:00:00+00:00,2025-06-05T00:00:00+00:00,104984.5,104749.8515625,-0.002235076963742267,0,2,-0.002235076963742267,-0.002435076963742267,-0.003235076963742267,-0.004235076963742267,-0.006235076963742267
2025-06-05,2025-06-05T22:00:00+00:00,2025-06-06T00:00:00+00:00,101605.75,101543.8203125,-0.0006095096734190733,0,2,-0.0006095096734190733,-0.0008095096734190732,-0.0016095096734190734,-0.0026095096734190734,-0.0046095096734190735
2025-06-06,2025-06-06T22:00:00+00:00,2025-06-07T00:00:00+00:00,104476.125,104391.6640625,-0.0008084233359535492,0,2,-0.0008084233359535492,-0.0010084233359535493,-0.0018084233359535492,-0.0028084233359535493,-0.004808423335953549
2025-06-07,2025-06-07T22:00:00+00:00,2025-06-08T00:00:00+00:00,105840.8828125,105633.796875,-0.0019565779498160307,0,2,-0.0019565779498160307,-0.0021565779498160307,-0.0029565779498160307,-0.003956577949816031,-0.005956577949816031
2025-06-08,2025-06-08T22:00:00+00:00,2025-06-09T00:00:00+00:00,106411.3828125,105791.4609375,-0.005825710169487419,0,2,-0.005825710169487419,-0.006025710169487419,-0.006825710169487419,-0.00782571016948742,-0.009825710169487419
2025-06-09,2025-06-09T22:00:00+00:00,2025-06-10T00:00:00+00:00,109998.421875,110301.3984375,0.0027543719022105288,0,2,0.0027543719022105288,0.0025543719022105287,0.0017543719022105287,0.0007543719022105287,-0.0012456280977894713
2025-06-10,2025-06-10T22:00:00+00:00,2025-06-11T00:00:00+00:00,109867.2734375,110250.765625,0.003490504273942472,0,2,0.003490504273942472,0.003290504273942472,0.002490504273942472,0.0014905042739424721,-0.0005094957260575279
2025-06-11,2025-06-11T22:00:00+00:00,2025-06-12T00:00:00+00:00,108501.0,108687.65625,0.0017203182459147842,0,2,0.0017203182459147842,0.001520318245914784,0.0007203182459147842,-0.00027968175408521587,-0.0022796817540852157
2025-06-12,2025-06-12T22:00:00+00:00,2025-06-13T00:00:00+00:00,105943.6484375,105729.953125,-0.0020170658236870766,0,2,-0.0020170658236870766,-0.0022170658236870767,-0.0030170658236870766,-0.004017065823687077,-0.006017065823687077
2025-06-13,2025-06-13T22:00:00+00:00,2025-06-14T00:00:00+00:00,105649.953125,106109.46875,0.004349416269558804,0,2,0.004349416269558804,0.0041494162695588045,0.003349416269558804,0.002349416269558804,0.00034941626955880406
2025-06-14,2025-06-14T22:00:00+00:00,2025-06-15T00:00:00+00:00,105388.8984375,105473.734375,0.0008049798295435381,0,2,0.0008049798295435381,0.0006049798295435381,-0.00019502017045646195,-0.001195020170456462,-0.003195020170456462
2025-06-15,2025-06-15T22:00:00+00:00,2025-06-16T00:00:00+00:00,104805.75,105576.9609375,0.007358479258055975,0,2,0.007358479258055975,0.007158479258055976,0.006358479258055975,0.005358479258055975,0.003358479258055975
2025-06-16,2025-06-16T22:00:00+00:00,2025-06-17T00:00:00+00:00,108567.9765625,106798.671875,-0.016296745536944345,0,2,-0.016296745536944345,-0.016496745536944343,-0.017296745536944345,-0.018296745536944346,-0.020296745536944345
2025-06-17,2025-06-17T22:00:00+00:00,2025-06-18T00:00:00+00:00,104563.46875,104591.59375,0.00026897539203910546,0,2,0.00026897539203910546,6.897539203910545e-05,-0.0007310246079608946,-0.0017310246079608946,-0.0037310246079608946
2025-06-18,2025-06-18T22:00:00+00:00,2025-06-19T00:00:00+00:00,105099.7421875,104908.7578125,-0.001817172630730912,0,2,-0.001817172630730912,-0.002017172630730912,-0.002817172630730912,-0.003817172630730912,-0.005817172630730913
2025-06-19,2025-06-19T22:00:00+00:00,2025-06-20T00:00:00+00:00,104483.1796875,104669.265625,0.0017810133464215645,0,2,0.0017810133464215645,0.0015810133464215644,0.0007810133464215645,-0.00021898665357843552,-0.0022189866535784353
2025-06-20,2025-06-20T22:00:00+00:00,2025-06-21T00:00:00+00:00,103541.6328125,103309.8359375,-0.002238682824519032,0,2,-0.002238682824519032,-0.0024386828245190322,-0.003238682824519032,-0.004238682824519032,-0.006238682824519032
2025-06-21,2025-06-21T22:00:00+00:00,2025-06-22T00:00:00+00:00,101485.5234375,102160.7734375,0.0066536583458216446,0,2,0.0066536583458216446,0.006453658345821645,0.0056536583458216445,0.0046536583458216445,0.0026536583458216445
2025-06-22,2025-06-22T22:00:00+00:00,2025-06-23T00:00:00+00:00,99187.0078125,100891.1171875,0.017180772084801618,0,2,0.017180772084801618,0.01698077208480162,0.016180772084801617,0.015180772084801617,0.013180772084801617
2025-06-23,2025-06-23T22:00:00+00:00,2025-06-24T00:00:00+00:00,103812.9921875,105407.609375,0.015360478047101372,0,2,0.015360478047101372,0.015160478047101371,0.01436047804710137,0.013360478047101372,0.011360478047101372
2025-06-24,2025-06-24T22:00:00+00:00,2025-06-25T00:00:00+00:00,106042.3984375,106102.046875,0.0005624961183347433,0,2,0.0005624961183347433,0.0003624961183347433,-0.00043750388166525675,-0.0014375038816652568,-0.003437503881665257
2025-06-25,2025-06-25T22:00:00+00:00,2025-06-26T00:00:00+00:00,107533.59375,107372.0703125,-0.0015020742064616435,0,2,-0.0015020742064616435,-0.0017020742064616436,-0.0025020742064616438,-0.0035020742064616438,-0.005502074206461644
2025-06-26,2025-06-26T22:00:00+00:00,2025-06-27T00:00:00+00:00,107067.3671875,106981.390625,-0.0008030136983702507,0,2,-0.0008030136983702507,-0.0010030136983702508,-0.0018030136983702507,-0.0028030136983702506,-0.004803013698370251
2025-06-27,2025-06-27T22:00:00+00:00,2025-06-28T00:00:00+00:00,107110.0703125,107092.3203125,-0.00016571737791052998,0,2,-0.00016571737791052998,-0.00036571737791053,-0.00116571737791053,-0.00216571737791053,-0.00416571737791053
2025-06-28,2025-06-28T22:00:00+00:00,2025-06-29T00:00:00+00:00,107350.8671875,107321.96875,-0.0002691961253515142,0,2,-0.0002691961253515142,-0.0004691961253515142,-0.001269196125351514,-0.002269196125351514,-0.004269196125351514
2025-06-29,2025-06-29T22:00:00+00:00,2025-06-30T00:00:00+00:00,107562.2890625,108380.78125,0.0076094716339144474,0,2,0.0076094716339144474,0.007409471633914448,0.006609471633914447,0.005609471633914447,0.0036094716339144474
2025-06-30,2025-06-30T22:00:00+00:00,2025-07-01T00:00:00+00:00,107147.6875,107167.6953125,0.00018673116486998378,0,2,0.00018673116486998378,-1.326883513001623e-05,-0.0008132688351300163,-0.0018132688351300162,-0.0038132688351300162
2025-07-01,2025-07-01T22:00:00+00:00,2025-07-02T00:00:00+00:00,105797.34375,105695.15625,-0.0009658796372191528,0,2,-0.0009658796372191528,-0.0011658796372191528,-0.0019658796372191527,-0.0029658796372191527,-0.004965879637219153
2025-07-02,2025-07-02T22:00:00+00:00,2025-07-03T00:00:00+00:00,109543.609375,108851.234375,-0.006320542147098666,0,2,-0.006320542147098666,-0.0065205421470986655,-0.007320542147098666,-0.008320542147098667,-0.010320542147098665
2025-07-03,2025-07-03T22:00:00+00:00,2025-07-04T00:00:00+00:00,109841.28125,109639.265625,-0.0018391594007375984,0,2,-0.0018391594007375984,-0.0020391594007375985,-0.0028391594007375984,-0.0038391594007375985,-0.0058391594007375985
2025-07-04,2025-07-04T22:00:00+00:00,2025-07-05T00:00:00+00:00,107938.328125,108019.6015625,0.0007529617969057273,0,2,0.0007529617969057273,0.0005529617969057273,-0.0002470382030942727,-0.0012470382030942727,-0.003247038203094273
2025-07-05,2025-07-05T22:00:00+00:00,2025-07-06T00:00:00+00:00,108111.578125,108247.4140625,0.0012564420930286,0,2,0.0012564420930286,0.0010564420930286,0.00025644209302859997,-0.0007435579069714,-0.0027435579069714
2025-07-06,2025-07-06T22:00:00+00:00,2025-07-07T00:00:00+00:00,109257.953125,109209.1484375,-0.00044669231029949335,0,2,-0.00044669231029949335,-0.0006466923102994934,-0.0014466923102994934,-0.0024466923102994934,-0.004446692310299493
2025-07-07,2025-07-07T22:00:00+00:00,2025-07-08T00:00:00+00:00,108174.046875,108280.3828125,0.0009830078523629239,0,2,0.0009830078523629239,0.0007830078523629239,-1.6992147637076137e-05,-0.0010169921476370762,-0.003016992147637076
2025-07-08,2025-07-08T22:00:00+00:00,2025-07-09T00:00:00+00:00,108912.1953125,108957.828125,0.0004189871700691232,0,2,0.0004189871700691232,0.00021898717006912317,-0.0005810128299308768,-0.0015810128299308768,-0.003581012829930877
2025-07-09,2025-07-09T22:00:00+00:00,2025-07-10T00:00:00+00:00,110919.890625,111301.765625,0.0034428000050148806,0,2,0.0034428000050148806,0.0032428000050148805,0.0024428000050148806,0.0014428000050148806,-0.0005571999949851194
2025-07-10,2025-07-10T22:00:00+00:00,2025-07-11T00:00:00+00:00,116448.0,115984.171875,-0.003983135176215994,0,2,-0.003983135176215994,-0.004183135176215993,-0.004983135176215994,-0.005983135176215994,-0.007983135176215994
2025-07-11,2025-07-11T22:00:00+00:00,2025-07-12T00:00:00+00:00,117651.9765625,117524.09375,-0.0010869584705367453,0,2,-0.0010869584705367453,-0.0012869584705367454,-0.0020869584705367453,-0.0030869584705367453,-0.005086958470536746
2025-07-12,2025-07-12T22:00:00+00:00,2025-07-13T00:00:00+00:00,117544.59375,117470.078125,-0.0006339349401171417,0,2,-0.0006339349401171417,-0.0008339349401171417,-0.0016339349401171418,-0.002633934940117142,-0.004633934940117141
2025-07-13,2025-07-13T22:00:00+00:00,2025-07-14T00:00:00+00:00,118644.0078125,119118.796875,0.004001795550014938,0,2,0.004001795550014938,0.003801795550014938,0.003001795550014938,0.002001795550014938,1.7955500149378564e-06
2025-07-14,2025-07-14T22:00:00+00:00,2025-07-15T00:00:00+00:00,120095.78125,119850.5703125,-0.0020417947653760737,0,2,-0.0020417947653760737,-0.002241794765376074,-0.0030417947653760737,-0.004041794765376074,-0.006041794765376074
2025-07-15,2025-07-15T22:00:00+00:00,2025-07-16T00:00:00+00:00,117546.03125,117780.359375,0.0019935009502926116,0,2,0.0019935009502926116,0.0017935009502926115,0.0009935009502926116,-6.499049707388467e-06,-0.0020064990497073885
2025-07-16,2025-07-16T22:00:00+00:00,2025-07-17T00:00:00+00:00,119494.9453125,118722.8046875,-0.006461701145439402,0,2,-0.006461701145439402,-0.006661701145439402,-0.007461701145439402,-0.008461701145439402,-0.010461701145439402
2025-07-17,2025-07-17T22:00:00+00:00,2025-07-18T00:00:00+00:00,120347.53125,119245.2578125,-0.00915908640626976,0,2,-0.00915908640626976,-0.00935908640626976,-0.010159086406269759,-0.01115908640626976,-0.01315908640626976
2025-07-18,2025-07-18T22:00:00+00:00,2025-07-19T00:00:00+00:00,117677.234375,118006.859375,0.0028010940412619635,0,2,0.0028010940412619635,0.0026010940412619634,0.0018010940412619635,0.0008010940412619635,-0.0011989059587380366
2025-07-19,2025-07-19T22:00:00+00:00,2025-07-20T00:00:00+00:00,117758.5625,117913.4609375,0.0013153900167556817,0,2,0.0013153900167556817,0.0011153900167556817,0.0003153900167556817,-0.0006846099832443183,-0.0026846099832443186
2025-07-20,2025-07-20T22:00:00+00:00,2025-07-21T00:00:00+00:00,118057.8203125,117214.59375,-0.0071424879797710355,0,2,-0.0071424879797710355,-0.007342487979771035,-0.008142487979771035,-0.009142487979771036,-0.011142487979771035
2025-07-21,2025-07-21T22:00:00+00:00,2025-07-22T00:00:00+00:00,117278.3046875,117419.6484375,0.001205199464441653,0,2,0.001205199464441653,0.001005199464441653,0.00020519946444165298,-0.000794800535558347,-0.002794800535558347
2025-07-22,2025-07-22T22:00:00+00:00,2025-07-23T00:00:00+00:00,119446.8125,119999.453125,0.004626666994567143,0,2,0.004626666994567143,0.004426666994567143,0.003626666994567143,0.0026266669945671428,0.0006266669945671427
2025-07-23,2025-07-23T22:00:00+00:00,2025-07-24T00:00:00+00:00,118163.4765625,118779.09375,0.005209877073770614,0,2,0.005209877073770614,0.005009877073770614,0.004209877073770614,0.0032098770737706136,0.0012098770737706136
2025-07-24,2025-07-24T22:00:00+00:00,2025-07-25T00:00:00+00:00,118630.0625,118378.0546875,-0.0021243166124101133,0,2,-0.0021243166124101133,-0.0023243166124101134,-0.0031243166124101133,-0.004124316612410113,-0.006124316612410113
2025-07-25,2025-07-25T22:00:00+00:00,2025-07-26T00:00:00+00:00,117224.3671875,117625.3828125,0.0034209237773796366,0,2,0.0034209237773796366,0.0032209237773796365,0.0024209237773796365,0.0014209237773796365,-0.0005790762226203635
2025-07-26,2025-07-26T22:00:00+00:00,2025-07-27T00:00:00+00:00,118103.171875,117991.4453125,-0.0009460081446267253,0,2,-0.0009460081446267253,-0.0011460081446267253,-0.0019460081446267255,-0.0029460081446267255,-0.0049460081446267255
2025-07-27,2025-07-27T22:00:00+00:00,2025-07-28T00:00:00+00:00,119290.140625,119443.953125,0.001289398262036796,0,2,0.001289398262036796,0.001089398262036796,0.0002893982620367961,-0.0007106017379632039,-0.002710601737963204
2025-07-28,2025-07-28T22:00:00+00:00,2025-07-29T00:00:00+00:00,118093.03125,118016.28125,-0.0006499113384389479,0,2,-0.0006499113384389479,-0.0008499113384389478,-0.0016499113384389479,-0.002649911338438948,-0.004649911338438948
2025-07-29,2025-07-29T22:00:00+00:00,2025-07-30T00:00:00+00:00,117603.140625,117913.3671875,0.0026379105256144173,0,2,0.0026379105256144173,0.002437910525614417,0.0016379105256144172,0.0006379105256144172,-0.0013620894743855828
2025-07-30,2025-07-30T22:00:00+00:00,2025-07-31T00:00:00+00:00,117307.25,117838.7109375,0.00453050376255517,0,2,0.00453050376255517,0.00433050376255517,0.00353050376255517,0.00253050376255517,0.0005305037625551699
2025-07-31,2025-07-31T22:00:00+00:00,2025-08-01T00:00:00+00:00,116533.390625,115722.0078125,-0.006962663732243052,0,2,-0.006962663732243052,-0.0071626637322430515,-0.007962663732243053,-0.008962663732243052,-0.010962663732243052
2025-08-01,2025-08-01T22:00:00+00:00,2025-08-02T00:00:00+00:00,113863.2578125,113251.890625,-0.005369310515484686,0,2,-0.005369310515484686,-0.005569310515484685,-0.006369310515484686,-0.007369310515484686,-0.009369310515484685
2025-08-02,2025-08-02T22:00:00+00:00,2025-08-03T00:00:00+00:00,112844.625,112526.40625,-0.0028199725950615725,0,2,-0.0028199725950615725,-0.0030199725950615726,-0.0038199725950615725,-0.0048199725950615726,-0.006819972595061573
2025-08-03,2025-08-03T22:00:00+00:00,2025-08-04T00:00:00+00:00,114453.1171875,114217.4765625,-0.002058839730978821,0,2,-0.002058839730978821,-0.002258839730978821,-0.003058839730978821,-0.004058839730978821,-0.006058839730978821
2025-08-04,2025-08-04T22:00:00+00:00,2025-08-05T00:00:00+00:00,115130.28125,115074.671875,-0.00048301258709901746,0,2,-0.00048301258709901746,-0.0006830125870990175,-0.0014830125870990175,-0.0024830125870990176,-0.004483012587099018
2025-08-05,2025-08-05T22:00:00+00:00,2025-08-06T00:00:00+00:00,113582.96875,114120.546875,0.004732911376733142,0,2,0.004732911376733142,0.004532911376733143,0.0037329113767331423,0.0027329113767331423,0.0007329113767331422
2025-08-06,2025-08-06T22:00:00+00:00,2025-08-07T00:00:00+00:00,115096.90625,114989.9296875,-0.0009294477669767948,0,2,-0.0009294477669767948,-0.0011294477669767948,-0.001929447766976795,-0.002929447766976795,-0.004929447766976795
2025-08-07,2025-08-07T22:00:00+00:00,2025-08-08T00:00:00+00:00,117160.0859375,117519.6484375,0.003068984604465138,0,2,0.003068984604465138,0.002868984604465138,0.002068984604465138,0.001068984604465138,-0.0009310153955348621
2025-08-08,2025-08-08T22:00:00+00:00,2025-08-09T00:00:00+00:00,116947.7578125,116675.4765625,-0.0023282297591078493,0,2,-0.0023282297591078493,-0.0025282297591078494,-0.0033282297591078493,-0.004328229759107849,-0.006328229759107849
2025-08-09,2025-08-09T22:00:00+00:00,2025-08-10T00:00:00+00:00,116561.875,116485.6953125,-0.0006535557831409284,0,2,-0.0006535557831409284,-0.0008535557831409284,-0.0016535557831409285,-0.0026535557831409286,-0.004653555783140928
2025-08-10,2025-08-10T22:00:00+00:00,2025-08-11T00:00:00+00:00,118736.8359375,119275.765625,0.004538858419502425,0,2,0.004538858419502425,0.004338858419502425,0.0035388584195024247,0.0025388584195024247,0.0005388584195024247
2025-08-11,2025-08-11T22:00:00+00:00,2025-08-12T00:00:00+00:00,118736.8125,118692.4453125,-0.00037365991696972664,0,2,-0.00037365991696972664,-0.0005736599169697266,-0.0013736599169697267,-0.002373659916969727,-0.004373659916969727
2025-08-12,2025-08-12T22:00:00+00:00,2025-08-13T00:00:00+00:00,119845.171875,120122.796875,0.0023165305339923606,0,2,0.0023165305339923606,0.0021165305339923605,0.0013165305339923605,0.0003165305339923605,-0.0016834694660076395
2025-08-13,2025-08-13T22:00:00+00:00,2025-08-14T00:00:00+00:00,122686.2109375,123339.765625,0.005327042725550797,0,2,0.005327042725550797,0.0051270427255507975,0.004327042725550797,0.003327042725550797,0.001327042725550797
2025-08-14,2025-08-14T22:00:00+00:00,2025-08-15T00:00:00+00:00,117970.4140625,118369.5234375,0.003383131085634355,0,2,0.003383131085634355,0.0031831310856343547,0.0023831310856343548,0.0013831310856343548,-0.0006168689143656453
2025-08-15,2025-08-15T22:00:00+00:00,2025-08-16T00:00:00+00:00,117397.0859375,117400.25,2.6951797608370684e-05,0,2,2.6951797608370684e-05,-0.00017304820239162934,-0.0009730482023916293,-0.0019730482023916293,-0.003973048202391629
2025-08-16,2025-08-16T22:00:00+00:00,2025-08-17T00:00:00+00:00,117544.4609375,117469.3359375,-0.0006391198649500379,0,2,-0.0006391198649500379,-0.0008391198649500378,-0.0016391198649500379,-0.002639119864950038,-0.0046391198649500375
2025-08-17,2025-08-17T22:00:00+00:00,2025-08-18T00:00:00+00:00,117831.9140625,117476.1015625,-0.0030196615478152306,0,2,-0.0030196615478152306,-0.0032196615478152306,-0.004019661547815231,-0.005019661547815231,-0.007019661547815231
2025-08-18,2025-08-18T22:00:00+00:00,2025-08-19T00:00:00+00:00,116703.6640625,116271.6015625,-0.003702218807531281,0,2,-0.003702218807531281,-0.0039022188075312813,-0.004702218807531281,-0.005702218807531282,-0.007702218807531282
2025-08-19,2025-08-19T22:00:00+00:00,2025-08-20T00:00:00+00:00,113399.6484375,112852.109375,-0.0048284017635361115,0,2,-0.0048284017635361115,-0.005028401763536111,-0.0058284017635361115,-0.0068284017635361115,-0.008828401763536112
2025-08-20,2025-08-20T22:00:00+00:00,2025-08-21T00:00:00+00:00,114371.7578125,114209.3359375,-0.0014201222234100216,0,2,-0.0014201222234100216,-0.0016201222234100217,-0.0024201222234100216,-0.0034201222234100217,-0.005420122223410022
2025-08-21,2025-08-21T22:00:00+00:00,2025-08-22T00:00:00+00:00,112590.0234375,112462.859375,-0.0011294434321757665,0,2,-0.0011294434321757665,-0.0013294434321757666,-0.0021294434321757665,-0.0031294434321757665,-0.0051294434321757666
2025-08-22,2025-08-22T22:00:00+00:00,2025-08-23T00:00:00+00:00,116988.5078125,116920.8671875,-0.0005781817912269561,0,2,-0.0005781817912269561,-0.0007781817912269561,-0.001578181791226956,-0.002578181791226956,-0.004578181791226956
2025-08-23,2025-08-23T22:00:00+00:00,2025-08-24T00:00:00+00:00,115019.890625,115341.6015625,0.0027970026379948144,0,2,0.0027970026379948144,0.0025970026379948143,0.0017970026379948143,0.0007970026379948143,-0.0012029973620051857
2025-08-24,2025-08-24T22:00:00+00:00,2025-08-25T00:00:00+00:00,112976.2734375,113465.1796875,0.004327512628308364,0,2,0.004327512628308364,0.004127512628308364,0.003327512628308364,0.002327512628308364,0.00032751262830836396
2025-08-25,2025-08-25T22:00:00+00:00,2025-08-26T00:00:00+00:00,110111.34375,110061.859375,-0.0004494030616168918,0,2,-0.0004494030616168918,-0.0006494030616168918,-0.0014494030616168919,-0.002449403061616892,-0.0044494030616168915
2025-08-26,2025-08-26T22:00:00+00:00,2025-08-27T00:00:00+00:00,111566.1171875,111798.0,0.0020784340115583087,0,2,0.0020784340115583087,0.0018784340115583086,0.0010784340115583086,7.843401155830862e-05,-0.0019215659884416914
2025-08-27,2025-08-27T22:00:00+00:00,2025-08-28T00:00:00+00:00,111502.21875,111261.3671875,-0.0021600607162805896,0,2,-0.0021600607162805896,-0.0023600607162805897,-0.0031600607162805897,-0.00416006071628059,-0.00616006071628059
2025-08-28,2025-08-28T22:00:00+00:00,2025-08-29T00:00:00+00:00,112039.9453125,112571.5234375,0.004744541096635945,0,2,0.004744541096635945,0.004544541096635945,0.0037445410966359446,0.0027445410966359446,0.0007445410966359445
2025-08-29,2025-08-29T22:00:00+00:00,2025-08-30T00:00:00+00:00,108468.0625,108330.4375,-0.0012688066591029963,0,2,-0.0012688066591029963,-0.0014688066591029964,-0.002268806659102996,-0.003268806659102996,-0.005268806659102996
2025-08-30,2025-08-30T22:00:00+00:00,2025-08-31T00:00:00+00:00,108585.7578125,108823.390625,0.0021884344437723725,0,2,0.0021884344437723725,0.0019884344437723724,0.0011884344437723725,0.0001884344437723725,-0.0018115655562276275
2025-08-31,2025-08-31T22:00:00+00:00,2025-09-01T00:00:00+00:00,109052.53125,108250.2578125,-0.007356761262705674,0,2,-0.007356761262705674,-0.007556761262705674,-0.008356761262705674,-0.009356761262705675,-0.011356761262705673
2025-09-01,2025-09-01T22:00:00+00:00,2025-09-02T00:00:00+00:00,107789.4296875,109212.2578125,0.013200071000700368,0,2,0.013200071000700368,0.013000071000700367,0.012200071000700367,0.011200071000700368,0.009200071000700367
2025-09-02,2025-09-02T22:00:00+00:00,2025-09-03T00:00:00+00:00,111188.3203125,111220.8046875,0.0002921563605664798,0,2,0.0002921563605664798,9.215636056647978e-05,-0.0007078436394335202,-0.0017078436394335201,-0.00370784363943352
2025-09-03,2025-09-03T22:00:00+00:00,2025-09-04T00:00:00+00:00,112021.640625,111744.234375,-0.0024763630353231134,0,2,-0.0024763630353231134,-0.0026763630353231135,-0.0034763630353231135,-0.004476363035323113,-0.006476363035323113
2025-09-04,2025-09-04T22:00:00+00:00,2025-09-05T00:00:00+00:00,110513.296875,110729.4375,0.001955788408380157,0,2,0.001955788408380157,0.0017557884083801568,0.0009557884083801569,-4.421159161984312e-05,-0.002044211591619843
2025-09-05,2025-09-05T22:00:00+00:00,2025-09-06T00:00:00+00:00,110638.703125,110652.1640625,0.00012166572022081446,0,2,0.00012166572022081446,-7.833427977918555e-05,-0.0008783342797791855,-0.0018783342797791857,-0.0038783342797791857
2025-09-06,2025-09-06T22:00:00+00:00,2025-09-07T00:00:00+00:00,110229.875,110256.1640625,0.00023849308093654284,0,2,0.00023849308093654284,3.8493080936542826e-05,-0.0007615069190634572,-0.0017615069190634572,-0.0037615069190634572
2025-09-07,2025-09-07T22:00:00+00:00,2025-09-08T00:00:00+00:00,111082.4609375,111142.3828125,0.0005394359694075805,0,2,0.0005394359694075805,0.0003394359694075805,-0.00046056403059241955,-0.0014605640305924196,-0.0034605640305924194
2025-09-08,2025-09-08T22:00:00+00:00,2025-09-09T00:00:00+00:00,112314.0859375,112052.796875,-0.002326414005144474,0,2,-0.002326414005144474,-0.002526414005144474,-0.003326414005144474,-0.004326414005144474,-0.006326414005144474
2025-09-09,2025-09-09T22:00:00+00:00,2025-09-10T00:00:00+00:00,111298.3828125,111539.0625,0.002162472458431526,0,2,0.002162472458431526,0.001962472458431526,0.0011624724584315261,0.00016247245843152612,-0.001837527541568474
2025-09-10,2025-09-10T22:00:00+00:00,2025-09-11T00:00:00+00:00,113845.25,113963.09375,0.0010351222383015541,0,2,0.0010351222383015541,0.0008351222383015542,3.5122238301554115e-05,-0.0009648777616984459,-0.002964877761698446
2025-09-11,2025-09-11T22:00:00+00:00,2025-09-12T00:00:00+00:00,114503.3203125,115509.0078125,0.00878304224938892,0,2,0.00878304224938892,0.00858304224938892,0.0077830422493889205,0.0067830422493889205,0.0047830422493889205
2025-09-12,2025-09-12T22:00:00+00:00,2025-09-13T00:00:00+00:00,115944.0703125,116104.3125,0.0013820645339438647,0,2,0.0013820645339438647,0.0011820645339438646,0.0003820645339438647,-0.0006179354660561353,-0.0026179354660561356
2025-09-13,2025-09-13T22:00:00+00:00,2025-09-14T00:00:00+00:00,115912.09375,115973.2734375,0.0005278110809727307,0,2,0.0005278110809727307,0.0003278110809727307,-0.00047218891902726934,-0.0014721889190272694,-0.0034721889190272694
2025-09-14,2025-09-14T22:00:00+00:00,2025-09-15T00:00:00+00:00,116085.46875,115377.84375,-0.006095724190285444,0,2,-0.006095724190285444,-0.006295724190285444,-0.007095724190285444,-0.008095724190285444,-0.010095724190285444
2025-09-15,2025-09-15T22:00:00+00:00,2025-09-16T00:00:00+00:00,115518.28125,115124.171875,-0.0034116623856884124,0,2,-0.0034116623856884124,-0.0036116623856884125,-0.004411662385688412,-0.005411662385688413,-0.007411662385688413
2025-09-16,2025-09-16T22:00:00+00:00,2025-09-17T00:00:00+00:00,116871.5703125,116850.6015625,-0.0001794170296842267,0,2,-0.0001794170296842267,-0.0003794170296842267,-0.0011794170296842267,-0.0021794170296842268,-0.004179417029684227
2025-09-17,2025-09-17T22:00:00+00:00,2025-09-18T00:00:00+00:00,116157.8046875,116467.4296875,0.0026655548530121233,0,2,0.0026655548530121233,0.002465554853012123,0.0016655548530121233,0.0006655548530121232,-0.0013344451469878768
2025-09-18,2025-09-18T22:00:00+00:00,2025-09-19T00:00:00+00:00,117337.84375,117145.1953125,-0.0016418269787746972,0,2,-0.0016418269787746972,-0.0018418269787746973,-0.0026418269787746975,-0.0036418269787746975,-0.0056418269787746975
2025-09-19,2025-09-19T22:00:00+00:00,2025-09-20T00:00:00+00:00,115522.828125,115692.296875,0.0014669719634688003,0,2,0.0014669719634688003,0.0012669719634688002,0.00046697196346880024,-0.0005330280365311998,-0.0025330280365311996
2025-09-20,2025-09-20T22:00:00+00:00,2025-09-21T00:00:00+00:00,115863.546875,115732.8046875,-0.0011284152006933803,0,2,-0.0011284152006933803,-0.0013284152006933804,-0.00212841520069338,-0.00312841520069338,-0.00512841520069338
2025-09-21,2025-09-21T22:00:00+00:00,2025-09-22T00:00:00+00:00,115457.2578125,115270.71875,-0.001615654710966159,0,2,-0.001615654710966159,-0.001815654710966159,-0.002615654710966159,-0.003615654710966159,-0.005615654710966159
2025-09-22,2025-09-22T22:00:00+00:00,2025-09-23T00:00:00+00:00,113055.1171875,112771.75,-0.00250645167197554,0,2,-0.00250645167197554,-0.0027064516719755402,-0.00350645167197554,-0.00450645167197554,-0.00650645167197554
2025-09-23,2025-09-23T22:00:00+00:00,2025-09-24T00:00:00+00:00,112176.6484375,112017.4375,-0.0014192877012964556,0,2,-0.0014192877012964556,-0.0016192877012964557,-0.002419287701296456,-0.003419287701296456,-0.005419287701296456
2025-09-24,2025-09-24T22:00:00+00:00,2025-09-25T00:00:00+00:00,113383.7109375,113340.0625,-0.00038496215319729776,0,2,-0.00038496215319729776,-0.0005849621531972978,-0.0013849621531972977,-0.0023849621531972977,-0.004384962153197298
2025-09-25,2025-09-25T22:00:00+00:00,2025-09-26T00:00:00+00:00,109461.984375,109014.1015625,-0.0040916745211344065,0,2,-0.0040916745211344065,-0.004291674521134406,-0.0050916745211344065,-0.0060916745211344065,-0.008091674521134407
2025-09-26,2025-09-26T22:00:00+00:00,2025-09-27T00:00:00+00:00,109519.109375,109702.3671875,0.0016732953139028393,0,2,0.0016732953139028393,0.0014732953139028392,0.0006732953139028392,-0.0003267046860971608,-0.0023267046860971606
2025-09-27,2025-09-27T22:00:00+00:00,2025-09-28T00:00:00+00:00,109495.9375,109687.5703125,0.001750136277887022,0,2,0.001750136277887022,0.001550136277887022,0.000750136277887022,-0.00024986372211297805,-0.0022498637221129783
2025-09-28,2025-09-28T22:00:00+00:00,2025-09-29T00:00:00+00:00,110958.984375,112201.1640625,0.011194944641002623,0,2,0.011194944641002623,0.010994944641002622,0.010194944641002623,0.009194944641002623,0.0071949446410026225
2025-09-29,2025-09-29T22:00:00+00:00,2025-09-30T00:00:00+00:00,114255.1953125,114389.28125,0.001173565343206152,0,2,0.001173565343206152,0.000973565343206152,0.00017356534320615196,-0.0008264346567938481,-0.002826434656793848
2025-09-30,2025-09-30T22:00:00+00:00,2025-10-01T00:00:00+00:00,114181.265625,114078.0078125,-0.0009043323520263354,0,2,-0.0009043323520263354,-0.0011043323520263354,-0.0019043323520263355,-0.0029043323520263355,-0.004904332352026335
2025-10-01,2025-10-01T22:00:00+00:00,2025-10-02T00:00:00+00:00,117613.203125,118625.8046875,0.008609590892816694,0,2,0.008609590892816694,0.008409590892816694,0.007609590892816694,0.006609590892816694,0.004609590892816694
2025-10-02,2025-10-02T22:00:00+00:00,2025-10-03T00:00:00+00:00,120220.578125,120606.3203125,0.0032086203004191385,0,2,0.0032086203004191385,0.0030086203004191384,0.0022086203004191385,0.0012086203004191384,-0.0007913796995808616
2025-10-03,2025-10-03T22:00:00+00:00,2025-10-04T00:00:00+00:00,122382.5,122276.53125,-0.0008658815598635426,0,2,-0.0008658815598635426,-0.0010658815598635425,-0.0018658815598635425,-0.0028658815598635425,-0.0048658815598635425
2025-10-04,2025-10-04T22:00:00+00:00,2025-10-05T00:00:00+00:00,122234.0625,122425.2109375,0.0015637902691813094,0,2,0.0015637902691813094,0.0013637902691813093,0.0005637902691813094,-0.0004362097308186906,-0.0024362097308186907
2025-10-05,2025-10-05T22:00:00+00:00,2025-10-06T00:00:00+00:00,122750.6796875,123508.1484375,0.006170790678539395,0,2,0.006170790678539395,0.005970790678539395,0.005170790678539395,0.0041707906785393946,0.0021707906785393945
2025-10-06,2025-10-06T22:00:00+00:00,2025-10-07T00:00:00+00:00,125201.8125,124726.34375,-0.003797618744536945,0,2,-0.003797618744536945,-0.003997618744536945,-0.004797618744536945,-0.005797618744536945,-0.007797618744536945
2025-10-07,2025-10-07T22:00:00+00:00,2025-10-08T00:00:00+00:00,122037.0390625,121408.8828125,-0.0051472590192744375,0,2,-0.0051472590192744375,-0.005347259019274437,-0.0061472590192744375,-0.0071472590192744375,-0.009147259019274438
2025-10-08,2025-10-08T22:00:00+00:00,2025-10-09T00:00:00+00:00,123272.21875,123379.09375,0.0008669836649630354,0,2,0.0008669836649630354,0.0006669836649630354,-0.00013301633503696466,-0.0011330163350369647,-0.003133016335036965
2025-10-09,2025-10-09T22:00:00+00:00,2025-10-10T00:00:00+00:00,121520.9765625,121727.234375,0.0016973021311585544,0,2,0.0016973021311585544,0.0014973021311585543,0.0006973021311585544,-0.0003026978688414456,-0.0023026978688414457
2025-10-10,2025-10-10T22:00:00+00:00,2025-10-11T00:00:00+00:00,113989.4453125,112980.5859375,-0.008850463060279224,0,2,-0.008850463060279224,-0.009050463060279224,-0.009850463060279223,-0.010850463060279224,-0.012850463060279224
2025-10-11,2025-10-11T22:00:00+00:00,2025-10-12T00:00:00+00:00,111045.375,110718.3671875,-0.002944812537217331,0,2,-0.002944812537217331,-0.0031448125372173313,-0.003944812537217331,-0.004944812537217331,-0.006944812537217331
2025-10-12,2025-10-12T22:00:00+00:00,2025-10-13T00:00:00+00:00,115646.9140625,115091.0390625,-0.004806656576236733,0,2,-0.004806656576236733,-0.005006656576236733,-0.005806656576236733,-0.006806656576236733,-0.008806656576236733
2025-10-13,2025-10-13T22:00:00+00:00,2025-10-14T00:00:00+00:00,115806.6484375,115261.4453125,-0.004707874136382093,0,2,-0.004707874136382093,-0.004907874136382093,-0.005707874136382093,-0.006707874136382093,-0.008707874136382094
2025-10-14,2025-10-14T22:00:00+00:00,2025-10-15T00:00:00+00:00,113258.609375,113084.546875,-0.0015368588839341822,0,2,-0.0015368588839341822,-0.0017368588839341823,-0.0025368588839341823,-0.0035368588839341823,-0.005536858883934182
2025-10-15,2025-10-15T22:00:00+00:00,2025-10-16T00:00:00+00:00,110918.046875,110797.3046875,-0.0010885711649437119,0,2,-0.0010885711649437119,-0.001288571164943712,-0.002088571164943712,-0.003088571164943712,-0.0050885711649437115
2025-10-16,2025-10-16T22:00:00+00:00,2025-10-17T00:00:00+00:00,108462.359375,108202.9140625,-0.0023920308759187913,0,2,-0.0023920308759187913,-0.0025920308759187914,-0.0033920308759187914,-0.004392030875918791,-0.006392030875918791
2025-10-17,2025-10-17T22:00:00+00:00,2025-10-18T00:00:00+00:00,107372.5625,106474.34375,-0.008365440193345484,0,2,-0.008365440193345484,-0.008565440193345484,-0.009365440193345485,-0.010365440193345484,-0.012365440193345484
2025-10-18,2025-10-18T22:00:00+00:00,2025-10-19T00:00:00+00:00,107227.1328125,107198.890625,-0.0002633865772517203,0,2,-0.0002633865772517203,-0.00046338657725172026,-0.0012633865772517204,-0.0022633865772517204,-0.0042633865772517205
2025-10-19,2025-10-19T22:00:00+00:00,2025-10-20T00:00:00+00:00,108791.640625,108671.8125,-0.0011014460698597448,0,2,-0.0011014460698597448,-0.0013014460698597449,-0.0021014460698597446,-0.0031014460698597446,-0.005101446069859745
2025-10-20,2025-10-20T22:00:00+00:00,2025-10-21T00:00:00+00:00,110583.3828125,110587.6328125,3.84325374383428e-05,0,2,3.84325374383428e-05,-0.0001615674625616572,-0.0009615674625616572,-0.0019615674625616574,-0.003961567462561657
2025-10-21,2025-10-21T22:00:00+00:00,2025-10-22T00:00:00+00:00,110916.078125,108380.0078125,-0.022864767267031422,0,2,-0.022864767267031422,-0.02306476726703142,-0.023864767267031423,-0.02486476726703142,-0.026864767267031422
2025-10-22,2025-10-22T22:00:00+00:00,2025-10-23T00:00:00+00:00,107178.5078125,107609.4375,0.004020672579747761,0,2,0.004020672579747761,0.0038206725797477613,0.0030206725797477614,0.0020206725797477613,2.0672579747761308e-05
2025-10-23,2025-10-23T22:00:00+00:00,2025-10-24T00:00:00+00:00,109588.0,110115.0625,0.004809491002664526,0,2,0.004809491002664526,0.004609491002664526,0.0038094910026645256,0.0028094910026645256,0.0008094910026645256
2025-10-24,2025-10-24T22:00:00+00:00,2025-10-25T00:00:00+00:00,111113.4609375,111042.21875,-0.0006411661278382183,0,2,-0.0006411661278382183,-0.0008411661278382183,-0.0016411661278382182,-0.0026411661278382182,-0.004641166127838219
2025-10-25,2025-10-25T22:00:00+00:00,2025-10-26T00:00:00+00:00,111471.3359375,111650.640625,0.0016085273042796666,0,2,0.0016085273042796666,0.0014085273042796665,0.0006085273042796666,-0.00039147269572033347,-0.0023914726957203333
2025-10-26,2025-10-26T22:00:00+00:00,2025-10-27T00:00:00+00:00,113450.8515625,114557.6640625,0.009755876529408488,0,2,0.009755876529408488,0.009555876529408487,0.008755876529408489,0.007755876529408488,0.005755876529408488
2025-10-27,2025-10-27T22:00:00+00:00,2025-10-28T00:00:00+00:00,114389.015625,114117.03125,-0.002377714097056686,0,2,-0.002377714097056686,-0.002577714097056686,-0.003377714097056686,-0.004377714097056686,-0.006377714097056686
2025-10-28,2025-10-28T22:00:00+00:00,2025-10-29T00:00:00+00:00,113061.234375,112849.84375,-0.0018697003103544968,0,2,-0.0018697003103544968,-0.0020697003103544967,-0.0028697003103544966,-0.0038697003103544967,-0.005869700310354497
2025-10-29,2025-10-29T22:00:00+00:00,2025-10-30T00:00:00+00:00,111643.109375,110066.0,-0.0141263476432085,0,2,-0.0141263476432085,-0.0143263476432085,-0.015126347643208499,-0.0161263476432085,-0.0181263476432085
2025-10-30,2025-10-30T22:00:00+00:00,2025-10-31T00:00:00+00:00,107912.5390625,108288.2734375,0.0034818416679305905,0,2,0.0034818416679305905,0.0032818416679305904,0.0024818416679305904,0.0014818416679305904,-0.0005181583320694096
2025-10-31,2025-10-31T22:00:00+00:00,2025-11-01T00:00:00+00:00,109501.3046875,109559.015625,0.0005270342455251853,0,2,0.0005270342455251853,0.0003270342455251853,-0.00047296575447481476,-0.0014729657544748148,-0.003472965754474815
2025-11-01,2025-11-01T22:00:00+00:00,2025-11-02T00:00:00+00:00,109835.0234375,110048.0625,0.0019396277783946278,0,2,0.0019396277783946278,0.0017396277783946277,0.0009396277783946278,-6.0372221605372233e-05,-0.0020603722216053725
2025-11-02,2025-11-02T22:00:00+00:00,2025-11-03T00:00:00+00:00,110002.09375,110491.5625,0.004449631214405862,0,2,0.004449631214405862,0.004249631214405862,0.003449631214405862,0.002449631214405862,0.0004496312144058618
2025-11-03,2025-11-03T22:00:00+00:00,2025-11-04T00:00:00+00:00,106849.65625,106557.8046875,-0.002731422568334187,0,2,-0.002731422568334187,-0.002931422568334187,-0.003731422568334187,-0.004731422568334187,-0.006731422568334187
2025-11-04,2025-11-04T22:00:00+00:00,2025-11-05T00:00:00+00:00,100252.7109375,101517.0859375,0.012611878403849272,0,2,0.012611878403849272,0.012411878403849271,0.011611878403849273,0.010611878403849272,0.008611878403849272
2025-11-05,2025-11-05T22:00:00+00:00,2025-11-06T00:00:00+00:00,103674.8671875,103896.96875,0.0021422893370899696,0,2,0.0021422893370899696,0.0019422893370899695,0.0011422893370899695,0.00014228933708996952,-0.0018577106629100305
2025-11-06,2025-11-06T22:00:00+00:00,2025-11-07T00:00:00+00:00,101067.796875,101282.7421875,0.0021267438209407394,0,2,0.0021267438209407394,0.0019267438209407393,0.0011267438209407394,0.00012674382094073934,-0.0018732561790592607
2025-11-07,2025-11-07T22:00:00+00:00,2025-11-08T00:00:00+00:00,103839.625,103296.953125,-0.005226057730851782,0,2,-0.005226057730851782,-0.005426057730851782,-0.006226057730851782,-0.007226057730851782,-0.009226057730851781
2025-11-08,2025-11-08T22:00:00+00:00,2025-11-09T00:00:00+00:00,102267.8046875,102287.390625,0.00019151616248973762,0,2,0.00019151616248973762,-8.483837510262388e-06,-0.0008084838375102623,-0.0018084838375102624,-0.0038084838375102626
2025-11-09,2025-11-09T22:00:00+00:00,2025-11-10T00:00:00+00:00,104504.6171875,104725.828125,0.00211675755055978,0,2,0.00211675755055978,0.00191675755055978,0.00111675755055978,0.00011675755055977994,-0.00188324244944022
2025-11-10,2025-11-10T22:00:00+00:00,2025-11-11T00:00:00+00:00,105569.3125,105986.1796875,0.003948753455224026,0,2,0.003948753455224026,0.003748753455224026,0.002948753455224026,0.0019487534552240261,-5.1246544775973915e-05
2025-11-11,2025-11-11T22:00:00+00:00,2025-11-12T00:00:00+00:00,102698.890625,103019.21875,0.0031191001485075683,0,2,0.0031191001485075683,0.002919100148507568,0.0021191001485075683,0.0011191001485075683,-0.0008808998514924318
2025-11-12,2025-11-12T22:00:00+00:00,2025-11-13T00:00:00+00:00,101894.5625,101661.0625,-0.00229158449941821,0,2,-0.00229158449941821,-0.00249158449941821,-0.00329158449941821,-0.00429158449941821,-0.00629158449941821
2025-11-13,2025-11-13T22:00:00+00:00,2025-11-14T00:00:00+00:00,98765.1328125,99690.40625,0.009368421943567667,0,2,0.009368421943567667,0.009168421943567666,0.008368421943567666,0.007368421943567667,0.005368421943567667
2025-11-14,2025-11-14T22:00:00+00:00,2025-11-15T00:00:00+00:00,94978.234375,94509.15625,-0.004938796010335921,0,2,-0.004938796010335921,-0.005138796010335921,-0.005938796010335921,-0.006938796010335921,-0.008938796010335922
2025-11-15,2025-11-15T22:00:00+00:00,2025-11-16T00:00:00+00:00,95185.5,95548.828125,0.003817053280173976,0,2,0.003817053280173976,0.003617053280173976,0.002817053280173976,0.001817053280173976,-0.0001829467198260241
2025-11-16,2025-11-16T22:00:00+00:00,2025-11-17T00:00:00+00:00,93437.3671875,94194.296875,0.008100931247143077,0,2,0.008100931247143077,0.007900931247143077,0.007100931247143077,0.006100931247143077,0.004100931247143077
2025-11-17,2025-11-17T22:00:00+00:00,2025-11-18T00:00:00+00:00,91815.34375,92059.7734375,0.0026621877947279374,0,2,0.0026621877947279374,0.0024621877947279373,0.0016621877947279374,0.0006621877947279374,-0.0013378122052720627
2025-11-18,2025-11-18T22:00:00+00:00,2025-11-19T00:00:00+00:00,92447.0625,92944.140625,0.005376894749900787,0,2,0.005376894749900787,0.005176894749900788,0.004376894749900787,0.0033768947499007874,0.0013768947499007873
2025-11-19,2025-11-19T22:00:00+00:00,2025-11-20T00:00:00+00:00,90530.3203125,91460.7890625,0.010277979209486187,0,2,0.010277979209486187,0.010077979209486186,0.009277979209486188,0.008277979209486187,0.006277979209486187
2025-11-20,2025-11-20T22:00:00+00:00,2025-11-21T00:00:00+00:00,87214.390625,86523.953125,-0.007916554768681559,0,2,-0.007916554768681559,-0.00811655476868156,-0.00891655476868156,-0.009916554768681559,-0.011916554768681559
2025-11-21,2025-11-21T22:00:00+00:00,2025-11-22T00:00:00+00:00,85124.7109375,85075.9609375,-0.000572689169374015,0,2,-0.000572689169374015,-0.0007726891693740149,-0.001572689169374015,-0.002572689169374015,-0.004572689169374015
2025-11-22,2025-11-22T22:00:00+00:00,2025-11-23T00:00:00+00:00,84372.1015625,84680.8125,0.0036589219870423327,0,2,0.0036589219870423327,0.0034589219870423326,0.0026589219870423327,0.0016589219870423327,-0.00034107801295766736
2025-11-23,2025-11-23T22:00:00+00:00,2025-11-24T00:00:00+00:00,87966.109375,86794.40625,-0.013319938023006375,0,2,-0.013319938023006375,-0.013519938023006375,-0.014319938023006375,-0.015319938023006375,-0.017319938023006375
2025-11-24,2025-11-24T22:00:00+00:00,2025-11-25T00:00:00+00:00,88777.046875,88268.5390625,-0.00572791988920278,0,2,-0.00572791988920278,-0.005927919889202779,-0.00672791988920278,-0.00772791988920278,-0.009727919889202779
2025-11-25,2025-11-25T22:00:00+00:00,2025-11-26T00:00:00+00:00,86918.5,87311.9375,0.0045265104667015655,0,2,0.0045265104667015655,0.004326510466701566,0.0035265104667015655,0.0025265104667015655,0.0005265104667015654
2025-11-26,2025-11-26T22:00:00+00:00,2025-11-27T00:00:00+00:00,90160.609375,90474.9921875,0.003486919783254848,0,2,0.003486919783254848,0.003286919783254848,0.002486919783254848,0.0014869197832548479,-0.0005130802167451522
2025-11-27,2025-11-27T22:00:00+00:00,2025-11-28T00:00:00+00:00,91443.109375,91317.5234375,-0.0013733778122633968,0,2,-0.0013733778122633968,-0.0015733778122633969,-0.0023733778122633966,-0.0033733778122633966,-0.005373377812263397
2025-11-28,2025-11-28T22:00:00+00:00,2025-11-29T19:00:00+00:00,90907.2109375,90733.03125,-0.0019160161851159532,0,2,-0.0019160161851159532,-0.002116016185115953,-0.0029160161851159534,-0.003916016185115953,-0.0059160161851159535
2025-11-29,2025-11-29T22:00:00+00:00,2025-11-30T00:00:00+00:00,91036.65625,90836.71875,-0.002196230707891361,0,2,-0.002196230707891361,-0.002396230707891361,-0.003196230707891361,-0.0041962307078913606,-0.006196230707891361
2025-11-30,2025-11-30T22:00:00+00:00,2025-12-01T00:00:00+00:00,91173.234375,90379.84375,-0.008702012497842792,0,2,-0.008702012497842792,-0.008902012497842792,-0.00970201249784279,-0.010702012497842792,-0.012702012497842792
2025-12-01,2025-12-01T22:00:00+00:00,2025-12-02T00:00:00+00:00,86440.8828125,86306.09375,-0.0015593207532640851,0,2,-0.0015593207532640851,-0.0017593207532640852,-0.002559320753264085,-0.003559320753264085,-0.005559320753264085
2025-12-02,2025-12-02T22:00:00+00:00,2025-12-03T00:00:00+00:00,91635.1796875,91345.3125,-0.0031632740666687528,0,2,-0.0031632740666687528,-0.003363274066668753,-0.004163274066668753,-0.005163274066668753,-0.007163274066668753
2025-12-03,2025-12-03T22:00:00+00:00,2025-12-04T00:00:00+00:00,93744.78125,93463.3828125,-0.00300175043077398,0,2,-0.00300175043077398,-0.00320175043077398,-0.00400175043077398,-0.00500175043077398,-0.00700175043077398
2025-12-04,2025-12-04T22:00:00+00:00,2025-12-05T00:00:00+00:00,92172.4453125,92139.3359375,-0.0003592112033888924,0,2,-0.0003592112033888924,-0.0005592112033888924,-0.0013592112033888925,-0.0023592112033888925,-0.0043592112033888925
2025-12-05,2025-12-05T22:00:00+00:00,2025-12-06T00:00:00+00:00,89188.171875,89360.8359375,0.0019359524796852441,0,2,0.0019359524796852441,0.001735952479685244,0.0009359524796852441,-6.404752031475593e-05,-0.002064047520314756
2025-12-06,2025-12-06T22:00:00+00:00,2025-12-07T00:00:00+00:00,89458.59375,89257.46875,-0.0022482468320714015,0,2,-0.0022482468320714015,-0.0024482468320714016,-0.0032482468320714016,-0.004248246832071402,-0.006248246832071402
2025-12-07,2025-12-07T22:00:00+00:00,2025-12-08T00:00:00+00:00,90157.8515625,90426.9453125,0.0029846956791495472,0,2,0.0029846956791495472,0.002784695679149547,0.0019846956791495472,0.0009846956791495472,-0.0010153043208504528
2025-12-08,2025-12-08T22:00:00+00:00,2025-12-09T00:00:00+00:00,91336.2890625,90644.140625,-0.007578022323923995,0,2,-0.007578022323923995,-0.007778022323923994,-0.008578022323923995,-0.009578022323923994,-0.011578022323923996
2025-12-09,2025-12-09T22:00:00+00:00,2025-12-10T00:00:00+00:00,92681.03125,92705.875,0.000268056469214136,0,2,0.000268056469214136,6.805646921413598e-05,-0.000731943530785864,-0.0017319435307858642,-0.003731943530785864
2025-12-10,2025-12-10T22:00:00+00:00,2025-12-11T00:00:00+00:00,92372.5,92034.4453125,-0.003659689707434572,0,2,-0.003659689707434572,-0.003859689707434572,-0.004659689707434573,-0.005659689707434572,-0.007659689707434572
2025-12-11,2025-12-11T22:00:00+00:00,2025-12-12T00:00:00+00:00,92900.546875,92522.484375,-0.004069540091176132,0,2,-0.004069540091176132,-0.004269540091176131,-0.005069540091176132,-0.006069540091176132,-0.008069540091176133
2025-12-12,2025-12-12T22:00:00+00:00,2025-12-13T00:00:00+00:00,90205.0703125,90279.3203125,0.0008231244623253838,0,2,0.0008231244623253838,0.0006231244623253838,-0.00017687553767461626,-0.0011768755376746162,-0.003176875537674616
2025-12-13,2025-12-13T22:00:00+00:00,2025-12-14T00:00:00+00:00,90186.9375,90264.171875,0.0008563809476289179,0,2,0.0008563809476289179,0.000656380947628918,-0.00014361905237108208,-0.001143619052371082,-0.003143619052371082
2025-12-14,2025-12-14T22:00:00+00:00,2025-12-15T00:00:00+00:00,88469.046875,88167.90625,-0.0034039094535005974,0,2,-0.0034039094535005974,-0.0036039094535005975,-0.0044039094535005974,-0.0054039094535005975,-0.0074039094535005975
2025-12-15,2025-12-15T22:00:00+00:00,2025-12-16T00:00:00+00:00,86205.6171875,86424.4375,0.0025383532957493796,0,2,0.0025383532957493796,0.0023383532957493795,0.0015383532957493795,0.0005383532957493795,-0.0014616467042506205
2025-12-16,2025-12-16T22:00:00+00:00,2025-12-17T00:00:00+00:00,87765.171875,87842.8671875,0.0008852636055981061,0,2,0.0008852636055981061,0.0006852636055981061,-0.0001147363944018939,-0.0011147363944018938,-0.003114736394401894
2025-12-17,2025-12-17T22:00:00+00:00,2025-12-18T00:00:00+00:00,85945.2109375,86196.7890625,0.002927191896508922,0,2,0.002927191896508922,0.002727191896508922,0.0019271918965089222,0.0009271918965089222,-0.0010728081034910779
2025-12-18,2025-12-18T22:00:00+00:00,2025-12-19T00:00:00+00:00,85583.328125,85463.296875,-0.0014025073881759609,0,2,-0.0014025073881759609,-0.001602507388175961,-0.002402507388175961,-0.003402507388175961,-0.005402507388175961
2025-12-19,2025-12-19T22:00:00+00:00,2025-12-20T00:00:00+00:00,87779.5390625,88098.40625,0.003632591272471402,0,2,0.003632591272471402,0.003432591272471402,0.002632591272471402,0.0016325912724714019,-0.0003674087275285982
2025-12-20,2025-12-20T22:00:00+00:00,2025-12-21T00:00:00+00:00,88207.6015625,88339.9609375,0.0015005438607943104,0,2,0.0015005438607943104,0.0013005438607943103,0.0005005438607943104,-0.0004994561392056896,-0.0024994561392056897
2025-12-21,2025-12-21T22:00:00+00:00,2025-12-22T00:00:00+00:00,88112.2578125,88621.6640625,0.005781332389461632,0,2,0.005781332389461632,0.005581332389461633,0.004781332389461632,0.0037813323894616323,0.0017813323894616323
2025-12-22,2025-12-22T22:00:00+00:00,2025-12-23T00:00:00+00:00,88237.6484375,88530.7265625,0.003321463459076558,0,2,0.003321463459076558,0.003121463459076558,0.002321463459076558,0.0013214634590765582,-0.0006785365409234419
2025-12-23,2025-12-23T22:00:00+00:00,2025-12-24T00:00:00+00:00,87669.0078125,87431.0859375,-0.0027138652636385452,0,2,-0.0027138652636385452,-0.0029138652636385453,-0.0037138652636385452,-0.004713865263638545,-0.006713865263638545
2025-12-24,2025-12-24T22:00:00+00:00,2025-12-25T00:00:00+00:00,87629.796875,87608.0546875,-0.0002481140921850391,0,2,-0.0002481140921850391,-0.0004481140921850391,-0.0012481140921850392,-0.002248114092185039,-0.004248114092185039
2025-12-25,2025-12-25T22:00:00+00:00,2025-12-26T00:00:00+00:00,87845.4765625,87214.5,-0.007182800836091713,0,2,-0.007182800836091713,-0.0073828008360917125,-0.008182800836091714,-0.009182800836091713,-0.011182800836091713
2025-12-26,2025-12-26T22:00:00+00:00,2025-12-27T00:00:00+00:00,87407.5546875,87316.0078125,-0.0010473565508988202,0,2,-0.0010473565508988202,-0.0012473565508988203,-0.0020473565508988202,-0.0030473565508988202,-0.005047356550898821
2025-12-27,2025-12-27T22:00:00+00:00,2025-12-28T00:00:00+00:00,87605.15625,87806.0546875,0.002293226176398721,0,2,0.002293226176398721,0.002093226176398721,0.001293226176398721,0.0002932261763987209,-0.0017067738236012792
2025-12-28,2025-12-28T22:00:00+00:00,2025-12-29T00:00:00+00:00,87503.65625,87858.109375,0.004050723594764076,0,2,0.004050723594764076,0.0038507235947640756,0.0030507235947640756,0.0020507235947640756,5.072359476407558e-05
2025-12-29,2025-12-29T22:00:00+00:00,2025-12-30T00:00:00+00:00,87227.59375,87142.078125,-0.0009803735414861195,0,2,-0.0009803735414861195,-0.0011803735414861196,-0.0019803735414861195,-0.0029803735414861195,-0.00498037354148612
2025-12-30,2025-12-30T22:00:00+00:00,2025-12-31T00:00:00+00:00,88182.109375,88407.7265625,0.0025585369764806673,0,2,0.0025585369764806673,0.002358536976480667,0.0015585369764806673,0.0005585369764806673,-0.0014414630235193328
2025-12-31,2025-12-31T22:00:00+00:00,2026-01-01T00:00:00+00:00,87652.2734375,87512.875,-0.0015903573522185633,0,2,-0.0015903573522185633,-0.0017903573522185634,-0.002590357352218563,-0.003590357352218563,-0.005590357352218563
2026-01-01,2026-01-01T22:00:00+00:00,2026-01-02T00:00:00+00:00,88271.7734375,88725.46875,0.0051397552675344705,0,2,0.0051397552675344705,0.004939755267534471,0.0041397552675344704,0.0031397552675344704,0.0011397552675344704
2026-01-02,2026-01-02T22:00:00+00:00,2026-01-03T00:00:00+00:00,89990.53125,89948.5625,-0.0004663685102981321,0,2,-0.0004663685102981321,-0.0006663685102981321,-0.001466368510298132,-0.002466368510298132,-0.004466368510298132
2026-01-03,2026-01-03T22:00:00+00:00,2026-01-04T00:00:00+00:00,90487.3125,90615.3671875,0.0014151673197278349,0,2,0.0014151673197278349,0.0012151673197278348,0.00041516731972783484,-0.0005848326802721652,-0.0025848326802721654
2026-01-04,2026-01-04T22:00:00+00:00,2026-01-05T00:00:00+00:00,91224.3984375,91498.046875,0.0029997286053629942,0,2,0.0029997286053629942,0.002799728605362994,0.001999728605362994,0.0009997286053629942,-0.0010002713946370059
2026-01-05,2026-01-05T22:00:00+00:00,2026-01-06T00:00:00+00:00,94082.9375,93869.1328125,-0.002272512882582987,0,2,-0.002272512882582987,-0.0024725128825829872,-0.003272512882582987,-0.004272512882582987,-0.006272512882582987
2026-01-06,2026-01-06T22:00:00+00:00,2026-01-07T00:00:00+00:00,93230.1640625,93623.96875,0.004224005089554489,0,2,0.004224005089554489,0.0040240050895544895,0.003224005089554489,0.002224005089554489,0.00022400508955448904
2026-01-07,2026-01-07T22:00:00+00:00,2026-01-08T00:00:00+00:00,91040.125,91280.703125,0.0026425504688180074,0,2,0.0026425504688180074,0.0024425504688180073,0.0016425504688180074,0.0006425504688180074,-0.0013574495311819926
2026-01-08,2026-01-08T22:00:00+00:00,2026-01-09T00:00:00+00:00,91200.4375,91015.2109375,-0.0020309832669388236,0,2,-0.0020309832669388236,-0.0022309832669388237,-0.0030309832669388236,-0.004030983266938824,-0.006030983266938824
2026-01-09,2026-01-09T22:00:00+00:00,2026-01-10T00:00:00+00:00,90413.21875,90509.2109375,0.001061705233229516,0,2,0.001061705233229516,0.000861705233229516,6.1705233229516e-05,-0.000938294766770484,-0.002938294766770484
2026-01-10,2026-01-10T22:00:00+00:00,2026-01-11T00:00:00+00:00,90386.4296875,90385.625,-8.902746825846627e-06,0,2,-8.902746825846627e-06,-0.00020890274682584665,-0.0010089027468258467,-0.0020089027468258467,-0.004008902746825847
2026-01-11,2026-01-11T22:00:00+00:00,2026-01-12T00:00:00+00:00,90623.984375,90851.8984375,0.002514941977798027,0,2,0.002514941977798027,0.002314941977798027,0.0015149419777980271,0.0005149419777980271,-0.001485058022201973
2026-01-12,2026-01-12T22:00:00+00:00,2026-01-13T00:00:00+00:00,90984.1953125,91195.6328125,0.002323892619743281,0,2,0.002323892619743281,0.002123892619743281,0.0013238926197432811,0.0003238926197432811,-0.001676107380256719
2026-01-13,2026-01-13T22:00:00+00:00,2026-01-14T00:00:00+00:00,94069.5078125,95363.3046875,0.013753626494770282,0,2,0.013753626494770282,0.013553626494770281,0.01275362649477028,0.011753626494770282,0.009753626494770282
2026-01-14,2026-01-14T22:00:00+00:00,2026-01-15T00:00:00+00:00,97528.46875,96934.609375,-0.006089087449145458,0,2,-0.006089087449145458,-0.0062890874491454574,-0.007089087449145458,-0.008089087449145459,-0.010089087449145457
2026-01-15,2026-01-15T22:00:00+00:00,2026-01-16T00:00:00+00:00,95553.2109375,95562.78125,0.00010015689065917216,0,2,0.00010015689065917216,-9.984310934082785e-05,-0.0008998431093408278,-0.0018998431093408279,-0.003899843109340828
2026-01-16,2026-01-16T22:00:00+00:00,2026-01-17T00:00:00+00:00,95478.6875,95514.765625,0.0003778657409801533,0,2,0.0003778657409801533,0.00017786574098015327,-0.0006221342590198467,-0.0016221342590198467,-0.0036221342590198467
2026-01-17,2026-01-17T22:00:00+00:00,2026-01-18T00:00:00+00:00,95270.3203125,95112.3984375,-0.0016576188101603325,0,2,-0.0016576188101603325,-0.0018576188101603326,-0.0026576188101603325,-0.0036576188101603326,-0.005657618810160333
2026-01-18,2026-01-18T22:00:00+00:00,2026-01-19T00:00:00+00:00,95389.390625,93646.9140625,-0.018266984945423535,0,2,-0.018266984945423535,-0.018466984945423533,-0.019266984945423535,-0.020266984945423533,-0.022266984945423535
2026-01-19,2026-01-19T22:00:00+00:00,2026-01-20T00:00:00+00:00,92968.515625,92583.640625,-0.004139842369350511,0,2,-0.004139842369350511,-0.00433984236935051,-0.005139842369350511,-0.006139842369350511,-0.00813984236935051
2026-01-20,2026-01-20T22:00:00+00:00,2026-01-21T00:00:00+00:00,89405.296875,88321.28125,-0.012124736037906031,0,2,-0.012124736037906031,-0.012324736037906032,-0.01312473603790603,-0.014124736037906031,-0.016124736037906033
2026-01-21,2026-01-21T22:00:00+00:00,2026-01-22T00:00:00+00:00,90171.5859375,89372.4296875,-0.008862617216846043,0,2,-0.008862617216846043,-0.009062617216846043,-0.009862617216846042,-0.010862617216846043,-0.012862617216846043
2026-01-22,2026-01-22T22:00:00+00:00,2026-01-23T00:00:00+00:00,89170.6953125,89460.1953125,0.0032465822878855327,0,2,0.0032465822878855327,0.0030465822878855326,0.0022465822878855327,0.0012465822878855327,-0.0007534177121144674
2026-01-23,2026-01-23T22:00:00+00:00,2026-01-24T00:00:00+00:00,89237.75,89487.0,0.0027931004535636543,0,2,0.0027931004535636543,0.002593100453563654,0.0017931004535636542,0.0007931004535636542,-0.0012068995464363458
2026-01-24,2026-01-24T22:00:00+00:00,2026-01-25T00:00:00+00:00,89261.71875,89095.46875,-0.0018625005470220121,0,2,-0.0018625005470220121,-0.002062500547022012,-0.0028625005470220123,-0.0038625005470220124,-0.005862500547022012
2026-01-25,2026-01-25T22:00:00+00:00,2026-01-26T00:00:00+00:00,86491.2890625,86577.5859375,0.0009977522122215162,0,2,0.0009977522122215162,0.0007977522122215162,-2.2477877784838653e-06,-0.0010022477877784839,-0.003002247787778484
2026-01-26,2026-01-26T22:00:00+00:00,2026-01-27T00:00:00+00:00,87976.3984375,88190.84375,0.002437532296259499,0,2,0.002437532296259499,0.002237532296259499,0.0014375322962594992,0.00043753229625949916,-0.0015624677037405009
2026-01-27,2026-01-27T22:00:00+00:00,2026-01-28T00:00:00+00:00,88947.8125,89129.90625,0.0020471976193905837,0,2,0.0020471976193905837,0.0018471976193905836,0.0010471976193905837,4.719761939058365e-05,-0.0019528023806094164
2026-01-28,2026-01-28T22:00:00+00:00,2026-01-29T00:00:00+00:00,89292.4375,89191.0546875,-0.0011354020042290815,0,2,-0.0011354020042290815,-0.0013354020042290816,-0.0021354020042290813,-0.0031354020042290813,-0.005135402004229081
2026-01-29,2026-01-29T22:00:00+00:00,2026-01-30T00:00:00+00:00,84384.71875,84553.6875,0.0020023619501605555,0,2,0.0020023619501605555,0.0018023619501605554,0.0010023619501605555,2.3619501605554732e-06,-0.0019976380498394446
2026-01-30,2026-01-30T22:00:00+00:00,2026-01-31T00:00:00+00:00,84203.7109375,84121.6015625,-0.0009751277477657188,0,2,-0.0009751277477657188,-0.001175127747765719,-0.001975127747765719,-0.002975127747765719,-0.0049751277477657185
2026-01-31,2026-01-31T22:00:00+00:00,2026-02-01T00:00:00+00:00,78177.4609375,78655.09375,0.006109597405342312,0,2,0.006109597405342312,0.005909597405342313,0.005109597405342312,0.004109597405342312,0.002109597405342312
2026-02-01,2026-02-01T22:00:00+00:00,2026-02-02T00:00:00+00:00,76473.9453125,76899.453125,0.005564088667862267,0,2,0.005564088667862267,0.005364088667862268,0.004564088667862267,0.003564088667862267,0.0015640886678622672
2026-02-02,2026-02-02T22:00:00+00:00,2026-02-03T00:00:00+00:00,78461.1484375,78677.4453125,0.0027567385809079276,0,2,0.0027567385809079276,0.0025567385809079275,0.0017567385809079275,0.0007567385809079275,-0.0012432614190920725
2026-02-03,2026-02-03T22:00:00+00:00,2026-02-04T00:00:00+00:00,76149.3984375,75621.7265625,-0.006929429330070011,0,2,-0.006929429330070011,-0.007129429330070011,-0.007929429330070011,-0.008929429330070012,-0.01092942933007001
2026-02-04,2026-02-04T22:00:00+00:00,2026-02-05T00:00:00+00:00,72625.59375,73019.046875,0.005417554675757814,0,2,0.005417554675757814,0.005217554675757814,0.004417554675757814,0.003417554675757814,0.001417554675757814
2026-02-05,2026-02-05T22:00:00+00:00,2026-02-06T00:00:00+00:00,63110.16015625,62801.2734375,-0.004894405559821891,0,2,-0.004894405559821891,-0.005094405559821891,-0.005894405559821891,-0.006894405559821891,-0.008894405559821891
2026-02-06,2026-02-06T22:00:00+00:00,2026-02-07T00:00:00+00:00,70307.0078125,70524.3515625,0.0030913525800959785,0,2,0.0030913525800959785,0.0028913525800959784,0.0020913525800959785,0.0010913525800959785,-0.0009086474199040215
2026-02-07,2026-02-07T22:00:00+00:00,2026-02-08T00:00:00+00:00,69433.6796875,69302.40625,-0.0018906305713714446,0,2,-0.0018906305713714446,-0.0020906305713714445,-0.002890630571371445,-0.003890630571371445,-0.005890630571371445
2026-02-08,2026-02-08T22:00:00+00:00,2026-02-09T00:00:00+00:00,70668.7109375,70306.1171875,-0.005130895203687541,0,2,-0.005130895203687541,-0.00533089520368754,-0.006130895203687541,-0.007130895203687541,-0.00913089520368754
2026-02-09,2026-02-09T22:00:00+00:00,2026-02-10T00:00:00+00:00,70390.984375,70109.421875,-0.0039999795783506546,0,2,-0.0039999795783506546,-0.004199979578350654,-0.004999979578350655,-0.005999979578350655,-0.007999979578350655
2026-02-10,2026-02-10T22:00:00+00:00,2026-02-11T00:00:00+00:00,68670.0390625,68791.1796875,0.0017640972198915443,0,2,0.0017640972198915443,0.0015640972198915442,0.0007640972198915442,-0.00023590278010845577,-0.002235902780108456
2026-02-11,2026-02-11T22:00:00+00:00,2026-02-12T00:00:00+00:00,67760.21875,67025.5546875,-0.010842114681042112,0,2,-0.010842114681042112,-0.011042114681042112,-0.011842114681042112,-0.012842114681042112,-0.014842114681042112
2026-02-12,2026-02-12T22:00:00+00:00,2026-02-13T00:00:00+00:00,65753.875,66202.6640625,0.006825286912748489,0,2,0.006825286912748489,0.006625286912748489,0.005825286912748489,0.004825286912748489,0.0028252869127484885
2026-02-13,2026-02-13T22:00:00+00:00,2026-02-14T00:00:00+00:00,68850.875,68857.7265625,9.951307808361186e-05,0,2,9.951307808361186e-05,-0.00010048692191638815,-0.0009004869219163881,-0.0019004869219163881,-0.003900486921916388
2026-02-14,2026-02-14T22:00:00+00:00,2026-02-15T00:00:00+00:00,69885.6328125,69758.5390625,-0.0018185962534100076,0,2,-0.0018185962534100076,-0.0020185962534100075,-0.002818596253410008,-0.003818596253410008,-0.005818596253410008
2026-02-15,2026-02-15T22:00:00+00:00,2026-02-16T00:00:00+00:00,68847.5390625,68776.75,-0.0010282003316885078,0,2,-0.0010282003316885078,-0.0012282003316885079,-0.002028200331688508,-0.003028200331688508,-0.005028200331688508
2026-02-16,2026-02-16T22:00:00+00:00,2026-02-17T00:00:00+00:00,68840.578125,68852.828125,0.00017794737251852503,0,2,0.00017794737251852503,-2.205262748147498e-05,-0.000822052627481475,-0.001822052627481475,-0.003822052627481475
2026-02-17,2026-02-17T22:00:00+00:00,2026-02-18T00:00:00+00:00,67637.65625,67482.6484375,-0.002291738376135705,0,2,-0.002291738376135705,-0.002491738376135705,-0.003291738376135705,-0.004291738376135705,-0.006291738376135705
2026-02-18,2026-02-18T22:00:00+00:00,2026-02-19T00:00:00+00:00,66303.5546875,66441.8515625,0.0020858138851199883,0,2,0.0020858138851199883,0.0018858138851199882,0.0010858138851199883,8.581388511998828e-05,-0.0019141861148800118
2026-02-19,2026-02-19T22:00:00+00:00,2026-02-20T00:00:00+00:00,66894.5546875,66959.8671875,0.0009763500228846635,0,2,0.0009763500228846635,0.0007763500228846635,-2.3649977115336495e-05,-0.0010236499771153365,-0.0030236499771153363
2026-02-20,2026-02-20T22:00:00+00:00,2026-02-21T00:00:00+00:00,67784.078125,67996.2109375,0.0031295374720418535,0,2,0.0031295374720418535,0.0029295374720418534,0.0021295374720418534,0.0011295374720418534,-0.0008704625279581466
2026-02-21,2026-02-21T22:00:00+00:00,2026-02-22T00:00:00+00:00,68362.6796875,67969.0390625,-0.005758121635948342,0,2,-0.005758121635948342,-0.005958121635948342,-0.006758121635948342,-0.007758121635948342,-0.009758121635948342
2026-02-22,2026-02-22T22:00:00+00:00,2026-02-23T00:00:00+00:00,67586.0625,67616.5390625,0.0004509296942694361,0,2,0.0004509296942694361,0.0002509296942694361,-0.0005490703057305639,-0.001549070305730564,-0.003549070305730564
2026-02-23,2026-02-23T22:00:00+00:00,2026-02-24T00:00:00+00:00,64564.26953125,64701.20703125,0.002120948645345091,0,2,0.002120948645345091,0.0019209486453450907,0.0011209486453450908,0.0001209486453450908,-0.0018790513546549092
2026-02-24,2026-02-24T22:00:00+00:00,2026-02-25T00:00:00+00:00,64066.828125,64051.15625,-0.0002446176197364227,0,2,-0.0002446176197364227,-0.0004446176197364227,-0.0012446176197364227,-0.0022446176197364227,-0.004244617619736423
2026-02-25,2026-02-25T22:00:00+00:00,2026-02-26T00:00:00+00:00,68956.046875,67982.34375,-0.014120634362423347,0,2,-0.014120634362423347,-0.014320634362423347,-0.015120634362423346,-0.016120634362423347,-0.018120634362423345
2026-02-26,2026-02-26T22:00:00+00:00,2026-02-27T00:00:00+00:00,67459.6796875,67476.703125,0.0002523498121968458,0,2,0.0002523498121968458,5.234981219684581e-05,-0.0007476501878031542,-0.0017476501878031542,-0.003747650187803154
2026-02-27,2026-02-27T22:00:00+00:00,2026-02-28T00:00:00+00:00,65550.421875,65869.328125,0.004865052594293468,0,2,0.004865052594293468,0.004665052594293468,0.0038650525942934676,0.0028650525942934676,0.0008650525942934676
2026-02-28,2026-02-28T22:00:00+00:00,2026-03-01T00:00:00+00:00,66723.3671875,66997.25,0.004104751064651147,0,2,0.004104751064651147,0.0039047510646511466,0.0031047510646511466,0.0021047510646511466,0.00010475106465114657
2026-03-01,2026-03-01T22:00:00+00:00,2026-03-02T00:00:00+00:00,65692.3515625,65758.1015625,0.0010008775517412428,0,2,0.0010008775517412428,0.0008008775517412428,8.775517412427936e-07,-0.0009991224482587572,-0.0029991224482587573
2026-03-02,2026-03-02T22:00:00+00:00,2026-03-03T00:00:00+00:00,69429.8828125,68804.5859375,-0.009006163479904692,0,2,-0.009006163479904692,-0.009206163479904692,-0.01000616347990469,-0.011006163479904692,-0.013006163479904692
2026-03-03,2026-03-03T22:00:00+00:00,2026-03-04T00:00:00+00:00,68059.0234375,68317.765625,0.003801732296932063,0,2,0.003801732296932063,0.003601732296932063,0.002801732296932063,0.001801732296932063,-0.000198267703067937
2026-03-04,2026-03-04T22:00:00+00:00,2026-03-05T00:00:00+00:00,73334.5234375,72729.2734375,-0.00825327515103892,0,2,-0.00825327515103892,-0.00845327515103892,-0.00925327515103892,-0.01025327515103892,-0.01225327515103892
2026-03-05,2026-03-05T22:00:00+00:00,2026-03-06T00:00:00+00:00,71139.7578125,70878.65625,-0.0036702621786845854,0,2,-0.0036702621786845854,-0.0038702621786845855,-0.004670262178684586,-0.005670262178684585,-0.007670262178684585
2026-03-06,2026-03-06T22:00:00+00:00,2026-03-07T00:00:00+00:00,68277.890625,68139.6875,-0.002024127045152107,0,2,-0.002024127045152107,-0.002224127045152107,-0.003024127045152107,-0.004024127045152107,-0.006024127045152107
2026-03-07,2026-03-07T22:00:00+00:00,2026-03-08T00:00:00+00:00,67452.1484375,67250.1015625,-0.0029954105196102563,0,2,-0.0029954105196102563,-0.0031954105196102564,-0.003995410519610256,-0.004995410519610256,-0.006995410519610256
2026-03-08,2026-03-08T22:00:00+00:00,2026-03-09T00:00:00+00:00,66976.671875,65975.703125,-0.01494503566656954,0,2,-0.01494503566656954,-0.01514503566656954,-0.01594503566656954,-0.01694503566656954,-0.01894503566656954
2026-03-09,2026-03-09T22:00:00+00:00,2026-03-10T00:00:00+00:00,69014.3828125,68443.1484375,-0.008277033738777957,0,2,-0.008277033738777957,-0.008477033738777957,-0.009277033738777956,-0.010277033738777957,-0.012277033738777957
2026-03-10,2026-03-10T22:00:00+00:00,2026-03-11T00:00:00+00:00,69816.8125,69956.9296875,0.002006926161230864,0,2,0.002006926161230864,0.001806926161230864,0.0010069261612308642,6.926161230864144e-06,-0.001993073838769136
2026-03-11,2026-03-11T22:00:00+00:00,2026-03-12T00:00:00+00:00,70762.3359375,70202.765625,-0.007907742234431518,0,2,-0.007907742234431518,-0.008107742234431519,-0.008907742234431519,-0.009907742234431518,-0.011907742234431518
2026-03-12,2026-03-12T22:00:00+00:00,2026-03-13T00:00:00+00:00,70298.6796875,70446.8671875,0.0021079698887481327,0,2,0.0021079698887481327,0.0019079698887481326,0.0011079698887481327,0.00010796988874813267,-0.0018920301112518674
2026-03-13,2026-03-13T22:00:00+00:00,2026-03-14T00:00:00+00:00,71110.5234375,70952.3359375,-0.0022245301026230404,0,2,-0.0022245301026230404,-0.0024245301026230405,-0.0032245301026230405,-0.004224530102623041,-0.006224530102623041
2026-03-14,2026-03-14T22:00:00+00:00,2026-03-15T00:00:00+00:00,70790.6171875,71214.4296875,0.005986845670203248,0,2,0.005986845670203248,0.0057868456702032485,0.004986845670203248,0.003986845670203248,0.001986845670203248
2026-03-15,2026-03-15T22:00:00+00:00,2026-03-16T00:00:00+00:00,72108.640625,72820.78125,0.009875940231677332,0,2,0.009875940231677332,0.009675940231677331,0.008875940231677332,0.007875940231677332,0.0058759402316773315
2026-03-16,2026-03-16T22:00:00+00:00,2026-03-17T00:00:00+00:00,74413.8125,74871.296875,0.006147842176477653,0,2,0.006147842176477653,0.005947842176477654,0.005147842176477653,0.004147842176477653,0.0021478421764776533
2026-03-17,2026-03-17T22:00:00+00:00,2026-03-18T00:00:00+00:00,74663.78125,73933.515625,-0.009780721157890727,0,2,-0.009780721157890727,-0.009980721157890728,-0.010780721157890728,-0.011780721157890727,-0.013780721157890728
2026-03-18,2026-03-18T22:00:00+00:00,2026-03-19T00:00:00+00:00,71218.265625,71216.484375,-2.5011139830042722e-05,0,2,-2.5011139830042722e-05,-0.00022501113983004273,-0.0010250111398300427,-0.0020250111398300427,-0.004025011139830043
2026-03-19,2026-03-19T22:00:00+00:00,2026-03-20T00:00:00+00:00,70437.625,69921.890625,-0.007321859233612718,0,2,-0.007321859233612718,-0.007521859233612717,-0.008321859233612717,-0.009321859233612718,-0.011321859233612718
2026-03-20,2026-03-20T22:00:00+00:00,2026-03-21T00:00:00+00:00,70545.578125,70517.6171875,-0.0003963528011699883,0,2,-0.0003963528011699883,-0.0005963528011699883,-0.0013963528011699884,-0.0023963528011699885,-0.004396352801169988
2026-03-21,2026-03-21T22:00:00+00:00,2026-03-22T00:00:00+00:00,70346.078125,68903.21875,-0.02051087158599149,0,2,-0.02051087158599149,-0.02071087158599149,-0.021510871585991492,-0.022510871585991493,-0.02451087158599149
2026-03-22,2026-03-22T22:00:00+00:00,2026-03-23T00:00:00+00:00,67877.453125,67854.984375,-0.0003310193439141357,0,2,-0.0003310193439141357,-0.0005310193439141358,-0.0013310193439141358,-0.0023310193439141356,-0.004331019343914136
2026-03-23,2026-03-23T22:00:00+00:00,2026-03-24T00:00:00+00:00,70827.125,70898.6640625,0.0010100517633604357,0,2,0.0010100517633604357,0.0008100517633604357,1.0051763360435697e-05,-0.0009899482366395643,-0.0029899482366395644
2026-03-24,2026-03-24T22:00:00+00:00,2026-03-25T00:00:00+00:00,70293.453125,70525.5625,0.003302005587735878,0,2,0.003302005587735878,0.003102005587735878,0.002302005587735878,0.001302005587735878,-0.0006979944122641221
2026-03-25,2026-03-25T22:00:00+00:00,2026-03-26T00:00:00+00:00,71007.4453125,71311.6640625,0.004284321857534085,0,2,0.004284321857534085,0.0040843218575340855,0.003284321857534085,0.002284321857534085,0.0002843218575340851
2026-03-26,2026-03-26T22:00:00+00:00,2026-03-27T00:00:00+00:00,68884.1171875,68778.71875,-0.0015300833022670434,0,2,-0.0015300833022670434,-0.0017300833022670435,-0.0025300833022670437,-0.0035300833022670437,-0.005530083302267044
2026-03-27,2026-03-27T22:00:00+00:00,2026-03-28T00:00:00+00:00,66027.5625,66363.4140625,0.005086535831153846,0,2,0.005086535831153846,0.004886535831153846,0.004086535831153846,0.003086535831153846,0.0010865358311538459
2026-03-28,2026-03-28T22:00:00+00:00,2026-03-29T00:00:00+00:00,66645.828125,66331.703125,-0.004713348289570826,0,2,-0.004713348289570826,-0.004913348289570825,-0.005713348289570826,-0.006713348289570826,-0.008713348289570825
2026-03-29,2026-03-29T22:00:00+00:00,2026-03-30T00:00:00+00:00,66672.9296875,65957.6015625,-0.010728913943826761,0,2,-0.010728913943826761,-0.010928913943826762,-0.01172891394382676,-0.012728913943826761,-0.014728913943826761
2026-03-30,2026-03-30T22:00:00+00:00,2026-03-31T00:00:00+00:00,66758.3671875,66727.5234375,-0.00046202073686690256,0,2,-0.00046202073686690256,-0.0006620207368669026,-0.0014620207368669026,-0.0024620207368669027,-0.004462020736866902
2026-03-31,2026-03-31T22:00:00+00:00,2026-04-01T00:00:00+00:00,68219.96875,68224.46875,6.596309090217811e-05,0,2,6.596309090217811e-05,-0.0001340369090978219,-0.0009340369090978219,-0.0019340369090978218,-0.003934036909097822
2026-04-01,2026-04-01T22:00:00+00:00,2026-04-02T00:00:00+00:00,68375.8828125,68095.265625,-0.004104037505000221,0,2,-0.004104037505000221,-0.004304037505000221,-0.005104037505000221,-0.006104037505000221,-0.00810403750500022
2026-04-02,2026-04-02T22:00:00+00:00,2026-04-03T00:00:00+00:00,66920.703125,66888.4765625,-0.0004815634175242387,0,2,-0.0004815634175242387,-0.0006815634175242388,-0.0014815634175242387,-0.0024815634175242387,-0.004481563417524239
2026-04-03,2026-04-03T22:00:00+00:00,2026-04-04T00:00:00+00:00,66949.21875,66937.25,-0.00017877355738374467,0,2,-0.00017877355738374467,-0.0003787735573837447,-0.0011787735573837448,-0.002178773557383745,-0.004178773557383744
2026-04-04,2026-04-04T22:00:00+00:00,2026-04-05T00:00:00+00:00,67349.390625,67280.21875,-0.0010270601464703304,0,2,-0.0010270601464703304,-0.0012270601464703305,-0.0020270601464703305,-0.0030270601464703305,-0.0050270601464703305
2026-04-05,2026-04-05T22:00:00+00:00,2026-04-06T00:00:00+00:00,67522.359375,68978.9140625,0.02157144242266046,0,2,0.02157144242266046,0.02137144242266046,0.020571442422660458,0.019571442422660457,0.01757144242266046
2026-04-06,2026-04-06T22:00:00+00:00,2026-04-07T00:00:00+00:00,69471.375,68860.4609375,-0.008793752282864706,0,2,-0.008793752282864706,-0.008993752282864706,-0.009793752282864707,-0.010793752282864706,-0.012793752282864706
2026-04-07,2026-04-07T22:00:00+00:00,2026-04-08T00:00:00+00:00,69911.75,71926.15625,0.028813557806806438,0,2,0.028813557806806438,0.02861355780680644,0.027813557806806437,0.026813557806806436,0.024813557806806438
2026-04-08,2026-04-08T22:00:00+00:00,2026-04-09T00:00:00+00:00,71546.6796875,71093.7578125,-0.0063304387705797405,0,2,-0.0063304387705797405,-0.00653043877057974,-0.0073304387705797405,-0.008330438770579741,-0.01033043877057974
2026-04-09,2026-04-09T22:00:00+00:00,2026-04-10T00:00:00+00:00,72258.2578125,71783.515625,-0.0065700751979363954,0,2,-0.0065700751979363954,-0.006770075197936395,-0.0075700751979363955,-0.008570075197936396,-0.010570075197936395
2026-04-10,2026-04-10T22:00:00+00:00,2026-04-11T00:00:00+00:00,73202.296875,72974.1953125,-0.0031160437887557744,0,2,-0.0031160437887557744,-0.0033160437887557745,-0.004116043788755774,-0.005116043788755775,-0.007116043788755775
2026-04-11,2026-04-11T22:00:00+00:00,2026-04-12T00:00:00+00:00,73449.1328125,73057.15625,-0.00533670783425902,0,2,-0.00533670783425902,-0.00553670783425902,-0.00633670783425902,-0.00733670783425902,-0.00933670783425902
2026-04-12,2026-04-12T22:00:00+00:00,2026-04-13T00:00:00+00:00,71345.109375,70741.296875,-0.008463264059576613,0,2,-0.008463264059576613,-0.008663264059576613,-0.009463264059576613,-0.010463264059576613,-0.012463264059576613
2026-04-13,2026-04-13T22:00:00+00:00,2026-04-14T00:00:00+00:00,73208.84375,74442.2265625,0.016847456527408957,0,2,0.016847456527408957,0.016647456527408958,0.015847456527408956,0.014847456527408957,0.012847456527408957
2026-04-14,2026-04-14T22:00:00+00:00,2026-04-15T00:00:00+00:00,74272.21875,74176.09375,-0.0012942255074344336,0,2,-0.0012942255074344336,-0.0014942255074344337,-0.0022942255074344334,-0.0032942255074344335,-0.0052942255074344335
2026-04-15,2026-04-15T22:00:00+00:00,2026-04-16T00:00:00+00:00,74784.7109375,74845.609375,0.0008143166796605631,0,2,0.0008143166796605631,0.0006143166796605631,-0.0001856833203394369,-0.001185683320339437,-0.003185683320339437
2026-04-16,2026-04-16T22:00:00+00:00,2026-04-17T00:00:00+00:00,74966.2578125,75160.203125,0.0025871014261520365,0,2,0.0025871014261520365,0.0023871014261520364,0.0015871014261520365,0.0005871014261520364,-0.0014128985738479636
2026-04-17,2026-04-17T22:00:00+00:00,2026-04-18T00:00:00+00:00,77473.1328125,77073.75,-0.005155113753649072,0,2,-0.005155113753649072,-0.005355113753649072,-0.006155113753649072,-0.007155113753649072,-0.009155113753649073
2026-04-18,2026-04-18T22:00:00+00:00,2026-04-19T00:00:00+00:00,75827.4921875,75736.0,-0.001206583323021756,0,2,-0.001206583323021756,-0.0014065833230217561,-0.002206583323021756,-0.003206583323021756,-0.005206583323021756
2026-04-19,2026-04-19T22:00:00+00:00,2026-04-20T00:00:00+00:00,74423.9921875,73830.0,-0.007981192220964531,0,2,-0.007981192220964531,-0.008181192220964532,-0.00898119222096453,-0.009981192220964531,-0.011981192220964531
2026-04-20,2026-04-20T22:00:00+00:00,2026-04-21T00:00:00+00:00,76054.0,75876.890625,-0.0023287318878691455,0,2,-0.0023287318878691455,-0.0025287318878691456,-0.0033287318878691455,-0.004328731887869145,-0.006328731887869145
2026-04-21,2026-04-21T22:00:00+00:00,2026-04-22T00:00:00+00:00,75566.6328125,76370.0,0.010631242356574998,0,2,0.010631242356574998,0.010431242356574997,0.009631242356574997,0.008631242356574998,0.006631242356574998
2026-04-22,2026-04-22T22:00:00+00:00,2026-04-23T00:00:00+00:00,78785.2421875,78208.5390625,-0.007319938468012975,0,2,-0.007319938468012975,-0.007519938468012975,-0.008319938468012975,-0.009319938468012975,-0.011319938468012975
2026-04-23,2026-04-23T22:00:00+00:00,2026-04-24T00:00:00+00:00,77912.2734375,78320.3828125,0.005238062720982964,0,2,0.005238062720982964,0.005038062720982965,0.004238062720982964,0.003238062720982964,0.0012380627209829641
2026-04-24,2026-04-24T22:00:00+00:00,2026-04-25T00:00:00+00:00,77572.0390625,77471.1796875,-0.0013002027047237642,0,2,-0.0013002027047237642,-0.0015002027047237643,-0.002300202704723764,-0.003300202704723764,-0.005300202704723764
2026-04-25,2026-04-25T22:00:00+00:00,2026-04-26T00:00:00+00:00,77548.8984375,77650.7265625,0.0013130828039042705,0,2,0.0013130828039042705,0.0011130828039042705,0.0003130828039042705,-0.0006869171960957295,-0.0026869171960957295
2026-04-26,2026-04-26T22:00:00+00:00,2026-04-27T00:00:00+00:00,78388.2890625,78673.828125,0.0036426239928815897,0,2,0.0036426239928815897,0.0034426239928815896,0.0026426239928815896,0.0016426239928815896,-0.0003573760071184104
2026-04-27,2026-04-27T22:00:00+00:00,2026-04-28T00:00:00+00:00,76817.34375,77380.9375,0.007336803415569807,0,2,0.007336803415569807,0.0071368034155698075,0.006336803415569807,0.005336803415569807,0.003336803415569807
2026-04-28,2026-04-28T22:00:00+00:00,2026-04-29T00:00:00+00:00,76384.8515625,76316.65625,-0.0008927858221233943,0,2,-0.0008927858221233943,-0.0010927858221233943,-0.0018927858221233942,-0.0028927858221233942,-0.004892785822123395
2026-04-29,2026-04-29T22:00:00+00:00,2026-04-30T00:00:00+00:00,75883.59375,75800.7265625,-0.001092030350763402,0,2,-0.001092030350763402,-0.001292030350763402,-0.0020920303507634018,-0.0030920303507634018,-0.005092030350763402
2026-04-30,2026-04-30T22:00:00+00:00,2026-05-01T00:00:00+00:00,76234.5390625,76295.7265625,0.0008026217611132421,0,2,0.0008026217611132421,0.0006026217611132421,-0.00019737823888675793,-0.0011973782388867578,-0.003197378238886758
2026-05-01,2026-05-01T22:00:00+00:00,2026-05-02T00:00:00+00:00,78207.7109375,78234.390625,0.0003411388363139944,0,2,0.0003411388363139944,0.0001411388363139944,-0.0006588611636860057,-0.0016588611636860057,-0.0036588611636860055
2026-05-02,2026-05-02T22:00:00+00:00,2026-05-03T00:00:00+00:00,78724.6875,78682.3125,-0.0005382682528908101,0,2,-0.0005382682528908101,-0.0007382682528908101,-0.00153826825289081,-0.00253826825289081,-0.0045382682528908105
2026-05-03,2026-05-03T22:00:00+00:00,2026-05-04T00:00:00+00:00,78869.296875,78546.0625,-0.004098354972180041,0,2,-0.004098354972180041,-0.00429835497218004,-0.005098354972180041,-0.006098354972180041,-0.00809835497218004
2026-05-04,2026-05-04T22:00:00+00:00,2026-05-05T00:00:00+00:00,80243.2890625,79852.359375,-0.0048718053817000465,0,2,-0.0048718053817000465,-0.005071805381700046,-0.0058718053817000465,-0.0068718053817000465,-0.008871805381700047
2026-05-05,2026-05-05T22:00:00+00:00,2026-05-06T00:00:00+00:00,81486.0234375,80884.8125,-0.007378086598631609,0,2,-0.007378086598631609,-0.007578086598631609,-0.00837808659863161,-0.00937808659863161,-0.011378086598631609
2026-05-06,2026-05-06T22:00:00+00:00,2026-05-07T00:00:00+00:00,81534.828125,81416.3984375,-0.0014525042883323058,0,2,-0.0014525042883323058,-0.001652504288332306,-0.002452504288332306,-0.003452504288332306,-0.005452504288332306
2026-05-07,2026-05-07T22:00:00+00:00,2026-05-08T00:00:00+00:00,79695.9765625,80027.9921875,0.004166027437277505,0,2,0.004166027437277505,0.0039660274372775054,0.003166027437277505,0.002166027437277505,0.00016602743727750502
2026-05-08,2026-05-08T22:00:00+00:00,2026-05-09T00:00:00+00:00,80227.703125,80188.3828125,-0.0004901089146069205,0,2,-0.0004901089146069205,-0.0006901089146069205,-0.0014901089146069206,-0.0024901089146069206,-0.004490108914606921
2026-05-09,2026-05-09T22:00:00+00:00,2026-05-10T00:00:00+00:00,80767.34375,80653.4609375,-0.0014100106207838488,0,2,-0.0014100106207838488,-0.0016100106207838488,-0.0024100106207838486,-0.0034100106207838486,-0.005410010620783849
2026-05-10,2026-05-10T22:00:00+00:00,2026-05-11T00:00:00+00:00,80665.0,82218.15625,0.019254400917374327,0,2,0.019254400917374327,0.01905440091737433,0.018254400917374326,0.017254400917374325,0.015254400917374327
2026-05-11,2026-05-11T22:00:00+00:00,2026-05-12T00:00:00+00:00,81831.203125,81715.28125,-0.001416597466163675,0,2,-0.001416597466163675,-0.0016165974661636752,-0.002416597466163675,-0.003416597466163675,-0.005416597466163675
2026-05-12,2026-05-12T22:00:00+00:00,2026-05-13T00:00:00+00:00,80612.5078125,80480.40625,-0.0016387228990228234,0,2,-0.0016387228990228234,-0.0018387228990228235,-0.0026387228990228237,-0.0036387228990228237,-0.005638722899022824
2026-05-13,2026-05-13T22:00:00+00:00,2026-05-14T00:00:00+00:00,79405.03125,79299.1484375,-0.001333452186003642,0,2,-0.001333452186003642,-0.001533452186003642,-0.002333452186003642,-0.003333452186003642,-0.005333452186003642
2026-05-14,2026-05-14T22:00:00+00:00,2026-05-15T00:00:00+00:00,81376.0078125,81080.078125,-0.00363657170528514,0,2,-0.00363657170528514,-0.00383657170528514,-0.00463657170528514,-0.00563657170528514,-0.00763657170528514
2026-05-15,2026-05-15T22:00:00+00:00,2026-05-16T00:00:00+00:00,78931.9921875,79050.3125,0.0014990159151049237,0,2,0.0014990159151049237,0.0012990159151049236,0.0004990159151049237,-0.0005009840848950763,-0.0025009840848950766
2026-05-16,2026-05-16T22:00:00+00:00,2026-05-17T00:00:00+00:00,78226.40625,78106.296875,-0.0015354070416599254,0,2,-0.0015354070416599254,-0.0017354070416599255,-0.0025354070416599254,-0.0035354070416599255,-0.0055354070416599255
2026-05-17,2026-05-17T22:00:00+00:00,2026-05-18T00:00:00+00:00,78317.78125,77408.0,-0.011616535038139886,0,2,-0.011616535038139886,-0.011816535038139887,-0.012616535038139885,-0.013616535038139886,-0.015616535038139886
2026-05-18,2026-05-18T22:00:00+00:00,2026-05-19T00:00:00+00:00,77059.0625,76952.46875,-0.00138327338202434,0,2,-0.00138327338202434,-0.0015832733820243402,-0.00238327338202434,-0.00338327338202434,-0.00538327338202434
2026-05-19,2026-05-19T22:00:00+00:00,2026-05-20T00:00:00+00:00,76901.0390625,76755.25,-0.0018958009446597,0,2,-0.0018958009446597,-0.0020958009446597,-0.0028958009446597,-0.0038958009446597,-0.0058958009446597
2026-05-20,2026-05-20T22:00:00+00:00,2026-05-21T00:00:00+00:00,77412.578125,77479.203125,0.0008606482514045582,0,2,0.0008606482514045582,0.0006606482514045582,-0.00013935174859544183,-0.001139351748595442,-0.003139351748595442
2026-05-21,2026-05-21T22:00:00+00:00,2026-05-22T00:00:00+00:00,77603.1796875,77551.25,-0.0006691695844051171,0,2,-0.0006691695844051171,-0.0008691695844051171,-0.001669169584405117,-0.002669169584405117,-0.004669169584405117
2026-05-22,2026-05-22T22:00:00+00:00,2026-05-23T00:00:00+00:00,75880.296875,75462.9765625,-0.005499719027028385,0,2,-0.005499719027028385,-0.0056997190270283845,-0.006499719027028385,-0.007499719027028385,-0.009499719027028385
2026-05-23,2026-05-23T22:00:00+00:00,2026-05-24T00:00:00+00:00,76715.2734375,76657.9765625,-0.0007468770224312609,0,2,-0.0007468770224312609,-0.0009468770224312609,-0.0017468770224312608,-0.002746877022431261,-0.004746877022431261
2026-05-24,2026-05-24T22:00:00+00:00,2026-05-25T00:00:00+00:00,76138.5703125,76996.109375,0.011262873192658493,0,2,0.011262873192658493,0.011062873192658492,0.010262873192658492,0.009262873192658493,0.007262873192658493
2026-05-25,2026-05-25T22:00:00+00:00,2026-05-26T00:00:00+00:00,77300.0078125,77253.203125,-0.0006054939556219724,0,2,-0.0006054939556219724,-0.0008054939556219724,-0.0016054939556219726,-0.0026054939556219726,-0.004605493955621973
2026-05-26,2026-05-26T22:00:00+00:00,2026-05-27T00:00:00+00:00,75789.796875,75828.9375,0.0005164365998309056,0,2,0.0005164365998309056,0.00031643659983090567,-0.00048356340016909437,-0.0014835634001690943,-0.0034835634001690943
2026-05-27,2026-05-27T22:00:00+00:00,2026-05-28T00:00:00+00:00,74326.4296875,74304.0,-0.00030177270177383697,0,2,-0.00030177270177383697,-0.000501772701773837,-0.001301772701773837,-0.002301772701773837,-0.004301772701773837
2026-05-28,2026-05-28T22:00:00+00:00,2026-05-29T00:00:00+00:00,73705.7734375,73516.203125,-0.0025719872902595507,0,2,-0.0025719872902595507,-0.002771987290259551,-0.0035719872902595508,-0.00457198729025955,-0.00657198729025955
2026-05-29,2026-05-29T22:00:00+00:00,2026-05-30T00:00:00+00:00,73307.2109375,73372.6796875,0.0008930738076478877,0,2,0.0008930738076478877,0.0006930738076478877,-0.00010692619235211235,-0.0011069261923521124,-0.0031069261923521124
2026-05-30,2026-05-30T22:00:00+00:00,2026-05-31T00:00:00+00:00,73852.359375,73790.7578125,-0.0008341177319360354,0,2,-0.0008341177319360354,-0.0010341177319360354,-0.0018341177319360353,-0.0028341177319360354,-0.004834117731936036
2026-05-31,2026-05-31T22:00:00+00:00,2026-06-01T00:00:00+00:00,73766.1015625,73575.1796875,-0.0025882061130509536,0,2,-0.0025882061130509536,-0.0027882061130509537,-0.0035882061130509536,-0.004588206113050953,-0.006588206113050953
2026-06-01,2026-06-01T22:00:00+00:00,2026-06-02T00:00:00+00:00,70950.0,71314.4375,0.005136539816772375,0,2,0.005136539816772375,0.004936539816772376,0.004136539816772375,0.0031365398167723752,0.0011365398167723752
2026-06-02,2026-06-02T22:00:00+00:00,2026-06-03T00:00:00+00:00,67409.3203125,66667.0078125,-0.01101201579482993,0,2,-0.01101201579482993,-0.01121201579482993,-0.012012015794829928,-0.01301201579482993,-0.01501201579482993
2026-06-03,2026-06-03T22:00:00+00:00,2026-06-04T00:00:00+00:00,65610.9921875,64052.0,-0.023761143301183216,0,2,-0.023761143301183216,-0.023961143301183215,-0.024761143301183217,-0.025761143301183217,-0.027761143301183216
2026-06-04,2026-06-04T22:00:00+00:00,2026-06-05T00:00:00+00:00,63186.421875,63775.8984375,0.009329165111867635,0,2,0.009329165111867635,0.009129165111867635,0.008329165111867636,0.007329165111867635,0.005329165111867635
2026-06-05,2026-06-05T22:00:00+00:00,2026-06-06T00:00:00+00:00,61600.0,61048.19921875,-0.008957804890422078,0,2,-0.008957804890422078,-0.009157804890422078,-0.009957804890422077,-0.010957804890422078,-0.012957804890422078
2026-06-06,2026-06-06T22:00:00+00:00,2026-06-07T00:00:00+00:00,60711.01953125,60850.0,0.002289213223943012,0,2,0.002289213223943012,0.002089213223943012,0.0012892132239430121,0.0002892132239430121,-0.001710786776056988
2026-06-07,2026-06-07T22:00:00+00:00,2026-06-08T00:00:00+00:00,61824.6015625,63300.01953125,0.023864577069024277,0,2,0.023864577069024277,0.02366457706902428,0.022864577069024276,0.021864577069024276,0.019864577069024277
2026-06-08,2026-06-08T22:00:00+00:00,2026-06-09T00:00:00+00:00,63676.30859375,63050.7109375,-0.009824653314017705,0,2,-0.009824653314017705,-0.010024653314017706,-0.010824653314017704,-0.011824653314017705,-0.013824653314017705
2026-06-09,2026-06-09T22:00:00+00:00,2026-06-10T00:00:00+00:00,61720.08984375,61699.21875,-0.00033815721595410937,0,2,-0.00033815721595410937,-0.0005381572159541093,-0.0013381572159541094,-0.002338157215954109,-0.004338157215954109
2026-06-10,2026-06-10T22:00:00+00:00,2026-06-11T00:00:00+00:00,61297.828125,61460.08984375,0.0026471038813824206,0,2,0.0026471038813824206,0.0024471038813824206,0.0016471038813824206,0.0006471038813824206,-0.0013528961186175794
2026-06-11,2026-06-11T22:00:00+00:00,2026-06-12T00:00:00+00:00,63446.66015625,63563.44921875,0.0018407440551225823,0,2,0.0018407440551225823,0.0016407440551225822,0.0008407440551225823,-0.0001592559448774177,-0.0021592559448774177
2026-06-12,2026-06-12T22:00:00+00:00,2026-06-13T00:00:00+00:00,63450.0,63532.80078125,0.0013049768518518519,0,2,0.0013049768518518519,0.0011049768518518518,0.00030497685185185185,-0.0006950231481481482,-0.002695023148148148
2026-06-13,2026-06-13T22:00:00+00:00,2026-06-14T00:00:00+00:00,64444.08984375,64415.6796875,-0.0004408496778972713,0,2,-0.0004408496778972713,-0.0006408496778972713,-0.0014408496778972714,-0.0024408496778972714,-0.0044408496778972715
2026-06-14,2026-06-14T22:00:00+00:00,2026-06-15T00:00:00+00:00,65300.01171875,65702.0,0.0061560215790064645,0,2,0.0061560215790064645,0.005956021579006465,0.0051560215790064645,0.0041560215790064645,0.0021560215790064645
2026-06-15,2026-06-15T22:00:00+00:00,2026-06-16T00:00:00+00:00,66330.9609375,66265.8515625,-0.0009815834729327826,0,2,-0.0009815834729327826,-0.0011815834729327827,-0.0019815834729327826,-0.0029815834729327827,-0.004981583472932783
2026-06-16,2026-06-16T22:00:00+00:00,2026-06-17T00:00:00+00:00,65703.7109375,65616.640625,-0.0013251962675719302,0,2,-0.0013251962675719302,-0.0015251962675719303,-0.00232519626757193,-0.00332519626757193,-0.005325196267571931
2026-06-17,2026-06-17T22:00:00+00:00,2026-06-18T00:00:00+00:00,64181.01171875,64457.578125,0.00430916245854696,0,2,0.00430916245854696,0.00410916245854696,0.00330916245854696,0.00230916245854696,0.00030916245854695993
2026-06-18,2026-06-18T22:00:00+00:00,2026-06-19T00:00:00+00:00,62886.359375,62883.53125,-4.4971994373779884e-05,0,2,-4.4971994373779884e-05,-0.0002449719943737799,-0.00104497199437378,-0.00204497199437378,-0.00404497199437378
2026-06-19,2026-06-19T22:00:00+00:00,2026-06-20T00:00:00+00:00,63001.80078125,63469.9609375,0.007430901187658264,0,2,0.007430901187658264,0.0072309011876582644,0.006430901187658264,0.005430901187658264,0.003430901187658264
2026-06-20,2026-06-20T22:00:00+00:00,2026-06-21T00:00:00+00:00,63925.2109375,64229.671875,0.004762767819376818,0,2,0.004762767819376818,0.004562767819376819,0.0037627678193768183,0.0027627678193768183,0.0007627678193768183
2026-06-21,2026-06-21T22:00:00+00:00,2026-06-22T00:00:00+00:00,63614.44921875,63235.62890625,-0.00595494132468799,0,2,-0.00595494132468799,-0.00615494132468799,-0.00695494132468799,-0.00795494132468799,-0.00995494132468799
2026-06-22,2026-06-22T22:00:00+00:00,2026-06-23T00:00:00+00:00,64246.41015625,63931.53125,-0.00490111284792724,0,2,-0.00490111284792724,-0.005101112847927239,-0.00590111284792724,-0.00690111284792724,-0.00890111284792724
2026-06-23,2026-06-23T22:00:00+00:00,2026-06-24T00:00:00+00:00,62508.12109375,62644.859375,0.00218752825804697,0,2,0.00218752825804697,0.0019875282580469698,0.0011875282580469698,0.00018752825804696982,-0.0018124717419530302
2026-06-24,2026-06-24T22:00:00+00:00,2026-06-25T00:00:00+00:00,61014.83984375,60988.30859375,-0.00043483274016522237,0,2,-0.00043483274016522237,-0.0006348327401652224,-0.0014348327401652223,-0.0024348327401652226,-0.004434832740165222
2026-06-25,2026-06-25T22:00:00+00:00,2026-06-26T00:00:00+00:00,60104.51953125,59709.78125,-0.0065675307668795965,0,2,-0.0065675307668795965,-0.006767530766879596,-0.0075675307668795965,-0.008567530766879597,-0.010567530766879597
2026-06-26,2026-06-26T22:00:00+00:00,2026-06-27T00:00:00+00:00,59812.26171875,60011.08984375,0.003324203420611851,0,2,0.003324203420611851,0.0031242034206118508,0.002324203420611851,0.0013242034206118508,-0.0006757965793881492
2026-06-27,2026-06-27T22:00:00+00:00,2026-06-28T00:00:00+00:00,60073.9296875,59934.83984375,-0.0023153112252442074,0,2,-0.0023153112252442074,-0.0025153112252442075,-0.0033153112252442074,-0.0043153112252442075,-0.0063153112252442075
2026-06-28,2026-06-28T22:00:00+00:00,2026-06-29T00:00:00+00:00,59349.28125,59478.7890625,0.0021821294171106747,0,2,0.0021821294171106747,0.0019821294171106746,0.0011821294171106746,0.00018212941711067462,-0.0018178705828893254
2026-06-29,2026-06-29T22:00:00+00:00,2026-06-30T00:00:00+00:00,60390.0,60152.37109375,-0.003934904889054479,0,2,-0.003934904889054479,-0.0041349048890544785,-0.004934904889054479,-0.005934904889054479,-0.007934904889054479
2026-06-30,2026-06-30T22:00:00+00:00,2026-07-01T00:00:00+00:00,58562.37109375,58541.55078125,-0.0003555237281405435,0,2,-0.0003555237281405435,-0.0005555237281405436,-0.0013555237281405435,-0.0023555237281405435,-0.0043555237281405436
2026-07-01,2026-07-01T22:00:00+00:00,2026-07-02T00:00:00+00:00,60748.3203125,59950.48828125,-0.013133400679159725,0,2,-0.013133400679159725,-0.013333400679159725,-0.014133400679159726,-0.015133400679159725,-0.017133400679159725
2026-07-02,2026-07-02T22:00:00+00:00,2026-07-03T00:00:00+00:00,61498.1484375,61482.46875,-0.0002549619443573187,0,2,-0.0002549619443573187,-0.0004549619443573187,-0.0012549619443573187,-0.0022549619443573187,-0.004254961944357319
2026-07-03,2026-07-03T22:00:00+00:00,2026-07-04T00:00:00+00:00,62668.23046875,62520.23046875,-0.002361643194533813,0,2,-0.002361643194533813,-0.0025616431945338133,-0.003361643194533813,-0.004361643194533813,-0.006361643194533813
2026-07-04,2026-07-04T22:00:00+00:00,2026-07-05T00:00:00+00:00,63237.98828125,63086.44921875,-0.0023963295895187606,0,2,-0.0023963295895187606,-0.0025963295895187607,-0.0033963295895187606,-0.004396329589518761,-0.006396329589518761
2026-07-05,2026-07-05T22:00:00+00:00,2026-07-06T00:00:00+00:00,63019.96875,63581.19140625,0.008905473413932786,0,2,0.008905473413932786,0.008705473413932786,0.007905473413932787,0.006905473413932786,0.004905473413932786
2026-07-06,2026-07-06T22:00:00+00:00,2026-07-07T00:00:00+00:00,64438.01171875,64006.01171875,-0.006704117468514284,0,2,-0.006704117468514284,-0.006904117468514283,-0.007704117468514284,-0.008704117468514284,-0.010704117468514284
2026-07-07,2026-07-07T22:00:00+00:00,2026-07-08T00:00:00+00:00,63382.25,63322.05859375,-0.0009496571398143803,0,2,-0.0009496571398143803,-0.0011496571398143802,-0.0019496571398143802,-0.00294965713981438,-0.00494965713981438
2026-07-08,2026-07-08T22:00:00+00:00,2026-07-09T00:00:00+00:00,62140.96875,62237.7109375,0.00155681814181566,0,2,0.00155681814181566,0.00135681814181566,0.0005568181418156601,-0.00044318185818433995,-0.00244318185818434
2026-07-09,2026-07-09T22:00:00+00:00,2026-07-10T00:00:00+00:00,63223.69921875,63170.96875,-0.0008340301089873896,0,2,-0.0008340301089873896,-0.0010340301089873897,-0.0018340301089873896,-0.00283403010898739,-0.00483403010898739
2026-07-10,2026-07-10T22:00:00+00:00,2026-07-11T00:00:00+00:00,63961.6015625,64125.28125,0.002559030472994967,0,2,0.002559030472994967,0.002359030472994967,0.0015590304729949669,0.0005590304729949668,-0.0014409695270050332
2026-07-11,2026-07-11T22:00:00+00:00,2026-07-12T00:00:00+00:00,64310.37890625,63773.6015625,-0.00834666741013142,0,2,-0.00834666741013142,-0.008546667410131421,-0.009346667410131421,-0.01034666741013142,-0.01234666741013142
2026-07-12,2026-07-12T22:00:00+00:00,2026-07-13T00:00:00+00:00,63796.48828125,63734.03125,-0.0009790042200231313,0,2,-0.0009790042200231313,-0.0011790042200231314,-0.001979004220023131,-0.002979004220023131,-0.004979004220023131
2026-07-13,2026-07-13T22:00:00+00:00,2026-07-14T00:00:00+00:00,62002.44140625,62276.87109375,0.004426110992983202,0,2,0.004426110992983202,0.0042261109929832025,0.003426110992983202,0.002426110992983202,0.0004261109929832021
2026-07-14,2026-07-14T22:00:00+00:00,2026-07-15T00:00:00+00:00,64634.828125,64996.171875,0.005590542444101223,0,2,0.005590542444101223,0.005390542444101224,0.004590542444101223,0.003590542444101223,0.0015905424441012232
2026-07-15,2026-07-15T22:00:00+00:00,2026-07-16T00:00:00+00:00,64789.609375,64697.48828125,-0.0014218498095397724,0,2,-0.0014218498095397724,-0.0016218498095397725,-0.0024218498095397722,-0.0034218498095397723,-0.005421849809539772
2026-07-16,2026-07-16T22:00:00+00:00,2026-07-17T00:00:00+00:00,64126.25,63772.05078125,-0.0055234668914835965,0,2,-0.0055234668914835965,-0.005723466891483596,-0.0065234668914835965,-0.0075234668914835965,-0.009523466891483597
2026-07-17,2026-07-17T22:00:00+00:00,2026-07-18T00:00:00+00:00,64066.01953125,63893.98828125,-0.0026852183303831905,0,2,-0.0026852183303831905,-0.0028852183303831906,-0.0036852183303831905,-0.004685218330383191,-0.006685218330383191
2026-07-18,2026-07-18T22:00:00+00:00,2026-07-19T00:00:00+00:00,64692.01171875,64799.609375,0.0016632294064031162,0,2,0.0016632294064031162,0.0014632294064031162,0.0006632294064031162,-0.0003367705935968838,-0.0023367705935968836
2026-07-19,2026-07-19T22:00:00+00:00,2026-07-20T00:00:00+00:00,64355.109375,64685.609375,0.005135567373122812,0,2,0.005135567373122812,0.004935567373122812,0.004135567373122812,0.003135567373122812,0.0011355673731228118
2026-07-20,2026-07-20T22:00:00+00:00,2026-07-21T00:00:00+00:00,65241.69140625,65192.12109375,-0.0007597950241868082,0,2,-0.0007597950241868082,-0.0009597950241868082,-0.0017597950241868081,-0.002759795024186808,-0.004759795024186809
2026-07-21,2026-07-21T22:00:00+00:00,2026-07-22T00:00:00+00:00,66329.9765625,66525.0078125,0.0029403183915831794,0,2,0.0029403183915831794,0.0027403183915831793,0.0019403183915831794,0.0009403183915831794,-0.0010596816084168206
2026-07-22,2026-07-22T22:00:00+00:00,2026-07-23T00:00:00+00:00,66041.25,66098.453125,0.0008661726572407397,0,2,0.0008661726572407397,0.0006661726572407397,-0.0001338273427592603,-0.0011338273427592602,-0.0031338273427592603
2026-07-23,2026-07-23T22:00:00+00:00,2026-07-24T00:00:00+00:00,65120.19921875,65057.51171875,-0.0009626429395497065,0,2,-0.0009626429395497065,-0.0011626429395497065,-0.0019626429395497064,-0.0029626429395497064,-0.004962642939549707
2026-07-24,2026-07-24T22:00:00+00:00,2026-07-25T00:00:00+00:00,64088.08984375,64083.30859375,-7.460434554465469e-05,0,2,-7.460434554465469e-05,-0.0002746043455446547,-0.0010746043455446548,-0.002074604345544655,-0.004074604345544654
2026-07-25,2026-07-25T22:00:00+00:00,2026-07-26T00:00:00+00:00,64295.80078125,64301.98046875,9.611339193091015e-05,0,2,9.611339193091015e-05,-0.00010388660806908986,-0.0009038866080690899,-0.00190388660806909,-0.00390388660806909
2026-07-26,2026-07-26T22:00:00+00:00,2026-07-27T00:00:00+00:00,64974.0,65351.0,0.005802320928371348,0,2,0.005802320928371348,0.005602320928371349,0.004802320928371348,0.003802320928371348,0.0018023209283713482
2026-07-27,2026-07-27T22:00:00+00:00,2026-07-28T00:00:00+00:00,64742.23828125,63698.2109375,-0.01612590746731042,0,2,-0.01612590746731042,-0.01632590746731042,-0.017125907467310422,-0.018125907467310423,-0.02012590746731042
2026-07-28,2026-07-28T22:00:00+00:00,2026-07-29T00:00:00+00:00,63907.73046875,63867.109375,-0.0006356209718613487,0,2,-0.0006356209718613487,-0.0008356209718613487,-0.0016356209718613487,-0.0026356209718613488,-0.004635620971861348
2026-07-29,2026-07-29T22:00:00+00:00,2026-07-30T00:00:00+00:00,63778.4296875,63893.421875,0.001802994963398063,0,2,0.001802994963398063,0.0016029949633980629,0.000802994963398063,-0.00019700503660193707,-0.002197005036601937
