date,entry_time,exit_time,entry_price,exit_price,gross_return,hold_hours,net_return_0bps,net_return_1bps,net_return_5bps,net_return_10bps,net_return_20bps
2024-08-30,2024-08-30T22:00:00+00:00,2024-08-31T00:00:00+00:00,59041.44140625,59119.34765625,0.0013195180900809067,2.0,0.0013195180900809067,0.0011195180900809066,0.0003195180900809067,-0.0006804819099190933,-0.0026804819099190934
2024-08-31,2024-08-31T22:00:00+00:00,2024-09-01T00:00:00+00:00,59063.03125,58966.2734375,-0.0016382127779802635,2.0,-0.0016382127779802635,-0.0018382127779802636,-0.0026382127779802636,-0.0036382127779802636,-0.005638212777980264
2024-09-01,2024-09-01T22:00:00+00:00,2024-09-02T00:00:00+00:00,58349.23046875,57315.91015625,-0.017709236337802525,2.0,-0.017709236337802525,-0.017909236337802524,-0.018709236337802526,-0.019709236337802527,-0.021709236337802525
2024-09-02,2024-09-02T22:00:00+00:00,2024-09-03T00:00:00+00:00,59055.05859375,59140.20703125,0.0014418483281126715,2.0,0.0014418483281126715,0.0012418483281126714,0.0004418483281126715,-0.0005581516718873285,-0.0025581516718873286
2024-09-03,2024-09-03T22:00:00+00:00,2024-09-04T00:00:00+00:00,58132.87109375,57472.953125,-0.011351890184225777,2.0,-0.011351890184225777,-0.011551890184225777,-0.012351890184225778,-0.013351890184225777,-0.015351890184225777
2024-09-04,2024-09-04T22:00:00+00:00,2024-09-05T00:00:00+00:00,58190.18359375,57969.75390625,-0.0037880906002790704,2.0,-0.0037880906002790704,-0.00398809060027907,-0.00478809060027907,-0.0057880906002790704,-0.0077880906002790705
2024-09-05,2024-09-05T22:00:00+00:00,2024-09-06T00:00:00+00:00,56168.5546875,56156.9140625,-0.0002072445172349724,2.0,-0.0002072445172349724,-0.0004072445172349724,-0.0012072445172349724,-0.0022072445172349724,-0.0042072445172349725
2024-09-06,2024-09-06T22:00:00+00:00,2024-09-07T00:00:00+00:00,53740.3359375,53935.4296875,0.003630303878764174,2.0,0.003630303878764174,0.003430303878764174,0.002630303878764174,0.0016303038787641739,-0.00036969612123582615
2024-09-07,2024-09-07T22:00:00+00:00,2024-09-08T00:00:00+00:00,53940.9921875,54168.890625,0.004224958204473106,2.0,0.004224958204473106,0.004024958204473106,0.003224958204473106,0.002224958204473106,0.0002249582044731059
2024-09-08,2024-09-08T22:00:00+00:00,2024-09-09T00:00:00+00:00,54464.77734375,54864.86328125,0.007345773856283211,2.0,0.007345773856283211,0.007145773856283211,0.006345773856283211,0.005345773856283211,0.003345773856283211
2024-09-09,2024-09-09T22:00:00+00:00,2024-09-10T00:00:00+00:00,57463.74609375,57054.2109375,-0.007126844038010671,2.0,-0.007126844038010671,-0.007326844038010671,-0.008126844038010672,-0.009126844038010671,-0.011126844038010671
2024-09-10,2024-09-10T22:00:00+00:00,2024-09-11T00:00:00+00:00,57512.4375,57634.66796875,0.002125287573666146,2.0,0.002125287573666146,0.0019252875736661458,0.0011252875736661458,0.0001252875736661458,-0.0018747124263338542
2024-09-11,2024-09-11T22:00:00+00:00,2024-09-12T00:00:00+00:00,57361.47265625,57344.03125,-0.00030406134017024744,2.0,-0.00030406134017024744,-0.0005040613401702474,-0.0013040613401702475,-0.0023040613401702475,-0.0043040613401702475
2024-09-12,2024-09-12T22:00:00+00:00,2024-09-13T00:00:00+00:00,57924.19921875,58129.22265625,0.0035395126780386477,2.0,0.0035395126780386477,0.0033395126780386476,0.0025395126780386476,0.0015395126780386476,-0.0004604873219613524
2024-09-13,2024-09-13T22:00:00+00:00,2024-09-14T00:00:00+00:00,60316.25390625,60544.2265625,0.0037796222657384693,2.0,0.0037796222657384693,0.003579622265738469,0.0027796222657384692,0.0017796222657384692,-0.00022037773426153082
2024-09-14,2024-09-14T22:00:00+00:00,2024-09-15T00:00:00+00:00,60053.3046875,60007.734375,-0.0007588310541298826,2.0,-0.0007588310541298826,-0.0009588310541298826,-0.0017588310541298826,-0.0027588310541298827,-0.004758831054129883
2024-09-15,2024-09-15T22:00:00+00:00,2024-09-16T00:00:00+00:00,59642.32421875,59141.94921875,-0.00838959592125843,2.0,-0.00838959592125843,-0.008589595921258431,-0.009389595921258431,-0.01038959592125843,-0.01238959592125843
2024-09-16,2024-09-16T22:00:00+00:00,2024-09-17T00:00:00+00:00,57980.0234375,58204.09375,0.003864612313265736,2.0,0.003864612313265736,0.003664612313265736,0.002864612313265736,0.0018646123132657361,-0.0001353876867342639
2024-09-17,2024-09-17T22:00:00+00:00,2024-09-18T00:00:00+00:00,60334.67578125,60316.3828125,-0.00030319163090097856,2.0,-0.00030319163090097856,-0.0005031916309009785,-0.0013031916309009786,-0.0023031916309009786,-0.004303191630900979
2024-09-18,2024-09-18T22:00:00+00:00,2024-09-19T00:00:00+00:00,60213.16796875,61760.109375,0.025691081509825908,2.0,0.025691081509825908,0.02549108150982591,0.024691081509825907,0.023691081509825906,0.021691081509825908
2024-09-19,2024-09-19T22:00:00+00:00,2024-09-20T00:00:00+00:00,62928.8046875,62958.390625,0.0004701493639824861,2.0,0.0004701493639824861,0.0002701493639824861,-0.0005298506360175139,-0.001529850636017514,-0.003529850636017514
2024-09-20,2024-09-20T22:00:00+00:00,2024-09-21T00:00:00+00:00,63129.72265625,63199.53515625,0.0011058578600153801,2.0,0.0011058578600153801,0.0009058578600153801,0.00010585786001538009,-0.0008941421399846199,-0.00289414213998462
2024-09-21,2024-09-21T22:00:00+00:00,2024-09-22T00:00:00+00:00,63109.8359375,63420.4453125,0.004921726865327436,2.0,0.004921726865327436,0.004721726865327436,0.003921726865327436,0.002921726865327436,0.0009217268653274359
2024-09-22,2024-09-22T22:00:00+00:00,2024-09-23T00:00:00+00:00,62825.37890625,63614.1796875,0.012555448052722129,2.0,0.012555448052722129,0.012355448052722129,0.011555448052722128,0.010555448052722129,0.008555448052722129
2024-09-23,2024-09-23T22:00:00+00:00,2024-09-24T00:00:00+00:00,63382.59765625,63328.78125,-0.000849072272832152,2.0,-0.000849072272832152,-0.0010490722728321521,-0.001849072272832152,-0.002849072272832152,-0.004849072272832152
2024-09-24,2024-09-24T22:00:00+00:00,2024-09-25T00:00:00+00:00,64031.66015625,64269.984375,0.0037219746945251764,2.0,0.0037219746945251764,0.0035219746945251763,0.0027219746945251764,0.0017219746945251763,-0.0002780253054748237
2024-09-25,2024-09-25T22:00:00+00:00,2024-09-26T00:00:00+00:00,63431.7734375,63139.6015625,-0.00460608081985725,2.0,-0.00460608081985725,-0.00480608081985725,-0.00560608081985725,-0.00660608081985725,-0.00860608081985725
2024-09-26,2024-09-26T22:00:00+00:00,2024-09-27T00:00:00+00:00,65054.73046875,65179.78125,0.00192223963344329,2.0,0.00192223963344329,0.00172223963344329,0.00092223963344329,-7.776036655670997e-05,-0.00207776036655671
2024-09-27,2024-09-27T22:00:00+00:00,2024-09-28T00:00:00+00:00,65831.125,65789.1484375,-0.0006376400600779375,2.0,-0.0006376400600779375,-0.0008376400600779375,-0.0016376400600779375,-0.0026376400600779375,-0.004637640060077938
2024-09-28,2024-09-28T22:00:00+00:00,2024-09-29T00:00:00+00:00,65683.34375,65888.78125,0.0031276955202208523,2.0,0.0031276955202208523,0.002927695520220852,0.0021276955202208523,0.0011276955202208522,-0.0008723044797791478
2024-09-29,2024-09-29T22:00:00+00:00,2024-09-30T00:00:00+00:00,65892.546875,65613.390625,-0.004236537563642284,2.0,-0.004236537563642284,-0.004436537563642284,-0.005236537563642284,-0.006236537563642284,-0.008236537563642284
2024-09-30,2024-09-30T22:00:00+00:00,2024-10-01T00:00:00+00:00,63693.0390625,63320.25390625,-0.005852839835200796,2.0,-0.005852839835200796,-0.006052839835200796,-0.006852839835200796,-0.007852839835200796,-0.009852839835200796
2024-10-01,2024-10-01T22:00:00+00:00,2024-10-02T00:00:00+00:00,61136.28515625,60824.83203125,-0.005094407097258169,2.0,-0.005094407097258169,-0.005294407097258169,-0.006094407097258169,-0.007094407097258169,-0.009094407097258169
2024-10-02,2024-10-02T22:00:00+00:00,2024-10-03T00:00:00+00:00,60816.90234375,60636.19140625,-0.00297139332218177,2.0,-0.00297139332218177,-0.00317139332218177,-0.00397139332218177,-0.00497139332218177,-0.00697139332218177
2024-10-03,2024-10-03T22:00:00+00:00,2024-10-04T00:00:00+00:00,60807.69921875,60747.640625,-0.00098768074637956,2.0,-0.00098768074637956,-0.0011876807463795601,-0.00198768074637956,-0.00298768074637956,-0.00498768074637956
2024-10-04,2024-10-04T22:00:00+00:00,2024-10-05T00:00:00+00:00,62280.703125,62067.1015625,-0.003429658815368386,2.0,-0.003429658815368386,-0.003629658815368386,-0.004429658815368386,-0.005429658815368386,-0.007429658815368386
2024-10-05,2024-10-05T22:00:00+00:00,2024-10-06T00:00:00+00:00,61852.6953125,62066.37109375,0.003454591269959062,2.0,0.003454591269959062,0.003254591269959062,0.002454591269959062,0.001454591269959062,-0.0005454087300409381
2024-10-06,2024-10-06T22:00:00+00:00,2024-10-07T00:00:00+00:00,62308.5546875,62817.12890625,0.00816218930611834,2.0,0.00816218930611834,0.007962189306118339,0.007162189306118339,0.006162189306118339,0.004162189306118339
2024-10-07,2024-10-07T22:00:00+00:00,2024-10-08T00:00:00+00:00,63348.90234375,62227.6640625,-0.01769941135153108,2.0,-0.01769941135153108,-0.01789941135153108,-0.01869941135153108,-0.019699411351531082,-0.02169941135153108
2024-10-08,2024-10-08T22:00:00+00:00,2024-10-09T00:00:00+00:00,62398.82421875,62122.8359375,-0.004422972463110408,2.0,-0.004422972463110408,-0.004622972463110408,-0.005422972463110408,-0.006422972463110408,-0.008422972463110408
2024-10-09,2024-10-09T22:00:00+00:00,2024-10-10T00:00:00+00:00,60862.95703125,60580.85546875,-0.0046350288625502944,2.0,-0.0046350288625502944,-0.004835028862550294,-0.0056350288625502945,-0.0066350288625502945,-0.008635028862550295
2024-10-10,2024-10-10T22:00:00+00:00,2024-10-11T00:00:00+00:00,60074.78125,60280.33203125,0.0034215818513696483,2.0,0.0034215818513696483,0.0032215818513696482,0.0024215818513696483,0.0014215818513696483,-0.0005784181486303518
2024-10-11,2024-10-11T22:00:00+00:00,2024-10-12T00:00:00+00:00,62851.5859375,62512.046875,-0.005402235400036481,2.0,-0.005402235400036481,-0.005602235400036481,-0.006402235400036481,-0.0074022354000364814,-0.009402235400036481
2024-10-12,2024-10-12T22:00:00+00:00,2024-10-13T00:00:00+00:00,63197.65625,63190.76953125,-0.00010897110998475679,2.0,-0.00010897110998475679,-0.00030897110998475677,-0.0011089711099847568,-0.002108971109984757,-0.004108971109984757
2024-10-13,2024-10-13T22:00:00+00:00,2024-10-14T00:00:00+00:00,62895.58984375,62843.5859375,-0.0008268291366563263,2.0,-0.0008268291366563263,-0.0010268291366563264,-0.0018268291366563263,-0.0028268291366563263,-0.004826829136656326
2024-10-14,2024-10-14T22:00:00+00:00,2024-10-15T00:00:00+00:00,65776.7421875,66064.0859375,0.004368470380927469,2.0,0.004368470380927469,0.00416847038092747,0.0033684703809274694,0.0023684703809274694,0.00036847038092746934
2024-10-15,2024-10-15T22:00:00+00:00,2024-10-16T00:00:00+00:00,66433.375,67053.1328125,0.009329012902024036,2.0,0.009329012902024036,0.009129012902024036,0.008329012902024036,0.007329012902024036,0.005329012902024036
2024-10-16,2024-10-16T22:00:00+00:00,2024-10-17T00:00:00+00:00,67553.296875,67607.5390625,0.0008029539638956251,2.0,0.0008029539638956251,0.0006029539638956251,-0.0001970460361043749,-0.001197046036104375,-0.003197046036104375
2024-10-17,2024-10-17T22:00:00+00:00,2024-10-18T00:00:00+00:00,67062.9765625,67411.1875,0.005192297678220159,2.0,0.005192297678220159,0.004992297678220159,0.004192297678220159,0.003192297678220159,0.001192297678220159
2024-10-18,2024-10-18T22:00:00+00:00,2024-10-19T00:00:00+00:00,68405.109375,68421.5,0.00023961112188475298,2.0,0.00023961112188475298,3.9611121884752966e-05,-0.000760388878115247,-0.001760388878115247,-0.003760388878115247
2024-10-19,2024-10-19T22:00:00+00:00,2024-10-20T00:00:00+00:00,68220.0546875,68366.5625,0.0021475768844090304,2.0,0.0021475768844090304,0.0019475768844090303,0.0011475768844090304,0.00014757688440903034,-0.0018524231155909697
2024-10-20,2024-10-20T22:00:00+00:00,2024-10-21T00:00:00+00:00,68752.5546875,69009.3671875,0.0037353157445172425,2.0,0.0037353157445172425,0.0035353157445172424,0.0027353157445172424,0.0017353157445172424,-0.0002646842554827576
2024-10-21,2024-10-21T22:00:00+00:00,2024-10-22T00:00:00+00:00,67785.171875,67358.8046875,-0.006289977228150279,2.0,-0.006289977228150279,-0.006489977228150278,-0.007289977228150279,-0.008289977228150279,-0.010289977228150279
2024-10-22,2024-10-22T22:00:00+00:00,2024-10-23T00:00:00+00:00,67486.140625,67375.8515625,-0.0016342475874097095,2.0,-0.0016342475874097095,-0.0018342475874097096,-0.0026342475874097096,-0.0036342475874097096,-0.00563424758740971
2024-10-23,2024-10-23T22:00:00+00:00,2024-10-24T00:00:00+00:00,66345.0234375,66637.390625,0.004406768923300275,2.0,0.004406768923300275,0.004206768923300275,0.003406768923300275,0.002406768923300275,0.00040676892330027484
2024-10-24,2024-10-24T22:00:00+00:00,2024-10-25T00:00:00+00:00,68306.6640625,68160.875,-0.0021343314667893187,2.0,-0.0021343314667893187,-0.002334331466789319,-0.0031343314667893188,-0.004134331466789319,-0.006134331466789319
2024-10-25,2024-10-25T22:00:00+00:00,2024-10-26T00:00:00+00:00,67172.8203125,66599.015625,-0.008542215211905013,2.0,-0.008542215211905013,-0.008742215211905014,-0.009542215211905014,-0.010542215211905013,-0.012542215211905013
2024-10-26,2024-10-26T22:00:00+00:00,2024-10-27T00:00:00+00:00,67102.9140625,67016.796875,-0.0012833598764397935,2.0,-0.0012833598764397935,-0.0014833598764397936,-0.0022833598764397936,-0.0032833598764397936,-0.005283359876439794
2024-10-27,2024-10-27T22:00:00+00:00,2024-10-28T00:00:00+00:00,67947.828125,67974.59375,0.00039391435662605723,2.0,0.00039391435662605723,0.00019391435662605722,-0.0006060856433739428,-0.0016060856433739428,-0.003606085643373943
2024-10-28,2024-10-28T22:00:00+00:00,2024-10-29T00:00:00+00:00,69760.140625,69911.7421875,0.0021731831550475533,2.0,0.0021731831550475533,0.0019731831550475532,0.0011731831550475533,0.00017318315504755329,-0.0018268168449524468
2024-10-29,2024-10-29T22:00:00+00:00,2024-10-30T00:00:00+00:00,72269.0703125,72707.6328125,0.006068467438471226,2.0,0.006068467438471226,0.005868467438471226,0.005068467438471226,0.0040684674384712256,0.0020684674384712255
2024-10-30,2024-10-30T22:00:00+00:00,2024-10-31T00:00:00+00:00,72360.71875,72334.6015625,-0.000360930459939679,2.0,-0.000360930459939679,-0.000560930459939679,-0.001360930459939679,-0.002360930459939679,-0.004360930459939679
2024-10-31,2024-10-31T22:00:00+00:00,2024-11-01T00:00:00+00:00,70350.453125,70202.875,-0.002097756566511122,2.0,-0.002097756566511122,-0.002297756566511122,-0.003097756566511122,-0.004097756566511122,-0.006097756566511122
2024-11-01,2024-11-01T22:00:00+00:00,2024-11-02T00:00:00+00:00,69213.5703125,69476.78125,0.003802880509004236,2.0,0.003802880509004236,0.003602880509004236,0.002802880509004236,0.001802880509004236,-0.00019711949099576395
2024-11-02,2024-11-02T22:00:00+00:00,2024-11-03T00:00:00+00:00,69439.3046875,69346.71875,-0.0013333361835442537,2.0,-0.0013333361835442537,-0.0015333361835442537,-0.0023333361835442537,-0.0033333361835442537,-0.005333336183544254
2024-11-03,2024-11-03T22:00:00+00:00,2024-11-04T00:00:00+00:00,69158.3671875,68746.7890625,-0.005951241212565628,2.0,-0.005951241212565628,-0.006151241212565627,-0.006951241212565628,-0.007951241212565628,-0.009951241212565628
2024-11-04,2024-11-04T22:00:00+00:00,2024-11-05T00:00:00+00:00,67097.4453125,67785.1953125,0.010250017669031442,2.0,0.010250017669031442,0.010050017669031441,0.00925001766903144,0.008250017669031441,0.006250017669031441
2024-11-05,2024-11-05T22:00:00+00:00,2024-11-06T00:00:00+00:00,69157.328125,69371.3203125,0.003094280726305909,2.0,0.003094280726305909,0.002894280726305909,0.002094280726305909,0.001094280726305909,-0.000905719273694091
2024-11-06,2024-11-06T22:00:00+00:00,2024-11-07T00:00:00+00:00,75959.640625,75634.90625,-0.004275090986845975,2.0,-0.004275090986845975,-0.004475090986845975,-0.005275090986845975,-0.006275090986845975,-0.008275090986845975
2024-11-07,2024-11-07T22:00:00+00:00,2024-11-08T00:00:00+00:00,75949.375,75900.03125,-0.0006496926406570624,2.0,-0.0006496926406570624,-0.0008496926406570624,-0.0016496926406570625,-0.0026496926406570625,-0.0046496926406570625
2024-11-08,2024-11-08T22:00:00+00:00,2024-11-09T00:00:00+00:00,76499.859375,76549.1171875,0.0006438941574851142,2.0,0.0006438941574851142,0.00044389415748511427,-0.00035610584251488577,-0.0013561058425148858,-0.003356105842514886
2024-11-09,2024-11-09T22:00:00+00:00,2024-11-10T00:00:00+00:00,76465.2421875,76721.0859375,0.0033458829486558983,2.0,0.0033458829486558983,0.003145882948655898,0.0023458829486558983,0.0013458829486558983,-0.0006541170513441018
2024-11-10,2024-11-10T22:00:00+00:00,2024-11-11T00:00:00+00:00,79925.03125,80444.125,0.006494758173773096,2.0,0.006494758173773096,0.006294758173773097,0.005494758173773096,0.004494758173773096,0.0024947581737730963
2024-11-11,2024-11-11T22:00:00+00:00,2024-11-12T00:00:00+00:00,88024.015625,88741.7890625,0.008154290989834667,2.0,0.008154290989834667,0.007954290989834667,0.007154290989834667,0.006154290989834667,0.004154290989834667
2024-11-12,2024-11-12T22:00:00+00:00,2024-11-13T00:00:00+00:00,88343.984375,88032.2890625,-0.003528200756453548,2.0,-0.003528200756453548,-0.003728200756453548,-0.004528200756453548,-0.005528200756453548,-0.007528200756453548
2024-11-13,2024-11-13T22:00:00+00:00,2024-11-14T00:00:00+00:00,88626.828125,90497.5390625,0.02110772750280021,2.0,0.02110772750280021,0.020907727502800212,0.02010772750280021,0.01910772750280021,0.01710772750280021
2024-11-14,2024-11-14T22:00:00+00:00,2024-11-15T00:00:00+00:00,88220.96875,87302.5390625,-0.010410559989458279,2.0,-0.010410559989458279,-0.01061055998945828,-0.01141055998945828,-0.012410559989458279,-0.014410559989458279
2024-11-15,2024-11-15T22:00:00+00:00,2024-11-16T00:00:00+00:00,91734.828125,91041.71875,-0.007555575010785964,2.0,-0.007555575010785964,-0.007755575010785964,-0.008555575010785965,-0.009555575010785964,-0.011555575010785964
2024-11-16,2024-11-16T22:00:00+00:00,2024-11-17T00:00:00+00:00,91053.21875,90560.3046875,-0.0054134721349430315,2.0,-0.0054134721349430315,-0.005613472134943031,-0.0064134721349430315,-0.0074134721349430315,-0.009413472134943032
2024-11-17,2024-11-17T22:00:00+00:00,2024-11-18T00:00:00+00:00,89141.9375,89849.765625,0.00794046152519412,2.0,0.00794046152519412,0.0077404615251941205,0.00694046152519412,0.00594046152519412,0.00394046152519412
2024-11-18,2024-11-18T22:00:00+00:00,2024-11-19T00:00:00+00:00,91369.2578125,90489.140625,-0.009632530772068826,2.0,-0.009632530772068826,-0.009832530772068826,-0.010632530772068827,-0.011632530772068826,-0.013632530772068826
2024-11-19,2024-11-19T22:00:00+00:00,2024-11-20T00:00:00+00:00,92321.59375,92381.0625,0.0006441477836813814,2.0,0.0006441477836813814,0.0004441477836813814,-0.00035585221631861865,-0.0013558522163186187,-0.0033558522163186187
2024-11-20,2024-11-20T22:00:00+00:00,2024-11-21T00:00:00+00:00,94449.6640625,94350.7578125,-0.0010471847727754335,2.0,-0.0010471847727754335,-0.0012471847727754336,-0.0020471847727754336,-0.0030471847727754336,-0.005047184772775434
2024-11-21,2024-11-21T22:00:00+00:00,2024-11-22T00:00:00+00:00,98069.609375,98453.703125,0.0039165420607651935,2.0,0.0039165420607651935,0.0037165420607651934,0.0029165420607651935,0.0019165420607651935,-8.345793923480657e-05
2024-11-22,2024-11-22T22:00:00+00:00,2024-11-23T00:00:00+00:00,99366.609375,99005.3046875,-0.003636077448677666,2.0,-0.003636077448677666,-0.003836077448677666,-0.004636077448677666,-0.005636077448677666,-0.007636077448677666
2024-11-23,2024-11-23T22:00:00+00:00,2024-11-24T00:00:00+00:00,98070.28125,97769.3359375,-0.0030686698219293262,2.0,-0.0030686698219293262,-0.0032686698219293263,-0.004068669821929326,-0.005068669821929326,-0.007068669821929326
2024-11-24,2024-11-24T22:00:00+00:00,2024-11-25T00:00:00+00:00,97039.484375,97939.4765625,0.00927449474094555,2.0,0.00927449474094555,0.009074494740945549,0.008274494740945548,0.007274494740945549,0.005274494740945549
2024-11-25,2024-11-25T22:00:00+00:00,2024-11-26T00:00:00+00:00,93713.890625,93027.5546875,-0.007323737526237162,2.0,-0.007323737526237162,-0.0075237375262371614,-0.008323737526237163,-0.009323737526237162,-0.011323737526237162
2024-11-26,2024-11-26T22:00:00+00:00,2024-11-27T00:00:00+00:00,91658.4140625,91938.3203125,0.0030537976558173696,2.0,0.0030537976558173696,0.0028537976558173695,0.0020537976558173696,0.0010537976558173696,-0.0009462023441826305
2024-11-27,2024-11-27T22:00:00+00:00,2024-11-28T00:00:00+00:00,96372.34375,95948.7421875,-0.004395468098180366,2.0,-0.004395468098180366,-0.004595468098180366,-0.005395468098180366,-0.006395468098180366,-0.008395468098180366
2024-11-28,2024-11-28T22:00:00+00:00,2024-11-29T00:00:00+00:00,95128.2734375,95675.8984375,0.005756700718002605,2.0,0.005756700718002605,0.005556700718002606,0.004756700718002605,0.0037567007180026053,0.0017567007180026052
2024-11-29,2024-11-29T22:00:00+00:00,2024-11-30T00:00:00+00:00,97463.640625,97486.3046875,0.00023253864061167917,2.0,0.00023253864061167917,3.253864061167916e-05,-0.0007674613593883209,-0.0017674613593883209,-0.003767461359388321
2024-11-30,2024-11-30T22:00:00+00:00,2024-12-01T00:00:00+00:00,96830.9609375,96475.828125,-0.003667554355153202,2.0,-0.003667554355153202,-0.003867554355153202,-0.004667554355153202,-0.005667554355153202,-0.007667554355153202
2024-12-01,2024-12-01T22:00:00+00:00,2024-12-02T00:00:00+00:00,97835.390625,97280.265625,-0.005674071483271037,2.0,-0.005674071483271037,-0.005874071483271037,-0.006674071483271037,-0.007674071483271037,-0.009674071483271037
2024-12-02,2024-12-02T22:00:00+00:00,2024-12-03T00:00:00+00:00,95439.5078125,95855.9296875,0.004363202247627873,2.0,0.004363202247627873,0.0041632022476278735,0.003363202247627873,0.002363202247627873,0.00036320224762787304
2024-12-03,2024-12-03T22:00:00+00:00,2024-12-04T00:00:00+00:00,96101.453125,95936.109375,-0.0017205124857471166,2.0,-0.0017205124857471166,-0.0019205124857471167,-0.0027205124857471166,-0.0037205124857471166,-0.005720512485747117
2024-12-04,2024-12-04T22:00:00+00:00,2024-12-05T00:00:00+00:00,97883.171875,98690.765625,0.008250588273041704,2.0,0.008250588273041704,0.008050588273041703,0.0072505882730417035,0.0062505882730417035,0.004250588273041703
2024-12-05,2024-12-05T22:00:00+00:00,2024-12-06T00:00:00+00:00,99020.8984375,97060.8203125,-0.019794590393836575,2.0,-0.019794590393836575,-0.019994590393836574,-0.020794590393836576,-0.021794590393836577,-0.023794590393836575
2024-12-06,2024-12-06T22:00:00+00:00,2024-12-07T00:00:00+00:00,100574.109375,99869.9765625,-0.00700113395858748,2.0,-0.00700113395858748,-0.0072011339585874795,-0.00800113395858748,-0.00900113395858748,-0.01100113395858748
2024-12-07,2024-12-07T22:00:00+00:00,2024-12-08T00:00:00+00:00,99981.0078125,99908.5390625,-0.0007248251601534861,2.0,-0.0007248251601534861,-0.0009248251601534861,-0.001724825160153486,-0.002724825160153486,-0.004724825160153486
2024-12-08,2024-12-08T22:00:00+00:00,2024-12-09T00:00:00+00:00,100069.46875,101212.4765625,0.01142214330482294,2.0,0.01142214330482294,0.01122214330482294,0.01042214330482294,0.00942214330482294,0.00742214330482294
2024-12-09,2024-12-09T22:00:00+00:00,2024-12-10T00:00:00+00:00,96978.2265625,97391.328125,0.004259735170902168,2.0,0.004259735170902168,0.004059735170902168,0.003259735170902168,0.002259735170902168,0.00025973517090216794
2024-12-10,2024-12-10T22:00:00+00:00,2024-12-11T00:00:00+00:00,96878.546875,96652.28125,-0.0023355596496709152,2.0,-0.0023355596496709152,-0.0025355596496709153,-0.0033355596496709152,-0.004335559649670915,-0.006335559649670915
2024-12-11,2024-12-11T22:00:00+00:00,2024-12-12T00:00:00+00:00,101601.4921875,101189.0859375,-0.004059057018955259,2.0,-0.004059057018955259,-0.0042590570189552585,-0.005059057018955259,-0.006059057018955259,-0.008059057018955259
2024-12-12,2024-12-12T22:00:00+00:00,2024-12-13T00:00:00+00:00,99782.6796875,100030.8515625,0.0024871237751604713,2.0,0.0024871237751604713,0.0022871237751604712,0.0014871237751604713,0.0004871237751604713,-0.0015128762248395287
2024-12-13,2024-12-13T22:00:00+00:00,2024-12-14T00:00:00+00:00,101329.5546875,101434.6171875,0.0010368396498336985,2.0,0.0010368396498336985,0.0008368396498336985,3.683964983369845e-05,-0.0009631603501663016,-0.0029631603501663016
2024-12-14,2024-12-14T22:00:00+00:00,2024-12-15T00:00:00+00:00,101071.6953125,101393.6796875,0.003185702723244699,2.0,0.003185702723244699,0.0029857027232446987,0.002185702723244699,0.0011857027232446988,-0.0008142972767553013
2024-12-15,2024-12-15T22:00:00+00:00,2024-12-16T00:00:00+00:00,102811.59375,104447.6640625,0.015913286165744278,2.0,0.015913286165744278,0.01571328616574428,0.014913286165744277,0.013913286165744278,0.011913286165744278
2024-12-16,2024-12-16T22:00:00+00:00,2024-12-17T00:00:00+00:00,106081.6484375,106052.015625,-0.00027933966842019764,2.0,-0.00027933966842019764,-0.0004793396684201976,-0.0012793396684201977,-0.0022793396684201977,-0.004279339668420198
2024-12-17,2024-12-17T22:00:00+00:00,2024-12-18T00:00:00+00:00,106389.1953125,106145.015625,-0.0022951549429691687,2.0,-0.0022951549429691687,-0.0024951549429691688,-0.0032951549429691687,-0.004295154942969169,-0.006295154942969169
2024-12-18,2024-12-18T22:00:00+00:00,2024-12-19T00:00:00+00:00,100930.46875,100150.28125,-0.007729950228731131,2.0,-0.007729950228731131,-0.007929950228731131,-0.008729950228731131,-0.00972995022873113,-0.01172995022873113
2024-12-19,2024-12-19T22:00:00+00:00,2024-12-20T00:00:00+00:00,97364.125,97406.453125,0.0004347404652380593,2.0,0.0004347404652380593,0.0002347404652380593,-0.0005652595347619407,-0.0015652595347619407,-0.0035652595347619408
2024-12-20,2024-12-20T22:00:00+00:00,2024-12-21T00:00:00+00:00,96528.6171875,97768.9921875,0.012849816314996598,2.0,0.012849816314996598,0.012649816314996598,0.011849816314996597,0.010849816314996598,0.008849816314996598
2024-12-21,2024-12-21T22:00:00+00:00,2024-12-22T00:00:00+00:00,96878.96875,97225.8359375,0.003580417834495142,2.0,0.003580417834495142,0.003380417834495142,0.002580417834495142,0.001580417834495142,-0.000419582165504858
2024-12-22,2024-12-22T22:00:00+00:00,2024-12-23T00:00:00+00:00,95110.203125,95092.5703125,-0.0001853934900846177,2.0,-0.0001853934900846177,-0.0003853934900846177,-0.0011853934900846177,-0.0021853934900846177,-0.004185393490084618
2024-12-23,2024-12-23T22:00:00+00:00,2024-12-24T00:00:00+00:00,93856.734375,94759.3671875,0.009617134226016955,2.0,0.009617134226016955,0.009417134226016954,0.008617134226016954,0.0076171342260169545,0.0056171342260169545
2024-12-24,2024-12-24T22:00:00+00:00,2024-12-25T00:00:00+00:00,98327.078125,98623.5078125,0.0030147309688501878,2.0,0.0030147309688501878,0.0028147309688501877,0.0020147309688501877,0.0010147309688501877,-0.0009852690311498123
2024-12-25,2024-12-25T22:00:00+00:00,2024-12-26T00:00:00+00:00,98410.3515625,99376.0,0.009812468121168427,2.0,0.009812468121168427,0.009612468121168427,0.008812468121168426,0.007812468121168427,0.005812468121168427
2024-12-26,2024-12-26T22:00:00+00:00,2024-12-27T00:00:00+00:00,95709.53125,95652.4609375,-0.0005962866159163749,2.0,-0.0005962866159163749,-0.0007962866159163749,-0.001596286615916375,-0.002596286615916375,-0.004596286615916375
2024-12-27,2024-12-27T22:00:00+00:00,2024-12-28T00:00:00+00:00,94372.734375,94159.828125,-0.002256014424187325,2.0,-0.002256014424187325,-0.002456014424187325,-0.003256014424187325,-0.004256014424187325,-0.006256014424187325
2024-12-28,2024-12-28T22:00:00+00:00,2024-12-29T00:00:00+00:00,94997.875,95143.1171875,0.001528899330642819,2.0,0.001528899330642819,0.0013288993306428188,0.0005288993306428189,-0.00047110066935718113,-0.002471100669357181
2024-12-29,2024-12-29T22:00:00+00:00,2024-12-30T00:00:00+00:00,93252.3671875,93508.3671875,0.0027452386220423453,2.0,0.0027452386220423453,0.002545238622042345,0.0017452386220423452,0.0007452386220423452,-0.0012547613779576548
2024-12-30,2024-12-30T22:00:00+00:00,2024-12-31T00:00:00+00:00,91951.1953125,92619.421875,0.007267187340294967,2.0,0.007267187340294967,0.0070671873402949675,0.006267187340294967,0.005267187340294967,0.003267187340294967
2024-12-31,2024-12-31T22:00:00+00:00,2025-01-01T00:00:00+00:00,93716.21875,93396.03125,-0.00341656443538485,2.0,-0.00341656443538485,-0.00361656443538485,-0.00441656443538485,-0.00541656443538485,-0.00741656443538485
2025-01-01,2025-01-01T22:00:00+00:00,2025-01-02T00:00:00+00:00,94786.71875,94390.2734375,-0.004182498537011581,2.0,-0.004182498537011581,-0.0043824985370115805,-0.005182498537011581,-0.006182498537011581,-0.008182498537011581
2025-01-02,2025-01-02T22:00:00+00:00,2025-01-03T00:00:00+00:00,97117.28125,96890.0078125,-0.0023401956333080065,2.0,-0.0023401956333080065,-0.0025401956333080066,-0.0033401956333080065,-0.0043401956333080065,-0.006340195633308007
2025-01-03,2025-01-03T22:00:00+00:00,2025-01-04T00:00:00+00:00,98255.71875,98167.5703125,-0.0008971328958905511,2.0,-0.0008971328958905511,-0.0010971328958905512,-0.0018971328958905511,-0.002897132895890551,-0.004897132895890551
2025-01-04,2025-01-04T22:00:00+00:00,2025-01-05T00:00:00+00:00,98347.984375,98211.265625,-0.001390153045523479,2.0,-0.001390153045523479,-0.001590153045523479,-0.002390153045523479,-0.003390153045523479,-0.005390153045523479
2025-01-05,2025-01-05T22:00:00+00:00,2025-01-06T00:00:00+00:00,98483.9375,98448.671875,-0.00035808504305590017,2.0,-0.00035808504305590017,-0.0005580850430559001,-0.0013580850430559002,-0.0023580850430559,-0.0043580850430559
2025-01-06,2025-01-06T22:00:00+00:00,2025-01-07T00:00:00+00:00,101672.6328125,102247.3359375,0.005652485915849548,2.0,0.005652485915849548,0.005452485915849548,0.004652485915849548,0.0036524859158495477,0.0016524859158495477
2025-01-07,2025-01-07T22:00:00+00:00,2025-01-08T00:00:00+00:00,96495.6484375,96938.7734375,0.004592175991096736,2.0,0.004592175991096736,0.004392175991096737,0.0035921759910967363,0.0025921759910967363,0.0005921759910967363
2025-01-08,2025-01-08T22:00:00+00:00,2025-01-09T00:00:00+00:00,94456.9375,95038.078125,0.0061524398353483,2.0,0.0061524398353483,0.0059524398353483,0.0051524398353483,0.0041524398353483,0.0021524398353483
2025-01-09,2025-01-09T22:00:00+00:00,2025-01-10T00:00:00+00:00,92100.03125,92529.9921875,0.004668412503931796,2.0,0.004668412503931796,0.004468412503931796,0.003668412503931796,0.002668412503931796,0.0006684125039317958
2025-01-10,2025-01-10T22:00:00+00:00,2025-01-11T00:00:00+00:00,94629.734375,94694.875,0.0006883737488034836,2.0,0.0006883737488034836,0.0004883737488034836,-0.00031162625119651646,-0.0013116262511965165,-0.0033116262511965165
2025-01-11,2025-01-11T22:00:00+00:00,2025-01-12T00:00:00+00:00,94900.234375,94567.640625,-0.0035046673192159483,2.0,-0.0035046673192159483,-0.0037046673192159484,-0.004504667319215948,-0.005504667319215948,-0.007504667319215948
2025-01-12,2025-01-12T22:00:00+00:00,2025-01-13T00:00:00+00:00,94303.28125,94489.796875,0.0019778275212454233,2.0,0.0019778275212454233,0.0017778275212454232,0.0009778275212454232,-2.217247875457677e-05,-0.002022172478754577
2025-01-13,2025-01-13T22:00:00+00:00,2025-01-14T00:00:00+00:00,94151.328125,94510.078125,0.0038103551712378447,2.0,0.0038103551712378447,0.0036103551712378446,0.0028103551712378447,0.0018103551712378447,-0.00018964482876215535
2025-01-14,2025-01-14T22:00:00+00:00,2025-01-15T00:00:00+00:00,96476.2578125,96552.5234375,0.000790511849539488,2.0,0.000790511849539488,0.0005905118495394881,-0.00020948815046051197,-0.001209488150460512,-0.003209488150460512
2025-01-15,2025-01-15T22:00:00+00:00,2025-01-16T00:00:00+00:00,99700.125,100500.3515625,0.008026334595869322,2.0,0.008026334595869322,0.007826334595869322,0.007026334595869322,0.006026334595869322,0.004026334595869322
2025-01-16,2025-01-16T22:00:00+00:00,2025-01-17T00:00:00+00:00,100119.484375,99981.2734375,-0.0013804599410672802,2.0,-0.0013804599410672802,-0.0015804599410672803,-0.0023804599410672802,-0.0033804599410672802,-0.00538045994106728
2025-01-17,2025-01-17T22:00:00+00:00,2025-01-18T00:00:00+00:00,104646.40625,104114.4140625,-0.005083711964547266,2.0,-0.005083711964547266,-0.005283711964547266,-0.006083711964547266,-0.007083711964547266,-0.009083711964547266
2025-01-18,2025-01-18T22:00:00+00:00,2025-01-19T00:00:00+00:00,103788.7421875,104428.34375,0.006162533132394232,2.0,0.006162533132394232,0.005962533132394233,0.005162533132394232,0.004162533132394232,0.002162533132394232
2025-01-19,2025-01-19T22:00:00+00:00,2025-01-20T00:00:00+00:00,103472.390625,101165.734375,-0.0222924804971375,2.0,-0.0222924804971375,-0.0224924804971375,-0.023292480497137502,-0.024292480497137503,-0.0262924804971375
2025-01-20,2025-01-20T22:00:00+00:00,2025-01-21T00:00:00+00:00,102489.765625,102130.6484375,-0.003503932176154745,2.0,-0.003503932176154745,-0.003703932176154745,-0.004503932176154745,-0.005503932176154745,-0.007503932176154745
2025-01-21,2025-01-21T22:00:00+00:00,2025-01-22T00:00:00+00:00,106790.015625,106153.734375,-0.0059582466233017994,2.0,-0.0059582466233017994,-0.006158246623301799,-0.0069582466233017995,-0.0079582466233018,-0.0099582466233018
2025-01-22,2025-01-22T22:00:00+00:00,2025-01-23T00:00:00+00:00,104075.8828125,103654.8125,-0.004045801016731132,2.0,-0.004045801016731132,-0.004245801016731132,-0.005045801016731132,-0.006045801016731132,-0.008045801016731132
2025-01-23,2025-01-23T22:00:00+00:00,2025-01-24T00:00:00+00:00,103126.3046875,103925.5625,0.007750280735084658,2.0,0.007750280735084658,0.007550280735084658,0.006750280735084658,0.005750280735084658,0.003750280735084658
2025-01-24,2025-01-24T22:00:00+00:00,2025-01-25T00:00:00+00:00,105090.03125,104839.46875,-0.0023842651583567687,2.0,-0.0023842651583567687,-0.0025842651583567688,-0.0033842651583567687,-0.004384265158356769,-0.006384265158356769
2025-01-25,2025-01-25T22:00:00+00:00,2025-01-26T00:00:00+00:00,105083.109375,104720.7578125,-0.0034482379200153623,2.0,-0.0034482379200153623,-0.0036482379200153624,-0.004448237920015362,-0.005448237920015362,-0.007448237920015362
2025-01-26,2025-01-26T22:00:00+00:00,2025-01-27T00:00:00+00:00,104630.8046875,102614.0078125,-0.019275364277504647,2.0,-0.019275364277504647,-0.019475364277504646,-0.02027536427750465,-0.02127536427750465,-0.023275364277504648
2025-01-27,2025-01-27T22:00:00+00:00,2025-01-28T00:00:00+00:00,101365.328125,102097.46875,0.007222791446964472,2.0,0.007222791446964472,0.007022791446964472,0.006222791446964472,0.005222791446964472,0.0032227914469644715
2025-01-28,2025-01-28T22:00:00+00:00,2025-01-29T00:00:00+00:00,100265.703125,101287.8359375,0.010194241706216634,2.0,0.010194241706216634,0.009994241706216633,0.009194241706216633,0.008194241706216633,0.006194241706216633
2025-01-29,2025-01-29T22:00:00+00:00,2025-01-30T00:00:00+00:00,103750.65625,103718.0546875,-0.00031422994011187644,2.0,-0.00031422994011187644,-0.0005142299401118764,-0.0013142299401118765,-0.0023142299401118765,-0.0043142299401118765
2025-01-30,2025-01-30T22:00:00+00:00,2025-01-31T00:00:00+00:00,105048.7421875,104758.4609375,-0.002763300577953487,2.0,-0.002763300577953487,-0.002963300577953487,-0.003763300577953487,-0.004763300577953487,-0.006763300577953487
2025-01-31,2025-01-31T22:00:00+00:00,2025-02-01T00:00:00+00:00,102113.875,102405.390625,0.002854809153016724,2.0,0.002854809153016724,0.002654809153016724,0.001854809153016724,0.0008548091530167241,-0.001145190846983276
2025-02-01,2025-02-01T22:00:00+00:00,2025-02-02T00:00:00+00:00,101142.078125,100624.8984375,-0.005113397876409298,2.0,-0.005113397876409298,-0.005313397876409298,-0.006113397876409298,-0.007113397876409298,-0.009113397876409298
2025-02-02,2025-02-02T22:00:00+00:00,2025-02-03T00:00:00+00:00,96945.375,97663.9140625,0.007411793110295273,2.0,0.007411793110295273,0.007211793110295273,0.006411793110295273,0.005411793110295273,0.0034117931102952727
2025-02-03,2025-02-03T22:00:00+00:00,2025-02-04T00:00:00+00:00,101907.15625,101469.5859375,-0.004293813394483759,2.0,-0.004293813394483759,-0.004493813394483758,-0.005293813394483759,-0.006293813394483759,-0.008293813394483759
2025-02-04,2025-02-04T22:00:00+00:00,2025-02-05T00:00:00+00:00,96524.609375,97807.84375,0.013294375220049837,2.0,0.013294375220049837,0.013094375220049836,0.012294375220049836,0.011294375220049837,0.009294375220049837
2025-02-05,2025-02-05T22:00:00+00:00,2025-02-06T00:00:00+00:00,96928.2578125,96547.3203125,-0.003930097461742221,2.0,-0.003930097461742221,-0.004130097461742221,-0.004930097461742221,-0.005930097461742221,-0.007930097461742221
2025-02-06,2025-02-06T22:00:00+00:00,2025-02-07T00:00:00+00:00,96801.8984375,96647.3515625,-0.0015965273150069237,2.0,-0.0015965273150069237,-0.0017965273150069238,-0.0025965273150069237,-0.0035965273150069237,-0.005596527315006924
2025-02-07,2025-02-07T22:00:00+00:00,2025-02-08T00:00:00+00:00,95993.4375,96541.4921875,0.005709293278511884,2.0,0.005709293278511884,0.005509293278511885,0.004709293278511884,0.0037092932785118844,0.0017092932785118843
2025-02-08,2025-02-08T22:00:00+00:00,2025-02-09T00:00:00+00:00,96546.8515625,96473.75,-0.0007571615367765183,2.0,-0.0007571615367765183,-0.0009571615367765183,-0.0017571615367765183,-0.0027571615367765184,-0.004757161536776518
2025-02-09,2025-02-09T22:00:00+00:00,2025-02-10T00:00:00+00:00,94850.4453125,96488.453125,0.01726937398241324,2.0,0.01726937398241324,0.01706937398241324,0.016269373982413238,0.015269373982413239,0.013269373982413239
2025-02-10,2025-02-10T22:00:00+00:00,2025-02-11T00:00:00+00:00,97391.4453125,97443.0859375,0.0005302377927989266,2.0,0.0005302377927989266,0.0003302377927989266,-0.00046976220720107344,-0.0014697622072010735,-0.0034697622072010735
2025-02-11,2025-02-11T22:00:00+00:00,2025-02-12T00:00:00+00:00,96341.0703125,95756.109375,-0.006071771214525401,2.0,-0.006071771214525401,-0.006271771214525401,-0.007071771214525401,-0.008071771214525401,-0.010071771214525401
2025-02-12,2025-02-12T22:00:00+00:00,2025-02-13T00:00:00+00:00,97667.2734375,97867.46875,0.00204976862211792,2.0,0.00204976862211792,0.00184976862211792,0.00104976862211792,4.976862211792006e-05,-0.00195023137788208
2025-02-13,2025-02-13T22:00:00+00:00,2025-02-14T00:00:00+00:00,96475.9375,96619.46875,0.0014877414381175846,2.0,0.0014877414381175846,0.0012877414381175845,0.0004877414381175846,-0.0005122585618824154,-0.0025122585618824154
2025-02-14,2025-02-14T22:00:00+00:00,2025-02-15T00:00:00+00:00,97491.8828125,97502.3671875,0.00010754100441534575,2.0,0.00010754100441534575,-9.245899558465426e-05,-0.0008924589955846543,-0.0018924589955846543,-0.0038924589955846543
2025-02-15,2025-02-15T22:00:00+00:00,2025-02-16T00:00:00+00:00,97687.375,97586.359375,-0.0010340704210753948,2.0,-0.0010340704210753948,-0.001234070421075395,-0.002034070421075395,-0.003034070421075395,-0.005034070421075395
2025-02-16,2025-02-16T22:00:00+00:00,2025-02-17T00:00:00+00:00,97172.75,96137.8828125,-0.010649767424509404,2.0,-0.010649767424509404,-0.010849767424509405,-0.011649767424509405,-0.012649767424509404,-0.014649767424509404
2025-02-17,2025-02-17T22:00:00+00:00,2025-02-18T00:00:00+00:00,96403.34375,95774.21875,-0.0065259665850542214,2.0,-0.0065259665850542214,-0.006725966585054221,-0.0075259665850542215,-0.008525966585054221,-0.010525966585054222
2025-02-18,2025-02-18T22:00:00+00:00,2025-02-19T00:00:00+00:00,94986.0625,95607.8671875,0.006546272907143713,2.0,0.006546272907143713,0.0063462729071437135,0.005546272907143713,0.004546272907143713,0.002546272907143713
2025-02-19,2025-02-19T22:00:00+00:00,2025-02-20T00:00:00+00:00,96279.0,96628.3984375,0.0036290202172852837,2.0,0.0036290202172852837,0.0034290202172852836,0.0026290202172852837,0.0016290202172852836,-0.0003709797827147164
2025-02-20,2025-02-20T22:00:00+00:00,2025-02-21T00:00:00+00:00,98129.4140625,98338.84375,0.0021342192807409788,2.0,0.0021342192807409788,0.0019342192807409787,0.0011342192807409788,0.00013421928074097873,-0.0018657807192590213
2025-02-21,2025-02-21T22:00:00+00:00,2025-02-22T00:00:00+00:00,95321.34375,96117.0703125,0.008347831988048338,2.0,0.008347831988048338,0.008147831988048337,0.007347831988048338,0.0063478319880483376,0.0043478319880483375
2025-02-22,2025-02-22T22:00:00+00:00,2025-02-23T00:00:00+00:00,96672.796875,96571.046875,-0.0010525194603768773,2.0,-0.0010525194603768773,-0.0012525194603768774,-0.0020525194603768773,-0.0030525194603768773,-0.005052519460376877
2025-02-23,2025-02-23T22:00:00+00:00,2025-02-24T00:00:00+00:00,95759.4296875,96267.8515625,0.0053093661549485915,2.0,0.0053093661549485915,0.005109366154948592,0.0043093661549485915,0.0033093661549485915,0.0013093661549485915
2025-02-24,2025-02-24T22:00:00+00:00,2025-02-25T00:00:00+00:00,93959.84375,91496.140625,-0.02622080908898916,2.0,-0.02622080908898916,-0.02642080908898916,-0.027220809088989162,-0.028220809088989163,-0.03022080908898916
2025-02-25,2025-02-25T22:00:00+00:00,2025-02-26T00:00:00+00:00,88692.203125,88491.3359375,-0.0022647671432505234,2.0,-0.0022647671432505234,-0.0024647671432505235,-0.0032647671432505234,-0.0042647671432505235,-0.0062647671432505235
2025-02-26,2025-02-26T22:00:00+00:00,2025-02-27T00:00:00+00:00,84439.328125,84136.3046875,-0.0035886528733556355,2.0,-0.0035886528733556355,-0.0037886528733556356,-0.0045886528733556356,-0.005588652873355636,-0.007588652873355636
2025-02-27,2025-02-27T22:00:00+00:00,2025-02-28T00:00:00+00:00,84263.1171875,84671.1640625,0.004842532398748434,2.0,0.004842532398748434,0.004642532398748434,0.0038425323987484336,0.0028425323987484336,0.0008425323987484336
2025-02-28,2025-02-28T22:00:00+00:00,2025-03-01T00:00:00+00:00,84231.65625,84330.8515625,0.0011776488426820109,2.0,0.0011776488426820109,0.0009776488426820108,0.00017764884268201084,-0.0008223511573179892,-0.0028223511573179892
2025-03-01,2025-03-01T22:00:00+00:00,2025-03-02T00:00:00+00:00,86033.0390625,86024.3515625,-0.00010097864837355086,2.0,-0.00010097864837355086,-0.00030097864837355084,-0.0011009786483735509,-0.002100978648373551,-0.004100978648373551
2025-03-02,2025-03-02T22:00:00+00:00,2025-03-03T00:00:00+00:00,94261.5,94292.2421875,0.000326137261766446,2.0,0.000326137261766446,0.00012613726176644596,-0.000673862738233554,-0.001673862738233554,-0.003673862738233554
2025-03-03,2025-03-03T22:00:00+00:00,2025-03-04T00:00:00+00:00,85279.1796875,86137.4921875,0.010064736822577691,2.0,0.010064736822577691,0.00986473682257769,0.00906473682257769,0.008064736822577691,0.006064736822577691
2025-03-04,2025-03-04T22:00:00+00:00,2025-03-05T00:00:00+00:00,87488.734375,87236.25,-0.002885907274847388,2.0,-0.002885907274847388,-0.003085907274847388,-0.003885907274847388,-0.004885907274847388,-0.006885907274847388
2025-03-05,2025-03-05T22:00:00+00:00,2025-03-06T00:00:00+00:00,90382.21875,90613.234375,0.002555985327589605,2.0,0.002555985327589605,0.002355985327589605,0.001555985327589605,0.0005559853275896049,-0.0014440146724103951
2025-03-06,2025-03-06T22:00:00+00:00,2025-03-07T00:00:00+00:00,90050.75,89959.1640625,-0.0010170480256965764,2.0,-0.0010170480256965764,-0.0012170480256965765,-0.0020170480256965764,-0.0030170480256965764,-0.0050170480256965765
2025-03-07,2025-03-07T22:00:00+00:00,2025-03-08T00:00:00+00:00,86304.8671875,86713.375,0.004733311408874563,2.0,0.004733311408874563,0.0045333114088745635,0.003733311408874563,0.002733311408874563,0.0007333114088745631
2025-03-08,2025-03-08T22:00:00+00:00,2025-03-09T00:00:00+00:00,86201.9453125,86186.640625,-0.00017754457216156982,2.0,-0.00017754457216156982,-0.0003775445721615698,-0.0011775445721615698,-0.00217754457216157,-0.00417754457216157
2025-03-09,2025-03-09T22:00:00+00:00,2025-03-10T00:00:00+00:00,81810.984375,80770.46875,-0.012718532027808815,2.0,-0.012718532027808815,-0.012918532027808816,-0.013718532027808816,-0.014718532027808815,-0.016718532027808816
2025-03-10,2025-03-10T22:00:00+00:00,2025-03-11T00:00:00+00:00,79472.25,78582.15625,-0.0112000572526888,2.0,-0.0112000572526888,-0.0114000572526888,-0.0122000572526888,-0.0132000572526888,-0.0152000572526888
2025-03-11,2025-03-11T22:00:00+00:00,2025-03-12T00:00:00+00:00,83118.46875,82902.7890625,-0.0025948467379579565,2.0,-0.0025948467379579565,-0.0027948467379579566,-0.0035948467379579565,-0.0045948467379579565,-0.006594846737957957
2025-03-12,2025-03-12T22:00:00+00:00,2025-03-13T00:00:00+00:00,83060.171875,83672.03125,0.0073664592931592665,2.0,0.0073664592931592665,0.007166459293159267,0.0063664592931592665,0.0053664592931592665,0.0033664592931592664
2025-03-13,2025-03-13T22:00:00+00:00,2025-03-14T00:00:00+00:00,80732.109375,81090.296875,0.004436741499422858,2.0,0.004436741499422858,0.004236741499422859,0.003436741499422858,0.002436741499422858,0.00043674149942285814
2025-03-14,2025-03-14T22:00:00+00:00,2025-03-15T00:00:00+00:00,84222.9921875,83989.8046875,-0.002768691706901971,2.0,-0.002768691706901971,-0.0029686917069019713,-0.003768691706901971,-0.004768691706901971,-0.006768691706901971
2025-03-15,2025-03-15T22:00:00+00:00,2025-03-16T00:00:00+00:00,84398.875,84354.53125,-0.000525406884866686,2.0,-0.000525406884866686,-0.000725406884866686,-0.001525406884866686,-0.002525406884866686,-0.004525406884866686
2025-03-16,2025-03-16T22:00:00+00:00,2025-03-17T00:00:00+00:00,82733.265625,82571.1484375,-0.001959516359898328,2.0,-0.001959516359898328,-0.002159516359898328,-0.002959516359898328,-0.003959516359898328,-0.005959516359898328
2025-03-17,2025-03-17T22:00:00+00:00,2025-03-18T00:00:00+00:00,84085.515625,84033.265625,-0.0006213912064596538,2.0,-0.0006213912064596538,-0.0008213912064596538,-0.0016213912064596539,-0.002621391206459654,-0.004621391206459654
2025-03-18,2025-03-18T22:00:00+00:00,2025-03-19T00:00:00+00:00,81999.640625,82702.765625,0.0085747327017629,2.0,0.0085747327017629,0.008374732701762899,0.007574732701762899,0.006574732701762899,0.004574732701762899
2025-03-19,2025-03-19T22:00:00+00:00,2025-03-20T00:00:00+00:00,85635.7265625,86870.8671875,0.014423193152901526,2.0,0.014423193152901526,0.014223193152901525,0.013423193152901525,0.012423193152901526,0.010423193152901526
2025-03-20,2025-03-20T22:00:00+00:00,2025-03-21T00:00:00+00:00,84295.859375,84175.25,-0.0014307864691603944,2.0,-0.0014307864691603944,-0.0016307864691603945,-0.0024307864691603944,-0.0034307864691603945,-0.0054307864691603945
2025-03-21,2025-03-21T22:00:00+00:00,2025-03-22T00:00:00+00:00,84372.1875,84038.984375,-0.003949205714264603,2.0,-0.003949205714264603,-0.004149205714264603,-0.004949205714264603,-0.005949205714264603,-0.007949205714264603
2025-03-22,2025-03-22T22:00:00+00:00,2025-03-23T00:00:00+00:00,84010.0546875,83831.8359375,-0.002121397857231977,2.0,-0.002121397857231977,-0.002321397857231977,-0.003121397857231977,-0.004121397857231977,-0.006121397857231977
2025-03-23,2025-03-23T22:00:00+00:00,2025-03-24T00:00:00+00:00,85267.2734375,86046.8828125,0.009143125416944953,2.0,0.009143125416944953,0.008943125416944952,0.008143125416944952,0.007143125416944953,0.005143125416944953
2025-03-24,2025-03-24T22:00:00+00:00,2025-03-25T00:00:00+00:00,88160.0859375,87510.625,-0.007366836483807759,2.0,-0.007366836483807759,-0.007566836483807759,-0.00836683648380776,-0.00936683648380776,-0.01136683648380776
2025-03-25,2025-03-25T22:00:00+00:00,2025-03-26T00:00:00+00:00,87773.96875,87458.625,-0.003592679634871865,2.0,-0.003592679634871865,-0.003792679634871865,-0.004592679634871865,-0.005592679634871865,-0.007592679634871865
2025-03-26,2025-03-26T22:00:00+00:00,2025-03-27T00:00:00+00:00,87156.15625,86960.8828125,-0.0022405007965229373,2.0,-0.0022405007965229373,-0.0024405007965229374,-0.0032405007965229373,-0.004240500796522937,-0.006240500796522937
2025-03-27,2025-03-27T22:00:00+00:00,2025-03-28T00:00:00+00:00,87564.2890625,87214.2109375,-0.003997955430782185,2.0,-0.003997955430782185,-0.004197955430782185,-0.004997955430782185,-0.005997955430782185,-0.007997955430782185
2025-03-28,2025-03-28T22:00:00+00:00,2025-03-29T00:00:00+00:00,83989.8671875,84370.78125,0.004535238300230171,2.0,0.004535238300230171,0.004335238300230171,0.003535238300230171,0.002535238300230171,0.000535238300230171
2025-03-29,2025-03-29T22:00:00+00:00,2025-03-30T00:00:00+00:00,82490.0625,82589.46875,0.0012050693985108385,2.0,0.0012050693985108385,0.0010050693985108384,0.00020506939851083848,-0.0007949306014891615,-0.0027949306014891616
2025-03-30,2025-03-30T22:00:00+00:00,2025-03-31T00:00:00+00:00,82077.09375,82418.125,0.004155011275603249,2.0,0.004155011275603249,0.003955011275603249,0.0031550112756032487,0.0021550112756032486,0.0001550112756032486
2025-03-31,2025-03-31T22:00:00+00:00,2025-04-01T00:00:00+00:00,82547.8046875,82488.625,-0.0007169141290194192,2.0,-0.0007169141290194192,-0.0009169141290194192,-0.0017169141290194192,-0.0027169141290194192,-0.004716914129019419
2025-04-01,2025-04-01T22:00:00+00:00,2025-04-02T00:00:00+00:00,85264.265625,85173.4453125,-0.0010651626661447589,2.0,-0.0010651626661447589,-0.001265162666144759,-0.002065162666144759,-0.003065162666144759,-0.005065162666144759
2025-04-02,2025-04-02T22:00:00+00:00,2025-04-03T00:00:00+00:00,84599.65625,82510.796875,-0.024691109486629892,2.0,-0.024691109486629892,-0.02489110948662989,-0.025691109486629893,-0.026691109486629894,-0.028691109486629892
2025-04-03,2025-04-03T22:00:00+00:00,2025-04-04T00:00:00+00:00,82687.2578125,83141.15625,0.005489339585178277,2.0,0.005489339585178277,0.005289339585178277,0.004489339585178277,0.0034893395851782767,0.0014893395851782766
2025-04-04,2025-04-04T22:00:00+00:00,2025-04-05T00:00:00+00:00,84147.203125,83852.8203125,-0.0034984265854053342,2.0,-0.0034984265854053342,-0.0036984265854053343,-0.004498426585405334,-0.005498426585405334,-0.007498426585405334
2025-04-05,2025-04-05T22:00:00+00:00,2025-04-06T00:00:00+00:00,82914.1328125,83501.859375,0.007088376161746401,2.0,0.007088376161746401,0.006888376161746402,0.006088376161746401,0.005088376161746401,0.0030883761617464013
2025-04-06,2025-04-06T22:00:00+00:00,2025-04-07T00:00:00+00:00,78901.71875,78337.90625,-0.007145756885048815,2.0,-0.007145756885048815,-0.007345756885048815,-0.008145756885048816,-0.009145756885048815,-0.011145756885048815
2025-04-07,2025-04-07T22:00:00+00:00,2025-04-08T00:00:00+00:00,79183.2265625,79140.75,-0.0005364338426708803,2.0,-0.0005364338426708803,-0.0007364338426708803,-0.0015364338426708804,-0.0025364338426708804,-0.00453643384267088
2025-04-08,2025-04-08T22:00:00+00:00,2025-04-09T00:00:00+00:00,76945.140625,76261.1015625,-0.008889957922537772,2.0,-0.008889957922537772,-0.009089957922537773,-0.009889957922537773,-0.010889957922537772,-0.012889957922537772
2025-04-09,2025-04-09T22:00:00+00:00,2025-04-10T00:00:00+00:00,83382.9296875,82610.3125,-0.009265891596704434,2.0,-0.009265891596704434,-0.009465891596704435,-0.010265891596704435,-0.011265891596704434,-0.013265891596704434
2025-04-10,2025-04-10T22:00:00+00:00,2025-04-11T00:00:00+00:00,79652.296875,79557.734375,-0.0011871911258052315,2.0,-0.0011871911258052315,-0.0013871911258052315,-0.0021871911258052315,-0.0031871911258052315,-0.0051871911258052315
2025-04-11,2025-04-11T22:00:00+00:00,2025-04-12T00:00:00+00:00,83644.578125,83392.3828125,-0.003015082604913344,2.0,-0.003015082604913344,-0.003215082604913344,-0.004015082604913344,-0.005015082604913344,-0.007015082604913344
2025-04-12,2025-04-12T22:00:00+00:00,2025-04-13T00:00:00+00:00,85381.0078125,85269.2890625,-0.0013084730768854191,2.0,-0.0013084730768854191,-0.0015084730768854192,-0.002308473076885419,-0.003308473076885419,-0.005308473076885419
2025-04-13,2025-04-13T22:00:00+00:00,2025-04-14T00:00:00+00:00,83560.4140625,83706.9453125,0.0017535965043256052,2.0,0.0017535965043256052,0.0015535965043256051,0.0007535965043256052,-0.00024640349567439483,-0.002246403495674395
2025-04-14,2025-04-14T22:00:00+00:00,2025-04-15T00:00:00+00:00,84685.1875,84561.34375,-0.0014624015563524662,2.0,-0.0014624015563524662,-0.0016624015563524662,-0.002462401556352466,-0.003462401556352466,-0.005462401556352466
2025-04-15,2025-04-15T22:00:00+00:00,2025-04-16T00:00:00+00:00,84181.140625,83617.484375,-0.0066957544862799034,2.0,-0.0066957544862799034,-0.006895754486279903,-0.0076957544862799035,-0.008695754486279903,-0.010695754486279904
2025-04-16,2025-04-16T22:00:00+00:00,2025-04-17T00:00:00+00:00,84548.7578125,84028.8828125,-0.006148818899893271,2.0,-0.006148818899893271,-0.006348818899893271,-0.007148818899893271,-0.008148818899893271,-0.010148818899893271
2025-04-17,2025-04-17T22:00:00+00:00,2025-04-18T00:00:00+00:00,85063.0,84921.125,-0.0016678814525704633,2.0,-0.0016678814525704633,-0.0018678814525704634,-0.0026678814525704633,-0.0036678814525704633,-0.005667881452570463
2025-04-18,2025-04-18T22:00:00+00:00,2025-04-19T00:00:00+00:00,84588.609375,84450.2890625,-0.0016352120400371373,2.0,-0.0016352120400371373,-0.0018352120400371374,-0.0026352120400371373,-0.0036352120400371373,-0.005635212040037137
2025-04-19,2025-04-19T22:00:00+00:00,2025-04-20T00:00:00+00:00,85322.2890625,85071.359375,-0.0029409629096588397,2.0,-0.0029409629096588397,-0.0031409629096588398,-0.00394096290965884,-0.00494096290965884,-0.00694096290965884
2025-04-20,2025-04-20T22:00:00+00:00,2025-04-21T00:00:00+00:00,85002.0703125,85169.609375,0.001970999787229477,2.0,0.001970999787229477,0.001770999787229477,0.0009709997872294771,-2.9000212770522935e-05,-0.002029000212770523
2025-04-21,2025-04-21T22:00:00+00:00,2025-04-22T00:00:00+00:00,87280.03125,87514.0078125,0.0026807570889819665,2.0,0.0026807570889819665,0.0024807570889819664,0.0016807570889819665,0.0006807570889819665,-0.0013192429110180336
2025-04-22,2025-04-22T22:00:00+00:00,2025-04-23T00:00:00+00:00,93026.1015625,93466.1171875,0.004730023268838979,2.0,0.004730023268838979,0.004530023268838979,0.0037300232688389787,0.0027300232688389787,0.0007300232688389786
2025-04-23,2025-04-23T22:00:00+00:00,2025-04-24T00:00:00+00:00,93510.09375,93703.2578125,0.0020657028001322963,2.0,0.0020657028001322963,0.0018657028001322963,0.0010657028001322963,6.57028001322963e-05,-0.0019342971998677037
2025-04-24,2025-04-24T22:00:00+00:00,2025-04-25T00:00:00+00:00,93387.609375,93986.8828125,0.006417055126591853,2.0,0.006417055126591853,0.006217055126591853,0.005417055126591853,0.004417055126591853,0.002417055126591853
2025-04-25,2025-04-25T22:00:00+00:00,2025-04-26T00:00:00+00:00,94680.5703125,94708.265625,0.000292513156697094,2.0,0.000292513156697094,9.251315669709398e-05,-0.000707486843302906,-0.001707486843302906,-0.003707486843302906
2025-04-26,2025-04-26T22:00:00+00:00,2025-04-27T00:00:00+00:00,94385.0703125,94662.34375,0.0029376832223779736,2.0,0.0029376832223779736,0.0027376832223779735,0.0019376832223779736,0.0009376832223779736,-0.0010623167776220264
2025-04-27,2025-04-27T22:00:00+00:00,2025-04-28T00:00:00+00:00,94305.0078125,93767.9921875,-0.005694455018419697,2.0,-0.005694455018419697,-0.005894455018419697,-0.006694455018419697,-0.007694455018419697,-0.009694455018419697
2025-04-28,2025-04-28T22:00:00+00:00,2025-04-29T00:00:00+00:00,94557.9140625,95048.90625,0.005192502313190461,2.0,0.005192502313190461,0.004992502313190462,0.004192502313190461,0.0031925023131904613,0.0011925023131904612
2025-04-29,2025-04-29T22:00:00+00:00,2025-04-30T00:00:00+00:00,94771.734375,94272.21875,-0.0052707236845901395,2.0,-0.0052707236845901395,-0.005470723684590139,-0.0062707236845901395,-0.0072707236845901396,-0.00927072368459014
2025-04-30,2025-04-30T22:00:00+00:00,2025-05-01T00:00:00+00:00,94547.0078125,94169.390625,-0.0039939623287589265,2.0,-0.0039939623287589265,-0.004193962328758926,-0.0049939623287589266,-0.005993962328758927,-0.007993962328758927
2025-05-01,2025-05-01T22:00:00+00:00,2025-05-02T00:00:00+00:00,96505.375,96491.53125,-0.00014345055910103266,2.0,-0.00014345055910103266,-0.00034345055910103264,-0.0011434505591010327,-0.0021434505591010327,-0.004143450559101033
2025-05-02,2025-05-02T22:00:00+00:00,2025-05-03T00:00:00+00:00,96760.2734375,96917.78125,0.0016278148759236721,2.0,0.0016278148759236721,0.001427814875923672,0.0006278148759236721,-0.0003721851240763279,-0.002372185124076328
2025-05-03,2025-05-03T22:00:00+00:00,2025-05-04T00:00:00+00:00,96302.6328125,95853.4921875,-0.0046638457525296495,2.0,-0.0046638457525296495,-0.004863845752529649,-0.0056638457525296495,-0.0066638457525296495,-0.00866384575252965
2025-05-04,2025-05-04T22:00:00+00:00,2025-05-05T00:00:00+00:00,95703.0625,94270.5546875,-0.014968254673145887,2.0,-0.014968254673145887,-0.015168254673145887,-0.015968254673145887,-0.01696825467314589,-0.018968254673145887
2025-05-05,2025-05-05T22:00:00+00:00,2025-05-06T00:00:00+00:00,94836.546875,94746.0390625,-0.0009543558415227027,2.0,-0.0009543558415227027,-0.0011543558415227028,-0.0019543558415227027,-0.0029543558415227027,-0.004954355841522703
2025-05-06,2025-05-06T22:00:00+00:00,2025-05-07T00:00:00+00:00,94673.71875,96885.28125,0.023359835540420315,2.0,0.023359835540420315,0.023159835540420316,0.022359835540420314,0.021359835540420313,0.019359835540420315
2025-05-07,2025-05-07T22:00:00+00:00,2025-05-08T00:00:00+00:00,97144.390625,97037.6875,-0.0010983971829304773,2.0,-0.0010983971829304773,-0.0012983971829304774,-0.0020983971829304773,-0.0030983971829304773,-0.005098397182930477
2025-05-08,2025-05-08T22:00:00+00:00,2025-05-09T00:00:00+00:00,102815.046875,103256.203125,0.0042907751677276895,2.0,0.0042907751677276895,0.00409077516772769,0.0032907751677276895,0.0022907751677276895,0.00029077516772768944
2025-05-09,2025-05-09T22:00:00+00:00,2025-05-10T00:00:00+00:00,102966.796875,102996.7890625,0.00029128018361501695,2.0,0.00029128018361501695,9.128018361501694e-05,-0.0007087198163849831,-0.001708719816384983,-0.003708719816384983
2025-05-10,2025-05-10T22:00:00+00:00,2025-05-11T00:00:00+00:00,103775.53125,104692.9609375,0.008840520269560281,2.0,0.008840520269560281,0.00864052026956028,0.00784052026956028,0.006840520269560281,0.004840520269560281
2025-05-11,2025-05-11T22:00:00+00:00,2025-05-12T00:00:00+00:00,104376.625,104126.796875,-0.0023935256097809,2.0,-0.0023935256097809,-0.0025935256097809,-0.0033935256097809,-0.0043935256097809,-0.0063935256097809
2025-05-12,2025-05-12T22:00:00+00:00,2025-05-13T00:00:00+00:00,102514.6015625,102809.5859375,0.0028774864312393067,2.0,0.0028774864312393067,0.0026774864312393066,0.0018774864312393067,0.0008774864312393067,-0.0011225135687606934
2025-05-13,2025-05-13T22:00:00+00:00,2025-05-14T00:00:00+00:00,104370.0546875,104159.984375,-0.0020127450649420897,2.0,-0.0020127450649420897,-0.00221274506494209,-0.0030127450649420897,-0.00401274506494209,-0.00601274506494209
2025-05-14,2025-05-14T22:00:00+00:00,2025-05-15T00:00:00+00:00,103614.0,103531.7265625,-0.0007940378472021115,2.0,-0.0007940378472021115,-0.0009940378472021115,-0.0017940378472021115,-0.0027940378472021115,-0.0047940378472021115
2025-05-15,2025-05-15T22:00:00+00:00,2025-05-16T00:00:00+00:00,103276.171875,103752.484375,0.004612027066383639,2.0,0.004612027066383639,0.00441202706638364,0.0036120270663836393,0.0026120270663836393,0.0006120270663836393
2025-05-16,2025-05-16T22:00:00+00:00,2025-05-17T00:00:00+00:00,103612.0078125,103495.78125,-0.001121747999617284,2.0,-0.001121747999617284,-0.0013217479996172842,-0.002121747999617284,-0.003121747999617284,-0.005121747999617284
2025-05-17,2025-05-17T22:00:00+00:00,2025-05-18T00:00:00+00:00,103264.6640625,103142.6015625,-0.0011820355114516845,2.0,-0.0011820355114516845,-0.0013820355114516846,-0.0021820355114516845,-0.0031820355114516845,-0.005182035511451685
2025-05-18,2025-05-18T22:00:00+00:00,2025-05-19T00:00:00+00:00,104234.65625,106516.1640625,0.021888188579314294,2.0,0.021888188579314294,0.021688188579314295,0.020888188579314293,0.019888188579314292,0.017888188579314294
2025-05-19,2025-05-19T22:00:00+00:00,2025-05-20T00:00:00+00:00,105450.6640625,105619.671875,0.001602719281121212,2.0,0.001602719281121212,0.001402719281121212,0.0006027192811212121,-0.00039728071887878795,-0.002397280718878788
2025-05-20,2025-05-20T22:00:00+00:00,2025-05-21T00:00:00+00:00,106664.4453125,106853.828125,0.0017755008423392393,2.0,0.0017755008423392393,0.0015755008423392392,0.0007755008423392393,-0.00022449915766076071,-0.0022244991576607608
2025-05-21,2025-05-21T22:00:00+00:00,2025-05-22T00:00:00+00:00,108472.953125,109666.359375,0.011001878492464146,2.0,0.011001878492464146,0.010801878492464145,0.010001878492464145,0.009001878492464145,0.007001878492464145
2025-05-22,2025-05-22T22:00:00+00:00,2025-05-23T00:00:00+00:00,110859.8046875,111699.9921875,0.007578828975645324,2.0,0.007578828975645324,0.0073788289756453245,0.006578828975645324,0.005578828975645324,0.003578828975645324
2025-05-23,2025-05-23T22:00:00+00:00,2025-05-24T00:00:00+00:00,108260.6796875,107334.59375,-0.008554222457989313,2.0,-0.008554222457989313,-0.008754222457989314,-0.009554222457989314,-0.010554222457989313,-0.012554222457989313
2025-05-24,2025-05-24T22:00:00+00:00,2025-05-25T00:00:00+00:00,108823.0703125,107789.9375,-0.009493692923138619,2.0,-0.009493692923138619,-0.00969369292313862,-0.01049369292313862,-0.01149369292313862,-0.01349369292313862
2025-05-25,2025-05-25T22:00:00+00:00,2025-05-26T00:00:00+00:00,107496.90625,109020.796875,0.014176134720156108,2.0,0.014176134720156108,0.013976134720156108,0.013176134720156107,0.012176134720156108,0.010176134720156108
2025-05-26,2025-05-26T22:00:00+00:00,2025-05-27T00:00:00+00:00,109373.640625,109459.1796875,0.0007820811487229129,2.0,0.0007820811487229129,0.0005820811487229129,-0.00021791885127708712,-0.0012179188512770871,-0.003217918851277087
2025-05-27,2025-05-27T22:00:00+00:00,2025-05-28T00:00:00+00:00,108942.109375,108981.1875,0.0003587054190907768,2.0,0.0003587054190907768,0.0001587054190907768,-0.0006412945809092232,-0.0016412945809092232,-0.0036412945809092233
2025-05-28,2025-05-28T22:00:00+00:00,2025-05-29T00:00:00+00:00,107521.484375,107796.3359375,0.0025562478429093094,2.0,0.0025562478429093094,0.0023562478429093093,0.0015562478429093094,0.0005562478429093094,-0.0014437521570906907
2025-05-29,2025-05-29T22:00:00+00:00,2025-05-30T00:00:00+00:00,106434.5,105593.25,-0.007903922130512164,2.0,-0.007903922130512164,-0.008103922130512165,-0.008903922130512165,-0.009903922130512164,-0.011903922130512164
2025-05-30,2025-05-30T22:00:00+00:00,2025-05-31T00:00:00+00:00,104651.3828125,104007.5859375,-0.006151823871773043,2.0,-0.006151823871773043,-0.006351823871773043,-0.007151823871773043,-0.008151823871773043,-0.010151823871773043
2025-05-31,2025-05-31T22:00:00+00:00,2025-06-01T00:00:00+00:00,104863.421875,104674.0,-0.0018063674788888484,2.0,-0.0018063674788888484,-0.0020063674788888485,-0.0028063674788888484,-0.0038063674788888485,-0.0058063674788888485
2025-06-01,2025-06-01T22:00:00+00:00,2025-06-02T00:00:00+00:00,105512.1484375,105660.390625,0.0014049774333597664,2.0,0.0014049774333597664,0.0012049774333597663,0.0004049774333597664,-0.0005950225666402336,-0.0025950225666402336
2025-06-02,2025-06-02T22:00:00+00:00,2025-06-03T00:00:00+00:00,104963.4765625,105880.5625,0.008737190949976936,2.0,0.008737190949976936,0.008537190949976936,0.007737190949976936,0.006737190949976936,0.004737190949976936
2025-06-03,2025-06-03T22:00:00+00:00,2025-06-04T00:00:00+00:00,105460.078125,105437.203125,-0.00021690672344165662,2.0,-0.00021690672344165662,-0.0004169067234416566,-0.0012169067234416566,-0.0022169067234416567,-0.004216906723441657
2025-06-04,2025-06-04T22:00:00+00:00,2025-06-05T00:00:00+00:00,104984.5,104749.8515625,-0.002235076963742255,2.0,-0.002235076963742255,-0.0024350769637422553,-0.003235076963742255,-0.004235076963742255,-0.006235076963742255
2025-06-05,2025-06-05T22:00:00+00:00,2025-06-06T00:00:00+00:00,101605.75,101543.8203125,-0.0006095096734191063,2.0,-0.0006095096734191063,-0.0008095096734191063,-0.0016095096734191064,-0.0026095096734191064,-0.004609509673419106
2025-06-06,2025-06-06T22:00:00+00:00,2025-06-07T00:00:00+00:00,104476.125,104391.6640625,-0.0008084233359535453,2.0,-0.0008084233359535453,-0.0010084233359535454,-0.0018084233359535453,-0.0028084233359535454,-0.004808423335953545
2025-06-07,2025-06-07T22:00:00+00:00,2025-06-08T00:00:00+00:00,105840.8828125,105633.796875,-0.001956577949816074,2.0,-0.001956577949816074,-0.002156577949816074,-0.002956577949816074,-0.003956577949816074,-0.005956577949816074
2025-06-08,2025-06-08T22:00:00+00:00,2025-06-09T00:00:00+00:00,106411.3828125,105791.4609375,-0.005825710169487408,2.0,-0.005825710169487408,-0.006025710169487408,-0.006825710169487408,-0.007825710169487408,-0.009825710169487408
2025-06-09,2025-06-09T22:00:00+00:00,2025-06-10T00:00:00+00:00,109998.421875,110301.3984375,0.002754371902210506,2.0,0.002754371902210506,0.002554371902210506,0.0017543719022105062,0.0007543719022105062,-0.0012456280977894939
2025-06-10,2025-06-10T22:00:00+00:00,2025-06-11T00:00:00+00:00,109867.2734375,110250.765625,0.003490504273942374,2.0,0.003490504273942374,0.003290504273942374,0.002490504273942374,0.0014905042739423741,-0.0005094957260576259
2025-06-11,2025-06-11T22:00:00+00:00,2025-06-12T00:00:00+00:00,108501.0,108687.65625,0.001720318245914676,2.0,0.001720318245914676,0.0015203182459146759,0.000720318245914676,-0.00027968175408532407,-0.002279681754085324
2025-06-12,2025-06-12T22:00:00+00:00,2025-06-13T00:00:00+00:00,105943.6484375,105729.953125,-0.002017065823687103,2.0,-0.002017065823687103,-0.002217065823687103,-0.003017065823687103,-0.004017065823687103,-0.006017065823687103
2025-06-13,2025-06-13T22:00:00+00:00,2025-06-14T00:00:00+00:00,105649.953125,106109.46875,0.004349416269558759,2.0,0.004349416269558759,0.004149416269558759,0.003349416269558759,0.002349416269558759,0.00034941626955875896
2025-06-14,2025-06-14T22:00:00+00:00,2025-06-15T00:00:00+00:00,105388.8984375,105473.734375,0.0008049798295435284,2.0,0.0008049798295435284,0.0006049798295435284,-0.0001950201704564716,-0.0011950201704564716,-0.0031950201704564717
2025-06-15,2025-06-15T22:00:00+00:00,2025-06-16T00:00:00+00:00,104805.75,105576.9609375,0.007358479258055883,2.0,0.007358479258055883,0.007158479258055884,0.006358479258055883,0.005358479258055883,0.0033584792580558832
2025-06-16,2025-06-16T22:00:00+00:00,2025-06-17T00:00:00+00:00,108567.9765625,106798.671875,-0.01629674553694438,2.0,-0.01629674553694438,-0.016496745536944378,-0.01729674553694438,-0.01829674553694438,-0.02029674553694438
2025-06-17,2025-06-17T22:00:00+00:00,2025-06-18T00:00:00+00:00,104563.46875,104591.59375,0.0002689753920390725,2.0,0.0002689753920390725,6.89753920390725e-05,-0.0007310246079609275,-0.0017310246079609275,-0.0037310246079609276
2025-06-18,2025-06-18T22:00:00+00:00,2025-06-19T00:00:00+00:00,105099.7421875,104908.7578125,-0.00181717263073089,2.0,-0.00181717263073089,-0.00201717263073089,-0.00281717263073089,-0.00381717263073089,-0.00581717263073089
2025-06-19,2025-06-19T22:00:00+00:00,2025-06-20T00:00:00+00:00,104483.1796875,104669.265625,0.001781013346421556,2.0,0.001781013346421556,0.001581013346421556,0.000781013346421556,-0.00021898665357844398,-0.002218986653578444
2025-06-20,2025-06-20T22:00:00+00:00,2025-06-21T00:00:00+00:00,103541.6328125,103309.8359375,-0.0022386828245190005,2.0,-0.0022386828245190005,-0.0024386828245190006,-0.0032386828245190005,-0.0042386828245190005,-0.0062386828245190006
2025-06-21,2025-06-21T22:00:00+00:00,2025-06-22T00:00:00+00:00,101485.5234375,102160.7734375,0.006653658345821656,2.0,0.006653658345821656,0.006453658345821656,0.005653658345821656,0.004653658345821656,0.0026536583458216557
2025-06-22,2025-06-22T22:00:00+00:00,2025-06-23T00:00:00+00:00,99187.0078125,100891.1171875,0.01718077208480162,2.0,0.01718077208480162,0.016980772084801622,0.01618077208480162,0.015180772084801621,0.013180772084801621
2025-06-23,2025-06-23T22:00:00+00:00,2025-06-24T00:00:00+00:00,103812.9921875,105407.609375,0.015360478047101278,2.0,0.015360478047101278,0.015160478047101278,0.014360478047101277,0.013360478047101278,0.011360478047101278
2025-06-24,2025-06-24T22:00:00+00:00,2025-06-25T00:00:00+00:00,106042.3984375,106102.046875,0.0005624961183348098,2.0,0.0005624961183348098,0.00036249611833480985,-0.0004375038816651902,-0.0014375038816651902,-0.0034375038816651902
2025-06-25,2025-06-25T22:00:00+00:00,2025-06-26T00:00:00+00:00,107533.59375,107372.0703125,-0.0015020742064616455,2.0,-0.0015020742064616455,-0.0017020742064616456,-0.0025020742064616455,-0.0035020742064616455,-0.0055020742064616456
2025-06-26,2025-06-26T22:00:00+00:00,2025-06-27T00:00:00+00:00,107067.3671875,106981.390625,-0.0008030136983702141,2.0,-0.0008030136983702141,-0.0010030136983702142,-0.001803013698370214,-0.002803013698370214,-0.004803013698370214
2025-06-27,2025-06-27T22:00:00+00:00,2025-06-28T00:00:00+00:00,107110.0703125,107092.3203125,-0.00016571737791049035,2.0,-0.00016571737791049035,-0.00036571737791049033,-0.0011657173779104904,-0.0021657173779104904,-0.00416571737791049
2025-06-28,2025-06-28T22:00:00+00:00,2025-06-29T00:00:00+00:00,107350.8671875,107321.96875,-0.0002691961253514785,2.0,-0.0002691961253514785,-0.0004691961253514785,-0.0012691961253514785,-0.0022691961253514786,-0.004269196125351479
2025-06-29,2025-06-29T22:00:00+00:00,2025-06-30T00:00:00+00:00,107562.2890625,108380.78125,0.007609471633914344,2.0,0.007609471633914344,0.007409471633914345,0.006609471633914344,0.005609471633914344,0.003609471633914344
2025-06-30,2025-06-30T22:00:00+00:00,2025-07-01T00:00:00+00:00,107147.6875,107167.6953125,0.00018673116487000208,2.0,0.00018673116487000208,-1.3268835129997934e-05,-0.0008132688351299979,-0.001813268835129998,-0.003813268835129998
2025-07-01,2025-07-01T22:00:00+00:00,2025-07-02T00:00:00+00:00,105797.34375,105695.15625,-0.0009658796372191691,2.0,-0.0009658796372191691,-0.0011658796372191692,-0.001965879637219169,-0.002965879637219169,-0.004965879637219169
2025-07-02,2025-07-02T22:00:00+00:00,2025-07-03T00:00:00+00:00,109543.609375,108851.234375,-0.006320542147098651,2.0,-0.006320542147098651,-0.006520542147098651,-0.007320542147098651,-0.008320542147098651,-0.010320542147098651
2025-07-03,2025-07-03T22:00:00+00:00,2025-07-04T00:00:00+00:00,109841.28125,109639.265625,-0.0018391594007376444,2.0,-0.0018391594007376444,-0.0020391594007376445,-0.0028391594007376444,-0.0038391594007376444,-0.0058391594007376445
2025-07-04,2025-07-04T22:00:00+00:00,2025-07-05T00:00:00+00:00,107938.328125,108019.6015625,0.00075296179690576,2.0,0.00075296179690576,0.0005529617969057601,-0.00024703820309424,-0.00124703820309424,-0.00324703820309424
2025-07-05,2025-07-05T22:00:00+00:00,2025-07-06T00:00:00+00:00,108111.578125,108247.4140625,0.0012564420930285536,2.0,0.0012564420930285536,0.0010564420930285535,0.00025644209302855357,-0.0007435579069714465,-0.0027435579069714465
2025-07-06,2025-07-06T22:00:00+00:00,2025-07-07T00:00:00+00:00,109257.953125,109209.1484375,-0.0004466923102994791,2.0,-0.0004466923102994791,-0.0006466923102994791,-0.0014466923102994791,-0.002446692310299479,-0.004446692310299479
2025-07-07,2025-07-07T22:00:00+00:00,2025-07-08T00:00:00+00:00,108174.046875,108280.3828125,0.0009830078523629382,2.0,0.0009830078523629382,0.0007830078523629382,-1.6992147637061826e-05,-0.0010169921476370618,-0.003016992147637062
2025-07-08,2025-07-08T22:00:00+00:00,2025-07-09T00:00:00+00:00,108912.1953125,108957.828125,0.00041898717006905173,2.0,0.00041898717006905173,0.00021898717006905172,-0.0005810128299309483,-0.0015810128299309483,-0.0035810128299309484
2025-07-09,2025-07-09T22:00:00+00:00,2025-07-10T00:00:00+00:00,110919.890625,111301.765625,0.0034428000050148455,2.0,0.0034428000050148455,0.0032428000050148454,0.0024428000050148455,0.0014428000050148455,-0.0005571999949851546
2025-07-10,2025-07-10T22:00:00+00:00,2025-07-11T00:00:00+00:00,116448.0,115984.171875,-0.003983135176215957,2.0,-0.003983135176215957,-0.004183135176215957,-0.004983135176215957,-0.005983135176215957,-0.007983135176215957
2025-07-11,2025-07-11T22:00:00+00:00,2025-07-12T00:00:00+00:00,117651.9765625,117524.09375,-0.0010869584705367474,2.0,-0.0010869584705367474,-0.0012869584705367475,-0.0020869584705367475,-0.0030869584705367475,-0.0050869584705367475
2025-07-12,2025-07-12T22:00:00+00:00,2025-07-13T00:00:00+00:00,117544.59375,117470.078125,-0.0006339349401170979,2.0,-0.0006339349401170979,-0.0008339349401170979,-0.001633934940117098,-0.002633934940117098,-0.004633934940117098
2025-07-13,2025-07-13T22:00:00+00:00,2025-07-14T00:00:00+00:00,118644.0078125,119118.796875,0.004001795550014897,2.0,0.004001795550014897,0.003801795550014897,0.003001795550014897,0.002001795550014897,1.7955500148970904e-06
2025-07-14,2025-07-14T22:00:00+00:00,2025-07-15T00:00:00+00:00,120095.78125,119850.5703125,-0.002041794765376026,2.0,-0.002041794765376026,-0.002241794765376026,-0.003041794765376026,-0.004041794765376026,-0.006041794765376026
2025-07-15,2025-07-15T22:00:00+00:00,2025-07-16T00:00:00+00:00,117546.03125,117780.359375,0.001993500950292715,2.0,0.001993500950292715,0.0017935009502927147,0.0009935009502927148,-6.499049707285251e-06,-0.0020064990497072853
2025-07-16,2025-07-16T22:00:00+00:00,2025-07-17T00:00:00+00:00,119494.9453125,118722.8046875,-0.006461701145439425,2.0,-0.006461701145439425,-0.006661701145439424,-0.007461701145439425,-0.008461701145439425,-0.010461701145439425
2025-07-17,2025-07-17T22:00:00+00:00,2025-07-18T00:00:00+00:00,120347.53125,119245.2578125,-0.009159086406269723,2.0,-0.009159086406269723,-0.009359086406269724,-0.010159086406269724,-0.011159086406269723,-0.013159086406269723
2025-07-18,2025-07-18T22:00:00+00:00,2025-07-19T00:00:00+00:00,117677.234375,118006.859375,0.0028010940412619423,2.0,0.0028010940412619423,0.002601094041261942,0.0018010940412619423,0.0008010940412619422,-0.0011989059587380578
2025-07-19,2025-07-19T22:00:00+00:00,2025-07-20T00:00:00+00:00,117758.5625,117913.4609375,0.0013153900167557353,2.0,0.0013153900167557353,0.0011153900167557352,0.0003153900167557353,-0.0006846099832442647,-0.0026846099832442648
2025-07-20,2025-07-20T22:00:00+00:00,2025-07-21T00:00:00+00:00,118057.8203125,117214.59375,-0.007142487979771017,2.0,-0.007142487979771017,-0.007342487979771017,-0.008142487979771018,-0.009142487979771017,-0.011142487979771017
2025-07-21,2025-07-21T22:00:00+00:00,2025-07-22T00:00:00+00:00,117278.3046875,117419.6484375,0.001205199464441753,2.0,0.001205199464441753,0.0010051994644417529,0.00020519946444175294,-0.0007948005355582471,-0.002794800535558247
2025-07-22,2025-07-22T22:00:00+00:00,2025-07-23T00:00:00+00:00,119446.8125,119999.453125,0.004626666994567152,2.0,0.004626666994567152,0.004426666994567153,0.0036266669945671523,0.0026266669945671523,0.0006266669945671523
2025-07-23,2025-07-23T22:00:00+00:00,2025-07-24T00:00:00+00:00,118163.4765625,118779.09375,0.005209877073770519,2.0,0.005209877073770519,0.0050098770737705195,0.004209877073770519,0.003209877073770519,0.001209877073770519
2025-07-24,2025-07-24T22:00:00+00:00,2025-07-25T00:00:00+00:00,118630.0625,118378.0546875,-0.002124316612410082,2.0,-0.002124316612410082,-0.002324316612410082,-0.003124316612410082,-0.004124316612410082,-0.006124316612410082
2025-07-25,2025-07-25T22:00:00+00:00,2025-07-26T00:00:00+00:00,117224.3671875,117625.3828125,0.003420923777379681,2.0,0.003420923777379681,0.0032209237773796807,0.0024209237773796808,0.0014209237773796807,-0.0005790762226203193
2025-07-26,2025-07-26T22:00:00+00:00,2025-07-27T00:00:00+00:00,118103.171875,117991.4453125,-0.0009460081446267532,2.0,-0.0009460081446267532,-0.0011460081446267533,-0.0019460081446267532,-0.0029460081446267532,-0.004946008144626753
2025-07-27,2025-07-27T22:00:00+00:00,2025-07-28T00:00:00+00:00,119290.140625,119443.953125,0.0012893982620367783,2.0,0.0012893982620367783,0.0010893982620367782,0.0002893982620367783,-0.0007106017379632217,-0.0027106017379632218
2025-07-28,2025-07-28T22:00:00+00:00,2025-07-29T00:00:00+00:00,118093.03125,118016.28125,-0.0006499113384389466,2.0,-0.0006499113384389466,-0.0008499113384389465,-0.0016499113384389466,-0.0026499113384389466,-0.004649911338438947
2025-07-29,2025-07-29T22:00:00+00:00,2025-07-30T00:00:00+00:00,117603.140625,117913.3671875,0.002637910525614462,2.0,0.002637910525614462,0.002437910525614462,0.001637910525614462,0.0006379105256144619,-0.0013620894743855382
2025-07-30,2025-07-30T22:00:00+00:00,2025-07-31T00:00:00+00:00,117307.25,117838.7109375,0.004530503762555149,2.0,0.004530503762555149,0.0043305037625551495,0.003530503762555149,0.002530503762555149,0.0005305037625551491
2025-07-31,2025-07-31T22:00:00+00:00,2025-08-01T00:00:00+00:00,116533.390625,115722.0078125,-0.0069626637322430796,2.0,-0.0069626637322430796,-0.007162663732243079,-0.00796266373224308,-0.00896266373224308,-0.01096266373224308
2025-08-01,2025-08-01T22:00:00+00:00,2025-08-02T00:00:00+00:00,113863.2578125,113251.890625,-0.0053693105154847265,2.0,-0.0053693105154847265,-0.005569310515484726,-0.0063693105154847265,-0.0073693105154847265,-0.009369310515484727
2025-08-02,2025-08-02T22:00:00+00:00,2025-08-03T00:00:00+00:00,112844.625,112526.40625,-0.002819972595061615,2.0,-0.002819972595061615,-0.003019972595061615,-0.003819972595061615,-0.004819972595061615,-0.006819972595061615
2025-08-03,2025-08-03T22:00:00+00:00,2025-08-04T00:00:00+00:00,114453.1171875,114217.4765625,-0.0020588397309788675,2.0,-0.0020588397309788675,-0.0022588397309788676,-0.0030588397309788675,-0.0040588397309788676,-0.006058839730978868
2025-08-04,2025-08-04T22:00:00+00:00,2025-08-05T00:00:00+00:00,115130.28125,115074.671875,-0.00048301258709904094,2.0,-0.00048301258709904094,-0.0006830125870990409,-0.001483012587099041,-0.002483012587099041,-0.004483012587099041
2025-08-05,2025-08-05T22:00:00+00:00,2025-08-06T00:00:00+00:00,113582.96875,114120.546875,0.004732911376733151,2.0,0.004732911376733151,0.004532911376733151,0.003732911376733151,0.002732911376733151,0.0007329113767331509
2025-08-06,2025-08-06T22:00:00+00:00,2025-08-07T00:00:00+00:00,115096.90625,114989.9296875,-0.0009294477669767875,2.0,-0.0009294477669767875,-0.0011294477669767876,-0.0019294477669767876,-0.0029294477669767876,-0.004929447766976788
2025-08-07,2025-08-07T22:00:00+00:00,2025-08-08T00:00:00+00:00,117160.0859375,117519.6484375,0.0030689846044651414,2.0,0.0030689846044651414,0.0028689846044651413,0.0020689846044651414,0.0010689846044651414,-0.0009310153955348587
2025-08-08,2025-08-08T22:00:00+00:00,2025-08-09T00:00:00+00:00,116947.7578125,116675.4765625,-0.002328229759107847,2.0,-0.002328229759107847,-0.0025282297591078472,-0.003328229759107847,-0.004328229759107847,-0.006328229759107847
2025-08-09,2025-08-09T22:00:00+00:00,2025-08-10T00:00:00+00:00,116561.875,116485.6953125,-0.0006535557831409688,2.0,-0.0006535557831409688,-0.0008535557831409688,-0.0016535557831409689,-0.002653555783140969,-0.004653555783140969
2025-08-10,2025-08-10T22:00:00+00:00,2025-08-11T00:00:00+00:00,118736.8359375,119275.765625,0.004538858419502523,2.0,0.004538858419502523,0.004338858419502523,0.0035388584195025228,0.0025388584195025227,0.0005388584195025227
2025-08-11,2025-08-11T22:00:00+00:00,2025-08-12T00:00:00+00:00,118736.8125,118692.4453125,-0.00037365991696969303,2.0,-0.00037365991696969303,-0.000573659916969693,-0.001373659916969693,-0.002373659916969693,-0.004373659916969693
2025-08-12,2025-08-12T22:00:00+00:00,2025-08-13T00:00:00+00:00,119845.171875,120122.796875,0.002316530533992278,2.0,0.002316530533992278,0.002116530533992278,0.0013165305339922781,0.0003165305339922781,-0.001683469466007722
2025-08-13,2025-08-13T22:00:00+00:00,2025-08-14T00:00:00+00:00,122686.2109375,123339.765625,0.005327042725550735,2.0,0.005327042725550735,0.005127042725550735,0.004327042725550735,0.0033270427255507346,0.0013270427255507346
2025-08-14,2025-08-14T22:00:00+00:00,2025-08-15T00:00:00+00:00,117970.4140625,118369.5234375,0.003383131085634261,2.0,0.003383131085634261,0.003183131085634261,0.002383131085634261,0.001383131085634261,-0.000616868914365739
2025-08-15,2025-08-15T22:00:00+00:00,2025-08-16T00:00:00+00:00,117397.0859375,117400.25,2.6951797608365524e-05,2.0,2.6951797608365524e-05,-0.00017304820239163449,-0.0009730482023916345,-0.0019730482023916345,-0.0039730482023916346
2025-08-16,2025-08-16T22:00:00+00:00,2025-08-17T00:00:00+00:00,117544.4609375,117469.3359375,-0.0006391198649500218,2.0,-0.0006391198649500218,-0.0008391198649500218,-0.0016391198649500218,-0.002639119864950022,-0.004639119864950022
2025-08-17,2025-08-17T22:00:00+00:00,2025-08-18T00:00:00+00:00,117831.9140625,117476.1015625,-0.003019661547815189,2.0,-0.003019661547815189,-0.003219661547815189,-0.004019661547815189,-0.005019661547815189,-0.007019661547815189
2025-08-18,2025-08-18T22:00:00+00:00,2025-08-19T00:00:00+00:00,116703.6640625,116271.6015625,-0.003702218807531299,2.0,-0.003702218807531299,-0.003902218807531299,-0.004702218807531299,-0.005702218807531299,-0.007702218807531299
2025-08-19,2025-08-19T22:00:00+00:00,2025-08-20T00:00:00+00:00,113399.6484375,112852.109375,-0.004828401763536161,2.0,-0.004828401763536161,-0.0050284017635361606,-0.005828401763536161,-0.006828401763536161,-0.008828401763536161
2025-08-20,2025-08-20T22:00:00+00:00,2025-08-21T00:00:00+00:00,114371.7578125,114209.3359375,-0.0014201222234100364,2.0,-0.0014201222234100364,-0.0016201222234100364,-0.0024201222234100364,-0.0034201222234100364,-0.0054201222234100364
2025-08-21,2025-08-21T22:00:00+00:00,2025-08-22T00:00:00+00:00,112590.0234375,112462.859375,-0.001129443432175803,2.0,-0.001129443432175803,-0.001329443432175803,-0.002129443432175803,-0.003129443432175803,-0.005129443432175803
2025-08-22,2025-08-22T22:00:00+00:00,2025-08-23T00:00:00+00:00,116988.5078125,116920.8671875,-0.0005781817912269283,2.0,-0.0005781817912269283,-0.0007781817912269282,-0.0015781817912269283,-0.0025781817912269283,-0.004578181791226928
2025-08-23,2025-08-23T22:00:00+00:00,2025-08-24T00:00:00+00:00,115019.890625,115341.6015625,0.002797002637994872,2.0,0.002797002637994872,0.002597002637994872,0.001797002637994872,0.000797002637994872,-0.001202997362005128
2025-08-24,2025-08-24T22:00:00+00:00,2025-08-25T00:00:00+00:00,112976.2734375,113465.1796875,0.004327512628308439,2.0,0.004327512628308439,0.004127512628308439,0.0033275126283084386,0.0023275126283084386,0.00032751262830843855
2025-08-25,2025-08-25T22:00:00+00:00,2025-08-26T00:00:00+00:00,110111.34375,110061.859375,-0.00044940306161689314,2.0,-0.00044940306161689314,-0.0006494030616168931,-0.0014494030616168932,-0.002449403061616893,-0.004449403061616893
2025-08-26,2025-08-26T22:00:00+00:00,2025-08-27T00:00:00+00:00,111566.1171875,111798.0,0.0020784340115582722,2.0,0.0020784340115582722,0.0018784340115582721,0.0010784340115582722,7.843401155827219e-05,-0.0019215659884417279
2025-08-27,2025-08-27T22:00:00+00:00,2025-08-28T00:00:00+00:00,111502.21875,111261.3671875,-0.0021600607162806096,2.0,-0.0021600607162806096,-0.0023600607162806097,-0.0031600607162806096,-0.00416006071628061,-0.00616006071628061
2025-08-28,2025-08-28T22:00:00+00:00,2025-08-29T00:00:00+00:00,112039.9453125,112571.5234375,0.0047445410966360235,2.0,0.0047445410966360235,0.004544541096636024,0.0037445410966360235,0.0027445410966360235,0.0007445410966360234
2025-08-29,2025-08-29T22:00:00+00:00,2025-08-30T00:00:00+00:00,108468.0625,108330.4375,-0.0012688066591030056,2.0,-0.0012688066591030056,-0.0014688066591030057,-0.0022688066591030056,-0.0032688066591030056,-0.005268806659103006
2025-08-30,2025-08-30T22:00:00+00:00,2025-08-31T00:00:00+00:00,108585.7578125,108823.390625,0.002188434443772369,2.0,0.002188434443772369,0.001988434443772369,0.001188434443772369,0.00018843444377236902,-0.001811565556227631
2025-08-31,2025-08-31T22:00:00+00:00,2025-09-01T00:00:00+00:00,109052.53125,108250.2578125,-0.00735676126270568,2.0,-0.00735676126270568,-0.00755676126270568,-0.008356761262705681,-0.00935676126270568,-0.01135676126270568
2025-09-01,2025-09-01T22:00:00+00:00,2025-09-02T00:00:00+00:00,107789.4296875,109212.2578125,0.013200071000700309,2.0,0.013200071000700309,0.013000071000700308,0.012200071000700308,0.011200071000700309,0.009200071000700309
2025-09-02,2025-09-02T22:00:00+00:00,2025-09-03T00:00:00+00:00,111188.3203125,111220.8046875,0.00029215636056645344,2.0,0.00029215636056645344,9.215636056645343e-05,-0.0007078436394335466,-0.0017078436394335466,-0.0037078436394335466
2025-09-03,2025-09-03T22:00:00+00:00,2025-09-04T00:00:00+00:00,112021.640625,111744.234375,-0.0024763630353230592,2.0,-0.0024763630353230592,-0.0026763630353230593,-0.0034763630353230593,-0.004476363035323059,-0.006476363035323059
2025-09-04,2025-09-04T22:00:00+00:00,2025-09-05T00:00:00+00:00,110513.296875,110729.4375,0.001955788408380066,2.0,0.001955788408380066,0.0017557884083800658,0.0009557884083800658,-4.4211591619934196e-05,-0.0020442115916199342
2025-09-05,2025-09-05T22:00:00+00:00,2025-09-06T00:00:00+00:00,110638.703125,110652.1640625,0.00012166572022076494,2.0,0.00012166572022076494,-7.833427977923507e-05,-0.0008783342797792351,-0.001878334279779235,-0.003878334279779235
2025-09-06,2025-09-06T22:00:00+00:00,2025-09-07T00:00:00+00:00,110229.875,110256.1640625,0.00023849308093648602,2.0,0.00023849308093648602,3.8493080936486014e-05,-0.000761506919063514,-0.001761506919063514,-0.003761506919063514
2025-09-07,2025-09-07T22:00:00+00:00,2025-09-08T00:00:00+00:00,111082.4609375,111142.3828125,0.0005394359694075312,2.0,0.0005394359694075312,0.00033943596940753126,-0.0004605640305924688,-0.0014605640305924688,-0.003460564030592469
2025-09-08,2025-09-08T22:00:00+00:00,2025-09-09T00:00:00+00:00,112314.0859375,112052.796875,-0.0023264140051444393,2.0,-0.0023264140051444393,-0.0025264140051444394,-0.0033264140051444393,-0.004326414005144439,-0.006326414005144439
2025-09-09,2025-09-09T22:00:00+00:00,2025-09-10T00:00:00+00:00,111298.3828125,111539.0625,0.002162472458431486,2.0,0.002162472458431486,0.0019624724584314857,0.0011624724584314858,0.0001624724584314858,-0.0018375275415685142
2025-09-10,2025-09-10T22:00:00+00:00,2025-09-11T00:00:00+00:00,113845.25,113963.09375,0.0010351222383016,2.0,0.0010351222383016,0.0008351222383016001,3.5122238301600085e-05,-0.0009648777616983999,-0.0029648777616984
2025-09-11,2025-09-11T22:00:00+00:00,2025-09-12T00:00:00+00:00,114503.3203125,115509.0078125,0.008783042249388862,2.0,0.008783042249388862,0.008583042249388861,0.0077830422493888616,0.0067830422493888615,0.0047830422493888615
2025-09-12,2025-09-12T22:00:00+00:00,2025-09-13T00:00:00+00:00,115944.0703125,116104.3125,0.0013820645339439608,2.0,0.0013820645339439608,0.0011820645339439607,0.00038206453394396076,-0.0006179354660560393,-0.0026179354660560393
2025-09-13,2025-09-13T22:00:00+00:00,2025-09-14T00:00:00+00:00,115912.09375,115973.2734375,0.0005278110809727732,2.0,0.0005278110809727732,0.0003278110809727732,-0.00047218891902722684,-0.0014721889190272269,-0.003472188919027227
2025-09-14,2025-09-14T22:00:00+00:00,2025-09-15T00:00:00+00:00,116085.46875,115377.84375,-0.006095724190285479,2.0,-0.006095724190285479,-0.006295724190285478,-0.007095724190285479,-0.008095724190285479,-0.010095724190285479
2025-09-15,2025-09-15T22:00:00+00:00,2025-09-16T00:00:00+00:00,115518.28125,115124.171875,-0.003411662385688463,2.0,-0.003411662385688463,-0.0036116623856884632,-0.004411662385688463,-0.005411662385688463,-0.007411662385688463
2025-09-16,2025-09-16T22:00:00+00:00,2025-09-17T00:00:00+00:00,116871.5703125,116850.6015625,-0.0001794170296842701,2.0,-0.0001794170296842701,-0.0003794170296842701,-0.0011794170296842701,-0.00217941702968427,-0.00417941702968427
2025-09-17,2025-09-17T22:00:00+00:00,2025-09-18T00:00:00+00:00,116157.8046875,116467.4296875,0.00266555485301212,2.0,0.00266555485301212,0.0024655548530121197,0.0016655548530121198,0.0006655548530121198,-0.0013344451469878803
2025-09-18,2025-09-18T22:00:00+00:00,2025-09-19T00:00:00+00:00,117337.84375,117145.1953125,-0.0016418269787746853,2.0,-0.0016418269787746853,-0.0018418269787746854,-0.0026418269787746853,-0.0036418269787746853,-0.005641826978774685
2025-09-19,2025-09-19T22:00:00+00:00,2025-09-20T00:00:00+00:00,115522.828125,115692.296875,0.0014669719634687883,2.0,0.0014669719634687883,0.0012669719634687882,0.0004669719634687883,-0.0005330280365312117,-0.0025330280365312118
2025-09-20,2025-09-20T22:00:00+00:00,2025-09-21T00:00:00+00:00,115863.546875,115732.8046875,-0.0011284152006934,2.0,-0.0011284152006934,-0.0013284152006934002,-0.0021284152006934,-0.0031284152006934,-0.0051284152006934
2025-09-21,2025-09-21T22:00:00+00:00,2025-09-22T00:00:00+00:00,115457.2578125,115270.71875,-0.0016156547109661412,2.0,-0.0016156547109661412,-0.0018156547109661413,-0.0026156547109661412,-0.0036156547109661413,-0.005615654710966141
2025-09-22,2025-09-22T22:00:00+00:00,2025-09-23T00:00:00+00:00,113055.1171875,112771.75,-0.002506451671975496,2.0,-0.002506451671975496,-0.002706451671975496,-0.003506451671975496,-0.004506451671975496,-0.006506451671975496
2025-09-23,2025-09-23T22:00:00+00:00,2025-09-24T00:00:00+00:00,112176.6484375,112017.4375,-0.0014192877012964011,2.0,-0.0014192877012964011,-0.0016192877012964012,-0.002419287701296401,-0.003419287701296401,-0.005419287701296401
2025-09-24,2025-09-24T22:00:00+00:00,2025-09-25T00:00:00+00:00,113383.7109375,113340.0625,-0.0003849621531972769,2.0,-0.0003849621531972769,-0.0005849621531972769,-0.001384962153197277,-0.002384962153197277,-0.004384962153197277
2025-09-25,2025-09-25T22:00:00+00:00,2025-09-26T00:00:00+00:00,109461.984375,109014.1015625,-0.0040916745211344585,2.0,-0.0040916745211344585,-0.004291674521134458,-0.0050916745211344585,-0.0060916745211344586,-0.008091674521134459
2025-09-26,2025-09-26T22:00:00+00:00,2025-09-27T00:00:00+00:00,109519.109375,109702.3671875,0.0016732953139029227,2.0,0.0016732953139029227,0.0014732953139029227,0.0006732953139029227,-0.0003267046860970773,-0.0023267046860970773
2025-09-27,2025-09-27T22:00:00+00:00,2025-09-28T00:00:00+00:00,109495.9375,109687.5703125,0.0017501362778871155,2.0,0.0017501362778871155,0.0015501362778871154,0.0007501362778871154,-0.0002498637221128846,-0.0022498637221128846
2025-09-28,2025-09-28T22:00:00+00:00,2025-09-29T00:00:00+00:00,110958.984375,112201.1640625,0.01119494464100268,2.0,0.01119494464100268,0.01099494464100268,0.010194944641002679,0.00919494464100268,0.00719494464100268
2025-09-29,2025-09-29T22:00:00+00:00,2025-09-30T00:00:00+00:00,114255.1953125,114389.28125,0.0011735653432061177,2.0,0.0011735653432061177,0.0009735653432061177,0.0001735653432061177,-0.0008264346567938823,-0.0028264346567938824
2025-09-30,2025-09-30T22:00:00+00:00,2025-10-01T00:00:00+00:00,114181.265625,114078.0078125,-0.0009043323520263602,2.0,-0.0009043323520263602,-0.0011043323520263603,-0.0019043323520263602,-0.0029043323520263602,-0.00490433235202636
2025-10-01,2025-10-01T22:00:00+00:00,2025-10-02T00:00:00+00:00,117613.203125,118625.8046875,0.008609590892816765,2.0,0.008609590892816765,0.008409590892816765,0.007609590892816765,0.006609590892816765,0.004609590892816765
2025-10-02,2025-10-02T22:00:00+00:00,2025-10-03T00:00:00+00:00,120220.578125,120606.3203125,0.0032086203004191294,2.0,0.0032086203004191294,0.0030086203004191293,0.0022086203004191294,0.0012086203004191293,-0.0007913796995808707
2025-10-03,2025-10-03T22:00:00+00:00,2025-10-04T00:00:00+00:00,122382.5,122276.53125,-0.0008658815598635572,2.0,-0.0008658815598635572,-0.0010658815598635573,-0.0018658815598635572,-0.0028658815598635572,-0.004865881559863557
2025-10-04,2025-10-04T22:00:00+00:00,2025-10-05T00:00:00+00:00,122234.0625,122425.2109375,0.0015637902691814087,2.0,0.0015637902691814087,0.0013637902691814086,0.0005637902691814087,-0.0004362097308185913,-0.0024362097308185914
2025-10-05,2025-10-05T22:00:00+00:00,2025-10-06T00:00:00+00:00,122750.6796875,123508.1484375,0.006170790678539317,2.0,0.006170790678539317,0.005970790678539318,0.005170790678539317,0.004170790678539317,0.0021707906785393173
2025-10-06,2025-10-06T22:00:00+00:00,2025-10-07T00:00:00+00:00,125201.8125,124726.34375,-0.0037976187445369902,2.0,-0.0037976187445369902,-0.00399761874453699,-0.00479761874453699,-0.00579761874453699,-0.00779761874453699
2025-10-07,2025-10-07T22:00:00+00:00,2025-10-08T00:00:00+00:00,122037.0390625,121408.8828125,-0.005147259019274486,2.0,-0.005147259019274486,-0.005347259019274486,-0.006147259019274486,-0.007147259019274486,-0.009147259019274486
2025-10-08,2025-10-08T22:00:00+00:00,2025-10-09T00:00:00+00:00,123272.21875,123379.09375,0.0008669836649630724,2.0,0.0008669836649630724,0.0006669836649630725,-0.00013301633503692758,-0.0011330163350369276,-0.0031330163350369276
2025-10-09,2025-10-09T22:00:00+00:00,2025-10-10T00:00:00+00:00,121520.9765625,121727.234375,0.0016973021311585956,2.0,0.0016973021311585956,0.0014973021311585955,0.0006973021311585956,-0.0003026978688414044,-0.0023026978688414045
2025-10-10,2025-10-10T22:00:00+00:00,2025-10-11T00:00:00+00:00,113989.4453125,112980.5859375,-0.008850463060279257,2.0,-0.008850463060279257,-0.009050463060279257,-0.009850463060279258,-0.010850463060279257,-0.012850463060279257
2025-10-11,2025-10-11T22:00:00+00:00,2025-10-12T00:00:00+00:00,111045.375,110718.3671875,-0.002944812537217345,2.0,-0.002944812537217345,-0.003144812537217345,-0.003944812537217345,-0.004944812537217345,-0.006944812537217345
2025-10-12,2025-10-12T22:00:00+00:00,2025-10-13T00:00:00+00:00,115646.9140625,115091.0390625,-0.00480665657623669,2.0,-0.00480665657623669,-0.005006656576236689,-0.00580665657623669,-0.00680665657623669,-0.00880665657623669
2025-10-13,2025-10-13T22:00:00+00:00,2025-10-14T00:00:00+00:00,115806.6484375,115261.4453125,-0.004707874136382073,2.0,-0.004707874136382073,-0.004907874136382073,-0.005707874136382073,-0.006707874136382073,-0.008707874136382073
2025-10-14,2025-10-14T22:00:00+00:00,2025-10-15T00:00:00+00:00,113258.609375,113084.546875,-0.001536858883934178,2.0,-0.001536858883934178,-0.001736858883934178,-0.002536858883934178,-0.003536858883934178,-0.005536858883934178
2025-10-15,2025-10-15T22:00:00+00:00,2025-10-16T00:00:00+00:00,110918.046875,110797.3046875,-0.0010885711649437635,2.0,-0.0010885711649437635,-0.0012885711649437636,-0.0020885711649437635,-0.0030885711649437635,-0.005088571164943764
2025-10-16,2025-10-16T22:00:00+00:00,2025-10-17T00:00:00+00:00,108462.359375,108202.9140625,-0.0023920308759187714,2.0,-0.0023920308759187714,-0.0025920308759187715,-0.0033920308759187714,-0.0043920308759187714,-0.0063920308759187715
2025-10-17,2025-10-17T22:00:00+00:00,2025-10-18T00:00:00+00:00,107372.5625,106474.34375,-0.008365440193345508,2.0,-0.008365440193345508,-0.008565440193345509,-0.009365440193345509,-0.010365440193345508,-0.012365440193345508
2025-10-18,2025-10-18T22:00:00+00:00,2025-10-19T00:00:00+00:00,107227.1328125,107198.890625,-0.0002633865772516675,2.0,-0.0002633865772516675,-0.00046338657725166746,-0.0012633865772516675,-0.0022633865772516675,-0.0042633865772516676
2025-10-19,2025-10-19T22:00:00+00:00,2025-10-20T00:00:00+00:00,108791.640625,108671.8125,-0.001101446069859735,2.0,-0.001101446069859735,-0.0013014460698597351,-0.002101446069859735,-0.003101446069859735,-0.005101446069859735
2025-10-20,2025-10-20T22:00:00+00:00,2025-10-21T00:00:00+00:00,110583.3828125,110587.6328125,3.8432537438293224e-05,2.0,3.8432537438293224e-05,-0.00016156746256170679,-0.0009615674625617068,-0.001961567462561707,-0.003961567462561707
2025-10-21,2025-10-21T22:00:00+00:00,2025-10-22T00:00:00+00:00,110916.078125,108380.0078125,-0.02286476726703146,2.0,-0.02286476726703146,-0.02306476726703146,-0.02386476726703146,-0.024864767267031462,-0.02686476726703146
2025-10-22,2025-10-22T22:00:00+00:00,2025-10-23T00:00:00+00:00,107178.5078125,107609.4375,0.004020672579747808,2.0,0.004020672579747808,0.003820672579747808,0.003020672579747808,0.002020672579747808,2.0672579747808145e-05
2025-10-23,2025-10-23T22:00:00+00:00,2025-10-24T00:00:00+00:00,109588.0,110115.0625,0.00480949100266459,2.0,0.00480949100266459,0.00460949100266459,0.00380949100266459,0.00280949100266459,0.0008094910026645898
2025-10-24,2025-10-24T22:00:00+00:00,2025-10-25T00:00:00+00:00,111113.4609375,111042.21875,-0.0006411661278382663,2.0,-0.0006411661278382663,-0.0008411661278382663,-0.0016411661278382663,-0.0026411661278382664,-0.004641166127838266
2025-10-25,2025-10-25T22:00:00+00:00,2025-10-26T00:00:00+00:00,111471.3359375,111650.640625,0.0016085273042796278,2.0,0.0016085273042796278,0.0014085273042796277,0.0006085273042796277,-0.0003914726957203723,-0.0023914726957203723
2025-10-26,2025-10-26T22:00:00+00:00,2025-10-27T00:00:00+00:00,113450.8515625,114557.6640625,0.00975587652940857,2.0,0.00975587652940857,0.009555876529408569,0.008755876529408568,0.007755876529408569,0.005755876529408569
2025-10-27,2025-10-27T22:00:00+00:00,2025-10-28T00:00:00+00:00,114389.015625,114117.03125,-0.0023777140970566712,2.0,-0.0023777140970566712,-0.0025777140970566713,-0.0033777140970566713,-0.004377714097056671,-0.006377714097056671
2025-10-28,2025-10-28T22:00:00+00:00,2025-10-29T00:00:00+00:00,113061.234375,112849.84375,-0.001869700310354494,2.0,-0.001869700310354494,-0.002069700310354494,-0.002869700310354494,-0.003869700310354494,-0.005869700310354494
2025-10-29,2025-10-29T22:00:00+00:00,2025-10-30T00:00:00+00:00,111643.109375,110066.0,-0.014126347643208526,2.0,-0.014126347643208526,-0.014326347643208526,-0.015126347643208526,-0.016126347643208527,-0.018126347643208526
2025-10-30,2025-10-30T22:00:00+00:00,2025-10-31T00:00:00+00:00,107912.5390625,108288.2734375,0.0034818416679305297,2.0,0.0034818416679305297,0.0032818416679305296,0.0024818416679305297,0.0014818416679305297,-0.0005181583320694703
2025-10-31,2025-10-31T22:00:00+00:00,2025-11-01T00:00:00+00:00,109501.3046875,109559.015625,0.0005270342455252486,2.0,0.0005270342455252486,0.0003270342455252486,-0.00047296575447475144,-0.0014729657544747515,-0.0034729657544747515
2025-11-01,2025-11-01T22:00:00+00:00,2025-11-02T00:00:00+00:00,109835.0234375,110048.0625,0.0019396277783947369,2.0,0.0019396277783947369,0.0017396277783947368,0.0009396277783947369,-6.037222160526316e-05,-0.002060372221605263
2025-11-02,2025-11-02T22:00:00+00:00,2025-11-03T00:00:00+00:00,110002.09375,110491.5625,0.00444963121440578,2.0,0.00444963121440578,0.004249631214405781,0.0034496312144057803,0.0024496312144057803,0.00044963121440578027
2025-11-03,2025-11-03T22:00:00+00:00,2025-11-04T00:00:00+00:00,106849.65625,106557.8046875,-0.002731422568334141,2.0,-0.002731422568334141,-0.002931422568334141,-0.003731422568334141,-0.004731422568334141,-0.006731422568334141
2025-11-04,2025-11-04T22:00:00+00:00,2025-11-05T00:00:00+00:00,100252.7109375,101517.0859375,0.012611878403849364,2.0,0.012611878403849364,0.012411878403849363,0.011611878403849363,0.010611878403849364,0.008611878403849364
2025-11-05,2025-11-05T22:00:00+00:00,2025-11-06T00:00:00+00:00,103674.8671875,103896.96875,0.002142289337089931,2.0,0.002142289337089931,0.0019422893370899309,0.001142289337089931,0.00014228933708993093,-0.0018577106629100691
2025-11-06,2025-11-06T22:00:00+00:00,2025-11-07T00:00:00+00:00,101067.796875,101282.7421875,0.002126743820940691,2.0,0.002126743820940691,0.0019267438209406907,0.0011267438209406908,0.00012674382094069077,-0.0018732561790593093
2025-11-07,2025-11-07T22:00:00+00:00,2025-11-08T00:00:00+00:00,103839.625,103296.953125,-0.00522605773085183,2.0,-0.00522605773085183,-0.005426057730851829,-0.00622605773085183,-0.00722605773085183,-0.00922605773085183
2025-11-08,2025-11-08T22:00:00+00:00,2025-11-09T00:00:00+00:00,102267.8046875,102287.390625,0.00019151616248969106,2.0,0.00019151616248969106,-8.483837510308954e-06,-0.000808483837510309,-0.001808483837510309,-0.003808483837510309
2025-11-09,2025-11-09T22:00:00+00:00,2025-11-10T00:00:00+00:00,104504.6171875,104725.828125,0.0021167575505598446,2.0,0.0021167575505598446,0.0019167575505598445,0.0011167575505598446,0.00011675755055984456,-0.0018832424494401555
2025-11-10,2025-11-10T22:00:00+00:00,2025-11-11T00:00:00+00:00,105569.3125,105986.1796875,0.003948753455224052,2.0,0.003948753455224052,0.003748753455224052,0.002948753455224052,0.0019487534552240521,-5.1246544775947894e-05
2025-11-11,2025-11-11T22:00:00+00:00,2025-11-12T00:00:00+00:00,102698.890625,103019.21875,0.003119100148507581,2.0,0.003119100148507581,0.002919100148507581,0.002119100148507581,0.0011191001485075808,-0.0008808998514924192
2025-11-12,2025-11-12T22:00:00+00:00,2025-11-13T00:00:00+00:00,101894.5625,101661.0625,-0.002291584499418242,2.0,-0.002291584499418242,-0.0024915844994182423,-0.003291584499418242,-0.004291584499418242,-0.006291584499418242
2025-11-13,2025-11-13T22:00:00+00:00,2025-11-14T00:00:00+00:00,98765.1328125,99690.40625,0.009368421943567684,2.0,0.009368421943567684,0.009168421943567684,0.008368421943567683,0.007368421943567684,0.005368421943567684
2025-11-14,2025-11-14T22:00:00+00:00,2025-11-15T00:00:00+00:00,94978.234375,94509.15625,-0.004938796010335866,2.0,-0.004938796010335866,-0.005138796010335866,-0.005938796010335866,-0.006938796010335866,-0.008938796010335866
2025-11-15,2025-11-15T22:00:00+00:00,2025-11-16T00:00:00+00:00,95185.5,95548.828125,0.00381705328017401,2.0,0.00381705328017401,0.0036170532801740097,0.0028170532801740098,0.0018170532801740098,-0.00018294671982599028
2025-11-16,2025-11-16T22:00:00+00:00,2025-11-17T00:00:00+00:00,93437.3671875,94194.296875,0.008100931247143173,2.0,0.008100931247143173,0.007900931247143172,0.007100931247143173,0.006100931247143173,0.004100931247143173
2025-11-17,2025-11-17T22:00:00+00:00,2025-11-18T00:00:00+00:00,91815.34375,92059.7734375,0.0026621877947279327,2.0,0.0026621877947279327,0.0024621877947279326,0.0016621877947279326,0.0006621877947279326,-0.0013378122052720674
2025-11-18,2025-11-18T22:00:00+00:00,2025-11-19T00:00:00+00:00,92447.0625,92944.140625,0.0053768947499008846,2.0,0.0053768947499008846,0.005176894749900885,0.0043768947499008845,0.0033768947499008845,0.0013768947499008845
2025-11-19,2025-11-19T22:00:00+00:00,2025-11-20T00:00:00+00:00,90530.3203125,91460.7890625,0.010277979209486254,2.0,0.010277979209486254,0.010077979209486254,0.009277979209486253,0.008277979209486254,0.006277979209486254
2025-11-20,2025-11-20T22:00:00+00:00,2025-11-21T00:00:00+00:00,87214.390625,86523.953125,-0.007916554768681583,2.0,-0.007916554768681583,-0.008116554768681583,-0.008916554768681584,-0.009916554768681583,-0.011916554768681583
2025-11-21,2025-11-21T22:00:00+00:00,2025-11-22T00:00:00+00:00,85124.7109375,85075.9609375,-0.0005726891693740299,2.0,-0.0005726891693740299,-0.0007726891693740299,-0.00157268916937403,-0.00257268916937403,-0.00457268916937403
2025-11-22,2025-11-22T22:00:00+00:00,2025-11-23T00:00:00+00:00,84372.1015625,84680.8125,0.0036589219870424294,2.0,0.0036589219870424294,0.0034589219870424293,0.0026589219870424294,0.0016589219870424294,-0.00034107801295757065
2025-11-23,2025-11-23T22:00:00+00:00,2025-11-24T00:00:00+00:00,87966.109375,86794.40625,-0.01331993802300635,2.0,-0.01331993802300635,-0.01351993802300635,-0.014319938023006351,-0.01531993802300635,-0.01731993802300635
2025-11-24,2025-11-24T22:00:00+00:00,2025-11-25T00:00:00+00:00,88777.046875,88268.5390625,-0.005727919889202737,2.0,-0.005727919889202737,-0.005927919889202737,-0.006727919889202737,-0.007727919889202737,-0.009727919889202737
2025-11-25,2025-11-25T22:00:00+00:00,2025-11-26T00:00:00+00:00,86918.5,87311.9375,0.004526510466701605,2.0,0.004526510466701605,0.004326510466701606,0.0035265104667016054,0.0025265104667016054,0.0005265104667016053
2025-11-26,2025-11-26T22:00:00+00:00,2025-11-27T00:00:00+00:00,90160.609375,90474.9921875,0.0034869197832547716,2.0,0.0034869197832547716,0.0032869197832547715,0.0024869197832547716,0.0014869197832547715,-0.0005130802167452285
2025-11-27,2025-11-27T22:00:00+00:00,2025-11-28T00:00:00+00:00,91443.109375,91317.5234375,-0.0013733778122634321,2.0,-0.0013733778122634321,-0.0015733778122634322,-0.002373377812263432,-0.003373377812263432,-0.005373377812263432
2025-11-30,2025-11-30T22:00:00+00:00,2025-12-01T00:00:00+00:00,91173.234375,90379.84375,-0.008702012497842748,2.0,-0.008702012497842748,-0.008902012497842749,-0.009702012497842749,-0.010702012497842748,-0.012702012497842748
2025-12-01,2025-12-01T22:00:00+00:00,2025-12-02T00:00:00+00:00,86440.8828125,86306.09375,-0.0015593207532640374,2.0,-0.0015593207532640374,-0.0017593207532640375,-0.0025593207532640374,-0.0035593207532640374,-0.0055593207532640375
2025-12-02,2025-12-02T22:00:00+00:00,2025-12-03T00:00:00+00:00,91635.1796875,91345.3125,-0.00316327406666872,2.0,-0.00316327406666872,-0.00336327406666872,-0.00416327406666872,-0.00516327406666872,-0.00716327406666872
2025-12-03,2025-12-03T22:00:00+00:00,2025-12-04T00:00:00+00:00,93744.78125,93463.3828125,-0.0030017504307739973,2.0,-0.0030017504307739973,-0.0032017504307739974,-0.004001750430773997,-0.005001750430773997,-0.007001750430773997
2025-12-04,2025-12-04T22:00:00+00:00,2025-12-05T00:00:00+00:00,92172.4453125,92139.3359375,-0.00035921120338888723,2.0,-0.00035921120338888723,-0.0005592112033888872,-0.0013592112033888873,-0.0023592112033888873,-0.004359211203388887
2025-12-05,2025-12-05T22:00:00+00:00,2025-12-06T00:00:00+00:00,89188.171875,89360.8359375,0.0019359524796851435,2.0,0.0019359524796851435,0.0017359524796851434,0.0009359524796851435,-6.404752031485654e-05,-0.0020640475203148566
2025-12-06,2025-12-06T22:00:00+00:00,2025-12-07T00:00:00+00:00,89458.59375,89257.46875,-0.0022482468320713656,2.0,-0.0022482468320713656,-0.0024482468320713656,-0.0032482468320713656,-0.004248246832071366,-0.006248246832071366
2025-12-07,2025-12-07T22:00:00+00:00,2025-12-08T00:00:00+00:00,90157.8515625,90426.9453125,0.002984695679149496,2.0,0.002984695679149496,0.002784695679149496,0.001984695679149496,0.000984695679149496,-0.001015304320850504
2025-12-08,2025-12-08T22:00:00+00:00,2025-12-09T00:00:00+00:00,91336.2890625,90644.140625,-0.007578022323924016,2.0,-0.007578022323924016,-0.007778022323924016,-0.008578022323924017,-0.009578022323924016,-0.011578022323924016
2025-12-09,2025-12-09T22:00:00+00:00,2025-12-10T00:00:00+00:00,92681.03125,92705.875,0.0002680564692141285,2.0,0.0002680564692141285,6.80564692141285e-05,-0.0007319435307858715,-0.0017319435307858715,-0.0037319435307858716
2025-12-10,2025-12-10T22:00:00+00:00,2025-12-11T00:00:00+00:00,92372.5,92034.4453125,-0.003659689707434577,2.0,-0.003659689707434577,-0.003859689707434577,-0.004659689707434577,-0.005659689707434577,-0.007659689707434577
2025-12-11,2025-12-11T22:00:00+00:00,2025-12-12T00:00:00+00:00,92900.546875,92522.484375,-0.004069540091176105,2.0,-0.004069540091176105,-0.0042695400911761045,-0.005069540091176105,-0.006069540091176105,-0.008069540091176105
2025-12-12,2025-12-12T22:00:00+00:00,2025-12-13T00:00:00+00:00,90205.0703125,90279.3203125,0.0008231244623253531,2.0,0.0008231244623253531,0.0006231244623253531,-0.00017687553767464694,-0.001176875537674647,-0.003176875537674647
2025-12-13,2025-12-13T22:00:00+00:00,2025-12-14T00:00:00+00:00,90186.9375,90264.171875,0.0008563809476289652,2.0,0.0008563809476289652,0.0006563809476289652,-0.0001436190523710348,-0.0011436190523710348,-0.003143619052371035
2025-12-14,2025-12-14T22:00:00+00:00,2025-12-15T00:00:00+00:00,88469.046875,88167.90625,-0.003403909453500553,2.0,-0.003403909453500553,-0.0036039094535005533,-0.004403909453500553,-0.005403909453500553,-0.007403909453500553
2025-12-15,2025-12-15T22:00:00+00:00,2025-12-16T00:00:00+00:00,86205.6171875,86424.4375,0.0025383532957494737,2.0,0.0025383532957494737,0.0023383532957494736,0.0015383532957494736,0.0005383532957494736,-0.0014616467042505264
2025-12-16,2025-12-16T22:00:00+00:00,2025-12-17T00:00:00+00:00,87765.171875,87842.8671875,0.0008852636055980412,2.0,0.0008852636055980412,0.0006852636055980412,-0.00011473639440195884,-0.0011147363944019589,-0.003114736394401959
2025-12-17,2025-12-17T22:00:00+00:00,2025-12-18T00:00:00+00:00,85945.2109375,86196.7890625,0.0029271918965090293,2.0,0.0029271918965090293,0.0027271918965090292,0.0019271918965090293,0.0009271918965090293,-0.0010728081034909707
2025-12-18,2025-12-18T22:00:00+00:00,2025-12-19T00:00:00+00:00,85583.328125,85463.296875,-0.0014025073881759331,2.0,-0.0014025073881759331,-0.0016025073881759332,-0.002402507388175933,-0.003402507388175933,-0.005402507388175933
2025-12-19,2025-12-19T22:00:00+00:00,2025-12-20T00:00:00+00:00,87779.5390625,88098.40625,0.003632591272471508,2.0,0.003632591272471508,0.003432591272471508,0.002632591272471508,0.001632591272471508,-0.00036740872752849194
2025-12-20,2025-12-20T22:00:00+00:00,2025-12-21T00:00:00+00:00,88207.6015625,88339.9609375,0.0015005438607942345,2.0,0.0015005438607942345,0.0013005438607942344,0.0005005438607942345,-0.0004994561392057655,-0.0024994561392057656
2025-12-21,2025-12-21T22:00:00+00:00,2025-12-22T00:00:00+00:00,88112.2578125,88621.6640625,0.0057813323894615465,2.0,0.0057813323894615465,0.005581332389461547,0.0047813323894615465,0.0037813323894615464,0.0017813323894615464
2025-12-22,2025-12-22T22:00:00+00:00,2025-12-23T00:00:00+00:00,88237.6484375,88530.7265625,0.003321463459076579,2.0,0.003321463459076579,0.003121463459076579,0.002321463459076579,0.001321463459076579,-0.0006785365409234211
2025-12-23,2025-12-23T22:00:00+00:00,2025-12-24T00:00:00+00:00,87669.0078125,87431.0859375,-0.002713865263638593,2.0,-0.002713865263638593,-0.002913865263638593,-0.003713865263638593,-0.004713865263638593,-0.006713865263638593
2025-12-24,2025-12-24T22:00:00+00:00,2025-12-25T00:00:00+00:00,87629.796875,87608.0546875,-0.00024811409218505887,2.0,-0.00024811409218505887,-0.00044811409218505885,-0.0012481140921850589,-0.002248114092185059,-0.004248114092185059
2025-12-25,2025-12-25T22:00:00+00:00,2025-12-26T00:00:00+00:00,87845.4765625,87214.5,-0.007182800836091685,2.0,-0.007182800836091685,-0.007382800836091685,-0.008182800836091686,-0.009182800836091685,-0.011182800836091685
2025-12-26,2025-12-26T22:00:00+00:00,2025-12-27T00:00:00+00:00,87407.5546875,87316.0078125,-0.0010473565508988258,2.0,-0.0010473565508988258,-0.001247356550898826,-0.002047356550898826,-0.003047356550898826,-0.005047356550898826
2025-12-27,2025-12-27T22:00:00+00:00,2025-12-28T00:00:00+00:00,87605.15625,87806.0546875,0.0022932261763988215,2.0,0.0022932261763988215,0.0020932261763988214,0.0012932261763988215,0.0002932261763988215,-0.0017067738236011785
2025-12-28,2025-12-28T22:00:00+00:00,2025-12-29T00:00:00+00:00,87503.65625,87858.109375,0.004050723594763994,2.0,0.004050723594763994,0.003850723594763994,0.003050723594763994,0.002050723594763994,5.0723594763994045e-05
2025-12-29,2025-12-29T22:00:00+00:00,2025-12-30T00:00:00+00:00,87227.59375,87142.078125,-0.000980373541486168,2.0,-0.000980373541486168,-0.0011803735414861682,-0.001980373541486168,-0.002980373541486168,-0.004980373541486168
2025-12-30,2025-12-30T22:00:00+00:00,2025-12-31T00:00:00+00:00,88182.109375,88407.7265625,0.0025585369764806742,2.0,0.0025585369764806742,0.002358536976480674,0.0015585369764806742,0.0005585369764806742,-0.0014414630235193258
2025-12-31,2025-12-31T22:00:00+00:00,2026-01-01T00:00:00+00:00,87652.2734375,87512.875,-0.0015903573522185743,2.0,-0.0015903573522185743,-0.0017903573522185744,-0.0025903573522185743,-0.0035903573522185744,-0.005590357352218574
2026-01-01,2026-01-01T22:00:00+00:00,2026-01-02T00:00:00+00:00,88271.7734375,88725.46875,0.005139755267534518,2.0,0.005139755267534518,0.0049397552675345185,0.004139755267534518,0.003139755267534518,0.001139755267534518
2026-01-02,2026-01-02T22:00:00+00:00,2026-01-03T00:00:00+00:00,89990.53125,89948.5625,-0.00046636851029813187,2.0,-0.00046636851029813187,-0.0006663685102981318,-0.0014663685102981319,-0.002466368510298132,-0.004466368510298132
2026-01-03,2026-01-03T22:00:00+00:00,2026-01-04T00:00:00+00:00,90487.3125,90615.3671875,0.0014151673197277947,2.0,0.0014151673197277947,0.0012151673197277947,0.00041516731972779473,-0.0005848326802722053,-0.0025848326802722053
2026-01-04,2026-01-04T22:00:00+00:00,2026-01-05T00:00:00+00:00,91224.3984375,91498.046875,0.0029997286053629058,2.0,0.0029997286053629058,0.0027997286053629057,0.0019997286053629057,0.0009997286053629057,-0.0010002713946370943
2026-01-05,2026-01-05T22:00:00+00:00,2026-01-06T00:00:00+00:00,94082.9375,93869.1328125,-0.002272512882583011,2.0,-0.002272512882583011,-0.002472512882583011,-0.003272512882583011,-0.004272512882583011,-0.006272512882583011
2026-01-06,2026-01-06T22:00:00+00:00,2026-01-07T00:00:00+00:00,93230.1640625,93623.96875,0.004224005089554561,2.0,0.004224005089554561,0.0040240050895545615,0.003224005089554561,0.002224005089554561,0.00022400508955456103
2026-01-07,2026-01-07T22:00:00+00:00,2026-01-08T00:00:00+00:00,91040.125,91280.703125,0.0026425504688181167,2.0,0.0026425504688181167,0.0024425504688181166,0.0016425504688181167,0.0006425504688181167,-0.0013574495311818834
2026-01-08,2026-01-08T22:00:00+00:00,2026-01-09T00:00:00+00:00,91200.4375,91015.2109375,-0.002030983266938846,2.0,-0.002030983266938846,-0.002230983266938846,-0.003030983266938846,-0.004030983266938846,-0.006030983266938846
2026-01-09,2026-01-09T22:00:00+00:00,2026-01-10T00:00:00+00:00,90413.21875,90509.2109375,0.0010617052332295707,2.0,0.0010617052332295707,0.0008617052332295707,6.170523322957065e-05,-0.0009382947667704294,-0.0029382947667704294
2026-01-10,2026-01-10T22:00:00+00:00,2026-01-11T00:00:00+00:00,90386.4296875,90385.625,-8.902746825856234e-06,2.0,-8.902746825856234e-06,-0.00020890274682585624,-0.0010089027468258563,-0.0020089027468258563,-0.004008902746825856
2026-01-11,2026-01-11T22:00:00+00:00,2026-01-12T00:00:00+00:00,90623.984375,90851.8984375,0.002514941977798113,2.0,0.002514941977798113,0.002314941977798113,0.001514941977798113,0.000514941977798113,-0.001485058022201887
2026-01-12,2026-01-12T22:00:00+00:00,2026-01-13T00:00:00+00:00,90984.1953125,91195.6328125,0.0023238926197433063,2.0,0.0023238926197433063,0.002123892619743306,0.0013238926197433063,0.00032389261974330626,-0.0016761073802566938
2026-01-13,2026-01-13T22:00:00+00:00,2026-01-14T00:00:00+00:00,94069.5078125,95363.3046875,0.013753626494770188,2.0,0.013753626494770188,0.013553626494770188,0.012753626494770187,0.011753626494770188,0.009753626494770188
2026-01-14,2026-01-14T22:00:00+00:00,2026-01-15T00:00:00+00:00,97528.46875,96934.609375,-0.006089087449145492,2.0,-0.006089087449145492,-0.006289087449145491,-0.007089087449145492,-0.008089087449145492,-0.010089087449145492
2026-01-15,2026-01-15T22:00:00+00:00,2026-01-16T00:00:00+00:00,95553.2109375,95562.78125,0.00010015689065911992,2.0,0.00010015689065911992,-9.984310934088009e-05,-0.0008998431093408801,-0.0018998431093408801,-0.00389984310934088
2026-01-16,2026-01-16T22:00:00+00:00,2026-01-17T00:00:00+00:00,95478.6875,95514.765625,0.00037786574098008785,2.0,0.00037786574098008785,0.00017786574098008784,-0.0006221342590199122,-0.0016221342590199122,-0.0036221342590199122
2026-01-17,2026-01-17T22:00:00+00:00,2026-01-18T00:00:00+00:00,95270.3203125,95112.3984375,-0.001657618810160355,2.0,-0.001657618810160355,-0.0018576188101603552,-0.002657618810160355,-0.003657618810160355,-0.005657618810160355
2026-01-18,2026-01-18T22:00:00+00:00,2026-01-19T00:00:00+00:00,95389.390625,93646.9140625,-0.01826698494542356,2.0,-0.01826698494542356,-0.018466984945423558,-0.01926698494542356,-0.02026698494542356,-0.02226698494542356
2026-01-19,2026-01-19T22:00:00+00:00,2026-01-20T00:00:00+00:00,92968.515625,92583.640625,-0.004139842369350499,2.0,-0.004139842369350499,-0.004339842369350499,-0.005139842369350499,-0.006139842369350499,-0.0081398423693505
2026-01-20,2026-01-20T22:00:00+00:00,2026-01-21T00:00:00+00:00,89405.296875,88321.28125,-0.012124736037905981,2.0,-0.012124736037905981,-0.012324736037905982,-0.013124736037905982,-0.014124736037905981,-0.01612473603790598
2026-01-21,2026-01-21T22:00:00+00:00,2026-01-22T00:00:00+00:00,90171.5859375,89372.4296875,-0.008862617216846003,2.0,-0.008862617216846003,-0.009062617216846003,-0.009862617216846004,-0.010862617216846003,-0.012862617216846003
2026-01-22,2026-01-22T22:00:00+00:00,2026-01-23T00:00:00+00:00,89170.6953125,89460.1953125,0.0032465822878855466,2.0,0.0032465822878855466,0.0030465822878855465,0.0022465822878855466,0.0012465822878855465,-0.0007534177121144535
2026-01-23,2026-01-23T22:00:00+00:00,2026-01-24T00:00:00+00:00,89237.75,89487.0,0.002793100453563735,2.0,0.002793100453563735,0.002593100453563735,0.001793100453563735,0.0007931004535637349,-0.0012068995464362652
2026-01-24,2026-01-24T22:00:00+00:00,2026-01-25T00:00:00+00:00,89261.71875,89095.46875,-0.0018625005470219724,2.0,-0.0018625005470219724,-0.0020625005470219725,-0.0028625005470219725,-0.0038625005470219725,-0.0058625005470219725
2026-01-25,2026-01-25T22:00:00+00:00,2026-01-26T00:00:00+00:00,86491.2890625,86577.5859375,0.0009977522122215365,2.0,0.0009977522122215365,0.0007977522122215366,-2.2477877784634823e-06,-0.0010022477877784635,-0.0030022477877784635
2026-01-26,2026-01-26T22:00:00+00:00,2026-01-27T00:00:00+00:00,87976.3984375,88190.84375,0.002437532296259537,2.0,0.002437532296259537,0.002237532296259537,0.001437532296259537,0.0004375322962595369,-0.0015624677037404631
2026-01-27,2026-01-27T22:00:00+00:00,2026-01-28T00:00:00+00:00,88947.8125,89129.90625,0.0020471976193905395,2.0,0.0020471976193905395,0.0018471976193905394,0.0010471976193905394,4.7197619390539416e-05,-0.0019528023806094606
2026-01-28,2026-01-28T22:00:00+00:00,2026-01-29T00:00:00+00:00,89292.4375,89191.0546875,-0.0011354020042291246,2.0,-0.0011354020042291246,-0.0013354020042291247,-0.0021354020042291246,-0.0031354020042291247,-0.005135402004229125
2026-01-29,2026-01-29T22:00:00+00:00,2026-01-30T00:00:00+00:00,84384.71875,84553.6875,0.0020023619501605694,2.0,0.0020023619501605694,0.0018023619501605693,0.0010023619501605694,2.361950160569351e-06,-0.0019976380498394307
2026-01-30,2026-01-30T22:00:00+00:00,2026-01-31T00:00:00+00:00,84203.7109375,84121.6015625,-0.0009751277477657583,2.0,-0.0009751277477657583,-0.0011751277477657584,-0.0019751277477657583,-0.0029751277477657583,-0.004975127747765758
2026-01-31,2026-01-31T22:00:00+00:00,2026-02-01T00:00:00+00:00,78177.4609375,78655.09375,0.006109597405342226,2.0,0.006109597405342226,0.005909597405342227,0.005109597405342226,0.004109597405342226,0.0021095974053422263
2026-02-01,2026-02-01T22:00:00+00:00,2026-02-02T00:00:00+00:00,76473.9453125,76899.453125,0.005564088667862288,2.0,0.005564088667862288,0.005364088667862288,0.004564088667862288,0.003564088667862288,0.001564088667862288
2026-02-02,2026-02-02T22:00:00+00:00,2026-02-03T00:00:00+00:00,78461.1484375,78677.4453125,0.002756738580907969,2.0,0.002756738580907969,0.002556738580907969,0.0017567385809079692,0.0007567385809079692,-0.0012432614190920309
2026-02-03,2026-02-03T22:00:00+00:00,2026-02-04T00:00:00+00:00,76149.3984375,75621.7265625,-0.006929429330070014,2.0,-0.006929429330070014,-0.0071294293300700135,-0.007929429330070015,-0.008929429330070014,-0.010929429330070014
2026-02-04,2026-02-04T22:00:00+00:00,2026-02-05T00:00:00+00:00,72625.59375,73019.046875,0.005417554675757774,2.0,0.005417554675757774,0.0052175546757577745,0.004417554675757774,0.003417554675757774,0.001417554675757774
2026-02-05,2026-02-05T22:00:00+00:00,2026-02-06T00:00:00+00:00,63110.16015625,62801.2734375,-0.004894405559821902,2.0,-0.004894405559821902,-0.005094405559821901,-0.005894405559821902,-0.006894405559821902,-0.008894405559821902
2026-02-06,2026-02-06T22:00:00+00:00,2026-02-07T00:00:00+00:00,70307.0078125,70524.3515625,0.003091352580095963,2.0,0.003091352580095963,0.002891352580095963,0.002091352580095963,0.0010913525800959629,-0.0009086474199040372
2026-02-07,2026-02-07T22:00:00+00:00,2026-02-08T00:00:00+00:00,69433.6796875,69302.40625,-0.001890630571371399,2.0,-0.001890630571371399,-0.002090630571371399,-0.002890630571371399,-0.003890630571371399,-0.005890630571371399
2026-02-08,2026-02-08T22:00:00+00:00,2026-02-09T00:00:00+00:00,70668.7109375,70306.1171875,-0.005130895203687591,2.0,-0.005130895203687591,-0.005330895203687591,-0.006130895203687591,-0.007130895203687591,-0.009130895203687591
2026-02-09,2026-02-09T22:00:00+00:00,2026-02-10T00:00:00+00:00,70390.984375,70109.421875,-0.003999979578350632,2.0,-0.003999979578350632,-0.004199979578350632,-0.004999979578350632,-0.005999979578350632,-0.007999979578350632
2026-02-10,2026-02-10T22:00:00+00:00,2026-02-11T00:00:00+00:00,68670.0390625,68791.1796875,0.0017640972198915694,2.0,0.0017640972198915694,0.0015640972198915693,0.0007640972198915694,-0.00023590278010843062,-0.0022359027801084307
2026-02-11,2026-02-11T22:00:00+00:00,2026-02-12T00:00:00+00:00,67760.21875,67025.5546875,-0.010842114681042125,2.0,-0.010842114681042125,-0.011042114681042126,-0.011842114681042126,-0.012842114681042125,-0.014842114681042125
2026-02-12,2026-02-12T22:00:00+00:00,2026-02-13T00:00:00+00:00,65753.875,66202.6640625,0.006825286912748529,2.0,0.006825286912748529,0.00662528691274853,0.005825286912748529,0.004825286912748529,0.0028252869127485293
2026-02-13,2026-02-13T22:00:00+00:00,2026-02-14T00:00:00+00:00,68850.875,68857.7265625,9.951307808364618e-05,2.0,9.951307808364618e-05,-0.00010048692191635383,-0.0009004869219163538,-0.0019004869219163539,-0.003900486921916354
2026-02-14,2026-02-14T22:00:00+00:00,2026-02-15T00:00:00+00:00,69885.6328125,69758.5390625,-0.0018185962534099653,2.0,-0.0018185962534099653,-0.0020185962534099654,-0.0028185962534099654,-0.0038185962534099654,-0.005818596253409965
2026-02-15,2026-02-15T22:00:00+00:00,2026-02-16T00:00:00+00:00,68847.5390625,68776.75,-0.0010282003316884891,2.0,-0.0010282003316884891,-0.0012282003316884892,-0.002028200331688489,-0.003028200331688489,-0.005028200331688489
2026-02-16,2026-02-16T22:00:00+00:00,2026-02-17T00:00:00+00:00,68840.578125,68852.828125,0.00017794737251852766,2.0,0.00017794737251852766,-2.2052627481472352e-05,-0.0008220526274814724,-0.0018220526274814724,-0.0038220526274814724
2026-02-17,2026-02-17T22:00:00+00:00,2026-02-18T00:00:00+00:00,67637.65625,67482.6484375,-0.0022917383761357213,2.0,-0.0022917383761357213,-0.0024917383761357214,-0.0032917383761357213,-0.004291738376135721,-0.006291738376135721
2026-02-18,2026-02-18T22:00:00+00:00,2026-02-19T00:00:00+00:00,66303.5546875,66441.8515625,0.0020858138851200803,2.0,0.0020858138851200803,0.0018858138851200802,0.0010858138851200802,8.581388512008022e-05,-0.0019141861148799198
2026-02-19,2026-02-19T22:00:00+00:00,2026-02-20T00:00:00+00:00,66894.5546875,66959.8671875,0.0009763500228847644,2.0,0.0009763500228847644,0.0007763500228847644,-2.3649977115235664e-05,-0.0010236499771152357,-0.0030236499771152357
2026-02-20,2026-02-20T22:00:00+00:00,2026-02-21T00:00:00+00:00,67784.078125,67996.2109375,0.003129537472041921,2.0,0.003129537472041921,0.002929537472041921,0.002129537472041921,0.001129537472041921,-0.000870462527958079
2026-02-21,2026-02-21T22:00:00+00:00,2026-02-22T00:00:00+00:00,68362.6796875,67969.0390625,-0.0057581216359483545,2.0,-0.0057581216359483545,-0.005958121635948354,-0.0067581216359483545,-0.0077581216359483545,-0.009758121635948355
2026-02-22,2026-02-22T22:00:00+00:00,2026-02-23T00:00:00+00:00,67586.0625,67616.5390625,0.00045092969426940854,2.0,0.00045092969426940854,0.00025092969426940856,-0.0005490703057305915,-0.0015490703057305915,-0.0035490703057305915
2026-02-23,2026-02-23T22:00:00+00:00,2026-02-24T00:00:00+00:00,64564.26953125,64701.20703125,0.0021209486453450666,2.0,0.0021209486453450666,0.0019209486453450665,0.0011209486453450665,0.00012094864534506651,-0.0018790513546549335
2026-02-24,2026-02-24T22:00:00+00:00,2026-02-25T00:00:00+00:00,64066.828125,64051.15625,-0.00024461761973637586,2.0,-0.00024461761973637586,-0.00044461761973637584,-0.0012446176197363759,-0.002244617619736376,-0.004244617619736376
2026-02-25,2026-02-25T22:00:00+00:00,2026-02-26T00:00:00+00:00,68956.046875,67982.34375,-0.01412063436242339,2.0,-0.01412063436242339,-0.01432063436242339,-0.01512063436242339,-0.01612063436242339,-0.01812063436242339
2026-02-26,2026-02-26T22:00:00+00:00,2026-02-27T00:00:00+00:00,67459.6796875,67476.703125,0.0002523498121969059,2.0,0.0002523498121969059,5.234981219690588e-05,-0.0007476501878030941,-0.0017476501878030942,-0.003747650187803094
2026-02-27,2026-02-27T22:00:00+00:00,2026-02-28T00:00:00+00:00,65550.421875,65869.328125,0.004865052594293484,2.0,0.004865052594293484,0.0046650525942934845,0.003865052594293484,0.002865052594293484,0.000865052594293484
2026-02-28,2026-02-28T22:00:00+00:00,2026-03-01T00:00:00+00:00,66723.3671875,66997.25,0.004104751064651246,2.0,0.004104751064651246,0.0039047510646512463,0.0031047510646512464,0.0021047510646512464,0.00010475106465124631
2026-03-01,2026-03-01T22:00:00+00:00,2026-03-02T00:00:00+00:00,65692.3515625,65758.1015625,0.0010008775517411639,2.0,0.0010008775517411639,0.0008008775517411639,8.775517411638636e-07,-0.0009991224482588362,-0.002999122448258836
2026-03-02,2026-03-02T22:00:00+00:00,2026-03-03T00:00:00+00:00,69429.8828125,68804.5859375,-0.009006163479904683,2.0,-0.009006163479904683,-0.009206163479904684,-0.010006163479904684,-0.011006163479904683,-0.013006163479904683
2026-03-03,2026-03-03T22:00:00+00:00,2026-03-04T00:00:00+00:00,68059.0234375,68317.765625,0.0038017322969321476,2.0,0.0038017322969321476,0.0036017322969321476,0.0028017322969321476,0.0018017322969321476,-0.00019826770306785244
2026-03-04,2026-03-04T22:00:00+00:00,2026-03-05T00:00:00+00:00,73334.5234375,72729.2734375,-0.008253275151038908,2.0,-0.008253275151038908,-0.008453275151038908,-0.009253275151038909,-0.010253275151038908,-0.012253275151038908
2026-03-05,2026-03-05T22:00:00+00:00,2026-03-06T00:00:00+00:00,71139.7578125,70878.65625,-0.0036702621786846024,2.0,-0.0036702621786846024,-0.0038702621786846025,-0.004670262178684602,-0.005670262178684602,-0.0076702621786846024
2026-03-06,2026-03-06T22:00:00+00:00,2026-03-07T00:00:00+00:00,68277.890625,68139.6875,-0.002024127045152091,2.0,-0.002024127045152091,-0.002224127045152091,-0.003024127045152091,-0.004024127045152091,-0.006024127045152091
2026-03-07,2026-03-07T22:00:00+00:00,2026-03-08T00:00:00+00:00,67452.1484375,67250.1015625,-0.0029954105196102754,2.0,-0.0029954105196102754,-0.0031954105196102755,-0.003995410519610275,-0.004995410519610275,-0.0069954105196102755
2026-03-08,2026-03-08T22:00:00+00:00,2026-03-09T00:00:00+00:00,66976.671875,65975.703125,-0.014945035666569573,2.0,-0.014945035666569573,-0.015145035666569573,-0.015945035666569574,-0.016945035666569574,-0.018945035666569573
2026-03-09,2026-03-09T22:00:00+00:00,2026-03-10T00:00:00+00:00,69014.3828125,68443.1484375,-0.008277033738777972,2.0,-0.008277033738777972,-0.008477033738777973,-0.009277033738777973,-0.010277033738777972,-0.012277033738777973
2026-03-10,2026-03-10T22:00:00+00:00,2026-03-11T00:00:00+00:00,69816.8125,69956.9296875,0.002006926161230771,2.0,0.002006926161230771,0.0018069261612307709,0.001006926161230771,6.9261612307709025e-06,-0.001993073838769229
2026-03-11,2026-03-11T22:00:00+00:00,2026-03-12T00:00:00+00:00,70762.3359375,70202.765625,-0.00790774223443147,2.0,-0.00790774223443147,-0.00810774223443147,-0.00890774223443147,-0.00990774223443147,-0.01190774223443147
2026-03-12,2026-03-12T22:00:00+00:00,2026-03-13T00:00:00+00:00,70298.6796875,70446.8671875,0.0021079698887480625,2.0,0.0021079698887480625,0.0019079698887480624,0.0011079698887480624,0.00010796988874806242,-0.0018920301112519376
2026-03-13,2026-03-13T22:00:00+00:00,2026-03-14T00:00:00+00:00,71110.5234375,70952.3359375,-0.0022245301026230235,2.0,-0.0022245301026230235,-0.0024245301026230236,-0.0032245301026230236,-0.004224530102623024,-0.006224530102623024
2026-03-14,2026-03-14T22:00:00+00:00,2026-03-15T00:00:00+00:00,70790.6171875,71214.4296875,0.005986845670203245,2.0,0.005986845670203245,0.005786845670203245,0.004986845670203245,0.003986845670203245,0.0019868456702032446
2026-03-15,2026-03-15T22:00:00+00:00,2026-03-16T00:00:00+00:00,72108.640625,72820.78125,0.00987594023167726,2.0,0.00987594023167726,0.00967594023167726,0.00887594023167726,0.00787594023167726,0.00587594023167726
2026-03-16,2026-03-16T22:00:00+00:00,2026-03-17T00:00:00+00:00,74413.8125,74871.296875,0.006147842176477569,2.0,0.006147842176477569,0.00594784217647757,0.005147842176477569,0.004147842176477569,0.002147842176477569
2026-03-17,2026-03-17T22:00:00+00:00,2026-03-18T00:00:00+00:00,74663.78125,73933.515625,-0.009780721157890748,2.0,-0.009780721157890748,-0.009980721157890749,-0.01078072115789075,-0.011780721157890748,-0.013780721157890748
2026-03-18,2026-03-18T22:00:00+00:00,2026-03-19T00:00:00+00:00,71218.265625,71216.484375,-2.501113983000014e-05,2.0,-2.501113983000014e-05,-0.00022501113983000015,-0.0010250111398300002,-0.00202501113983,-0.00402501113983
2026-03-19,2026-03-19T22:00:00+00:00,2026-03-20T00:00:00+00:00,70437.625,69921.890625,-0.007321859233612726,2.0,-0.007321859233612726,-0.007521859233612726,-0.008321859233612727,-0.009321859233612726,-0.011321859233612726
2026-03-20,2026-03-20T22:00:00+00:00,2026-03-21T00:00:00+00:00,70545.578125,70517.6171875,-0.00039635280117000793,2.0,-0.00039635280117000793,-0.0005963528011700079,-0.001396352801170008,-0.002396352801170008,-0.004396352801170008
2026-03-21,2026-03-21T22:00:00+00:00,2026-03-22T00:00:00+00:00,70346.078125,68903.21875,-0.02051087158599152,2.0,-0.02051087158599152,-0.020710871585991518,-0.02151087158599152,-0.02251087158599152,-0.02451087158599152
2026-03-22,2026-03-22T22:00:00+00:00,2026-03-23T00:00:00+00:00,67877.453125,67854.984375,-0.00033101934391410737,2.0,-0.00033101934391410737,-0.0005310193439141073,-0.0013310193439141074,-0.0023310193439141074,-0.0043310193439141075
2026-03-23,2026-03-23T22:00:00+00:00,2026-03-24T00:00:00+00:00,70827.125,70898.6640625,0.0010100517633604422,2.0,0.0010100517633604422,0.0008100517633604422,1.0051763360442202e-05,-0.0009899482366395578,-0.002989948236639558
2026-03-24,2026-03-24T22:00:00+00:00,2026-03-25T00:00:00+00:00,70293.453125,70525.5625,0.0033020055877359678,2.0,0.0033020055877359678,0.0031020055877359677,0.0023020055877359677,0.0013020055877359677,-0.0006979944122640323
2026-03-25,2026-03-25T22:00:00+00:00,2026-03-26T00:00:00+00:00,71007.4453125,71311.6640625,0.004284321857534135,2.0,0.004284321857534135,0.004084321857534135,0.0032843218575341346,0.0022843218575341346,0.00028432185753413455
2026-03-26,2026-03-26T22:00:00+00:00,2026-03-27T00:00:00+00:00,68884.1171875,68778.71875,-0.0015300833022670046,2.0,-0.0015300833022670046,-0.0017300833022670047,-0.0025300833022670046,-0.0035300833022670047,-0.005530083302267005
2026-03-27,2026-03-27T22:00:00+00:00,2026-03-28T00:00:00+00:00,66027.5625,66363.4140625,0.005086535831153816,2.0,0.005086535831153816,0.004886535831153816,0.0040865358311538156,0.0030865358311538155,0.0010865358311538155
2026-03-28,2026-03-28T22:00:00+00:00,2026-03-29T00:00:00+00:00,66645.828125,66331.703125,-0.004713348289570818,2.0,-0.004713348289570818,-0.0049133482895708175,-0.005713348289570818,-0.006713348289570818,-0.008713348289570818
2026-03-29,2026-03-29T22:00:00+00:00,2026-03-30T00:00:00+00:00,66672.9296875,65957.6015625,-0.010728913943826801,2.0,-0.010728913943826801,-0.010928913943826802,-0.011728913943826802,-0.012728913943826801,-0.014728913943826801
2026-03-30,2026-03-30T22:00:00+00:00,2026-03-31T00:00:00+00:00,66758.3671875,66727.5234375,-0.00046202073686685274,2.0,-0.00046202073686685274,-0.0006620207368668527,-0.0014620207368668528,-0.002462020736866853,-0.004462020736866853
2026-03-31,2026-03-31T22:00:00+00:00,2026-04-01T00:00:00+00:00,68219.96875,68224.46875,6.596309090212138e-05,2.0,6.596309090212138e-05,-0.00013403690909787863,-0.0009340369090978786,-0.0019340369090978787,-0.003934036909097879
2026-04-01,2026-04-01T22:00:00+00:00,2026-04-02T00:00:00+00:00,68375.8828125,68095.265625,-0.004104037505000213,2.0,-0.004104037505000213,-0.004304037505000213,-0.005104037505000213,-0.006104037505000213,-0.008104037505000213
2026-04-02,2026-04-02T22:00:00+00:00,2026-04-03T00:00:00+00:00,66920.703125,66888.4765625,-0.0004815634175242556,2.0,-0.0004815634175242556,-0.0006815634175242556,-0.0014815634175242556,-0.0024815634175242556,-0.004481563417524256
2026-04-03,2026-04-03T22:00:00+00:00,2026-04-04T00:00:00+00:00,66949.21875,66937.25,-0.0001787735573837157,2.0,-0.0001787735573837157,-0.0003787735573837157,-0.0011787735573837157,-0.0021787735573837157,-0.004178773557383716
2026-04-04,2026-04-04T22:00:00+00:00,2026-04-05T00:00:00+00:00,67349.390625,67280.21875,-0.00102706014647036,2.0,-0.00102706014647036,-0.00122706014647036,-0.00202706014647036,-0.00302706014647036,-0.00502706014647036
2026-04-05,2026-04-05T22:00:00+00:00,2026-04-06T00:00:00+00:00,67522.359375,68978.9140625,0.021571442422660514,2.0,0.021571442422660514,0.021371442422660515,0.020571442422660513,0.019571442422660512,0.017571442422660514
2026-04-06,2026-04-06T22:00:00+00:00,2026-04-07T00:00:00+00:00,69471.375,68860.4609375,-0.00879375228286472,2.0,-0.00879375228286472,-0.00899375228286472,-0.00979375228286472,-0.01079375228286472,-0.01279375228286472
2026-04-07,2026-04-07T22:00:00+00:00,2026-04-08T00:00:00+00:00,69911.75,71926.15625,0.0288135578068065,2.0,0.0288135578068065,0.0286135578068065,0.0278135578068065,0.0268135578068065,0.0248135578068065
2026-04-08,2026-04-08T22:00:00+00:00,2026-04-09T00:00:00+00:00,71546.6796875,71093.7578125,-0.006330438770579705,2.0,-0.006330438770579705,-0.006530438770579705,-0.007330438770579705,-0.008330438770579705,-0.010330438770579705
2026-04-09,2026-04-09T22:00:00+00:00,2026-04-10T00:00:00+00:00,72258.2578125,71783.515625,-0.006570075197936398,2.0,-0.006570075197936398,-0.006770075197936398,-0.007570075197936398,-0.008570075197936398,-0.010570075197936398
2026-04-10,2026-04-10T22:00:00+00:00,2026-04-11T00:00:00+00:00,73202.296875,72974.1953125,-0.00311604378875574,2.0,-0.00311604378875574,-0.0033160437887557403,-0.00411604378875574,-0.00511604378875574,-0.00711604378875574
2026-04-11,2026-04-11T22:00:00+00:00,2026-04-12T00:00:00+00:00,73449.1328125,73057.15625,-0.005336707834258991,2.0,-0.005336707834258991,-0.005536707834258991,-0.006336707834258991,-0.007336707834258991,-0.009336707834258991
2026-04-12,2026-04-12T22:00:00+00:00,2026-04-13T00:00:00+00:00,71345.109375,70741.296875,-0.008463264059576647,2.0,-0.008463264059576647,-0.008663264059576648,-0.009463264059576648,-0.010463264059576647,-0.012463264059576647
2026-04-13,2026-04-13T22:00:00+00:00,2026-04-14T00:00:00+00:00,73208.84375,74442.2265625,0.016847456527409044,2.0,0.016847456527409044,0.016647456527409045,0.015847456527409043,0.014847456527409044,0.012847456527409044
2026-04-14,2026-04-14T22:00:00+00:00,2026-04-15T00:00:00+00:00,74272.21875,74176.09375,-0.00129422550743441,2.0,-0.00129422550743441,-0.00149422550743441,-0.00229422550743441,-0.00329422550743441,-0.00529422550743441
2026-04-15,2026-04-15T22:00:00+00:00,2026-04-16T00:00:00+00:00,74784.7109375,74845.609375,0.0008143166796605872,2.0,0.0008143166796605872,0.0006143166796605872,-0.00018568332033941284,-0.0011856833203394129,-0.003185683320339413
2026-04-16,2026-04-16T22:00:00+00:00,2026-04-17T00:00:00+00:00,74966.2578125,75160.203125,0.0025871014261520386,2.0,0.0025871014261520386,0.0023871014261520386,0.0015871014261520386,0.0005871014261520386,-0.0014128985738479614
2026-04-17,2026-04-17T22:00:00+00:00,2026-04-18T00:00:00+00:00,77473.1328125,77073.75,-0.0051551137536490765,2.0,-0.0051551137536490765,-0.005355113753649076,-0.0061551137536490766,-0.007155113753649077,-0.009155113753649077
2026-04-18,2026-04-18T22:00:00+00:00,2026-04-19T00:00:00+00:00,75827.4921875,75736.0,-0.0012065833230217038,2.0,-0.0012065833230217038,-0.0014065833230217039,-0.002206583323021704,-0.003206583323021704,-0.005206583323021704
2026-04-19,2026-04-19T22:00:00+00:00,2026-04-20T00:00:00+00:00,74423.9921875,73830.0,-0.007981192220964495,2.0,-0.007981192220964495,-0.008181192220964495,-0.008981192220964496,-0.009981192220964495,-0.011981192220964495
2026-04-20,2026-04-20T22:00:00+00:00,2026-04-21T00:00:00+00:00,76054.0,75876.890625,-0.0023287318878691954,2.0,-0.0023287318878691954,-0.0025287318878691955,-0.0033287318878691954,-0.004328731887869195,-0.0063287318878691955
2026-04-21,2026-04-21T22:00:00+00:00,2026-04-22T00:00:00+00:00,75566.6328125,76370.0,0.010631242356575088,2.0,0.010631242356575088,0.010431242356575087,0.009631242356575087,0.008631242356575088,0.006631242356575088
2026-04-22,2026-04-22T22:00:00+00:00,2026-04-23T00:00:00+00:00,78785.2421875,78208.5390625,-0.007319938468012932,2.0,-0.007319938468012932,-0.007519938468012932,-0.008319938468012933,-0.009319938468012932,-0.011319938468012932
2026-04-23,2026-04-23T22:00:00+00:00,2026-04-24T00:00:00+00:00,77912.2734375,78320.3828125,0.005238062720982928,2.0,0.005238062720982928,0.005038062720982928,0.004238062720982928,0.0032380627209829278,0.0012380627209829277
2026-04-24,2026-04-24T22:00:00+00:00,2026-04-25T00:00:00+00:00,77572.0390625,77471.1796875,-0.0013002027047237519,2.0,-0.0013002027047237519,-0.001500202704723752,-0.002300202704723752,-0.003300202704723752,-0.005300202704723752
2026-04-25,2026-04-25T22:00:00+00:00,2026-04-26T00:00:00+00:00,77548.8984375,77650.7265625,0.0013130828039042974,2.0,0.0013130828039042974,0.0011130828039042973,0.0003130828039042974,-0.0006869171960957026,-0.0026869171960957026
2026-04-26,2026-04-26T22:00:00+00:00,2026-04-27T00:00:00+00:00,78388.2890625,78673.828125,0.0036426239928815107,2.0,0.0036426239928815107,0.0034426239928815106,0.0026426239928815107,0.0016426239928815107,-0.00035737600711848935
2026-04-27,2026-04-27T22:00:00+00:00,2026-04-28T00:00:00+00:00,76817.34375,77380.9375,0.007336803415569859,2.0,0.007336803415569859,0.0071368034155698595,0.006336803415569859,0.005336803415569859,0.003336803415569859
2026-04-28,2026-04-28T22:00:00+00:00,2026-04-29T00:00:00+00:00,76384.8515625,76316.65625,-0.0008927858221233764,2.0,-0.0008927858221233764,-0.0010927858221233765,-0.0018927858221233764,-0.0028927858221233765,-0.0048927858221233765
2026-04-29,2026-04-29T22:00:00+00:00,2026-04-30T00:00:00+00:00,75883.59375,75800.7265625,-0.00109203035076344,2.0,-0.00109203035076344,-0.00129203035076344,-0.00209203035076344,-0.00309203035076344,-0.00509203035076344
2026-04-30,2026-04-30T22:00:00+00:00,2026-05-01T00:00:00+00:00,76234.5390625,76295.7265625,0.0008026217611132314,2.0,0.0008026217611132314,0.0006026217611132314,-0.00019737823888676866,-0.0011973782388867687,-0.0031973782388867687
2026-05-01,2026-05-01T22:00:00+00:00,2026-05-02T00:00:00+00:00,78207.7109375,78234.390625,0.0003411388363139256,2.0,0.0003411388363139256,0.0001411388363139256,-0.0006588611636860744,-0.0016588611636860744,-0.0036588611636860745
2026-05-02,2026-05-02T22:00:00+00:00,2026-05-03T00:00:00+00:00,78724.6875,78682.3125,-0.0005382682528908278,2.0,-0.0005382682528908278,-0.0007382682528908278,-0.0015382682528908278,-0.002538268252890828,-0.004538268252890828
2026-05-03,2026-05-03T22:00:00+00:00,2026-05-04T00:00:00+00:00,78869.296875,78546.0625,-0.004098354972180029,2.0,-0.004098354972180029,-0.004298354972180029,-0.0050983549721800294,-0.0060983549721800295,-0.00809835497218003
2026-05-04,2026-05-04T22:00:00+00:00,2026-05-05T00:00:00+00:00,80243.2890625,79852.359375,-0.004871805381700067,2.0,-0.004871805381700067,-0.005071805381700067,-0.005871805381700067,-0.006871805381700067,-0.008871805381700067
2026-05-05,2026-05-05T22:00:00+00:00,2026-05-06T00:00:00+00:00,81486.0234375,80884.8125,-0.007378086598631595,2.0,-0.007378086598631595,-0.007578086598631594,-0.008378086598631596,-0.009378086598631595,-0.011378086598631595
2026-05-06,2026-05-06T22:00:00+00:00,2026-05-07T00:00:00+00:00,81534.828125,81416.3984375,-0.0014525042883323236,2.0,-0.0014525042883323236,-0.0016525042883323237,-0.0024525042883323236,-0.0034525042883323236,-0.005452504288332324
2026-05-07,2026-05-07T22:00:00+00:00,2026-05-08T00:00:00+00:00,79695.9765625,80027.9921875,0.004166027437277453,2.0,0.004166027437277453,0.003966027437277453,0.003166027437277453,0.002166027437277453,0.00016602743727745298
2026-05-08,2026-05-08T22:00:00+00:00,2026-05-09T00:00:00+00:00,80227.703125,80188.3828125,-0.0004901089146068793,2.0,-0.0004901089146068793,-0.0006901089146068793,-0.0014901089146068794,-0.0024901089146068794,-0.004490108914606879
2026-05-09,2026-05-09T22:00:00+00:00,2026-05-10T00:00:00+00:00,80767.34375,80653.4609375,-0.0014100106207838303,2.0,-0.0014100106207838303,-0.0016100106207838304,-0.0024100106207838303,-0.0034100106207838304,-0.00541001062078383
2026-05-10,2026-05-10T22:00:00+00:00,2026-05-11T00:00:00+00:00,80665.0,82218.15625,0.019254400917374292,2.0,0.019254400917374292,0.019054400917374294,0.01825440091737429,0.01725440091737429,0.015254400917374292
2026-05-11,2026-05-11T22:00:00+00:00,2026-05-12T00:00:00+00:00,81831.203125,81715.28125,-0.0014165974661636271,2.0,-0.0014165974661636271,-0.0016165974661636272,-0.002416597466163627,-0.003416597466163627,-0.005416597466163627
2026-05-12,2026-05-12T22:00:00+00:00,2026-05-13T00:00:00+00:00,80612.5078125,80480.40625,-0.001638722899022782,2.0,-0.001638722899022782,-0.001838722899022782,-0.002638722899022782,-0.003638722899022782,-0.005638722899022782
2026-05-13,2026-05-13T22:00:00+00:00,2026-05-14T00:00:00+00:00,79405.03125,79299.1484375,-0.0013334521860036697,2.0,-0.0013334521860036697,-0.0015334521860036698,-0.0023334521860036697,-0.0033334521860036697,-0.00533345218600367
2026-05-14,2026-05-14T22:00:00+00:00,2026-05-15T00:00:00+00:00,81376.0078125,81080.078125,-0.0036365717052850854,2.0,-0.0036365717052850854,-0.0038365717052850855,-0.0046365717052850855,-0.0056365717052850855,-0.0076365717052850855
2026-05-15,2026-05-15T22:00:00+00:00,2026-05-16T00:00:00+00:00,78931.9921875,79050.3125,0.0014990159151049287,2.0,0.0014990159151049287,0.0012990159151049286,0.0004990159151049287,-0.0005009840848950713,-0.0025009840848950714
2026-05-16,2026-05-16T22:00:00+00:00,2026-05-17T00:00:00+00:00,78226.40625,78106.296875,-0.0015354070416598864,2.0,-0.0015354070416598864,-0.0017354070416598865,-0.0025354070416598864,-0.0035354070416598864,-0.0055354070416598865
2026-05-17,2026-05-17T22:00:00+00:00,2026-05-18T00:00:00+00:00,78317.78125,77408.0,-0.011616535038139864,2.0,-0.011616535038139864,-0.011816535038139864,-0.012616535038139864,-0.013616535038139864,-0.015616535038139864
2026-05-18,2026-05-18T22:00:00+00:00,2026-05-19T00:00:00+00:00,77059.0625,76952.46875,-0.0013832733820243748,2.0,-0.0013832733820243748,-0.0015832733820243749,-0.002383273382024375,-0.003383273382024375,-0.005383273382024375
2026-05-19,2026-05-19T22:00:00+00:00,2026-05-20T00:00:00+00:00,76901.0390625,76755.25,-0.0018958009446596868,2.0,-0.0018958009446596868,-0.002095800944659687,-0.002895800944659687,-0.003895800944659687,-0.005895800944659687
2026-05-20,2026-05-20T22:00:00+00:00,2026-05-21T00:00:00+00:00,77412.578125,77479.203125,0.0008606482514046387,2.0,0.0008606482514046387,0.0006606482514046388,-0.00013935174859536128,-0.0011393517485953613,-0.0031393517485953613
2026-05-21,2026-05-21T22:00:00+00:00,2026-05-22T00:00:00+00:00,77603.1796875,77551.25,-0.0006691695844051049,2.0,-0.0006691695844051049,-0.0008691695844051049,-0.001669169584405105,-0.002669169584405105,-0.004669169584405105
2026-05-22,2026-05-22T22:00:00+00:00,2026-05-23T00:00:00+00:00,75880.296875,75462.9765625,-0.0054997190270283935,2.0,-0.0054997190270283935,-0.005699719027028393,-0.006499719027028394,-0.007499719027028394,-0.009499719027028394
2026-05-23,2026-05-23T22:00:00+00:00,2026-05-24T00:00:00+00:00,76715.2734375,76657.9765625,-0.0007468770224312582,2.0,-0.0007468770224312582,-0.0009468770224312582,-0.0017468770224312582,-0.0027468770224312582,-0.004746877022431258
2026-05-24,2026-05-24T22:00:00+00:00,2026-05-25T00:00:00+00:00,76138.5703125,76996.109375,0.011262873192658507,2.0,0.011262873192658507,0.011062873192658506,0.010262873192658506,0.009262873192658507,0.007262873192658507
2026-05-25,2026-05-25T22:00:00+00:00,2026-05-26T00:00:00+00:00,77300.0078125,77253.203125,-0.0006054939556219274,2.0,-0.0006054939556219274,-0.0008054939556219274,-0.0016054939556219274,-0.0026054939556219275,-0.0046054939556219275
2026-05-26,2026-05-26T22:00:00+00:00,2026-05-27T00:00:00+00:00,75789.796875,75828.9375,0.0005164365998309162,2.0,0.0005164365998309162,0.0003164365998309162,-0.00048356340016908386,-0.0014835634001690839,-0.003483563400169084
2026-05-27,2026-05-27T22:00:00+00:00,2026-05-28T00:00:00+00:00,74326.4296875,74304.0,-0.0003017727017737837,2.0,-0.0003017727017737837,-0.0005017727017737837,-0.0013017727017737837,-0.0023017727017737837,-0.004301772701773784
2026-05-28,2026-05-28T22:00:00+00:00,2026-05-29T00:00:00+00:00,73705.7734375,73516.203125,-0.0025719872902595364,2.0,-0.0025719872902595364,-0.0027719872902595365,-0.0035719872902595365,-0.0045719872902595365,-0.0065719872902595365
2026-05-29,2026-05-29T22:00:00+00:00,2026-05-30T00:00:00+00:00,73307.2109375,73372.6796875,0.000893073807647804,2.0,0.000893073807647804,0.000693073807647804,-0.00010692619235219605,-0.001106926192352196,-0.003106926192352196
2026-05-30,2026-05-30T22:00:00+00:00,2026-05-31T00:00:00+00:00,73852.359375,73790.7578125,-0.0008341177319360904,2.0,-0.0008341177319360904,-0.0010341177319360905,-0.0018341177319360904,-0.0028341177319360904,-0.0048341177319360905
2026-05-31,2026-05-31T22:00:00+00:00,2026-06-01T00:00:00+00:00,73766.1015625,73575.1796875,-0.002588206113050995,2.0,-0.002588206113050995,-0.002788206113050995,-0.003588206113050995,-0.004588206113050995,-0.006588206113050995
2026-06-01,2026-06-01T22:00:00+00:00,2026-06-02T00:00:00+00:00,70950.0,71314.4375,0.005136539816772423,2.0,0.005136539816772423,0.004936539816772423,0.004136539816772423,0.003136539816772423,0.001136539816772423
2026-06-02,2026-06-02T22:00:00+00:00,2026-06-03T00:00:00+00:00,67409.3203125,66667.0078125,-0.01101201579482991,2.0,-0.01101201579482991,-0.01121201579482991,-0.012012015794829911,-0.01301201579482991,-0.01501201579482991
2026-06-03,2026-06-03T22:00:00+00:00,2026-06-04T00:00:00+00:00,65610.9921875,64052.0,-0.023761143301183174,2.0,-0.023761143301183174,-0.023961143301183173,-0.024761143301183175,-0.025761143301183176,-0.027761143301183174
2026-06-04,2026-06-04T22:00:00+00:00,2026-06-05T00:00:00+00:00,63186.421875,63775.8984375,0.009329165111867654,2.0,0.009329165111867654,0.009129165111867654,0.008329165111867654,0.007329165111867654,0.005329165111867654
2026-06-05,2026-06-05T22:00:00+00:00,2026-06-06T00:00:00+00:00,61600.0,61048.19921875,-0.008957804890422083,2.0,-0.008957804890422083,-0.009157804890422084,-0.009957804890422084,-0.010957804890422083,-0.012957804890422083
2026-06-06,2026-06-06T22:00:00+00:00,2026-06-07T00:00:00+00:00,60711.01953125,60850.0,0.002289213223942932,2.0,0.002289213223942932,0.002089213223942932,0.001289213223942932,0.0002892132239429319,-0.0017107867760570682
2026-06-07,2026-06-07T22:00:00+00:00,2026-06-08T00:00:00+00:00,61824.6015625,63300.01953125,0.02386457706902423,2.0,0.02386457706902423,0.02366457706902423,0.022864577069024228,0.021864577069024227,0.01986457706902423
2026-06-08,2026-06-08T22:00:00+00:00,2026-06-09T00:00:00+00:00,63676.30859375,63050.7109375,-0.009824653314017717,2.0,-0.009824653314017717,-0.010024653314017718,-0.010824653314017718,-0.011824653314017717,-0.013824653314017717
2026-06-09,2026-06-09T22:00:00+00:00,2026-06-10T00:00:00+00:00,61720.08984375,61699.21875,-0.00033815721595409354,2.0,-0.00033815721595409354,-0.0005381572159540935,-0.0013381572159540936,-0.0023381572159540936,-0.004338157215954094
2026-06-10,2026-06-10T22:00:00+00:00,2026-06-11T00:00:00+00:00,61297.828125,61460.08984375,0.002647103881382451,2.0,0.002647103881382451,0.002447103881382451,0.001647103881382451,0.000647103881382451,-0.001352896118617549
2026-06-11,2026-06-11T22:00:00+00:00,2026-06-12T00:00:00+00:00,63446.66015625,63563.44921875,0.0018407440551226895,2.0,0.0018407440551226895,0.0016407440551226894,0.0008407440551226894,-0.00015925594487731058,-0.0021592559448773106
2026-06-12,2026-06-12T22:00:00+00:00,2026-06-13T00:00:00+00:00,63450.0,63532.80078125,0.0013049768518518245,2.0,0.0013049768518518245,0.0011049768518518245,0.00030497685185182453,-0.0006950231481481755,-0.0026950231481481755
2026-06-13,2026-06-13T22:00:00+00:00,2026-06-14T00:00:00+00:00,64444.08984375,64415.6796875,-0.00044084967789725926,2.0,-0.00044084967789725926,-0.0006408496778972592,-0.0014408496778972593,-0.0024408496778972593,-0.004440849677897259
2026-06-14,2026-06-14T22:00:00+00:00,2026-06-15T00:00:00+00:00,65300.01171875,65702.0,0.00615602157900641,2.0,0.00615602157900641,0.00595602157900641,0.00515602157900641,0.00415602157900641,0.00215602157900641
2026-06-15,2026-06-15T22:00:00+00:00,2026-06-16T00:00:00+00:00,66330.9609375,66265.8515625,-0.0009815834729327566,2.0,-0.0009815834729327566,-0.0011815834729327567,-0.0019815834729327566,-0.0029815834729327566,-0.004981583472932757
2026-06-16,2026-06-16T22:00:00+00:00,2026-06-17T00:00:00+00:00,65703.7109375,65616.640625,-0.001325196267571882,2.0,-0.001325196267571882,-0.0015251962675718821,-0.002325196267571882,-0.003325196267571882,-0.005325196267571882
2026-06-17,2026-06-17T22:00:00+00:00,2026-06-18T00:00:00+00:00,64181.01171875,64457.578125,0.004309162458546956,2.0,0.004309162458546956,0.004109162458546956,0.0033091624585469557,0.0023091624585469556,0.0003091624585469556
2026-06-18,2026-06-18T22:00:00+00:00,2026-06-19T00:00:00+00:00,62886.359375,62883.53125,-4.4971994373810276e-05,2.0,-4.4971994373810276e-05,-0.00024497199437381026,-0.0010449719943738103,-0.0020449719943738103,-0.00404497199437381
2026-06-19,2026-06-19T22:00:00+00:00,2026-06-20T00:00:00+00:00,63001.80078125,63469.9609375,0.007430901187658323,2.0,0.007430901187658323,0.007230901187658323,0.006430901187658323,0.005430901187658323,0.003430901187658323
2026-06-20,2026-06-20T22:00:00+00:00,2026-06-21T00:00:00+00:00,63925.2109375,64229.671875,0.004762767819376901,2.0,0.004762767819376901,0.004562767819376901,0.0037627678193769007,0.0027627678193769007,0.0007627678193769007
2026-06-21,2026-06-21T22:00:00+00:00,2026-06-22T00:00:00+00:00,63614.44921875,63235.62890625,-0.00595494132468799,2.0,-0.00595494132468799,-0.00615494132468799,-0.00695494132468799,-0.00795494132468799,-0.00995494132468799
2026-06-22,2026-06-22T22:00:00+00:00,2026-06-23T00:00:00+00:00,64246.41015625,63931.53125,-0.004901112847927269,2.0,-0.004901112847927269,-0.005101112847927269,-0.005901112847927269,-0.006901112847927269,-0.00890111284792727
2026-06-23,2026-06-23T22:00:00+00:00,2026-06-24T00:00:00+00:00,62508.12109375,62644.859375,0.0021875282580470223,2.0,0.0021875282580470223,0.0019875282580470222,0.0011875282580470223,0.0001875282580470223,-0.0018124717419529777
2026-06-24,2026-06-24T22:00:00+00:00,2026-06-25T00:00:00+00:00,61014.83984375,60988.30859375,-0.000434832740165203,2.0,-0.000434832740165203,-0.000634832740165203,-0.001434832740165203,-0.002434832740165203,-0.004434832740165203
2026-06-25,2026-06-25T22:00:00+00:00,2026-06-26T00:00:00+00:00,60104.51953125,59709.78125,-0.006567530766879548,2.0,-0.006567530766879548,-0.006767530766879548,-0.007567530766879548,-0.008567530766879548,-0.010567530766879548
2026-06-26,2026-06-26T22:00:00+00:00,2026-06-27T00:00:00+00:00,59812.26171875,60011.08984375,0.003324203420611793,2.0,0.003324203420611793,0.003124203420611793,0.002324203420611793,0.0013242034206117931,-0.0006757965793882069
2026-06-27,2026-06-27T22:00:00+00:00,2026-06-28T00:00:00+00:00,60073.9296875,59934.83984375,-0.0023153112252441987,2.0,-0.0023153112252441987,-0.002515311225244199,-0.0033153112252441988,-0.004315311225244199,-0.006315311225244199
2026-06-28,2026-06-28T22:00:00+00:00,2026-06-29T00:00:00+00:00,59349.28125,59478.7890625,0.002182129417110712,2.0,0.002182129417110712,0.001982129417110712,0.001182129417110712,0.00018212941711071191,-0.0018178705828892881
2026-06-29,2026-06-29T22:00:00+00:00,2026-06-30T00:00:00+00:00,60390.0,60152.37109375,-0.003934904889054458,2.0,-0.003934904889054458,-0.004134904889054458,-0.004934904889054458,-0.005934904889054458,-0.007934904889054458
2026-06-30,2026-06-30T22:00:00+00:00,2026-07-01T00:00:00+00:00,58562.37109375,58541.55078125,-0.0003555237281405166,2.0,-0.0003555237281405166,-0.0005555237281405166,-0.0013555237281405166,-0.0023555237281405166,-0.004355523728140517
2026-07-01,2026-07-01T22:00:00+00:00,2026-07-02T00:00:00+00:00,60748.3203125,59950.48828125,-0.01313340067915969,2.0,-0.01313340067915969,-0.01333340067915969,-0.014133400679159691,-0.01513340067915969,-0.01713340067915969
2026-07-02,2026-07-02T22:00:00+00:00,2026-07-03T00:00:00+00:00,61498.1484375,61482.46875,-0.0002549619443573681,2.0,-0.0002549619443573681,-0.00045496194435736806,-0.001254961944357368,-0.002254961944357368,-0.004254961944357368
2026-07-03,2026-07-03T22:00:00+00:00,2026-07-04T00:00:00+00:00,62668.23046875,62520.23046875,-0.0023616431945338023,2.0,-0.0023616431945338023,-0.0025616431945338024,-0.0033616431945338024,-0.004361643194533802,-0.006361643194533802
2026-07-04,2026-07-04T22:00:00+00:00,2026-07-05T00:00:00+00:00,63237.98828125,63086.44921875,-0.002396329589518742,2.0,-0.002396329589518742,-0.002596329589518742,-0.003396329589518742,-0.004396329589518742,-0.006396329589518742
2026-07-05,2026-07-05T22:00:00+00:00,2026-07-06T00:00:00+00:00,63019.96875,63581.19140625,0.008905473413932885,2.0,0.008905473413932885,0.008705473413932885,0.007905473413932884,0.006905473413932885,0.004905473413932885
2026-07-06,2026-07-06T22:00:00+00:00,2026-07-07T00:00:00+00:00,64438.01171875,64006.01171875,-0.006704117468514292,2.0,-0.006704117468514292,-0.006904117468514292,-0.007704117468514292,-0.008704117468514292,-0.010704117468514292
2026-07-07,2026-07-07T22:00:00+00:00,2026-07-08T00:00:00+00:00,63382.25,63322.05859375,-0.0009496571398144305,2.0,-0.0009496571398144305,-0.0011496571398144305,-0.0019496571398144305,-0.0029496571398144305,-0.0049496571398144305
2026-07-08,2026-07-08T22:00:00+00:00,2026-07-09T00:00:00+00:00,62140.96875,62237.7109375,0.0015568181418157412,2.0,0.0015568181418157412,0.001356818141815741,0.0005568181418157412,-0.00044318185818425886,-0.002443181858184259
2026-07-09,2026-07-09T22:00:00+00:00,2026-07-10T00:00:00+00:00,63223.69921875,63170.96875,-0.0008340301089874158,2.0,-0.0008340301089874158,-0.001034030108987416,-0.0018340301089874158,-0.002834030108987416,-0.004834030108987416
2026-07-10,2026-07-10T22:00:00+00:00,2026-07-11T00:00:00+00:00,63961.6015625,64125.28125,0.002559030472994994,2.0,0.002559030472994994,0.002359030472994994,0.0015590304729949942,0.0005590304729949942,-0.0014409695270050059
2026-07-11,2026-07-11T22:00:00+00:00,2026-07-12T00:00:00+00:00,64310.37890625,63773.6015625,-0.008346667410131459,2.0,-0.008346667410131459,-0.00854666741013146,-0.00934666741013146,-0.010346667410131459,-0.012346667410131459
2026-07-12,2026-07-12T22:00:00+00:00,2026-07-13T00:00:00+00:00,63796.48828125,63734.03125,-0.0009790042200231719,2.0,-0.0009790042200231719,-0.001179004220023172,-0.001979004220023172,-0.002979004220023172,-0.004979004220023172
2026-07-13,2026-07-13T22:00:00+00:00,2026-07-14T00:00:00+00:00,62002.44140625,62276.87109375,0.00442611099298329,2.0,0.00442611099298329,0.00422611099298329,0.00342611099298329,0.0024261109929832898,0.0004261109929832897
2026-07-14,2026-07-14T22:00:00+00:00,2026-07-15T00:00:00+00:00,64634.828125,64996.171875,0.005590542444101176,2.0,0.005590542444101176,0.005390542444101177,0.004590542444101176,0.0035905424441011764,0.0015905424441011763
2026-07-15,2026-07-15T22:00:00+00:00,2026-07-16T00:00:00+00:00,64789.609375,64697.48828125,-0.0014218498095397436,2.0,-0.0014218498095397436,-0.0016218498095397437,-0.0024218498095397436,-0.0034218498095397436,-0.005421849809539744
2026-07-16,2026-07-16T22:00:00+00:00,2026-07-17T00:00:00+00:00,64126.25,63772.05078125,-0.0055234668914836416,2.0,-0.0055234668914836416,-0.005723466891483641,-0.006523466891483642,-0.007523466891483642,-0.009523466891483642
2026-07-17,2026-07-17T22:00:00+00:00,2026-07-18T00:00:00+00:00,64066.01953125,63893.98828125,-0.0026852183303831545,2.0,-0.0026852183303831545,-0.0028852183303831546,-0.0036852183303831545,-0.0046852183303831545,-0.006685218330383155
2026-07-18,2026-07-18T22:00:00+00:00,2026-07-19T00:00:00+00:00,64692.01171875,64799.609375,0.0016632294064031772,2.0,0.0016632294064031772,0.001463229406403177,0.0006632294064031772,-0.00033677059359682286,-0.002336770593596823
2026-07-19,2026-07-19T22:00:00+00:00,2026-07-20T00:00:00+00:00,64355.109375,64685.609375,0.005135567373122818,2.0,0.005135567373122818,0.004935567373122818,0.004135567373122818,0.003135567373122818,0.0011355673731228179
2026-07-20,2026-07-20T22:00:00+00:00,2026-07-21T00:00:00+00:00,65241.69140625,65192.12109375,-0.0007597950241867713,2.0,-0.0007597950241867713,-0.0009597950241867712,-0.0017597950241867713,-0.0027597950241867713,-0.004759795024186771
2026-07-21,2026-07-21T22:00:00+00:00,2026-07-22T00:00:00+00:00,66329.9765625,66525.0078125,0.002940318391583263,2.0,0.002940318391583263,0.002740318391583263,0.0019403183915832631,0.0009403183915832631,-0.001059681608416737
2026-07-22,2026-07-22T22:00:00+00:00,2026-07-23T00:00:00+00:00,66041.25,66098.453125,0.0008661726572407602,2.0,0.0008661726572407602,0.0006661726572407602,-0.00013382734275923982,-0.0011338273427592398,-0.00313382734275924
2026-07-23,2026-07-23T22:00:00+00:00,2026-07-24T00:00:00+00:00,65120.19921875,65057.51171875,-0.0009626429395497293,2.0,-0.0009626429395497293,-0.0011626429395497294,-0.0019626429395497294,-0.0029626429395497294,-0.004962642939549729
2026-07-24,2026-07-24T22:00:00+00:00,2026-07-25T00:00:00+00:00,64088.08984375,64083.30859375,-7.460434554462658e-05,2.0,-7.460434554462658e-05,-0.00027460434554462656,-0.0010746043455446266,-0.0020746043455446266,-0.004074604345544627
2026-07-25,2026-07-25T22:00:00+00:00,2026-07-26T00:00:00+00:00,64295.80078125,64301.98046875,9.61133919308299e-05,2.0,9.61133919308299e-05,-0.0001038866080691701,-0.0009038866080691701,-0.0019038866080691701,-0.00390388660806917
2026-07-26,2026-07-26T22:00:00+00:00,2026-07-27T00:00:00+00:00,64974.0,65351.0,0.005802320928371296,2.0,0.005802320928371296,0.0056023209283712965,0.004802320928371296,0.003802320928371296,0.0018023209283712961
2026-07-27,2026-07-27T22:00:00+00:00,2026-07-28T00:00:00+00:00,64742.23828125,63698.2109375,-0.016125907467310463,2.0,-0.016125907467310463,-0.016325907467310462,-0.017125907467310464,-0.018125907467310465,-0.020125907467310463
2026-07-28,2026-07-28T22:00:00+00:00,2026-07-29T00:00:00+00:00,63907.73046875,63867.109375,-0.000635620971861317,2.0,-0.000635620971861317,-0.000835620971861317,-0.001635620971861317,-0.002635620971861317,-0.004635620971861317
2026-07-29,2026-07-29T22:00:00+00:00,2026-07-30T00:00:00+00:00,63778.4296875,63893.421875,0.0018029949633979747,2.0,0.0018029949633979747,0.0016029949633979746,0.0008029949633979747,-0.00019700503660202533,-0.0021970050366020254
