Date,full_common_12_buyhold_fee0,full_common_12_daily_fee0,full_common_12_weekly_fee0,full_common_12_monthly_fee0,start_2018_no_dot_buyhold_fee0,start_2018_no_dot_daily_fee0,start_2018_no_dot_weekly_fee0,start_2018_no_dot_monthly_fee0,start_2020_no_dot_buyhold_fee0,start_2020_no_dot_daily_fee0,start_2020_no_dot_weekly_fee0,start_2020_no_dot_monthly_fee0,exclude_dot_same_window_buyhold_fee0,exclude_dot_same_window_daily_fee0,exclude_dot_same_window_weekly_fee0,exclude_dot_same_window_monthly_fee0
2018-01-02,,,,,1.1135995577008821,1.1135995577008821,1.1135995577008821,1.1135995577008821,,,,,,,,
2018-01-03,,,,,1.2706712897122963,1.2629761667087334,1.2706712897122963,1.2706712897122963,,,,,,,,
2018-01-04,,,,,1.4863117853686398,1.4406245683337884,1.4863117853686398,1.4863117853686398,,,,,,,,
2018-01-05,,,,,1.5158669651236236,1.4717434151710747,1.5158669651236236,1.5158669651236236,,,,,,,,
2018-01-06,,,,,1.5343866182927557,1.5625190813894219,1.5343866182927557,1.5343866182927557,,,,,,,,
2018-01-07,,,,,1.6422274647397257,1.6516403665258739,1.6422274647397257,1.6422274647397257,,,,,,,,
2018-01-08,,,,,1.4353233152989073,1.464569560396703,1.4562227981654106,1.4353233152989073,,,,,,,,
2018-01-09,,,,,1.3405497358103526,1.3934200510598638,1.3900949374823324,1.3405497358103526,,,,,,,,
2018-01-10,,,,,1.343639022654745,1.399067122927124,1.3949488571166535,1.343639022654745,,,,,,,,
2018-01-11,,,,,1.1952800447186773,1.2561143215261603,1.2493529686470448,1.1952800447186773,,,,,,,,
2018-01-12,,,,,1.3047290701420764,1.38118942882287,1.374598416510404,1.3047290701420764,,,,,,,,
2018-01-13,,,,,1.3408260581892941,1.4268281625086758,1.4277989346461526,1.3408260581892941,,,,,,,,
2018-01-14,,,,,1.2408681276375817,1.3267290633350863,1.3391511812420485,1.2408681276375817,,,,,,,,
2018-01-15,,,,,1.150739953417042,1.2342515457863943,1.2458077999247243,1.150739953417042,,,,,,,,
2018-01-16,,,,,0.8828950955097264,0.9441716582347456,0.9543993469133933,0.8828950955097264,,,,,,,,
2018-01-17,,,,,0.926804393048158,0.992458769255311,0.9956811207406439,0.926804393048158,,,,,,,,
2018-01-18,,,,,0.9801720670037455,1.0527841460068208,1.0564001575568651,0.9801720670037455,,,,,,,,
2018-01-19,,,,,0.9852719274297577,1.0596550935200009,1.0612389403228972,0.9852719274297577,,,,,,,,
2018-01-20,,,,,1.1113252459585656,1.1908317847817305,1.1916721996557995,1.1113252459585656,,,,,,,,
2018-01-21,,,,,0.9482140729040048,1.0249093904602256,1.0201245276763307,0.9482140729040048,,,,,,,,
2018-01-22,,,,,0.9094177949220782,0.9815988601594836,0.9770161956835716,0.9094177949220782,,,,,,,,
2018-01-23,,,,,0.8962590280080396,0.968735912436771,0.9640627455518678,0.8962590280080396,,,,,,,,
2018-01-24,,,,,0.942645416473528,1.0170794114250103,1.0134076688670364,0.942645416473528,,,,,,,,
2018-01-25,,,,,0.9478304174597701,1.0226653311801965,1.0209919457412997,0.9478304174597701,,,,,,,,
2018-01-26,,,,,0.9283251228940758,0.9974538787371461,0.9982271217143712,0.9283251228940758,,,,,,,,
2018-01-27,,,,,0.9492738219436166,1.0192185576137616,1.0168817737281843,0.9492738219436166,,,,,,,,
2018-01-28,,,,,0.997414990791104,1.0774750945212623,1.0745702529941086,0.997414990791104,,,,,,,,
2018-01-29,,,,,0.9425360367884567,1.0176963475848453,1.01495266782136,0.9425360367884567,,,,,,,,
2018-01-30,,,,,0.8184117879070784,0.8842574583859513,0.8819048862807565,0.8184117879070784,,,,,,,,
2018-01-31,,,,,0.8416971382442118,0.9054869703098077,0.9027207793929707,0.8416971382442118,,,,,,,,
2018-02-01,,,,,0.7263248620122986,0.7763480538708329,0.7749389365297745,0.7216558124530148,,,,,,,,
2018-02-02,,,,,0.6623700698429276,0.7116953846725309,0.7103141472452009,0.6615380862674811,,,,,,,,
2018-02-03,,,,,0.716539051986535,0.7732002457541927,0.770586283002495,0.7182514751516373,,,,,,,,
2018-02-04,,,,,0.626792982353213,0.6778625701417894,0.6765219824021192,0.6303268623802772,,,,,,,,
2018-02-05,,,,,0.516586975305878,0.5573171835130458,0.5562149946384354,0.5183993831764356,,,,,,,,
2018-02-06,,,,,0.5969246420525433,0.6446547392690198,0.6428481779742707,0.5984416958229268,,,,,,,,
2018-02-07,,,,,0.561695503874696,0.6076302770452039,0.6055470090443157,0.5647299350326668,,,,,,,,
2018-02-08,,,,,0.6226428642710602,0.6786173625954257,0.6746720438793649,0.6294897907041278,,,,,,,,
2018-02-09,,,,,0.6958500936212957,0.7585416634747052,0.753555125592891,0.7015230530350456,,,,,,,,
2018-02-10,,,,,0.689588937887233,0.755859859098727,0.7511632651087657,0.6979541186205145,,,,,,,,
2018-02-11,,,,,0.6499112769687209,0.7155595760423834,0.7100890234774491,0.6603230367632362,,,,,,,,
2018-02-12,,,,,0.7149248748426282,0.7868938505505249,0.7808779375272251,0.7263655228418794,,,,,,,,
2018-02-13,,,,,0.7243338272960529,0.7950570619911596,0.7913917718595811,0.7346813885664072,,,,,,,,
2018-02-14,,,,,0.7994651723771977,0.8818072211438787,0.8745976961719107,0.8158809877833713,,,,,,,,
2018-02-15,,,,,0.8180536500912713,0.903536456475864,0.8964541272478043,0.8372259871373441,,,,,,,,
2018-02-16,,,,,0.8449681508691194,0.9345733402668671,0.9256090205487896,0.8632654342676254,,,,,,,,
2018-02-17,,,,,0.8715042913068691,0.9654838345234047,0.9547786701183141,0.8892478573116517,,,,,,,,
2018-02-18,,,,,0.8361748615739553,0.9242082617008894,0.917932651940291,0.8525317633423388,,,,,,,,
2018-02-19,,,,,0.8692957480500272,0.9593246864318861,0.9528106271930351,0.8870971486864235,,,,,,,,
2018-02-20,,,,,0.8354653103798027,0.9237351252855245,0.9180534231670543,0.8581631522035613,,,,,,,,
2018-02-21,,,,,0.7879981340809685,0.8709046134315641,0.8649778265221516,0.8068054536046099,,,,,,,,
2018-02-22,,,,,0.7299763161533678,0.8073812546554343,0.8018074728542116,0.7468905906749231,,,,,,,,
2018-02-23,,,,,0.7822885668343257,0.8608262945590089,0.8550618694137353,0.7998236164166749,,,,,,,,
2018-02-24,,,,,0.7563084360473996,0.8277394856010188,0.823486745122905,0.7729411728457652,,,,,,,,
2018-02-25,,,,,0.7551714587821761,0.8285682268623887,0.8230430281581803,0.7720123094795551,,,,,,,,
2018-02-26,,,,,0.7731931819917193,0.8494189187018656,0.8437546798899167,0.790185100619348,,,,,,,,
2018-02-27,,,,,0.779246820983495,0.85436250480172,0.8488687406814631,0.7950416734548168,,,,,,,,
2018-02-28,,,,,0.7412682717655948,0.8131119195740756,0.8083330838352727,0.7551068365326133,,,,,,,,
2018-03-01,,,,,0.7659108734118784,0.8397198966004843,0.8362845906075222,0.7798166764393614,,,,,,,,
2018-03-02,,,,,0.7502880403224647,0.820246151915368,0.8194927806380148,0.7627095838140364,,,,,,,,
2018-03-03,,,,,0.7420285350271719,0.8150647189437741,0.8129243416459705,0.7571255188036011,,,,,,,,
2018-03-04,,,,,0.7486041190176368,0.8277594465329821,0.8246085152619995,0.7686207175552101,,,,,,,,
2018-03-05,,,,,0.7286095432394286,0.8050955870121382,0.8020309275004023,0.7483723899952971,,,,,,,,
2018-03-06,,,,,0.6829601920477163,0.755275704406264,0.752477266429491,0.7029178674208776,,,,,,,,
2018-03-07,,,,,0.6281739824018047,0.6927733845762151,0.6905422956573906,0.645605137517901,,,,,,,,
2018-03-08,,,,,0.5982402543361309,0.6597446876121786,0.6566622541858995,0.6133536414795421,,,,,,,,
2018-03-09,,,,,0.6079172159807988,0.6699878675827328,0.6669030914321185,0.6232539233111494,,,,,,,,
2018-03-10,,,,,0.5754419965999816,0.6340753353619446,0.6311339791537878,0.5896279251193076,,,,,,,,
2018-03-11,,,,,0.6158524029658271,0.6790635343492608,0.6759562185717392,0.6317843884849127,,,,,,,,
2018-03-12,,,,,0.5897293273479159,0.6511803463001022,0.6482006207490765,0.6050017881363131,,,,,,,,
2018-03-13,,,,,0.5909582363374895,0.6517563758555261,0.6489952253782518,0.6057034393933268,,,,,,,,
2018-03-14,,,,,0.5166227350328776,0.5714602613224936,0.5682496317842132,0.5311118762102778,,,,,,,,
2018-03-15,,,,,0.5130455164994154,0.5661784043060613,0.5626290073862564,0.5255862117184475,,,,,,,,
2018-03-16,,,,,0.5092385656678687,0.5613746854211962,0.5579007432442161,0.5218842163830738,,,,,,,,
2018-03-17,,,,,0.46994733783069964,0.5172127670217369,0.5143170972166996,0.482011182189732,,,,,,,,
2018-03-18,,,,,0.4744330542426803,0.5228523716184239,0.5196218951035402,0.48740290835337763,,,,,,,,
2018-03-19,,,,,0.5162263412205031,0.5765248317791882,0.5729627365675991,0.5347215882354274,,,,,,,,
2018-03-20,,,,,0.5413723625293473,0.6024588021577383,0.5988573755025439,0.5588441623311472,,,,,,,,
2018-03-21,,,,,0.5429209438638566,0.6050633861479199,0.6007129253512972,0.5590161031918132,,,,,,,,
2018-03-22,,,,,0.5280015594860552,0.5869791894193092,0.5830071956910352,0.5428468600810494,,,,,,,,
2018-03-23,,,,,0.5301339668109798,0.5848201436447196,0.5810455338628304,0.5427539687193597,,,,,,,,
2018-03-24,,,,,0.5376177186370518,0.5887875417201048,0.5884303480182785,0.5490633159783577,,,,,,,,
2018-03-25,,,,,0.5247035415131795,0.5776808329760271,0.5748080803962448,0.5367668973555446,,,,,,,,
2018-03-26,,,,,0.4944488626248731,0.5421876885132805,0.5394914400106624,0.5057361971510445,,,,,,,,
2018-03-27,,,,,0.46659314292208415,0.5117065956740394,0.5092800500674743,0.4780850807260883,,,,,,,,
2018-03-28,,,,,0.4776576119084239,0.5199358503333624,0.5178705656511707,0.48844989747966344,,,,,,,,
2018-03-29,,,,,0.41747329561376556,0.4551341983041729,0.45353751347439064,0.42742605182594595,,,,,,,,
2018-03-30,,,,,0.413609578341739,0.4520560485584857,0.44971393229858386,0.4228627170924028,,,,,,,,
2018-03-31,,,,,0.40451226798763157,0.45038966060471913,0.4471434623356295,0.41631036668947713,,,,,,,,
2018-04-01,,,,,0.3891920049823217,0.43268994705280006,0.42994348825658657,0.39994992398036905,,,,,,,,
2018-04-02,,,,,0.4088071348016055,0.4525453346188376,0.44967284561507154,0.4183313852651247,,,,,,,,
2018-04-03,,,,,0.4346418076122892,0.4850944352727524,0.4816674711501191,0.4481313954321655,,,,,,,,
2018-04-04,,,,,0.392291882952646,0.4395084127491045,0.43635316271709024,0.40582746148834764,,,,,,,,
2018-04-05,,,,,0.4068730879728065,0.4482799564305794,0.44402230574730345,0.412759609791528,,,,,,,,
2018-04-06,,,,,0.3894623527631912,0.4306605745109249,0.42614720741870804,0.396211389298953,,,,,,,,
2018-04-07,,,,,0.4040603754188235,0.447889155524479,0.4431368920742714,0.4119623637976727,,,,,,,,
2018-04-08,,,,,0.4160118791351962,0.4619510832552903,0.4571985372513528,0.42494865624708206,,,,,,,,
2018-04-09,,,,,0.40253537791660066,0.44788866932859017,0.4432807972339379,0.41182540739014106,,,,,,,,
2018-04-10,,,,,0.4162440419650664,0.4630223867819474,0.4581817772075116,0.4263964156295137,,,,,,,,
2018-04-11,,,,,0.4321397874142494,0.4849496398382049,0.47994481930594635,0.44611660842277673,,,,,,,,
2018-04-12,,,,,0.48481880883032413,0.548865507230617,0.5433916753797641,0.504589249327052,,,,,,,,
2018-04-13,,,,,0.4819800133971325,0.5459452592094367,0.5407102254091591,0.5019816704790181,,,,,,,,
2018-04-14,,,,,0.4906538186887466,0.5544628476669256,0.5491884587715731,0.5100725141010639,,,,,,,,
2018-04-15,,,,,0.5275473266071918,0.5969965500684178,0.5921078172714713,0.5499404359372553,,,,,,,,
2018-04-16,,,,,0.5174039483583582,0.5906102562953928,0.585773820088461,0.5451157902206883,,,,,,,,
2018-04-17,,,,,0.5219750500206882,0.5935881651259346,0.5882329518815103,0.5477571058473487,,,,,,,,
2018-04-18,,,,,0.571865957231287,0.6506551071108063,0.6450668745974535,0.6011280274462457,,,,,,,,
2018-04-19,,,,,0.6047651799041203,0.690785659946573,0.6848054449514327,0.6386871724267189,,,,,,,,
2018-04-20,,,,,0.648464975763919,0.7462958963922613,0.7400982521531082,0.6882374458942685,,,,,,,,
2018-04-21,,,,,0.6335514572620062,0.7280015616555705,0.7215697997289027,0.6700323702550167,,,,,,,,
2018-04-22,,,,,0.6339127728982803,0.729532117339112,0.7233469602936898,0.6717733363388,,,,,,,,
2018-04-23,,,,,0.6632201936757461,0.7619658660299565,0.7555057274937175,0.7004989972715435,,,,,,,,
2018-04-24,,,,,0.7313603786764893,0.8303974822140406,0.8234203535336804,0.7618627995996524,,,,,,,,
2018-04-25,,,,,0.643755195949974,0.7250022427926558,0.7205907416922599,0.6659048563921481,,,,,,,,
2018-04-26,,,,,0.7017094344301636,0.7919008873459008,0.7860801517861142,0.7276136285563597,,,,,,,,
2018-04-27,,,,,0.6811058199982215,0.76559355377207,0.7606991942673639,0.7039904455243146,,,,,,,,
2018-04-28,,,,,0.7301517976883863,0.8214654489719464,0.8170183040846388,0.7573002405144292,,,,,,,,
2018-04-29,,,,,0.7585732267005053,0.8464457041582459,0.8437720860296705,0.7830422971500535,,,,,,,,
2018-04-30,,,,,0.7480947131922064,0.8264180308501501,0.8238076729521678,0.7649063975418594,,,,,,,,
2018-05-01,,,,,0.7517231102140103,0.8314324813992187,0.8285868149221177,0.7695476144102694,,,,,,,,
2018-05-02,,,,,0.7614906599207358,0.8484692093830126,0.8452182831045152,0.7853467997615472,,,,,,,,
2018-05-03,,,,,0.7818187512164388,0.8785617084319275,0.874713089065746,0.8131610054775438,,,,,,,,
2018-05-04,,,,,0.7795673203330457,0.8756183739425258,0.8721743825303689,0.8105283511053901,,,,,,,,
2018-05-05,,,,,0.7968259078317812,0.8974222215799486,0.8945665119886179,0.8319608680275141,,,,,,,,
2018-05-06,,,,,0.780636867569774,0.880236063431674,0.8778148655725435,0.8163613483140623,,,,,,,,
2018-05-07,,,,,0.7559638436395247,0.8511704245365946,0.8488291753021463,0.7879011391093075,,,,,,,,
2018-05-08,,,,,0.7472283527352843,0.8415524484450502,0.8392472335168468,0.7777661680375254,,,,,,,,
2018-05-09,,,,,0.7350827117146308,0.828291005926602,0.8257886847918614,0.7660656592903012,,,,,,,,
2018-05-10,,,,,0.6921600539722481,0.7817873263604845,0.7799125202096553,0.7236149981455366,,,,,,,,
2018-05-11,,,,,0.625451547914639,0.7054038186718878,0.7039248491732444,0.6536161402120941,,,,,,,,
2018-05-12,,,,,0.6495351992469157,0.7319844776583172,0.729528486329323,0.6773509250155539,,,,,,,,
2018-05-13,,,,,0.6821333432852502,0.7639820753922755,0.7610052587949566,0.7059356553067103,,,,,,,,
2018-05-14,,,,,0.6760115638535675,0.7592751668266373,0.756316690454818,0.7015176625114242,,,,,,,,
2018-05-15,,,,,0.6484942547092116,0.7295974766011871,0.7270375927497013,0.6740801400830242,,,,,,,,
2018-05-16,,,,,0.642693701278437,0.7193283140387415,0.7165266429423025,0.66379199725317,,,,,,,,
2018-05-17,,,,,0.6076891091898688,0.6808250520182155,0.6782736448916095,0.6284038829864858,,,,,,,,
2018-05-18,,,,,0.6202620195862837,0.6929396749178429,0.6902406779416446,0.6396879363563828,,,,,,,,
2018-05-19,,,,,0.6195857816678113,0.6926900539333269,0.6902018401986201,0.6392476822517111,,,,,,,,
2018-05-20,,,,,0.6516608828905586,0.7237941770722798,0.720612701799442,0.6671909160681405,,,,,,,,
2018-05-21,,,,,0.643091857167743,0.7058191036580633,0.7027166387633224,0.6504995544799957,,,,,,,,
2018-05-22,,,,,0.5944844382372332,0.6537935956394597,0.6509044177116506,0.6029995698827036,,,,,,,,
2018-05-23,,,,,0.5475954470022119,0.6009871548817819,0.5984853917733816,0.5540887452633788,,,,,,,,
2018-05-24,,,,,0.5660166427390878,0.6204749023379363,0.6178382861821545,0.5719652141019508,,,,,,,,
2018-05-25,,,,,0.5511833613075598,0.6034142423491465,0.6009189840572676,0.5562912300470677,,,,,,,,
2018-05-26,,,,,0.554359844232227,0.6045289376051446,0.6019003861934853,0.5570885043288065,,,,,,,,
2018-05-27,,,,,0.5424658109417306,0.5937641591241843,0.5911562883693258,0.5473135916233154,,,,,,,,
2018-05-28,,,,,0.4937299178122147,0.5453199552259013,0.5429248561930258,0.5027917743999594,,,,,,,,
2018-05-29,,,,,0.5358435877109164,0.5946071537430745,0.5917372202163472,0.5469087604031853,,,,,,,,
2018-05-30,,,,,0.5266020616523939,0.5881203219858699,0.5854797793195103,0.5407788375107369,,,,,,,,
2018-05-31,,,,,0.5340790378314126,0.6000023462167515,0.5978527888685508,0.551308128965035,,,,,,,,
2018-06-01,,,,,0.5326838718920044,0.601171621849184,0.599058834874495,0.5523825100324182,,,,,,,,
2018-06-02,,,,,0.550906093306084,0.6219681579017233,0.6195737015551375,0.5714966342480422,,,,,,,,
2018-06-03,,,,,0.5638295203909552,0.6375243652076092,0.6350910528934386,0.5859553162259814,,,,,,,,
2018-06-04,,,,,0.5387213968543143,0.6091046373380337,0.6067797978565334,0.559833694949523,,,,,,,,
2018-06-05,,,,,0.5496880221729006,0.621697639751756,0.619328397246341,0.5715769159261317,,,,,,,,
2018-06-06,,,,,0.5463825637036717,0.6185661002115784,0.6163022390859636,0.568783517575978,,,,,,,,
2018-06-07,,,,,0.5412098976966516,0.6123082903522391,0.6102974487578608,0.5634242111368958,,,,,,,,
2018-06-08,,,,,0.5326922978549277,0.6025883524203723,0.6008200126885196,0.554699769076297,,,,,,,,
2018-06-09,,,,,0.5260720939807199,0.5945277574978066,0.5925319024468465,0.5469729046892199,,,,,,,,
2018-06-10,,,,,0.4565274314699852,0.5171473648430328,0.5159927475057059,0.47633089849574595,,,,,,,,
2018-06-11,,,,,0.46721020958350584,0.5306074380921426,0.5294227689069448,0.4881095621876378,,,,,,,,
2018-06-12,,,,,0.4377225763267143,0.49988433561565027,0.49853174980860643,0.4600300671290706,,,,,,,,
2018-06-13,,,,,0.41497052529837336,0.4736973437544844,0.47224195992752344,0.4358005013789311,,,,,,,,
2018-06-14,,,,,0.4451016756009982,0.5066957047069333,0.504517466156441,0.46505519699642006,,,,,,,,
2018-06-15,,,,,0.42566000581746183,0.4851316422663356,0.4831908697633429,0.44566276693339507,,,,,,,,
2018-06-16,,,,,0.4296202573691754,0.48878391742070576,0.48714690009442296,0.44931151846853384,,,,,,,,
2018-06-17,,,,,0.4252862570773274,0.48342034604826367,0.48181329742466195,0.44465335494492525,,,,,,,,
2018-06-18,,,,,0.439881548135354,0.49794229298822823,0.4962869686248223,0.4586256766319179,,,,,,,,
2018-06-19,,,,,0.45449515060225215,0.5111090189223215,0.509447136993831,0.47015621613265857,,,,,,,,
2018-06-20,,,,,0.4566724686063215,0.5127774374609672,0.5112859028656845,0.47248055205671563,,,,,,,,
2018-06-21,,,,,0.4504311018717538,0.5050642472197256,0.5038096484039517,0.46631053951074847,,,,,,,,
2018-06-22,,,,,0.3968611278379807,0.4454019726829133,0.443876789039678,0.41060007149528,,,,,,,,
2018-06-23,,,,,0.4006170921082777,0.448416876321094,0.44701864984578016,0.41328852615106837,,,,,,,,
2018-06-24,,,,,0.3894377952163135,0.43594145886281044,0.4347609547188812,0.4023992183958698,,,,,,,,
2018-06-25,,,,,0.39341287400884756,0.4400532811324774,0.43886164241272435,0.4072003078849284,,,,,,,,
2018-06-26,,,,,0.3698740750416267,0.415729289766337,0.4145578677585275,0.3848333402871449,,,,,,,,
2018-06-27,,,,,0.37709853083459627,0.42343175647726794,0.4222235490241596,0.39221479838922,,,,,,,,
2018-06-28,,,,,0.3570620323514617,0.4011245673485543,0.3999638470470115,0.37155782314260344,,,,,,,,
2018-06-29,,,,,0.37229093719864115,0.4198110993697256,0.41852691643764744,0.38841946878839156,,,,,,,,
2018-06-30,,,,,0.3919873550707471,0.44578334715854645,0.44447871247592313,0.4103468690094604,,,,,,,,
2018-07-01,,,,,0.39021047688228977,0.44445252111945455,0.44305746156473824,0.4091218337948914,,,,,,,,
2018-07-02,,,,,0.413631216168648,0.47404470765799855,0.4725567633504372,0.4364096590034939,,,,,,,,
2018-07-03,,,,,0.4041459796294259,0.46275558432833785,0.4611601591576554,0.42584348062488014,,,,,,,,
2018-07-04,,,,,0.4076651809869193,0.4665843130323994,0.4649191638333893,0.4293365557486193,,,,,,,,
2018-07-05,,,,,0.40287222434195913,0.4596973554227692,0.45800684635990646,0.4229719664343182,,,,,,,,
2018-07-06,,,,,0.4055376843942291,0.4626719336879201,0.4610340256416846,0.42572380989155745,,,,,,,,
2018-07-07,,,,,0.4196803231697933,0.47908725089159776,0.47733817668830636,0.44069829216019274,,,,,,,,
2018-07-08,,,,,0.41058149349019896,0.46836142708877176,0.4666077350787159,0.43082382434341293,,,,,,,,
2018-07-09,,,,,0.40268241378834346,0.45939362565926295,0.4576735119090831,0.4226486892736431,,,,,,,,
2018-07-10,,,,,0.37127550287763295,0.42412764907716094,0.4225466187555812,0.389923020526797,,,,,,,,
2018-07-11,,,,,0.3754032295990465,0.428940650348817,0.42739137048583214,0.39434487448775074,,,,,,,,
2018-07-12,,,,,0.36466717738628307,0.41665407669182364,0.4150664130768811,0.38310251096910064,,,,,,,,
2018-07-13,,,,,0.3723668675552229,0.4260721268141077,0.42441733127370707,0.3917081307234808,,,,,,,,
2018-07-14,,,,,0.3737663902680368,0.42709517256190727,0.4255834977430806,0.3927775210390474,,,,,,,,
2018-07-15,,,,,0.38354488469719455,0.4379926091969807,0.4365767159699906,0.4029213341251504,,,,,,,,
2018-07-16,,,,,0.4169781572733635,0.4791292502649731,0.47758037513316026,0.44040717952639596,,,,,,,,
2018-07-17,,,,,0.44499499053261427,0.5135265062597814,0.5122534161610909,0.47211144313776277,,,,,,,,
2018-07-18,,,,,0.45213701304030496,0.5220263384735929,0.5219139548152396,0.4822968848673648,,,,,,,,
2018-07-19,,,,,0.4488065246211496,0.5188008067611178,0.5195769628310474,0.4805944121181576,,,,,,,,
2018-07-20,,,,,0.4183046838901695,0.48317158968993185,0.48248629988294794,0.44602098890290715,,,,,,,,
2018-07-21,,,,,0.42703329044646915,0.4922282769522511,0.49100295665773647,0.4542997655648329,,,,,,,,
2018-07-22,,,,,0.4228812386278227,0.4881040292457443,0.4875175850143432,0.45130939605018466,,,,,,,,
2018-07-23,,,,,0.42000099794861007,0.48394818389481387,0.4833667328029622,0.4478390603577193,,,,,,,,
2018-07-24,,,,,0.4498158238258946,0.515699811410603,0.5151065343168976,0.477211409180138,,,,,,,,
2018-07-25,,,,,0.4527733419000711,0.5218014064147237,0.5205505146765572,0.48221841715653513,,,,,,,,
2018-07-26,,,,,0.4409254711870242,0.5093282136545054,0.5082767825994174,0.46918565546680396,,,,,,,,
2018-07-27,,,,,0.44892743331358215,0.5182250738450621,0.5176852345052706,0.4775441227217528,,,,,,,,
2018-07-28,,,,,0.44977621998406425,0.5191725738525429,0.5192911610871883,0.47832162322988414,,,,,,,,
2018-07-29,,,,,0.45846884319206377,0.5290251174331027,0.5316342423857084,0.4867289777166765,,,,,,,,
2018-07-30,,,,,0.44634164261053844,0.5160877234493358,0.5186330418333074,0.4745831654009583,,,,,,,,
2018-07-31,,,,,0.41995361520527585,0.4861776783483255,0.48864890588978344,0.4463325251625545,,,,,,,,
2018-08-01,,,,,0.4131947554111686,0.4810179279243772,0.4833989074334233,0.4415956469830519,,,,,,,,
2018-08-02,,,,,0.40266053877693975,0.4677971138058702,0.469941439819351,0.42925958002426523,,,,,,,,
2018-08-03,,,,,0.4016481392684241,0.4674294419324096,0.4695952880910172,0.4285243298018868,,,,,,,,
2018-08-04,,,,,0.38212172415619405,0.4456019963517787,0.44792476746246274,0.40859640944342984,,,,,,,,
2018-08-05,,,,,0.39146975653324745,0.4559166074298377,0.45850863604593284,0.4182410680191829,,,,,,,,
2018-08-06,,,,,0.38454095736052885,0.44670416168193006,0.44924381466043345,0.41040472210278633,,,,,,,,
2018-08-07,,,,,0.3665632256899185,0.42545237881193737,0.4277149246924178,0.390309483940934,,,,,,,,
2018-08-08,,,,,0.331800750816046,0.3851753717090137,0.38721878300247986,0.3530113468113441,,,,,,,,
2018-08-09,,,,,0.35159092588558655,0.4093469191412984,0.41181562508496794,0.3746047788213254,,,,,,,,
2018-08-10,,,,,0.3332343157917347,0.38706517593442985,0.3899901658623448,0.35443637068998934,,,,,,,,
2018-08-11,,,,,0.32402793770398225,0.3763290213470559,0.37955182909745555,0.3446509730211069,,,,,,,,
2018-08-12,,,,,0.326837481018137,0.3791091177570127,0.3829793561971535,0.34750712797575356,,,,,,,,
2018-08-13,,,,,0.3060155367462141,0.35454388136486115,0.3581633389144273,0.3253956620638429,,,,,,,,
2018-08-14,,,,,0.2995580310083354,0.3455579144472058,0.34904045134583916,0.3175721360429611,,,,,,,,
2018-08-15,,,,,0.3039865584921439,0.3508088258233523,0.35416548906562656,0.3218199190856877,,,,,,,,
2018-08-16,,,,,0.3092350482716271,0.35688927139197435,0.36039599469346356,0.32763274825564637,,,,,,,,
2018-08-17,,,,,0.34107447945027775,0.39910659607049664,0.4023839604063515,0.36447463969423516,,,,,,,,
2018-08-18,,,,,0.3200298222833111,0.3727484377397934,0.3755352972996899,0.34050439544407896,,,,,,,,
2018-08-19,,,,,0.32837764540006886,0.383369500841464,0.38625670823223585,0.35064513118940205,,,,,,,,
2018-08-20,,,,,0.3090040069836815,0.35905547141245553,0.3617595665699569,0.3289482897245844,,,,,,,,
2018-08-21,,,,,0.3181571291331042,0.3702191978741611,0.37298041830487383,0.3396913956517329,,,,,,,,
2018-08-22,,,,,0.30819481355979433,0.35771887334275965,0.36054597839539926,0.3289555974587165,,,,,,,,
2018-08-23,,,,,0.3187114127756221,0.3692757340455844,0.3721409779004962,0.3393582536889964,,,,,,,,
2018-08-24,,,,,0.32485916183956376,0.3755605231185219,0.37855146587494143,0.3454473479430673,,,,,,,,
2018-08-25,,,,,0.3232248526257139,0.37406404195068615,0.37680605296590847,0.34308147756972085,,,,,,,,
2018-08-26,,,,,0.3227133495341262,0.3726396707737207,0.37551738953650865,0.3423031412685008,,,,,,,,
2018-08-27,,,,,0.33522888207502377,0.3879432138868415,0.39093911462704034,0.3556889457986119,,,,,,,,
2018-08-28,,,,,0.3500193499843674,0.4053096438151372,0.4085301679130974,0.37081933289968877,,,,,,,,
2018-08-29,,,,,0.3394843855295307,0.3949630352949421,0.3981486732849731,0.3606625313480197,,,,,,,,
2018-08-30,,,,,0.33986865565755414,0.39559006505137045,0.3988635012075701,0.36224204812596417,,,,,,,,
2018-08-31,,,,,0.36077065586701934,0.41845746165843994,0.4261869171759752,0.38927751843984304,,,,,,,,
2018-09-01,,,,,0.38854412485413087,0.44786531657244516,0.4639581573295435,0.4166347000711435,,,,,,,,
2018-09-02,,,,,0.37183347086873214,0.435935065879618,0.44264133800491595,0.4041202609016198,,,,,,,,
2018-09-03,,,,,0.3729393927405364,0.4354261592465266,0.44212460253070807,0.4036053452367392,,,,,,,,
2018-09-04,,,,,0.37490946486748095,0.4375745524206742,0.4443130556765487,0.4056249205083986,,,,,,,,
2018-09-05,,,,,0.33016262063034235,0.38100512381110413,0.3870908746079311,0.35319530605085736,,,,,,,,
2018-09-06,,,,,0.32945979807167297,0.3818666960513891,0.38787488990951613,0.35374436323435565,,,,,,,,
2018-09-07,,,,,0.32433963849550074,0.3725762214196514,0.3791291597776543,0.34581158770373704,,,,,,,,
2018-09-08,,,,,0.3121765607023841,0.35482081284967293,0.3623161867410765,0.33056785520232873,,,,,,,,
2018-09-09,,,,,0.3147128768067809,0.35667353434051113,0.3645713061268285,0.33273695632414013,,,,,,,,
2018-09-10,,,,,0.32521112911767813,0.36022825853657153,0.3682047420796098,0.33837067651984115,,,,,,,,
2018-09-11,,,,,0.3178375463422289,0.35254740092807735,0.3601184970789669,0.33006985274543005,,,,,,,,
2018-09-12,,,,,0.31450035806521726,0.347273630257823,0.35482890782440873,0.32585040203158916,,,,,,,,
2018-09-13,,,,,0.3312483333007969,0.3681916213567832,0.3758475811278667,0.34387874741069807,,,,,,,,
2018-09-14,,,,,0.32530770399251435,0.3634021030501346,0.37084177681306374,0.3386191729881593,,,,,,,,
2018-09-15,,,,,0.3285991130356347,0.3680806847294377,0.3756026756432536,0.3425613911665539,,,,,,,,
2018-09-16,,,,,0.332828129067469,0.3705505434811963,0.37818538457859696,0.3456655454317755,,,,,,,,
2018-09-17,,,,,0.31435199181515266,0.3483135643838411,0.35549023370176047,0.3255113782311826,,,,,,,,
2018-09-18,,,,,0.3246564448964733,0.36675413448643285,0.3743931316265613,0.3407686875727444,,,,,,,,
2018-09-19,,,,,0.3269219040883992,0.37159038564301655,0.3798460279433339,0.3441657562833233,,,,,,,,
2018-09-20,,,,,0.35043517410247266,0.4068955581211827,0.4181868560417458,0.3770815611830104,,,,,,,,
2018-09-21,,,,,0.37273794760172263,0.4397488170234598,0.45493039890154957,0.40836900593787306,,,,,,,,
2018-09-22,,,,,0.36439765532708923,0.42973833016086127,0.4448470742569631,0.4002440155232182,,,,,,,,
2018-09-23,,,,,0.37773791120504935,0.44424436529769845,0.4593572724673207,0.41329388925736954,,,,,,,,
2018-09-24,,,,,0.3569848275472608,0.4175094461341098,0.4317128485737488,0.3866387915765764,,,,,,,,
2018-09-25,,,,,0.3514314105271299,0.4117616364470236,0.4255455997515949,0.3830789560443842,,,,,,,,
2018-09-26,,,,,0.3541823550163884,0.41672237277250435,0.4307322142255264,0.38653196239222953,,,,,,,,
2018-09-27,,,,,0.37060291705998605,0.43941776371557195,0.45399755887812,0.40681914371432637,,,,,,,,
2018-09-28,,,,,0.3638707854868449,0.43082256173895944,0.4449547165639547,0.39926806122663383,,,,,,,,
2018-09-29,,,,,0.3658179372682857,0.43452678829374836,0.44856467527166144,0.40351321601012224,,,,,,,,
2018-09-30,,,,,0.36800644794155524,0.43652200576084177,0.45046769303908696,0.4058411171773015,,,,,,,,
2018-10-01,,,,,0.3656984209056331,0.43336980744124237,0.44721479058218405,0.4029104706790548,,,,,,,,
2018-10-02,,,,,0.3589129847271834,0.42479538539342515,0.43837131954862035,0.39494309761446705,,,,,,,,
2018-10-03,,,,,0.35133128530260493,0.4160348540005365,0.4292213060124817,0.3866995503566358,,,,,,,,
2018-10-04,,,,,0.35535214895184636,0.42039207589679195,0.43371754665632756,0.39075036100120303,,,,,,,,
2018-10-05,,,,,0.3625387602046243,0.42823850580116735,0.4419173437855717,0.3981378271369175,,,,,,,,
2018-10-06,,,,,0.355657691865231,0.4195280482901041,0.43307110344839406,0.39016795911588814,,,,,,,,
2018-10-07,,,,,0.3631544585242691,0.42768638744570914,0.44209376414224166,0.398296770021724,,,,,,,,
2018-10-08,,,,,0.3666019342522467,0.4329386803008102,0.44752298982453853,0.40298334277694203,,,,,,,,
2018-10-09,,,,,0.3633195696377079,0.428601263963007,0.4430331217073242,0.3989040682807394,,,,,,,,
2018-10-10,,,,,0.35964482395617686,0.42356374374674555,0.4378508130296322,0.394292876325056,,,,,,,,
2018-10-11,,,,,0.3128933336389311,0.3652364857594797,0.37770638866053724,0.3400183798737455,,,,,,,,
2018-10-12,,,,,0.3260010899828854,0.3809605970881626,0.39357836260645473,0.35432229735744974,,,,,,,,
2018-10-13,,,,,0.32812157758046895,0.3833848993024625,0.39599855192714317,0.3568154174543389,,,,,,,,
2018-10-14,,,,,0.3255780229445264,0.3785919346357457,0.39118951483016307,0.3527706079666311,,,,,,,,
2018-10-15,,,,,0.34156652044539837,0.39902695937962,0.41230451143670677,0.3714540692283316,,,,,,,,
2018-10-16,,,,,0.34207046768655947,0.4009923503146886,0.41447616787999864,0.37300833544709905,,,,,,,,
2018-10-17,,,,,0.3413475077244861,0.40073486053623103,0.4145912999501255,0.3731793991885195,,,,,,,,
2018-10-18,,,,,0.33607349884478854,0.3936267103070306,0.4074694635869856,0.3670466134694739,,,,,,,,
2018-10-19,,,,,0.3355961490096456,0.39372227209677396,0.4072849259056887,0.3666223528631403,,,,,,,,
2018-10-20,,,,,0.3391433825590482,0.3977247567860808,0.4113981775879896,0.37032956968423736,,,,,,,,
2018-10-21,,,,,0.33800489955471363,0.3962949455169268,0.40992333316520396,0.3691058663024439,,,,,,,,
2018-10-22,,,,,0.33861838913209286,0.3967256614435313,0.4103688612000133,0.36995945254265633,,,,,,,,
2018-10-23,,,,,0.34150643226866506,0.3983329143174404,0.4122844591264172,0.3727849754200672,,,,,,,,
2018-10-24,,,,,0.3344149222507921,0.3923835761361111,0.40594220341504883,0.3669117390960261,,,,,,,,
2018-10-25,,,,,0.3339433427636968,0.39090309220772324,0.40492361158502627,0.36669148155877473,,,,,,,,
2018-10-26,,,,,0.3364057323278402,0.3933237467177558,0.40688295888317483,0.368138536208228,,,,,,,,
2018-10-27,,,,,0.3382582579373991,0.3941735268316389,0.40775916965108333,0.3688839977706151,,,,,,,,
2018-10-28,,,,,0.3382977021811971,0.39498297994438814,0.4085532333386988,0.3696768615651348,,,,,,,,
2018-10-29,,,,,0.32226680048017237,0.3760109517006035,0.38892939161498036,0.35195479009319147,,,,,,,,
2018-10-30,,,,,0.32704404880209026,0.37964315434336504,0.3926807914428114,0.3564123008015862,,,,,,,,
2018-10-31,,,,,0.33281388504377607,0.383193049856353,0.3966430206464591,0.36206572611532184,,,,,,,,
2018-11-01,,,,,0.3360612985008961,0.38707156731433506,0.4007020631495578,0.36573040176693306,,,,,,,,
2018-11-02,,,,,0.33971317171196597,0.394060046270639,0.4076026588818456,0.37229942439240865,,,,,,,,
2018-11-03,,,,,0.3444247079087362,0.3965317941568651,0.4107125802651839,0.3746100274881495,,,,,,,,
2018-11-04,,,,,0.34775465938015815,0.4086362980886476,0.4229284711441974,0.3864435786279026,,,,,,,,
2018-11-05,,,,,0.3479422780245579,0.41118924516710925,0.4255707082872414,0.3888690310466167,,,,,,,,
2018-11-06,,,,,0.362621639843327,0.432543679516525,0.4478979598705128,0.4101471866849428,,,,,,,,
2018-11-07,,,,,0.35669982058591415,0.4245680074573856,0.43948506791592895,0.4023382795645078,,,,,,,,
2018-11-08,,,,,0.3489912412139078,0.4118310873914604,0.4258728371530063,0.3895171079239377,,,,,,,,
2018-11-09,,,,,0.34358685960299085,0.40492944781807627,0.4189838419376751,0.3829693526102,,,,,,,,
2018-11-10,,,,,0.3511575131093331,0.41228919202810016,0.42640456926044534,0.3896796163480939,,,,,,,,
2018-11-11,,,,,0.3486430171856245,0.40877274240185,0.42307323141721037,0.3864928984804075,,,,,,,,
2018-11-12,,,,,0.35133341248856453,0.40830879176401536,0.4225930499491079,0.3858467643801615,,,,,,,,
2018-11-13,,,,,0.34790131981735856,0.40218037788298105,0.416487881714438,0.38025336092034956,,,,,,,,
2018-11-14,,,,,0.3141141463113027,0.35982156052005887,0.37296114021531523,0.3401796956468168,,,,,,,,
2018-11-15,,,,,0.3139131275187091,0.3587195424294674,0.3718265249096222,0.33894725871832865,,,,,,,,
2018-11-16,,,,,0.30456554609145825,0.3475595596219776,0.3602819594623579,0.32821092288883197,,,,,,,,
2018-11-17,,,,,0.30055637757583414,0.3447390992964619,0.3572184321370444,0.326082412100205,,,,,,,,
2018-11-18,,,,,0.3088418443326698,0.3517597769058512,0.3649824303128764,0.3330377894725707,,,,,,,,
2018-11-19,,,,,0.2642830640199709,0.3038285268476717,0.315249444102657,0.28791590350129426,,,,,,,,
2018-11-20,,,,,0.22948792483550018,0.2624445543272277,0.2725312555997583,0.24849104703779346,,,,,,,,
2018-11-21,,,,,0.24258131048498136,0.2769584217126361,0.28751513151157515,0.26188138497667224,,,,,,,,
2018-11-22,,,,,0.22766561271549704,0.2590713816603408,0.2694657563814286,0.24515952435976543,,,,,,,,
2018-11-23,,,,,0.22200254498230704,0.25320888313051504,0.26336863327813675,0.23931241472431797,,,,,,,,
2018-11-24,,,,,0.1985172400126798,0.22763987719686332,0.23733122704102616,0.21512460555768126,,,,,,,,
2018-11-25,,,,,0.19796929216947076,0.22862710789034527,0.23861286937089762,0.21616573456065905,,,,,,,,
2018-11-26,,,,,0.19037137692992576,0.21832421608883096,0.22785997747517225,0.20576587764079665,,,,,,,,
2018-11-27,,,,,0.19282714721599364,0.2216816558798568,0.23132005594066213,0.20894291975748594,,,,,,,,
2018-11-28,,,,,0.2174417558304543,0.2484681690219142,0.2593760448809288,0.23406736173545917,,,,,,,,
2018-11-29,,,,,0.2197283124189079,0.2479465320246072,0.2592294264619836,0.23380675800413067,,,,,,,,
2018-11-30,,,,,0.20750602945167163,0.23448112223378204,0.24486968043190457,0.22106882333213776,,,,,,,,
2018-12-01,,,,,0.21673406100214834,0.2448727962548882,0.25580461884223576,0.23086609454276708,,,,,,,,
2018-12-02,,,,,0.21261167061238231,0.24246415400261256,0.2529946008060587,0.2286074099706855,,,,,,,,
2018-12-03,,,,,0.19979055082653438,0.22726267672203793,0.23713290903524165,0.2141940995626416,,,,,,,,
2018-12-04,,,,,0.19849126244337675,0.22479098318134577,0.2344003663913243,0.21172054280713878,,,,,,,,
2018-12-05,,,,,0.18573320616839167,0.20937701721733606,0.21859635165451455,0.19748706928938226,,,,,,,,
2018-12-06,,,,,0.16816210126007008,0.1883810768716477,0.19720168479141026,0.17820603704288554,,,,,,,,
2018-12-07,,,,,0.1665848954749066,0.18707777157515074,0.19571204214634066,0.17698577634234094,,,,,,,,
2018-12-08,,,,,0.1696610468600404,0.1891770845490253,0.19792718309126725,0.17895982340719355,,,,,,,,
2018-12-09,,,,,0.17482100852056132,0.1952977631776684,0.20397969461733828,0.18441041087187604,,,,,,,,
2018-12-10,,,,,0.1680037760406968,0.18825124170224936,0.19661992113461338,0.17795946519900452,,,,,,,,
2018-12-11,,,,,0.1653630963841763,0.18413750630799078,0.19229674792366103,0.17419369058784387,,,,,,,,
2018-12-12,,,,,0.1679770157899742,0.18761746717909025,0.19591575480984685,0.17749208161113997,,,,,,,,
2018-12-13,,,,,0.15993458069870706,0.17854870838215825,0.18655681329179316,0.1695433327026172,,,,,,,,
2018-12-14,,,,,0.1554847394658064,0.17236609862577662,0.18029894792093867,0.1642341807045446,,,,,,,,
2018-12-15,,,,,0.15521732373429314,0.17145450875916693,0.17950932670537836,0.16367798106995046,,,,,,,,
2018-12-16,,,,,0.15761396198431096,0.1750802588738322,0.18319665792261683,0.166841201534545,,,,,,,,
2018-12-17,,,,,0.17758887992325828,0.1969936653602414,0.20612592966251583,0.18795592024344432,,,,,,,,
2018-12-18,,,,,0.18983473116820423,0.21088050279398476,0.22064082420125591,0.20022913246068968,,,,,,,,
2018-12-19,,,,,0.1965601037411616,0.21929025415417258,0.22981501312997252,0.2070034620935933,,,,,,,,
2018-12-20,,,,,0.2178830387788466,0.2498162034335402,0.26397301952602936,0.23346874344652155,,,,,,,,
2018-12-21,,,,,0.21000147578913292,0.2422822354646806,0.2562185492858149,0.22699867745886082,,,,,,,,
2018-12-22,,,,,0.2161922959352021,0.2491850987508389,0.26340805761337116,0.23338891734181597,,,,,,,,
2018-12-23,,,,,0.22097552115249677,0.2571878069207527,0.27130902162866216,0.2405583482372731,,,,,,,,
2018-12-24,,,,,0.22477070930136178,0.2622347662063856,0.2766330904575031,0.2449813431163191,,,,,,,,
2018-12-25,,,,,0.21378946323679612,0.24658077211052043,0.2599729475136497,0.23019997769033876,,,,,,,,
2018-12-26,,,,,0.21646786190755665,0.25141886859189494,0.26495759618568815,0.23493395961469343,,,,,,,,
2018-12-27,,,,,0.1969434610952681,0.22716641267643614,0.23934151674898393,0.21211047531082763,,,,,,,,
2018-12-28,,,,,0.21682352384823328,0.2527271862874389,0.26592504360392316,0.23595902327098733,,,,,,,,
2018-12-29,,,,,0.2125503384538703,0.2474127366140354,0.2604183917236718,0.23095326171429867,,,,,,,,
2018-12-30,,,,,0.21305355547583182,0.24907148504093282,0.26225717189613085,0.23258049917457563,,,,,,,,
2018-12-31,,,,,0.20459014715310495,0.23812557094334472,0.2507317880306125,0.22226921343232053,,,,,,,,
2019-01-01,,,,,0.2119572645984332,0.24787289891814146,0.2609308748834131,0.23136748420367081,,,,,,,,
2019-01-02,,,,,0.2205138471928786,0.258559323841371,0.27218912350411056,0.2413825251640987,,,,,,,,
2019-01-03,,,,,0.2207508938598136,0.2529106094256559,0.2663154091416469,0.23608416014439643,,,,,,,,
2019-01-04,,,,,0.23321457274990748,0.2611128770204039,0.2758950026318067,0.24454594858243572,,,,,,,,
2019-01-05,,,,,0.2300579430481831,0.26117601735062534,0.2750473266678378,0.2438480003931239,,,,,,,,
2019-01-06,,,,,0.23853801431222046,0.2740742154949919,0.2883451397368072,0.25568738014947723,,,,,,,,
2019-01-07,,,,,0.23340863753321348,0.26693164207718956,0.2808306556525711,0.24889158633089417,,,,,,,,
2019-01-08,,,,,0.24488502188539035,0.274386166980145,0.28870289967438695,0.2566937680707856,,,,,,,,
2019-01-09,,,,,0.2462639288757612,0.2768006933753923,0.29142427906275564,0.25900787943121906,,,,,,,,
2019-01-10,,,,,0.22006886048223478,0.24501765441386414,0.2580953504634939,0.22911536614958464,,,,,,,,
2019-01-11,,,,,0.22869514692705387,0.24788333494107379,0.2610056106831261,0.23257928811482773,,,,,,,,
2019-01-12,,,,,0.2217122465573876,0.24482334572372408,0.2569954585592852,0.2285315922310255,,,,,,,,
2019-01-13,,,,,0.2160489357309254,0.23418589801865244,0.24632767278306317,0.2193678600090548,,,,,,,,
2019-01-14,,,,,0.23584651214805402,0.2521688249946367,0.26524295585219637,0.23706842176563256,,,,,,,,
2019-01-15,,,,,0.23384849141824612,0.2460347975451763,0.2587721415981602,0.23251641284077837,,,,,,,,
2019-01-16,,,,,0.23389479701789456,0.24873146275785302,0.26150391396376577,0.23431927096022342,,,,,,,,
2019-01-17,,,,,0.23310820823193815,0.24999623986930042,0.2627655336217413,0.23492108000643985,,,,,,,,
2019-01-18,,,,,0.23273048515011702,0.24711141590288385,0.2597010255028762,0.2328167522383797,,,,,,,,
2019-01-19,,,,,0.23385262399004378,0.2508555813991775,0.26351332631243385,0.23571634552822623,,,,,,,,
2019-01-20,,,,,0.22824199028043446,0.2428478019842681,0.255101050909267,0.2285842617141959,,,,,,,,
2019-01-21,,,,,0.23201091145019462,0.24362647749816307,0.2559190156603945,0.23016020857817118,,,,,,,,
2019-01-22,,,,,0.23850727886436227,0.24780298802257678,0.26037187854138505,0.23511758747582212,,,,,,,,
2019-01-23,,,,,0.23434481686219563,0.2460578625946393,0.25849445900830464,0.23261975608366717,,,,,,,,
2019-01-24,,,,,0.2345080671853657,0.2462806865365757,0.2587306829155008,0.23283919148821336,,,,,,,,
2019-01-25,,,,,0.2318930727400584,0.24561987245951053,0.2579727197308986,0.23138745508839156,,,,,,,,
2019-01-26,,,,,0.23343221913257187,0.24558013677362647,0.2581469738864658,0.23189720051632812,,,,,,,,
2019-01-27,,,,,0.22712052250394252,0.23960236753302586,0.2521486236846492,0.22601662687651092,,,,,,,,
2019-01-28,,,,,0.21379079731804057,0.2253703871905572,0.23717141668703542,0.2126074657755749,,,,,,,,
2019-01-29,,,,,0.21813351049403312,0.22524166747109214,0.23708068468107074,0.2139491179557777,,,,,,,,
2019-01-30,,,,,0.21807925710297868,0.23094910524233647,0.24282563635602408,0.21762971379149523,,,,,,,,
2019-01-31,,,,,0.2076211761679698,0.2234051416760343,0.23490325328613473,0.20944918931365422,,,,,,,,
2019-02-01,,,,,0.21387031318198374,0.2272598945068331,0.238851491457703,0.21306313861382797,,,,,,,,
2019-02-02,,,,,0.21484706051840768,0.2304475365539797,0.24228791762281324,0.21603137975780948,,,,,,,,
2019-02-03,,,,,0.20875908779973829,0.2244847032378683,0.2360065952117979,0.21041671948599694,,,,,,,,
2019-02-04,,,,,0.21111162454969984,0.22531763365843482,0.23688227658238084,0.21122803905027185,,,,,,,,
2019-02-05,,,,,0.21243287538685604,0.22515574290363982,0.23667454009579714,0.21107853859827638,,,,,,,,
2019-02-06,,,,,0.20570909562543405,0.2186265422445661,0.229787018982739,0.20492291624849834,,,,,,,,
2019-02-07,,,,,0.20625455582054156,0.21913662671908932,0.23031613333317336,0.20539896701129437,,,,,,,,
2019-02-08,,,,,0.22514498463559016,0.24315708287515916,0.25559320645084865,0.22820046864422622,,,,,,,,
2019-02-09,,,,,0.22785253275258815,0.24409958163992476,0.2567782120197297,0.22931547096395516,,,,,,,,
2019-02-10,,,,,0.22735186257328185,0.24621878481557105,0.25923855771613036,0.23154240410195798,,,,,,,,
2019-02-11,,,,,0.21869923036674702,0.2378038266676787,0.25037862602921523,0.223248190584829,,,,,,,,
2019-02-12,,,,,0.21836454351560566,0.23831412254011855,0.2509050393625174,0.2238389757743933,,,,,,,,
2019-02-13,,,,,0.21904547211875522,0.23747212208489946,0.25002298178004867,0.2228453242244567,,,,,,,,
2019-02-14,,,,,0.21563706505379793,0.23502616111399985,0.2474529277393673,0.22049811564759098,,,,,,,,
2019-02-15,,,,,0.2178815646954005,0.23706137449984868,0.2495429471473336,0.2224350609803436,,,,,,,,
2019-02-16,,,,,0.21922166686643624,0.23822926466771638,0.25074465759735315,0.223697183188889,,,,,,,,
2019-02-17,,,,,0.22407404404108264,0.24347754108136518,0.2563407630918287,0.2287591300363698,,,,,,,,
2019-02-18,,,,,0.2375052073318921,0.26173952050785787,0.2755675456565089,0.24619926799372424,,,,,,,,
2019-02-19,,,,,0.2368893103787094,0.2634607548146865,0.27734032234867834,0.2474601663063084,,,,,,,,
2019-02-20,,,,,0.24212403603263818,0.27042410543920997,0.28473772639023226,0.2544942303193336,,,,,,,,
2019-02-21,,,,,0.23457571148241976,0.2614603148527443,0.27523438553963986,0.2458270132331045,,,,,,,,
2019-02-22,,,,,0.23837296159398216,0.26618038247440895,0.2802214390423674,0.250286939746582,,,,,,,,
2019-02-23,,,,,0.24520707770005737,0.27563988369421444,0.2903229620677724,0.25949250951612746,,,,,,,,
2019-02-24,,,,,0.22072639423418028,0.24561289580451162,0.25831090877296814,0.23033942510546163,,,,,,,,
2019-02-25,,,,,0.23371449732857183,0.25712380680138164,0.2704169257256482,0.24093789752522055,,,,,,,,
2019-02-26,,,,,0.22826577117320432,0.2532391819216022,0.266158909382125,0.23714257175431339,,,,,,,,
2019-02-27,,,,,0.22637570965058124,0.2514554541922071,0.26426548150338586,0.23552395676179108,,,,,,,,
2019-02-28,,,,,0.22508262298424672,0.25044390181798476,0.26319528463620395,0.23474748956500943,,,,,,,,
2019-03-01,,,,,0.2262680198594272,0.2518488672091315,0.2646893041952666,0.23606439964388656,,,,,,,,
2019-03-02,,,,,0.22442540914160747,0.2505126234406619,0.26333516983863137,0.2348377278171132,,,,,,,,
2019-03-03,,,,,0.22329682062722594,0.24946446308238976,0.26221466364186014,0.23384422322627102,,,,,,,,
2019-03-04,,,,,0.21784086925324767,0.24225192132220952,0.2546334867949442,0.22704262834461367,,,,,,,,
2019-03-05,,,,,0.22957349314943196,0.2554631069042409,0.26845456069253676,0.23941923837914672,,,,,,,,
2019-03-06,,,,,0.2294740864278524,0.25593543506989475,0.2690301894555616,0.24000819818948493,,,,,,,,
2019-03-07,,,,,0.23271035214311578,0.2576937536710984,0.27093192413312733,0.24174767606342992,,,,,,,,
2019-03-08,,,,,0.2315597389458224,0.2551681022487119,0.26824794389451917,0.23937556849844735,,,,,,,,
2019-03-09,,,,,0.23666183672929725,0.2621888882427307,0.27566712973267193,0.24599524078539228,,,,,,,,
2019-03-10,,,,,0.24136427202316438,0.2652742563117241,0.2788429309908829,0.24887074850235186,,,,,,,,
2019-03-11,,,,,0.2341967653161367,0.2611953495038724,0.2745553896917246,0.24499108496147867,,,,,,,,
2019-03-12,,,,,0.23871090298266712,0.2641463321562476,0.2775940684901347,0.24792712767962521,,,,,,,,
2019-03-13,,,,,0.23848858576679136,0.2640238818525818,0.2774987210745462,0.24782654494373488,,,,,,,,
2019-03-14,,,,,0.24056920847397542,0.26697107685701743,0.280546136074421,0.250514053144209,,,,,,,,
2019-03-15,,,,,0.24417758139202447,0.27322479738052063,0.2871168656459607,0.2563312585561328,,,,,,,,
2019-03-16,,,,,0.2480422754936759,0.2806366605765374,0.2950629870238751,0.26337613312894465,,,,,,,,
2019-03-17,,,,,0.24621345014230933,0.27794474400700264,0.29219081278122366,0.2608418984963337,,,,,,,,
2019-03-18,,,,,0.24664520511014804,0.27970885643331084,0.2940453448592523,0.2627344167897845,,,,,,,,
2019-03-19,,,,,0.2483943375845207,0.2826149047268045,0.2970373522396259,0.26526848674500636,,,,,,,,
2019-03-20,,,,,0.2482101354874991,0.28260996494131346,0.29704152833327396,0.265239947822373,,,,,,,,
2019-03-21,,,,,0.2415810076893165,0.276703553127655,0.29087670182637215,0.25958168243362084,,,,,,,,
2019-03-22,,,,,0.2440276169289094,0.28111198390148,0.2956693712138399,0.26401265145398994,,,,,,,,
2019-03-23,,,,,0.2484668430917195,0.28782878147845314,0.3030354557297281,0.2706523219490737,,,,,,,,
2019-03-24,,,,,0.24399748930743895,0.2831769274363895,0.2979992878870291,0.26613697573425676,,,,,,,,
2019-03-25,,,,,0.24271978967421542,0.2787928626264476,0.2933857474999623,0.2617136866066048,,,,,,,,
2019-03-26,,,,,0.24174348458776132,0.2798836459891951,0.2944473595751596,0.26302869268590356,,,,,,,,
2019-03-27,,,,,0.2534451135149384,0.2928767715382358,0.30814857547237984,0.275733902139068,,,,,,,,
2019-03-28,,,,,0.2517797101912294,0.28958759007369717,0.30468707766140396,0.2724348079424616,,,,,,,,
2019-03-29,,,,,0.25287786802302187,0.29310888507991656,0.30845010020329444,0.27632636165427243,,,,,,,,
2019-03-30,,,,,0.2516858526424231,0.2920137628002689,0.3073151836583284,0.27528852936111314,,,,,,,,
2019-03-31,,,,,0.2535880004122501,0.2924146649387767,0.3076568339344976,0.27536149714874325,,,,,,,,
2019-04-01,,,,,0.2660612742264837,0.30267806047280094,0.3184552108766269,0.28502634744163247,,,,,,,,
2019-04-02,,,,,0.3006780269715434,0.3531279384625593,0.37092573925804523,0.3319889423124135,,,,,,,,
2019-04-03,,,,,0.3067800101807615,0.3684713213953343,0.3893377351017058,0.34846819510900906,,,,,,,,
2019-04-04,,,,,0.306712966810929,0.3669204509530515,0.3888506113056066,0.34803220564608944,,,,,,,,
2019-04-05,,,,,0.31979663611831477,0.3836782293119027,0.4046693279287886,0.3621904007904187,,,,,,,,
2019-04-06,,,,,0.31868272236600154,0.38417942275436395,0.4055762872462289,0.36300215482269393,,,,,,,,
2019-04-07,,,,,0.3309957067497225,0.40318075578125684,0.42459011100953953,0.3800200604906118,,,,,,,,
2019-04-08,,,,,0.3277877211036194,0.3972959838366789,0.41839285100298856,0.3726724968071542,,,,,,,,
2019-04-09,,,,,0.31531968026222046,0.38303287481925063,0.4034959145983989,0.3592332534493677,,,,,,,,
2019-04-10,,,,,0.3182523427524012,0.390107931297842,0.41074854026817986,0.3662733566282972,,,,,,,,
2019-04-11,,,,,0.29251540899279493,0.358456161536612,0.377459763897481,0.3358763205609709,,,,,,,,
2019-04-12,,,,,0.2938856261832315,0.3599902752397697,0.37887657285010196,0.33776688540077904,,,,,,,,
2019-04-13,,,,,0.29884751770094714,0.36236724466485354,0.3812676326469372,0.3392806183900129,,,,,,,,
2019-04-14,,,,,0.30267505585707866,0.36835009457759865,0.3874413548395405,0.34525667247167247,,,,,,,,
2019-04-15,,,,,0.29237961373040955,0.3598511217911008,0.3785018877955014,0.3387160012110319,,,,,,,,
2019-04-16,,,,,0.2995005554991752,0.3684122199853203,0.387463784570646,0.34656280345866397,,,,,,,,
2019-04-17,,,,,0.29723654934079285,0.36584956514944594,0.384722851830187,0.3436839364735637,,,,,,,,
2019-04-18,,,,,0.30431872131452137,0.3721217466506957,0.3911323273455245,0.3491648976774572,,,,,,,,
2019-04-19,,,,,0.3011341046874423,0.3683872036429442,0.3872555440748482,0.3459468489261542,,,,,,,,
2019-04-20,,,,,0.29967541337346326,0.3653536798343623,0.3841199456631825,0.34298977273118714,,,,,,,,
2019-04-21,,,,,0.2895017338598181,0.3532202326163012,0.37144030176373377,0.33142583923213476,,,,,,,,
2019-04-22,,,,,0.2913389813128233,0.35689118020278265,0.3753006069030566,0.3348076960822955,,,,,,,,
2019-04-23,,,,,0.2873737311657078,0.35247626953399797,0.37063380165006043,0.33109550214487793,,,,,,,,
2019-04-24,,,,,0.27740519277521186,0.33816164921670755,0.3555623747089,0.3176074101056029,,,,,,,,
2019-04-25,,,,,0.2651039965291284,0.32354583355039,0.34013570001598054,0.30391999852897844,,,,,,,,
2019-04-26,,,,,0.26751250371080176,0.3266129818294587,0.343388545121471,0.3066327663545773,,,,,,,,
2019-04-27,,,,,0.2677839698986529,0.32736968795211774,0.34412817474277946,0.3072022860980967,,,,,,,,
2019-04-28,,,,,0.26719059218236074,0.32532763503560985,0.34197339009034244,0.3049273681609194,,,,,,,,
2019-04-29,,,,,0.26039834045445615,0.3163479188839261,0.3325342166426144,0.2962245852466881,,,,,,,,
2019-04-30,,,,,0.27579520057102613,0.33604452103509996,0.3530645191548701,0.314840506238636,,,,,,,,
2019-05-01,,,,,0.27573435408107794,0.3353890173763028,0.35235709292801815,0.31422636409121674,,,,,,,,
2019-05-02,,,,,0.2752429882430207,0.3352692765971706,0.3521615704090944,0.31411812673768535,,,,,,,,
2019-05-03,,,,,0.29013391017241885,0.3509160779827023,0.3687344179077459,0.3287880456316012,,,,,,,,
2019-05-04,,,,,0.28418496901336304,0.3436017735560315,0.361119842752294,0.3220222561524335,,,,,,,,
2019-05-05,,,,,0.2837944300122277,0.3418702099701935,0.3593486871069639,0.3204387937562741,,,,,,,,
2019-05-06,,,,,0.2921482995838297,0.34565188835131416,0.3633237078068809,0.32404626232531875,,,,,,,,
2019-05-07,,,,,0.2868909426527406,0.34077878500412884,0.3579638068752722,0.3193205890782963,,,,,,,,
2019-05-08,,,,,0.29527153200086215,0.3457912255155675,0.3634945494209774,0.3243703007563766,,,,,,,,
2019-05-09,,,,,0.2979745351678151,0.3428203198558101,0.36092469249442644,0.3224984667357499,,,,,,,,
2019-05-10,,,,,0.3065303592965529,0.3505972117790401,0.36937806799015643,0.3301167698841144,,,,,,,,
2019-05-11,,,,,0.333853164560867,0.391738288403752,0.411526994067027,0.367842852812582,,,,,,,,
2019-05-12,,,,,0.32051309107851633,0.37551862601865793,0.3947136450604331,0.3530630065278702,,,,,,,,
2019-05-13,,,,,0.33276956633647875,0.39278394208027995,0.4128614954295508,0.36960367014904444,,,,,,,,
2019-05-14,,,,,0.3763124298687664,0.4391078661584505,0.46081369198629035,0.41193715924153895,,,,,,,,
2019-05-15,,,,,0.40800114715455127,0.4850769957935222,0.5089201107506428,0.4524705815713728,,,,,,,,
2019-05-16,,,,,0.4075416492255371,0.47629039059780054,0.499528729857613,0.445884384928637,,,,,,,,
2019-05-17,,,,,0.3828847610620334,0.44460416554228255,0.4663855755993111,0.41639818709985565,,,,,,,,
2019-05-18,,,,,0.3848867894004291,0.439939656680586,0.46185617879663515,0.41300281415391027,,,,,,,,
2019-05-19,,,,,0.420442709813724,0.4857806222955942,0.5092110093508269,0.45565023523255355,,,,,,,,
2019-05-20,,,,,0.4266648328906461,0.4757700604822514,0.49871761366729267,0.4495739746213496,,,,,,,,
2019-05-21,,,,,0.4351684932351837,0.4798810029440451,0.5033637296144211,0.4547504693286081,,,,,,,,
2019-05-22,,,,,0.4248176494708472,0.4571466751303172,0.48032497056761786,0.4359313433617903,,,,,,,,
2019-05-23,,,,,0.44409517313818603,0.4679926532023072,0.4928567728256262,0.4493116937426042,,,,,,,,
2019-05-24,,,,,0.4508955346170299,0.477858079181358,0.5027372968923248,0.4572710084968468,,,,,,,,
2019-05-25,,,,,0.4270576844067695,0.4730367404193224,0.4951488037102612,0.4464642012498503,,,,,,,,
2019-05-26,,,,,0.4429578565543194,0.5002924522947313,0.5230917653201065,0.4692946770671955,,,,,,,,
2019-05-27,,,,,0.473627948210442,0.5273075831971133,0.5513380289790188,0.4954936476744015,,,,,,,,
2019-05-28,,,,,0.4798359346510091,0.5294170048671318,0.5537072159719922,0.49855722453453627,,,,,,,,
2019-05-29,,,,,0.4655483920379977,0.5232198601459869,0.5466784749394813,0.49091655306809845,,,,,,,,
2019-05-30,,,,,0.4327927852789532,0.49750312769505683,0.5194796132708349,0.46366053127420287,,,,,,,,
2019-05-31,,,,,0.4466854363849781,0.5189639352648938,0.5421050714277965,0.4825442649565018,,,,,,,,
2019-06-01,,,,,0.4451354579769908,0.5189247533516002,0.5423514846993519,0.48250783273787334,,,,,,,,
2019-06-02,,,,,0.46018563533677176,0.5374652514874493,0.5618661129709859,0.49970239592577015,,,,,,,,
2019-06-03,,,,,0.4247301627721636,0.5017638533276414,0.5245438753822937,0.46641126307176484,,,,,,,,
2019-06-04,,,,,0.4070646639324542,0.47484834250969044,0.4959802650228605,0.4411395417581535,,,,,,,,
2019-06-05,,,,,0.43271469370142546,0.4881864498514488,0.5097387548196186,0.4527601277813772,,,,,,,,
2019-06-06,,,,,0.4394956641087387,0.4936978961223319,0.5158604114246456,0.4577093305207057,,,,,,,,
2019-06-07,,,,,0.45469012130741493,0.506454979371337,0.5294746437762965,0.46982190922909517,,,,,,,,
2019-06-08,,,,,0.44780881343444756,0.5003705848259896,0.5230381832457941,0.4640760592177637,,,,,,,,
2019-06-09,,,,,0.4242779717635838,0.476887863187109,0.49841978309417795,0.44206902756579525,,,,,,,,
2019-06-10,,,,,0.45475246487139503,0.5032121901270377,0.5259326772907567,0.46713971823000655,,,,,,,,
2019-06-11,,,,,0.4486820934209394,0.5010352437290931,0.5238009134153666,0.46527030480016585,,,,,,,,
2019-06-12,,,,,0.4596515217886653,0.5179441173686163,0.5414928920103871,0.48059501856729175,,,,,,,,
2019-06-13,,,,,0.543000919935441,0.5415875306065161,0.564920606793707,0.5051507374228512,,,,,,,,
2019-06-14,,,,,0.5275679066578262,0.5450524975820089,0.5656497740719149,0.5046628357553653,,,,,,,,
2019-06-15,,,,,0.5384184560347302,0.5533019804650536,0.5745644659910081,0.5128622770583261,,,,,,,,
2019-06-16,,,,,0.5354132124202851,0.5579533616349707,0.5783972497866863,0.5158111468134399,,,,,,,,
2019-06-17,,,,,0.577353255979551,0.5750423254352769,0.5961123678295952,0.5354265647758053,,,,,,,,
2019-06-18,,,,,0.5496870601197785,0.5540447694262183,0.5739213157641387,0.5145105410542616,,,,,,,,
2019-06-19,,,,,0.5556754149098426,0.5597328536198162,0.5798551292947145,0.5199137366009542,,,,,,,,
2019-06-20,,,,,0.5460892930682242,0.5546486426430501,0.5745110688009665,0.5142135524547762,,,,,,,,
2019-06-21,,,,,0.5510574307512595,0.5720064018977333,0.5924437719704077,0.5283185981408853,,,,,,,,
2019-06-22,,,,,0.5874530676101545,0.6057389472694414,0.6274252882654724,0.5598412324283721,,,,,,,,
2019-06-23,,,,,0.5819004148254038,0.6037380848755349,0.6253923191969301,0.557306845900533,,,,,,,,
2019-06-24,,,,,0.5927178311163942,0.6098262628838215,0.6316988614868222,0.5635761476592202,,,,,,,,
2019-06-25,,,,,0.639827799390783,0.6239422215092167,0.6465727115599738,0.5822621893386767,,,,,,,,
2019-06-26,,,,,0.6525514695901036,0.6282897896048708,0.651884974448452,0.5887733568576564,,,,,,,,
2019-06-27,,,,,0.6086692510289459,0.5607753314001767,0.583186514812677,0.5299063256480373,,,,,,,,
2019-06-28,,,,,0.7155409662234552,0.6041383013750987,0.6334313165726105,0.584211632320561,,,,,,,,
2019-06-29,,,,,0.8140233106170063,0.6292005291843473,0.6666617980712186,0.6245814802304533,,,,,,,,
2019-06-30,,,,,0.7518712167645193,0.5775341887810412,0.6127240223638695,0.5743850623934983,,,,,,,,
2019-07-01,,,,,0.7712680751065034,0.585526673638614,0.621203498671498,0.5823339665497793,,,,,,,,
2019-07-02,,,,,0.774841714374904,0.5788718128182432,0.6140979654142865,0.5756730359932509,,,,,,,,
2019-07-03,,,,,0.7764888464734324,0.5970649969025741,0.6332027015045092,0.5935823632444636,,,,,,,,
2019-07-04,,,,,0.754832386439606,0.5713780994752015,0.6058129377161404,0.5679064135373985,,,,,,,,
2019-07-05,,,,,0.7770065819145491,0.5816179485793606,0.6167345743637822,0.5781446688013148,,,,,,,,
2019-07-06,,,,,0.7585123236531656,0.5802420422607943,0.6141578183987189,0.5757291438965529,,,,,,,,
2019-07-07,,,,,0.7506555874460495,0.5950003167723361,0.6296939914576654,0.5902931978688318,,,,,,,,
2019-07-08,,,,,0.7601285445905297,0.6026114317183381,0.6377489003622347,0.5977479253420469,,,,,,,,
2019-07-09,,,,,0.7304775733284328,0.5919547751821039,0.6265916715528146,0.5877363348019762,,,,,,,,
2019-07-10,,,,,0.7107480357186573,0.5571799560559515,0.5897525537936981,0.5532669878978299,,,,,,,,
2019-07-11,,,,,0.6482940768578749,0.5093904437576188,0.5393209782551183,0.5059881858308052,,,,,,,,
2019-07-12,,,,,0.7040934113168296,0.5369115773792197,0.5681676869204488,0.5326802680301388,,,,,,,,
2019-07-13,,,,,0.6932253217660628,0.5210350218298897,0.5514882030883304,0.5169792773359608,,,,,,,,
2019-07-14,,,,,0.6124742761140487,0.460568170504595,0.48771319655255124,0.4573000884072439,,,,,,,,
2019-07-15,,,,,0.6129725694818524,0.4714460855682567,0.49923223557279695,0.4680822775319346,,,,,,,,
2019-07-16,,,,,0.5139058882780475,0.4159127078623958,0.4406636496328466,0.4130677404707747,,,,,,,,
2019-07-17,,,,,0.5511434640528242,0.4418895222947842,0.46780480180601663,0.43818786735964244,,,,,,,,
2019-07-18,,,,,0.6113630121645085,0.479284464417743,0.5069043211281196,0.47469850829580007,,,,,,,,
2019-07-19,,,,,0.6035885420780626,0.478858204473555,0.5062330932790677,0.4741623415102451,,,,,,,,
2019-07-20,,,,,0.616489613255817,0.494692057337977,0.5230407398017761,0.48947109180413106,,,,,,,,
2019-07-21,,,,,0.6015316956208794,0.48745998479270014,0.5155853974198218,0.4823330866946941,,,,,,,,
2019-07-22,,,,,0.5753490959313212,0.4713974625231646,0.4985961015057683,0.4663558165854775,,,,,,,,
2019-07-23,,,,,0.5549343999061074,0.4499975967299046,0.47603314026753496,0.4450483952581318,,,,,,,,
2019-07-24,,,,,0.5614820922016422,0.4575649088651752,0.4841266302913976,0.45210158405572604,,,,,,,,
2019-07-25,,,,,0.5576202417089323,0.4550682572376353,0.48164368276494735,0.44981294318312015,,,,,,,,
2019-07-26,,,,,0.5627007790685381,0.4643266408278021,0.49156735009512165,0.4586123946218858,,,,,,,,
2019-07-27,,,,,0.5325483336983503,0.4428462010185668,0.46891592743793425,0.4376596360935536,,,,,,,,
2019-07-28,,,,,0.5298105145923967,0.4447810481832656,0.47085589758189256,0.4396583012486496,,,,,,,,
2019-07-29,,,,,0.519593285667688,0.4429962573147712,0.46896647511253725,0.43803812782818047,,,,,,,,
2019-07-30,,,,,0.5143507782116287,0.4440367853434267,0.47008695050704363,0.43928875443773874,,,,,,,,
2019-07-31,,,,,0.537247392638556,0.45771196541806536,0.4845160485514442,0.4526890057942999,,,,,,,,
2019-08-01,,,,,0.5371982651161732,0.4572721116470389,0.4841504911575668,0.4522539790059594,,,,,,,,
2019-08-02,,,,,0.5611189077406842,0.45536069010613783,0.48192125719550793,0.4503717060086943,,,,,,,,
2019-08-03,,,,,0.5676047858395136,0.4599889547180688,0.48690827582429574,0.4550226145810531,,,,,,,,
2019-08-04,,,,,0.5786438200138868,0.46342046659118447,0.49062326539029405,0.4585734515560758,,,,,,,,
2019-08-05,,,,,0.5890112125351903,0.47679032190935,0.504777931717927,0.4718697458091194,,,,,,,,
2019-08-06,,,,,0.5744514947169268,0.45692565541993013,0.4837684741021523,0.45251619939203036,,,,,,,,
2019-08-07,,,,,0.5690831018338296,0.4576828464598103,0.4847187206835639,0.4535378545581019,,,,,,,,
2019-08-08,,,,,0.5545800849330804,0.4522414705594693,0.47894751242992833,0.4479833636679183,,,,,,,,
2019-08-09,,,,,0.5299529179600319,0.4305011313410138,0.4562616229875293,0.42707320905654567,,,,,,,,
2019-08-10,,,,,0.5453100563400471,0.43516753847134226,0.4601866276090042,0.43056525168007675,,,,,,,,
2019-08-11,,,,,0.5619156405263905,0.4505967326645616,0.47637261230363004,0.44553951566405847,,,,,,,,
2019-08-12,,,,,0.5554102499601117,0.44280197024198326,0.46813195925767453,0.438014088980148,,,,,,,,
2019-08-13,,,,,0.5546404733065989,0.44005661077668634,0.4652467045349062,0.4353099744020757,,,,,,,,
2019-08-14,,,,,0.514909632830995,0.4024887515140551,0.4255994425613556,0.398570973319491,,,,,,,,
2019-08-15,,,,,0.5341678859642692,0.4069656943780992,0.4304084585727559,0.40339610164724593,,,,,,,,
2019-08-16,,,,,0.5207499521796346,0.400795947528495,0.42382241459997994,0.39733142055303217,,,,,,,,
2019-08-17,,,,,0.5271497731169976,0.39946055261899466,0.4224798451495238,0.3961676511433033,,,,,,,,
2019-08-18,,,,,0.548103880351494,0.41617411085265027,0.43999557260554845,0.4122748029184725,,,,,,,,
2019-08-19,,,,,0.5556314385772346,0.42332169348098153,0.4475522769494464,0.4195381708226513,,,,,,,,
2019-08-20,,,,,0.5365179927220027,0.41644339838015115,0.44021581705222756,0.4125454008918123,,,,,,,,
2019-08-21,,,,,0.5061964086384918,0.40033694316366186,0.42339625825505695,0.39646321724490147,,,,,,,,
2019-08-22,,,,,0.5138176765182784,0.4132238582760458,0.43788562661899155,0.40986754813203574,,,,,,,,
2019-08-23,,,,,0.5214986345618562,0.4203110372754841,0.44494357546650487,0.4162849029729699,,,,,,,,
2019-08-24,,,,,0.5077282288308363,0.4115365245154079,0.4354818320362231,0.40723375045788035,,,,,,,,
2019-08-25,,,,,0.4950872880048411,0.4105933054046123,0.43500651765537957,0.40645680390644107,,,,,,,,
2019-08-26,,,,,0.49742284132087233,0.4143019191483957,0.4389356395596501,0.4103872883198493,,,,,,,,
2019-08-27,,,,,0.4977685003884391,0.4103467436722754,0.43472807430267874,0.4062932773519924,,,,,,,,
2019-08-28,,,,,0.4577815233138442,0.3831921622694691,0.40586896329426597,0.37914918817218374,,,,,,,,
2019-08-29,,,,,0.4356263120475242,0.3686624702722745,0.39058589936266985,0.3643446295392796,,,,,,,,
2019-08-30,,,,,0.44032033106482266,0.37157279252510456,0.39350900777380643,0.36771580096973505,,,,,,,,
2019-08-31,,,,,0.4394682387980405,0.373278289742321,0.3953556635001404,0.36931346987885827,,,,,,,,
2019-09-01,,,,,0.43873788645017303,0.37341010326115776,0.3955077322623459,0.36944388332468747,,,,,,,,
2019-09-02,,,,,0.4544607172332884,0.3854244530286158,0.40823306612352067,0.3813323032047172,,,,,,,,
2019-09-03,,,,,0.4608454742608123,0.39109422761119517,0.414253581882878,0.3869817616048836,,,,,,,,
2019-09-04,,,,,0.4504665275947949,0.38571558323199784,0.40858335425195247,0.3816749170160228,,,,,,,,
2019-09-05,,,,,0.4483442418838787,0.3800313756452984,0.40264630635319076,0.37612644045733634,,,,,,,,
2019-09-06,,,,,0.4349165533903211,0.37116583661152897,0.39318973704374593,0.36730509651876175,,,,,,,,
2019-09-07,,,,,0.44735448635196995,0.3833911054913637,0.4058791496698836,0.3791969254481499,,,,,,,,
2019-09-08,,,,,0.45568282622087314,0.38845288496147495,0.411141698495713,0.3841148618210735,,,,,,,,
2019-09-09,,,,,0.44952531246148697,0.38510284432290565,0.40759598818825155,0.38085551228070574,,,,,,,,
2019-09-10,,,,,0.44770731988542806,0.3820037456254199,0.4043195220531623,0.3778406755747129,,,,,,,,
2019-09-11,,,,,0.4370532341022537,0.3761017588556141,0.398019898666296,0.37192443715939477,,,,,,,,
2019-09-12,,,,,0.4347791265257545,0.37544424629961465,0.3973416477439423,0.371356615410522,,,,,,,,
2019-09-13,,,,,0.41936336047839523,0.3730335336656212,0.39484725460207115,0.3690624438864574,,,,,,,,
2019-09-14,,,,,0.4204418180828794,0.37863993515407285,0.40090064257674124,0.3747513491883114,,,,,,,,
2019-09-15,,,,,0.4269318492586163,0.38026968824100527,0.40247580722636755,0.3761825621785587,,,,,,,,
2019-09-16,,,,,0.42398187056234543,0.3824059703488266,0.40473683904771984,0.3785577403926207,,,,,,,,
2019-09-17,,,,,0.43801798628791966,0.40031561190479786,0.4237220867427834,0.3960816140989939,,,,,,,,
2019-09-18,,,,,0.4708934320342919,0.429677723057149,0.4553146789414134,0.42423405801615816,,,,,,,,
2019-09-19,,,,,0.47825498958587404,0.4278660290412152,0.4530979607443082,0.42225657746621975,,,,,,,,
2019-09-20,,,,,0.46753835439321273,0.41779897290237494,0.4416162782212068,0.4119047103360001,,,,,,,,
2019-09-21,,,,,0.4727942328321039,0.41491189839641324,0.4384896223865344,0.408864447873606,,,,,,,,
2019-09-22,,,,,0.4600206801223512,0.40419765866882046,0.4267078484261396,0.3980516608965067,,,,,,,,
2019-09-23,,,,,0.44700969324589246,0.38491751690356396,0.40635397542969964,0.37881928946242677,,,,,,,,
2019-09-24,,,,,0.40428469074124657,0.32607589409604504,0.3444185008688465,0.32077097377646036,,,,,,,,
2019-09-25,,,,,0.40987231120235273,0.3345474462746824,0.35305300617113244,0.3288696283648382,,,,,,,,
2019-09-26,,,,,0.39167312350468286,0.3252019978823677,0.34317058574977755,0.31973072193855706,,,,,,,,
2019-09-27,,,,,0.3981020003245414,0.33325524648197624,0.3514567199137366,0.3276619306954028,,,,,,,,
2019-09-28,,,,,0.3996997937515359,0.3325386880292996,0.3506299669214834,0.3268556684521548,,,,,,,,
2019-09-29,,,,,0.3999134515491891,0.32706656666261386,0.3451605114610341,0.3216443135172439,,,,,,,,
2019-09-30,,,,,0.4143441259861668,0.3423213152470064,0.36125918176330896,0.33683590696130256,,,,,,,,
2019-10-01,,,,,0.42193968496629186,0.33926651879736797,0.3579586313731847,0.33383006102981666,,,,,,,,
2019-10-02,,,,,0.44573478903416597,0.3457822094411571,0.3649002301425329,0.34035107827695493,,,,,,,,
2019-10-03,,,,,0.4347744391109478,0.33972318258222906,0.3584421214639956,0.33431450719842454,,,,,,,,
2019-10-04,,,,,0.439611292527184,0.34364314151348746,0.362621615048715,0.3381769585887306,,,,,,,,
2019-10-05,,,,,0.43788465382664654,0.3434277702688924,0.3624195400252761,0.33796434466347614,,,,,,,,
2019-10-06,,,,,0.4629830177857036,0.3444013415773195,0.363783620043163,0.33928801168980216,,,,,,,,
2019-10-07,,,,,0.4985024694245146,0.3629996883710494,0.38342864782515346,0.35806565795275946,,,,,,,,
2019-10-08,,,,,0.5209776251014829,0.3659638559301764,0.3867743753452564,0.36180036622936484,,,,,,,,
2019-10-09,,,,,0.5557344009266962,0.3801885061968296,0.40182220534109536,0.37620497925831053,,,,,,,,
2019-10-10,,,,,0.5305104265853149,0.36904347654230624,0.38980651624922474,0.36461269720217415,,,,,,,,
2019-10-11,,,,,0.5425203159402208,0.3630169460133941,0.38367514472182057,0.3595621747174634,,,,,,,,
2019-10-12,,,,,0.5213717281378751,0.3602431608381084,0.3803090807571574,0.35589907020185413,,,,,,,,
2019-10-13,,,,,0.5103256635373999,0.36333521274732317,0.38329095422288756,0.3582659892500636,,,,,,,,
2019-10-14,,,,,0.5206002775503176,0.37387958851333214,0.39441446691101484,0.36856389227347314,,,,,,,,
2019-10-15,,,,,0.4964473306460668,0.36114556073119547,0.38105072476313234,0.3556717815451154,,,,,,,,
2019-10-16,,,,,0.4925939397750898,0.3548323839560922,0.3744496294095928,0.34969836654741865,,,,,,,,
2019-10-17,,,,,0.5012943493510779,0.36389420214337886,0.3842322747508403,0.3587353497159692,,,,,,,,
2019-10-18,,,,,0.4895319179859577,0.35583890813694913,0.3757585150564634,0.3508020992714138,,,,,,,,
2019-10-19,,,,,0.49047071753059607,0.3574965068978731,0.37743212554419175,0.35235335621733455,,,,,,,,
2019-10-20,,,,,0.5034814877603737,0.3631643101267325,0.3832048234108733,0.3578625568148686,,,,,,,,
2019-10-21,,,,,0.5283001690540435,0.36822222378061836,0.3885418481528927,0.36350111365579146,,,,,,,,
2019-10-22,,,,,0.519463434886975,0.35981580211425895,0.37967053708525833,0.35521519524709194,,,,,,,,
2019-10-23,,,,,0.5087476587137374,0.34083193887243224,0.3597441553194875,0.33735321130534657,,,,,,,,
2019-10-24,,,,,0.5288615628264806,0.3480571057553432,0.3675253087662926,0.34513950363521806,,,,,,,,
2019-10-25,,,,,0.5626206367446067,0.3855841247622677,0.4066462609176669,0.3804961600785034,,,,,,,,
2019-10-26,,,,,0.5518917174635254,0.3795918584631265,0.40012341472118623,0.3740553140470866,,,,,,,,
2019-10-27,,,,,0.552694970489991,0.39422380108319033,0.415535983157456,0.3876192335686641,,,,,,,,
2019-10-28,,,,,0.5512122618292512,0.39380364757638475,0.41509311567952134,0.387590167553471,,,,,,,,
2019-10-29,,,,,0.5589380411460019,0.4072058520082727,0.4293944941789769,0.4009009026508034,,,,,,,,
2019-10-30,,,,,0.5458968620390253,0.3965110105183839,0.41790647063135633,0.3899221081162768,,,,,,,,
2019-10-31,,,,,0.5595188617690333,0.39718346909155733,0.41846783036956886,0.3908346774510534,,,,,,,,
2019-11-01,,,,,0.558022869946492,0.3989192302490337,0.4202085865358217,0.3925426932797735,,,,,,,,
2019-11-02,,,,,0.5588541016562201,0.40317689823039277,0.42483703388479477,0.3967491905153085,,,,,,,,
2019-11-03,,,,,0.5522416073131683,0.39932039866835034,0.42074086419203977,0.3928962868355688,,,,,,,,
2019-11-04,,,,,0.5589412926458113,0.4092366937459433,0.4311890921674778,0.4027999881854453,,,,,,,,
2019-11-05,,,,,0.5606490550475776,0.4153184860092255,0.4378488207797728,0.4091720350333973,,,,,,,,
2019-11-06,,,,,0.5695008040904815,0.419855440882825,0.4422751165802213,0.41317458504073146,,,,,,,,
2019-11-07,,,,,0.5598614222928175,0.4117312337499864,0.43343302405608075,0.4049022514903328,,,,,,,,
2019-11-08,,,,,0.5541966486247152,0.3975394298416267,0.4184910477588381,0.3908720467520017,,,,,,,,
2019-11-09,,,,,0.5670518794172764,0.4022791071015113,0.4235076130852486,0.39554020435858434,,,,,,,,
2019-11-10,,,,,0.5705614118471781,0.4127794633935936,0.4346280783598301,0.40609037932864317,,,,,,,,
2019-11-11,,,,,0.5615532119491071,0.4052609154942449,0.42671157011427724,0.39890770352087385,,,,,,,,
2019-11-12,,,,,0.5707936013282504,0.4066484245050863,0.4281277678763411,0.39996231029307694,,,,,,,,
2019-11-13,,,,,0.5959469158289179,0.40890723257977696,0.4306157577224114,0.40210968924185064,,,,,,,,
2019-11-14,,,,,0.5976788909164998,0.40311905225755146,0.4246193536973302,0.3964368982793461,,,,,,,,
2019-11-15,,,,,0.5878813484457799,0.39256285366392424,0.41361848846435206,0.3862233752482439,,,,,,,,
2019-11-16,,,,,0.5866703378847221,0.3954871245546121,0.41657668447526813,0.3889252629454223,,,,,,,,
2019-11-17,,,,,0.5779463681205648,0.39687137314833737,0.4179236636488842,0.3902225488265716,,,,,,,,
2019-11-18,,,,,0.5555606218005256,0.3794037952810754,0.3995295071758504,0.3731258329041979,,,,,,,,
2019-11-19,,,,,0.5436328010230772,0.3727051113825044,0.39249646094855484,0.36634249683727776,,,,,,,,
2019-11-20,,,,,0.5348882407329298,0.3677631932625632,0.387288256273888,0.3614971103406965,,,,,,,,
2019-11-21,,,,,0.5032552666386533,0.34560805969034597,0.36402331362372686,0.33964848715982354,,,,,,,,
2019-11-22,,,,,0.4690597404033367,0.32648938065830746,0.34394670979196185,0.32102173902974707,,,,,,,,
2019-11-23,,,,,0.48627556590652915,0.33697387033981396,0.35498417327580317,0.33132611190308414,,,,,,,,
2019-11-24,,,,,0.45103749408045746,0.31474972168681464,0.33167048802909116,0.30948651828847185,,,,,,,,
2019-11-25,,,,,0.45502178111419944,0.31754240085699476,0.334613300045948,0.3120092472261285,,,,,,,,
2019-11-26,,,,,0.4594238914989301,0.32461689055830584,0.34212642284063455,0.3187369717187402,,,,,,,,
2019-11-27,,,,,0.45910510622225675,0.33235462642278124,0.3503824740482737,0.3262886672347761,,,,,,,,
2019-11-28,,,,,0.46243900545540134,0.33030426019668546,0.3481462872635079,0.32427183399087967,,,,,,,,
2019-11-29,,,,,0.47761578060838766,0.34161621430249883,0.3600308896327379,0.3355262254973228,,,,,,,,
2019-11-30,,,,,0.4596407154627802,0.3321824123895539,0.35005717475134357,0.32624590158236394,,,,,,,,
2019-12-01,,,,,0.4492257238086464,0.32890173380720455,0.34668303938767475,0.3230238527863387,,,,,,,,
2019-12-02,,,,,0.43577701707674765,0.3202407882968185,0.33755386004661436,0.3145005658582502,,,,,,,,
2019-12-03,,,,,0.4394394849574043,0.3193483510748011,0.3366008649898462,0.3136002286083858,,,,,,,,
2019-12-04,,,,,0.4265386507954471,0.3137982131108816,0.3307536566615189,0.3081251750244628,,,,,,,,
2019-12-05,,,,,0.42638131242088567,0.317419093746378,0.3345959733297503,0.3117186740973678,,,,,,,,
2019-12-06,,,,,0.4359176235446498,0.3202311170920254,0.33753935589181894,0.3144521217449193,,,,,,,,
2019-12-07,,,,,0.4320297577261246,0.3201884324782011,0.33751829420841134,0.3144316602665325,,,,,,,,
2019-12-08,,,,,0.4330427739250777,0.32273336996045054,0.3401874233394472,0.31692520601244156,,,,,,,,
2019-12-09,,,,,0.4332160893918052,0.3163349480672223,0.33344296224587394,0.3105896964391627,,,,,,,,
2019-12-10,,,,,0.4533056490345878,0.3154916715999565,0.3326679697377446,0.3097309743453948,,,,,,,,
2019-12-11,,,,,0.4403248883778867,0.31183466219396067,0.32867940135621987,0.3060670981474004,,,,,,,,
2019-12-12,,,,,0.43306599679024294,0.3113854178103527,0.3281208653207446,0.305610580756526,,,,,,,,
2019-12-13,,,,,0.42873286074953587,0.312523233358907,0.32925530446830464,0.30669594804782707,,,,,,,,
2019-12-14,,,,,0.4179461351658933,0.30734515812878227,0.3237894090698855,0.30163417620756006,,,,,,,,
2019-12-15,,,,,0.4276227291111878,0.3087314975074924,0.3252724741704837,0.3029701084339003,,,,,,,,
2019-12-16,,,,,0.40739166029550955,0.29378473177063447,0.3095249022145112,0.288342360363263,,,,,,,,
2019-12-17,,,,,0.3687083877992755,0.2702026662337092,0.28474774793582286,0.26526586752849696,,,,,,,,
2019-12-18,,,,,0.3967678287180451,0.2912966044799194,0.3070362058874953,0.2860888102126714,,,,,,,,
2019-12-19,,,,,0.3862284118179142,0.2849227268919468,0.3003724259814012,0.2799135229785129,,,,,,,,
2019-12-20,,,,,0.4007226540617972,0.29088550686773984,0.3065972850467728,0.28573932533378893,,,,,,,,
2019-12-21,,,,,0.3944308370686402,0.2895578242725073,0.30528318995012854,0.2845215097416962,,,,,,,,
2019-12-22,,,,,0.40917511423216807,0.3005209260512938,0.31688450551011305,0.2952897658031593,,,,,,,,
2019-12-23,,,,,0.396083035972606,0.28974740631656487,0.3055243599169229,0.2846636016962222,,,,,,,,
2019-12-24,,,,,0.39383134176576784,0.28965542419788187,0.3054401267234471,0.2844421693895083,,,,,,,,
2019-12-25,,,,,0.385392414315199,0.28666800428705114,0.30229769565160636,0.2817987606495132,,,,,,,,
2019-12-26,,,,,0.3934465510040838,0.29117735120337207,0.3070253919472455,0.2864975364817336,,,,,,,,
2019-12-27,,,,,0.39773029866173293,0.2941548302107159,0.3101228053052868,0.2893375595951689,,,,,,,,
2019-12-28,,,,,0.39749622357665804,0.2959452748139949,0.3119175366865527,0.29093012334973156,,,,,,,,
2019-12-29,,,,,0.4045111467098629,0.3031128248920966,0.31955923289216265,0.29816311778158316,,,,,,,,
2019-12-30,,,,,0.39400683480746335,0.29817610250876586,0.3143546519959886,0.2933907017416866,,,,,,,,
2019-12-31,,,,,0.38253283574203983,0.2920223479168336,0.30787490570434867,0.28725525813995423,,,,,,,,
2020-01-01,,,,,0.3876624907170226,0.2938397914130365,0.3097619240844402,0.2890430329605485,,,,,,,,
2020-01-02,,,,,0.3744334953450144,0.2843112495296729,0.2997416593670632,0.2796671678554995,0.9675723228717863,0.9675723228717863,0.9675723228717863,0.9675723228717863,,,,
2020-01-03,,,,,0.3919786981567089,0.3006094285898648,0.31684737105768485,0.2956391549096755,1.0228879787327398,1.0230385311134138,1.0228879787327398,1.0228879787327398,,,,
2020-01-04,,,,,0.39860062473196695,0.30590051248925143,0.32245707628313713,0.30086522300405527,1.0409688503389805,1.0410452274629536,1.0409688503389805,1.0409688503389805,,,,
2020-01-05,,,,,0.39712181129015967,0.30877723292452014,0.3256663726152786,0.3038080149505623,1.0512128694832752,1.0508353257387348,1.0512128694832752,1.0512128694832752,,,,
2020-01-06,,,,,0.4226447857634614,0.32914957980559817,0.3471530225459834,0.3235824049416284,1.1196547515848119,1.1201668032187253,1.1205692563519978,1.1196547515848119,,,,
2020-01-07,,,,,0.4459055180490451,0.33072740271517426,0.3487993311328952,0.32493387005073504,1.1241547231594078,1.1255364738885434,1.125883347456353,1.1241547231594078,,,,
2020-01-08,,,,,0.4512357160590982,0.32679368447923596,0.34476022269568235,0.3210373043597436,1.1106008518696149,1.1121491847912377,1.1128455789685008,1.1106008518696149,,,,
2020-01-09,,,,,0.4493455386485853,0.32400915505822153,0.34177609702181855,0.3183519725191189,1.1013034100303605,1.1026728323625077,1.103213171153934,1.1013034100303605,,,,
2020-01-10,,,,,0.46176723048521656,0.3374197745239755,0.35586553008311067,0.33166209558046317,1.1474348414349578,1.1483120543387555,1.148692209222289,1.1474348414349578,,,,
2020-01-11,,,,,0.4683864436896107,0.338239922044645,0.3567301226263144,0.3323555288864735,1.1497592935511922,1.1511031927231299,1.1514830125864077,1.1497592935511922,,,,
2020-01-12,,,,,0.4677279416334105,0.34431405330117915,0.3629239207944678,0.338188196218358,1.1699769664273805,1.1717747676222423,1.171475866908633,1.1699769664273805,,,,
2020-01-13,,,,,0.45898451264413687,0.3397202511082601,0.35808182769015273,0.33364624542132654,1.1543131821143082,1.1561410708692326,1.155846158057774,1.1543131821143082,,,,
2020-01-14,,,,,0.5074857468521228,0.387491804131235,0.4084624842376807,0.3815477161102243,1.320189528522228,1.3187179390096837,1.3184690107351142,1.320189528522228,,,,
2020-01-15,,,,,0.5122843200442551,0.394414917091073,0.41614323666180064,0.3886851754052092,1.3449526855042822,1.3422787812174244,1.3432615790641997,1.3449526855042822,,,,
2020-01-16,,,,,0.5207195888348723,0.39195299511489223,0.4139255737821024,0.38678834103611004,1.3383412245696,1.3339003312997268,1.3361032232886463,1.3383412245696,,,,
2020-01-17,,,,,0.5631114101644891,0.4215430117442118,0.44625107192389346,0.4174783884230015,1.4444969568877792,1.4346015211795082,1.440446141429757,1.4444969568877792,,,,
2020-01-18,,,,,0.565530837157533,0.41602689990395264,0.43792776030008684,0.408872018564696,1.4145426453251262,1.4158290063552466,1.4135794673381048,1.4145426453251262,,,,
2020-01-19,,,,,0.5397204347643346,0.4026181145723689,0.4244449726770269,0.3965247398562793,1.3719633847538972,1.3701960263320079,1.3700586096208918,1.3719633847538972,,,,
2020-01-20,,,,,0.549753317379397,0.4065238583499689,0.4285624558477175,0.40078001609172065,1.3865995050815367,1.3834881123317215,1.38334936255971,1.3865995050815367,,,,
2020-01-21,,,,,0.5502882995496943,0.4127157476991925,0.43512078887728933,0.40686716632984865,1.4076853286606283,1.4045604433439633,1.4045188926763104,1.4076853286606283,,,,
2020-01-22,,,,,0.5466662504162014,0.4115463788988101,0.4339198844231875,0.4066745713897246,1.4070695785911447,1.4005808298451956,1.4006425138932206,1.4070695785911447,,,,
2020-01-23,,,,,0.513543558053126,0.39113253265368425,0.4121410228048311,0.38516990454386285,1.3326753741772919,1.3311081211049725,1.3303429019558304,1.3326753741772919,,,,
2020-01-24,,,,,0.5193277809326805,0.39215441148009206,0.4132984628758045,0.3863515993875835,1.3366766010208273,1.3345857945047994,1.3340789828059716,1.3366766010208273,,,,
2020-01-25,,,,,0.5104063013872577,0.3851654919177104,0.40584145816617617,0.3791966597581568,1.3119582317171283,1.310800998276988,1.31000864586695,1.3119582317171283,,,,
2020-01-26,,,,,0.5337983799672388,0.4041795556136431,0.4257942727322004,0.39907325048531683,1.3808199752662191,1.3755099459810978,1.3744139920062521,1.3808199752662191,,,,
2020-01-27,,,,,0.547805678629923,0.42038982793650237,0.44287143811238266,0.4171960782311792,1.4435543914233924,1.4306769886913657,1.4295370797164741,1.4435543914233924,,,,
2020-01-28,,,,,0.5658547778413919,0.441390925059096,0.465366230197348,0.4395427119019691,1.520951450649558,1.5021482384550622,1.502147631263965,1.520951450649558,,,,
2020-01-29,,,,,0.5832514802875962,0.44566811857085564,0.47026826056099125,0.4459331380764337,1.5430305026105962,1.5167044477798481,1.5179708105608556,1.5430305026105962,,,,
2020-01-30,,,,,0.6074658957744388,0.46267172271792556,0.48784011224069695,0.4618008674479397,1.5976892685696003,1.5745713692927645,1.5746906876486237,1.5976892685696003,,,,
2020-01-31,,,,,0.5891740537800582,0.44947514535838895,0.4733241457652334,0.4465209394455673,1.5447392718895085,1.5296605786334192,1.5278348497263539,1.5447392718895085,,,,
2020-02-01,,,,,0.5948897558058991,0.4566489774535676,0.4812264578710391,0.4536476210421877,1.5712028961485878,1.5540746719755107,1.5533425867321324,1.5693940281798209,,,,
2020-02-02,,,,,0.5950729290322044,0.4605546638659646,0.484820757989853,0.45743847927023384,1.5799687618483549,1.5673665627491025,1.564944566117784,1.582508502914868,,,,
2020-02-03,,,,,0.5890966393613017,0.46330542881004355,0.487716457566632,0.4601880990788484,1.5927729139246933,1.576728007401819,1.5742915448580894,1.5920208131469618,,,,
2020-02-04,,,,,0.5838911537856415,0.46348459392326397,0.48789050846262544,0.4604414765931198,1.5877339836815563,1.5773377448113062,1.5748533607445259,1.592897372704045,,,,
2020-02-05,,,,,0.6126357184879405,0.49351571876147976,0.5194425123061306,0.49015121512193777,1.696388719174585,1.6795401207856426,1.6766995299757002,1.6956782185923005,,,,
2020-02-06,,,,,0.6233575807369557,0.5035956431948673,0.5300457083986769,0.5002239210474103,1.7254328654270814,1.7138442713056063,1.7109254038374357,1.730524746588483,,,,
2020-02-07,,,,,0.6772127124859773,0.5129580731382987,0.5393472819586029,0.5089533506168906,1.750379670178833,1.7457066337800988,1.7409497927668711,1.7607242097847966,,,,
2020-02-08,,,,,0.6951557717751008,0.5218738939378604,0.5487756255270553,0.5178513680545686,1.7764240438443875,1.7760490892953533,1.7713833804212384,1.7915069027420534,,,,
2020-02-09,,,,,0.7077106999324289,0.5315036628743176,0.5589631947736274,0.5274839030330472,1.8074262936741057,1.8088212638539758,1.8042676595525073,1.824830659266397,,,,
2020-02-10,,,,,0.6935552912673544,0.5203181612219276,0.5471998069072976,0.5158826703145155,1.7739279251388824,1.7707545963049676,1.766296822666571,1.784696192549344,,,,
2020-02-11,,,,,0.7712356984536262,0.5422063872990287,0.5701963829340237,0.5379262999473934,1.8480149985834395,1.8452449366766492,1.8405270739486184,1.8609561333063773,,,,
2020-02-12,,,,,0.7904575293312421,0.5715625711782643,0.6009538384939908,0.567152996248456,1.944502281530988,1.9451503434225006,1.939808534473844,1.962065894519139,,,,
2020-02-13,,,,,0.7708358630517197,0.572233179000326,0.6017941183384622,0.5679194843256002,1.9431323782776246,1.947432566054217,1.9425208592968901,1.9647175601625684,,,,
2020-02-14,,,,,0.8483403509026541,0.5983145236762544,0.6297179625240955,0.5949640035829125,2.0317024037280462,2.036192990741788,2.032655754520046,2.0582780794923345,,,,
2020-02-15,,,,,0.8107046242046926,0.5503223058673141,0.5795814196526977,0.5480310515940153,1.8643157272744866,1.8728651528810545,1.8708208721692219,1.895913523480752,,,,
2020-02-16,,,,,0.826976951620059,0.5346681015166738,0.5642311882093787,0.5336643052026688,1.8126293905505713,1.819590529061859,1.8212721247404347,1.8462117617054898,,,,
2020-02-17,,,,,0.7961837755413235,0.5221287819603021,0.5509985394828901,0.520955277355939,1.7706857081525313,1.7769165280490222,1.7785586860549212,1.8022448775393014,,,,
2020-02-18,,,,,0.8380871806041472,0.5442551919756164,0.5743468418799847,0.5437073081814173,1.8456835055425131,1.8522174595835545,1.8539242688239097,1.8809555323520337,,,,
2020-02-19,,,,,0.799930873757204,0.5048931247057298,0.5327742998351443,0.5052696809551944,1.7126304013179956,1.7182598799085906,1.7197329770926721,1.747980553914692,,,,
2020-02-20,,,,,0.7820760887204523,0.5005922326014772,0.5282257137951663,0.5005063685298189,1.6959777351589116,1.703623019177203,1.7050506746345504,1.7315018737056673,,,,
2020-02-21,,,,,0.7900059375827787,0.5103782602534227,0.5384996620671513,0.509570369636839,1.7309577709569428,1.7369269757478425,1.7382137751327238,1.7628587871974493,,,,
2020-02-22,,,,,0.7655609752143498,0.5056580838087328,0.5335575645757146,0.5039399677020385,1.7134650811484258,1.7208632002394568,1.7222612638448096,1.7433804106715727,,,,
2020-02-23,,,,,0.7938240541679114,0.5282556412365425,0.5572594152650129,0.5264155170195585,1.7901977237477769,1.797767547738279,1.79876805905082,1.8211345776568253,,,,
2020-02-24,,,,,0.7415452625772261,0.502777264106907,0.5303821527564153,0.500703988249888,1.7018359824539955,1.7110591512780406,1.7120114067792782,1.7321855391634835,,,,
2020-02-25,,,,,0.6806420485963014,0.47627863172880053,0.5025344892677923,0.47299001478883507,1.6101643814400282,1.6208786068028418,1.622122413914601,1.63630904289312,,,,
2020-02-26,,,,,0.667006837951246,0.4315363651822716,0.45483014925509385,0.4302764063601637,1.4568609309683045,1.4686110519854045,1.4681383972387514,1.4885413067018303,,,,
2020-02-27,,,,,0.7115189256167693,0.43907866274129004,0.46278630753457256,0.4388440951117255,1.4862623681157778,1.4942791125389072,1.493819943380189,1.5181812275088968,,,,
2020-02-28,,,,,0.7348616737970505,0.43466452561779806,0.4585651937696544,0.4360427907753508,1.4750686867001024,1.4792568546538707,1.4801946830329167,1.5084901146435394,,,,
2020-02-29,,,,,0.7243953915400393,0.4267622042269398,0.45025399743131,0.42790988735647056,1.448680963400639,1.4523635555780137,1.4533671156623333,1.4803543337746106,,,,
2020-03-01,,,,,0.6962244389704046,0.4242461412933405,0.4471435898496996,0.4253870580247387,1.4372025174972913,1.4438008523392867,1.4433270846549262,1.4716266052388784,,,,
2020-03-02,,,,,0.7488106021677982,0.44890649653953224,0.47313491587127615,0.45009641678755435,1.5248641055125438,1.5277253444157457,1.5272240378140838,1.5571086364097404,,,,
2020-03-03,,,,,0.7940507826449098,0.4512627305375305,0.4756738134444142,0.4524085058050831,1.5379393957644105,1.5357441154156415,1.5354193015183146,1.565107308789844,,,,
2020-03-04,,,,,0.7991273788593871,0.4470668556244869,0.4711797607435402,0.44787863265834316,1.5232608975367306,1.521464650769733,1.5209130262852997,1.549436211808064,,,,
2020-03-05,,,,,0.8153833272321168,0.46039873807259,0.4851213819716347,0.4611975280222946,1.567431761254654,1.5668359137426335,1.56591494508564,1.5955129327619106,,,,
2020-03-06,,,,,0.8138600762839407,0.46765326701763377,0.4925498263552405,0.4682861780769794,1.5909124238824932,1.5915246358185569,1.5898930926406907,1.6200361189259231,,,,
2020-03-07,,,,,0.7636173962091813,0.4472781268931169,0.4709203011204333,0.44779004504501074,1.5186185802265755,1.5221836523304613,1.520075521041111,1.5491297429434965,,,,
2020-03-08,,,,,0.7038799739071525,0.3912530561588614,0.41215764113392644,0.3916696967627987,1.3300552571951294,1.331518288511496,1.330396543973806,1.3549813877705184,,,,
2020-03-09,,,,,0.7006040043166102,0.39181685284355094,0.4127515613806386,0.39212843158525906,1.3318977250258164,1.3334370098731547,1.3323136488986305,1.356568380972937,,,,
2020-03-10,,,,,0.7029140260820388,0.39174906465414083,0.4126457452907047,0.3920432349503654,1.331258678628025,1.33320631208684,1.331972086966265,1.3562736431989002,,,,
2020-03-11,,,,,0.6661736088746021,0.38086304214420386,0.40118848357904247,0.38111740668872407,1.2899039029957455,1.296158836462155,1.2949893894171836,1.3184757383243066,,,,
2020-03-12,,,,,0.3764809964962001,0.23518192056115922,0.24800047623113705,0.2355533209915679,0.7863286129653543,0.8003746512009164,0.8005164615510607,0.8148967571632266,,,,
2020-03-13,,,,,0.4399470167366505,0.2752889373965833,0.2900395061431952,0.2753169706573371,0.9215208255635321,0.9368674544477291,0.9362135214263626,0.9524591104733288,,,,
2020-03-14,,,,,0.39706611466208125,0.2568317437682266,0.2709027163043649,0.2570820864805398,0.8578109076069672,0.8740536553376819,0.874442207435219,0.8893755253200077,,,,
2020-03-15,,,,,0.3984670869754348,0.2670542579842222,0.2819277786136909,0.26731419155009356,0.8906642645130634,0.9088430695515871,0.9100298159848735,0.9247734946843678,,,,
2020-03-16,,,,,0.34627657749161533,0.24247083975788236,0.2559751930095595,0.2431256228417359,0.8056293721048271,0.8251804106988787,0.8262579123512793,0.8410931368023994,,,,
2020-03-17,,,,,0.3578664250968732,0.2502797779168695,0.26423173427468294,0.2507226519296719,0.8313221198926596,0.8517559065547498,0.8529090595532987,0.8673750603251646,,,,
2020-03-18,,,,,0.36314990265052915,0.2498767007784422,0.2637466417902006,0.25002290295432206,0.8302897110370003,0.850384148371527,0.8513432378859205,0.8649542786166303,,,,
2020-03-19,,,,,0.42949015941083024,0.29310918148818516,0.3095374227578687,0.2928302603688982,0.9741834912729889,0.9975135773091248,0.9991505103112106,1.013046339441848,,,,
2020-03-20,,,,,0.42677046430309834,0.28599582880669394,0.3019952212932589,0.28569230437207305,0.95105319864673,0.9733053084178216,0.974805168235627,0.98835257936196,,,,
2020-03-21,,,,,0.4302123966772044,0.287616366724323,0.3037226065560138,0.28730025825874417,0.9570535346299953,0.9788203474458446,0.9803809653441262,0.9939152961277458,,,,
2020-03-22,,,,,0.3858633299237251,0.26744100503610263,0.28239776270353895,0.2676524380450001,0.8877159052109334,0.9101592529385291,0.9115468695256893,0.9259436584955204,,,,
2020-03-23,,,,,0.4279751245410169,0.28846780653514853,0.3046004974686899,0.28819138591844623,0.9587022987833504,0.9817179802229816,0.9832146942857929,0.9969981524298892,,,,
2020-03-24,,,,,0.4419106095238383,0.29773971023695367,0.31440958576766836,0.29746683861619133,0.9894340707060731,1.0132722624296828,1.0148772812915605,1.029086582738558,,,,
2020-03-25,,,,,0.43391605739052824,0.2934066492602536,0.3097856971792703,0.2932354945407225,0.9744164783499065,0.9985259241074871,0.9999519110356545,1.0144482471335812,,,,
2020-03-26,,,,,0.44156598477888326,0.302066669685815,0.3188759961694209,0.3017932534910598,1.0017314578802292,1.0279978359405186,1.029294330423811,1.0440538157914905,,,,
2020-03-27,,,,,0.42198839976414904,0.292938824564059,0.3092221998523564,0.29291811341425805,0.9708590306653966,0.9969338160613136,0.9981330077291374,1.0133502670683798,,,,
2020-03-28,,,,,0.41415404556948693,0.2884811264441227,0.304529789977569,0.2883738688043111,0.9553506803386147,0.9817633107376478,0.9829864587942431,0.997629452007,,,,
2020-03-29,,,,,0.3940500668295982,0.2762389335030035,0.2914708626709127,0.27610500782301756,0.9154512413995372,0.9401004954931633,0.9408337724847459,0.9551853251925008,,,,
2020-03-30,,,,,0.4191403914687889,0.29258796443258717,0.3087213859351411,0.29247182723189086,0.9691038164167812,0.995739763581952,0.9965164391200874,1.0118063399386457,,,,
2020-03-31,,,,,0.4340151233007147,0.2953484781145576,0.3116363154285469,0.294809791423297,0.9788056484238982,1.0051343852861654,1.0059254897767373,1.0198945274875226,,,,
2020-04-01,,,,,0.4373071697535748,0.29865346381811647,0.3151012308667387,0.29810874915669433,0.9897552089065544,1.0163819623677635,1.0171098305824775,1.0313072723711334,,,,
2020-04-02,,,,,0.44414887352012555,0.3057715881123759,0.3226244151798363,0.3052176083198217,1.0132262811186115,1.0406064700834454,1.0413937875225618,1.0559003719495086,,,,
2020-04-03,,,,,0.4442442317905665,0.30640540448743453,0.32327886971963127,0.30584314546658,1.015584326354106,1.0427634835090631,1.0435062900483811,1.0580644178234222,,,,
2020-04-04,,,,,0.4490977282680315,0.3100371109383182,0.3271231802327923,0.3094797652971347,1.0276179561492396,1.055122961554631,1.0559152736756183,1.0706453047940654,,,,
2020-04-05,,,,,0.44280073075150744,0.3087632992926776,0.3257214919514835,0.30813349300643234,1.0216022894828845,1.050787906593167,1.0513907882383196,1.0659878755575174,,,,
2020-04-06,,,,,0.48725298417985113,0.34065955042165114,0.3593695794320503,0.3400395650185644,1.1283224368756044,1.1593377084276586,1.160002869703839,1.1763669375340349,,,,
2020-04-07,,,,,0.5102599437954807,0.33887827627082956,0.3574343892374862,0.3380468771505031,1.1242346691655576,1.1532756494319873,1.1537563026386333,1.1694732334890818,,,,
2020-04-08,,,,,0.5683723338075266,0.35591637146377514,0.3757851070028664,0.35524928391545874,1.1857736860891424,1.211259951391268,1.2129902681362363,1.2289849628468137,,,,
2020-04-09,,,,,0.5903858319497113,0.3566875447118677,0.3770282632325553,0.35630031577868215,1.191185670225781,1.2138844197942167,1.2170030306972979,1.2326210077703605,,,,
2020-04-10,,,,,0.5648037685397871,0.33138102982532647,0.35051822931945703,0.33117104822315047,1.1075679389844084,1.1277609075059538,1.1314317492779293,1.1456863020540997,,,,
2020-04-11,,,,,0.5734600182373922,0.3336004032056021,0.35308077543181643,0.3335754460822184,1.1157741681672244,1.1353139123920617,1.1397033476941982,1.1540043168884344,,,,
2020-04-12,,,,,0.5981602003349663,0.33908466900822765,0.3592519861146846,0.3393657058304186,1.1367957691965156,1.1539780483018118,1.159623292262093,1.1740357215490802,,,,
2020-04-13,,,,,0.5826125888967498,0.33041412336511783,0.3500657532127493,0.33068651170400515,1.1070630281380158,1.12447031689003,1.1299712094540444,1.1440100478772681,,,,
2020-04-14,,,,,0.565848393656879,0.32837382012192784,0.3479047767664707,0.3283182295578051,1.0980248146613425,1.117526726189198,1.1229958308396184,1.1358169753582223,,,,
2020-04-15,,,,,0.5483217147897758,0.31954813551370836,0.33856744403912165,0.31940918802375395,1.0679646089652792,1.0874910235167385,1.0928560155101674,1.104996144537541,,,,
2020-04-16,,,,,0.6022658237964768,0.34414944105628137,0.3645442163629575,0.3443182291670036,1.153375020977335,1.1712145567532297,1.176705991039302,1.1911689769401295,,,,
2020-04-17,,,,,0.6027014660252802,0.34330723272423075,0.36364593963466324,0.34353496826673685,1.1507403220372818,1.1683483406835797,1.1738064590748651,1.1884592857120317,,,,
2020-04-18,,,,,0.6469937413823643,0.35842893156233646,0.37975334432001123,0.359365352836369,1.2063623552479215,1.2198107337290807,1.2257992729574816,1.243224504033457,,,,
2020-04-19,,,,,0.6253413772220432,0.34962628127530876,0.3703932975506095,0.3503282652137192,1.174988701111906,1.1898534218051342,1.1955861393632923,1.211960697745789,,,,
2020-04-20,,,,,0.5961225487829913,0.336015387209824,0.35597394693103424,0.3366159006610398,1.127910495867299,1.14353262229724,1.1490421660965293,1.1645227700613885,,,,
2020-04-21,,,,,0.5987066605851222,0.33754138664421957,0.35763012019256973,0.338238083630927,1.133046502319757,1.1487259265364556,1.1543880992140296,1.1701347123431693,,,,
2020-04-22,,,,,0.629857803425189,0.3512301549283273,0.37220615025331055,0.352435385819921,1.181517174546459,1.195311748757062,1.2014378153476841,1.2192502818693223,,,,
2020-04-23,,,,,0.6423328173122355,0.3660257623781179,0.3882861153364332,0.3674413741472995,1.2292063169608654,1.245664382682646,1.2533420574113525,1.2711635012395035,,,,
2020-04-24,,,,,0.6561365147070503,0.3736423369868642,0.39622816596375354,0.37493845407797743,1.2541131311224945,1.2715852240095447,1.2789780657056125,1.2970996506344068,,,,
2020-04-25,,,,,0.6577689911617582,0.37727410173259823,0.40005625428887936,0.37861603190140386,1.2663757167012493,1.2839449004450243,1.291334686011771,1.3098222317889,,,,
2020-04-26,,,,,0.6531411312894784,0.38903364401953905,0.4125347496834268,0.38965002447210806,1.3010460983514058,1.323965151720016,1.3316138061591625,1.3479943311105302,,,,
2020-04-27,,,,,0.6451709811233652,0.3910843465817425,0.4147093329904975,0.3920024906698537,1.3063902376766747,1.3309441335398093,1.3386331061249488,1.356132688352998,,,,
2020-04-28,,,,,0.6527314958187016,0.3997169769806486,0.4239438350295891,0.4002293384193298,1.3325537653619575,1.3603228312219473,1.3684409960486357,1.3845934696508495,,,,
2020-04-29,,,,,0.698546558679356,0.43021312391069233,0.4561104283461692,0.43057429451165813,1.433319833548016,1.4641077773771012,1.4722709880440612,1.4895718508165476,,,,
2020-04-30,,,,,0.6669048536401867,0.409523298409057,0.4340309522177056,0.40943672039388856,1.363511909443795,1.393695851878037,1.4010010277122686,1.4164464092801732,,,,
2020-05-01,,,,,0.6814032291801222,0.4244815672694934,0.4499605035088256,0.42439182690133226,1.4135579660077722,1.4446020575641492,1.4524197516899546,1.46818360298496,,,,
2020-05-02,,,,,0.6921346745458475,0.4361282098708151,0.4622584080910363,0.4360100711267226,1.4514704670050045,1.4842380869300649,1.4921159458676974,1.5083769210131097,,,,
2020-05-03,,,,,0.6752266427972122,0.42505228119060445,0.450512103992557,0.42487566518581243,1.4137409332505815,1.446544319768892,1.4542002533814713,1.4698574416188395,,,,
2020-05-04,,,,,0.6805373469980636,0.42453754957264433,0.4499665409301752,0.4244087237776179,1.4135015975078944,1.4447925773806851,1.4524392397782402,1.4682420577315685,,,,
2020-05-05,,,,,0.6695345345587109,0.420614356197849,0.44578226981005736,0.420446877440469,1.399491694177065,1.4314411066492052,1.43893290316893,1.4545360496017268,,,,
2020-05-06,,,,,0.6637942455546341,0.418870068620617,0.4439733182818972,0.41861932884709,1.3917201752499189,1.4255049209173685,1.4330938197185799,1.4482136449078185,,,,
2020-05-07,,,,,0.6873788972737397,0.4323319797016463,0.45836800776258213,0.4321094195724343,1.4362691974383455,1.4713186992905858,1.4795581897202912,1.4948826162457955,,,,
2020-05-08,,,,,0.69634739076465,0.43662012893503016,0.4627759697026305,0.43625425962460274,1.450930409173737,1.4859121932920711,1.4937865740706928,1.5092216911663023,,,,
2020-05-09,,,,,0.7205086111907137,0.4352363002215527,0.46128538150636045,0.43471195632905274,1.4500349882188754,1.4812027265897474,1.488975130130578,1.5038860926325384,,,,
2020-05-10,,,,,0.6645051989557846,0.39302262974983426,0.416736896261697,0.3925931210792001,1.310987644810582,1.3375405279858128,1.3451778426516592,1.3581759743624344,,,,
2020-05-11,,,,,0.6393761596863452,0.3864460259098068,0.4097634721767269,0.3859711183820287,1.2868395389851301,1.3151589308290716,1.3226684472737549,1.3352671548173078,,,,
2020-05-12,,,,,0.6578569155440421,0.39767399014463983,0.4216362436028894,0.39722770024156884,1.326203008309479,1.3533701076776503,1.3609923614666377,1.3742093018244819,,,,
2020-05-13,,,,,0.6731679460585903,0.40810187829922734,0.43261122193033674,0.4075601558481485,1.3600603080142206,1.3888584535699517,1.3964183047946637,1.4099544338900838,,,,
2020-05-14,,,,,0.6829064838090764,0.4133220428119506,0.43810928691637785,0.41277714894401113,1.3761640960234278,1.4066237959955648,1.4141654139732016,1.4280026224618492,,,,
2020-05-15,,,,,0.6620207661288858,0.40483653747399934,0.42898384607488405,0.40416651639064805,1.3474291882187994,1.3777457965348872,1.384709560808961,1.3982141375645767,,,,
2020-05-16,,,,,0.67461501905262,0.40956800462770043,0.43398960158509065,0.40887109468654675,1.3648706970884263,1.3938479967540884,1.4008675527181604,1.4144896270419065,,,,
2020-05-17,,,,,0.6812510528776402,0.4147233791327636,0.4394794584423945,0.4140333856477336,1.3820350456037909,1.4113928448506368,1.4185881670194604,1.4323485735687305,,,,
2020-05-18,,,,,0.6973415623508018,0.4242482055662485,0.44957285026298366,0.42347264100154225,1.414377042581446,1.4438078775039112,1.4511684524610737,1.465003679196087,,,,
2020-05-19,,,,,0.7019875034725751,0.4252066685853698,0.45065510832891836,0.42458781695782183,1.4186758479445494,1.4470697332740647,1.4546618546133327,1.4688616306213236,,,,
2020-05-20,,,,,0.7164410473816583,0.42104852537309717,0.4463133207683619,0.420612863964586,1.4101016816680245,1.4329186777200273,1.4406470734016072,1.4551102800123459,,,,
2020-05-21,,,,,0.6796660471970297,0.40163361643760054,0.4255303412016229,0.4008937090987831,1.3417863553579028,1.3668455674644935,1.3735620519690352,1.3868918601382425,,,,
2020-05-22,,,,,0.7129072357954549,0.4161067851726306,0.4409631976324468,0.41545232677572463,1.3930228697430247,1.416100873103769,1.4233775031704856,1.4372574006612038,,,,
2020-05-23,,,,,0.6994759030652543,0.4157715118687037,0.44045870662770736,0.41498221335792324,1.3894918166865327,1.4149598659504674,1.4217490653540117,1.4356310432061161,,,,
2020-05-24,,,,,0.6773322827237511,0.40206393443261146,0.4259080710691483,0.4012072672607418,1.343876869686722,1.368310032140777,1.3747813196961334,1.3879766146570354,,,,
2020-05-25,,,,,0.6854228409032749,0.40987158802899903,0.43417875241614906,0.4090523377199285,1.3696206795854073,1.3948811563538783,1.4014781094246611,1.4151166373491253,,,,
2020-05-26,,,,,0.6785123651408381,0.40423767375283604,0.42820431183075497,0.4034472555823311,1.3511627367064896,1.3757077345069928,1.3821933156619697,1.3957258546663154,,,,
2020-05-27,,,,,0.6864117284836954,0.4131731495957572,0.4376650166851923,0.4123454693969687,1.3799436073010363,1.4061170803615881,1.4127313617534403,1.4265092269897002,,,,
2020-05-28,,,,,0.7141572287937776,0.42991592313322907,0.4555211851252332,0.4298753588135953,1.4417336238546758,1.4630963392187977,1.4703689800101047,1.4871538826409374,,,,
2020-05-29,,,,,0.7094275228582947,0.4301199828265068,0.4557058093660864,0.4301920229811475,1.4430704272095054,1.4637907982377631,1.4709649254141233,1.4882493823866505,,,,
2020-05-30,,,,,0.7443864896265563,0.45914496810558086,0.4873201352708657,0.46059714129233614,1.5465872824141274,1.5625690649234858,1.573012262952415,1.5934358947595277,,,,
2020-05-31,,,,,0.7318608560540687,0.4439120683983113,0.4709840061234255,0.4451613109278723,1.4954108898476233,1.5107282314066346,1.5202811533219567,1.5400356367832306,,,,
2020-06-01,,,,,0.7767978927046596,0.470881984755342,0.49959868041349337,0.47220712512353,1.5896016439572098,1.6025126566110492,1.612645967128896,1.6336006359524404,,,,
2020-06-02,,,,,0.7683743187149635,0.45808281855412436,0.48603316799717405,0.45938537064324203,1.5504049947563985,1.5589543415861573,1.5688580834777457,1.589243773976787,,,,
2020-06-03,,,,,0.7862281899589719,0.46981252670052864,0.4986939131974833,0.4713519636855044,1.5966604675200355,1.5988730608651143,1.6097254846310611,1.6306422048007818,,,,
2020-06-04,,,,,0.7814089133941473,0.4739407738889586,0.5031221322621908,0.47553739626557473,1.6109662853650142,1.6129223738209184,1.6240192566049052,1.6451217095790085,,,,
2020-06-05,,,,,0.7715097400065578,0.4673959968089703,0.4958932917210507,0.46870489221035383,1.584417567098889,1.5906490899728891,1.600685406851661,1.6214846605471103,,,,
2020-06-06,,,,,0.7670073489305902,0.4664365318527312,0.49493524773143593,0.4677993750106218,1.5822619789474581,1.5873838243952587,1.5975929531748305,1.6183520236285944,,,,
2020-06-07,,,,,0.7711999771053796,0.47080790144024776,0.4995967937266743,0.4722053418783101,1.5955316388786531,1.6022605351582742,1.6126398771250405,1.6335944668152744,,,,
2020-06-08,,,,,0.7844410340322069,0.4720230736317628,0.5008862710885656,0.4733869800559713,1.6019476836404454,1.6063960274470193,1.6168021588701342,1.6376823443075677,,,,
2020-06-09,,,,,0.781603313656493,0.46716843299531163,0.49574818745091437,0.4683564564799849,1.5832490177668024,1.5898746413777403,1.6002170272797716,1.6202792470740066,,,,
2020-06-10,,,,,0.7792368879752283,0.46909541724289044,0.49778828944701353,0.4702451990085165,1.588285985670423,1.5964325831674215,1.6068022373404107,1.6268133521977963,,,,
2020-06-11,,,,,0.7072781017646483,0.43278476326673043,0.45931404943206877,0.4335909713684722,1.4603455232189833,1.4728596191330172,1.4826119013149073,1.5000080449558573,,,,
2020-06-12,,,,,0.7277414993741074,0.4451291340782198,0.47229901987895284,0.44602275938305963,1.504239415109648,1.5148701676435743,1.5245258635518057,1.5430158178719122,,,,
2020-06-13,,,,,0.7318003896037188,0.4472292501746506,0.4744975683252106,0.44811535437221983,1.5110674706094236,1.5220173143466522,1.531622520177201,1.5502551506206264,,,,
2020-06-14,,,,,0.7080855664239759,0.43772154456028234,0.46446495936342486,0.43850121718233864,1.4756689025264418,1.4896605475226392,1.4992384346775867,1.5169950412493092,,,,
2020-06-15,,,,,0.7046020251195246,0.4360058215772682,0.46264441108224513,0.4368226702476891,1.47115235893389,1.4838215732477003,1.4933619182680997,1.5111881078210976,,,,
2020-06-16,,,,,0.7201492055849209,0.43873351848733505,0.46553165887303377,0.439582178386247,1.4834674172825293,1.4931045124199265,1.5026816156341205,1.5207346267324435,,,,
2020-06-17,,,,,0.734914770608909,0.443308526836794,0.4704610471157953,0.4442908711639771,1.5042070688756413,1.5086742496820529,1.518593102957351,1.5370243502604233,,,,
2020-06-18,,,,,0.7337444763686534,0.43933655650098247,0.46623888117463136,0.4402846015578108,1.49127547343916,1.4951567804628199,1.5049644463085152,1.5231646598232702,,,,
2020-06-19,,,,,0.7193685565827842,0.43174303359756677,0.45810799097288996,0.4324978271761065,1.4637688227388732,1.469314389046397,1.4787188860076879,1.4962263124219204,,,,
2020-06-20,,,,,0.7317780563102982,0.4344844653678125,0.46101339545842535,0.43524041717042045,1.4733360220452196,1.4786440709014737,1.4880971910556495,1.505714303010152,,,,
2020-06-21,,,,,0.7330167123596807,0.4320148293981969,0.45841085071889853,0.4327711561035717,1.465522029567389,1.4702393686052344,1.479696481760347,1.4971718938966059,,,,
2020-06-22,,,,,0.775091027532355,0.44850879522899256,0.47591259462606045,0.4495645367212344,1.5287794340528968,1.526371881330888,1.5361900591778208,1.5552685972227756,,,,
2020-06-23,,,,,0.8174040814689049,0.45195952819908886,0.4796491746475088,0.45320803025477235,1.5460779307668169,1.5381154677032516,1.5482513014081962,1.5678732637701496,,,,
2020-06-24,,,,,0.8001114521380474,0.4402383660375963,0.46724708480911936,0.4415606884957304,1.508825922083837,1.498225832248751,1.50821880943825,1.5275792828189962,,,,
2020-06-25,,,,,0.8103593420786541,0.4378958298131329,0.4648730788177189,0.43935663390111507,1.5025528745969505,1.4902536777178808,1.500555796427881,1.5199543555447719,,,,
2020-06-26,,,,,0.7915961757976239,0.43298411618356486,0.45954334144104636,0.4342661693031071,1.482320284069602,1.4735380599795607,1.4833520290375561,1.5023438923345358,,,,
2020-06-27,,,,,0.7538740310175022,0.41626543681415235,0.44173818340462,0.41753042967132276,1.4230342791742163,1.4166407987576732,1.4258790663832694,1.444446598009582,,,,
2020-06-28,,,,,0.7735314478231614,0.42301874427026576,0.4489595605882684,0.4244654383188523,1.4501896226689586,1.4396237563198115,1.4491888252935388,1.4684382616973677,,,,
2020-06-29,,,,,0.7825500997769174,0.42846196242259527,0.4547365736945591,0.43016819980250404,1.4724490801040486,1.4581481982483666,1.467836346300199,1.4881669660957637,,,,
2020-06-30,,,,,0.7759438793719089,0.4267413595055186,0.45291280175906906,0.4284367220506104,1.4658587949489217,1.45229261650839,1.4619494243125417,1.4821769184955904,,,,
2020-07-01,,,,,0.7963527591062389,0.438251586428899,0.4653164072190223,0.4399926769241337,1.5209350051620631,1.4914643939862775,1.5019868085312036,1.5221547464995344,,,,
2020-07-02,,,,,0.8132464537061623,0.4373287127990839,0.46422998491928524,0.43899834317342795,1.5193874938042438,1.4883236565613798,1.4984799647204479,1.5187148487066393,,,,
2020-07-03,,,,,0.7990488924396956,0.4340467014364547,0.46090487240806916,0.4358190296978379,1.5098992159146303,1.4771542661025638,1.487746891372407,1.5077160131548517,,,,
2020-07-04,,,,,0.808641466421614,0.43951129068960404,0.4668865309998368,0.4414485008843149,1.5323747662258262,1.495751438483033,1.5070549840134289,1.5271911697567326,,,,
2020-07-05,,,,,0.7996049738617059,0.43589925226246456,0.46296330732034263,0.43774276340512824,1.5177850436351883,1.4834588949518466,1.4943912779370947,1.5143711702679734,,,,
2020-07-06,,,,,0.8907103676423364,0.46997459720422846,0.4991543177669989,0.4719744891078336,1.6411929377211807,1.5994246216422312,1.611211616603353,1.6327958316134792,,,,
2020-07-07,,,,,0.9376083883139342,0.4818612340004211,0.5123654090432921,0.48508914949217774,1.7043094508552625,1.6398774028636967,1.6538554703670436,1.6781660016179243,,,,
2020-07-08,,,,,1.059027410405074,0.5376139558300826,0.5769598038806215,0.5459144669199872,1.9110088272321069,1.8296159047920915,1.8623586038167483,1.8885911984128367,,,,
2020-07-09,,,,,1.008890288491685,0.530526190238326,0.5666755018263482,0.5359398283385166,1.8683126651796205,1.8054947142696218,1.8291620825232318,1.8540839344112114,,,,
2020-07-10,,,,,1.0011993424463619,0.5130857929482913,0.5424991517392768,0.5132142450076631,1.7985560866232664,1.7461412917594634,1.7511236588918009,1.775464774710983,,,,
2020-07-11,,,,,1.0043021482255292,0.5242752750845568,0.5559472778304589,0.5261387432232255,1.844613909296349,1.7842215057510975,1.7945326332478508,1.8201770786576583,,,,
2020-07-12,,,,,1.150178047446095,0.5317719985866617,0.5638150710827546,0.5339098457645688,1.9013027542714327,1.8097344679882883,1.81992894744151,1.8470612093244054,,,,
2020-07-13,,,,,1.1261436153558622,0.5160231910479047,0.5471172850663181,0.5164209492708914,1.8445355948548852,1.7561378891756536,1.7660304518387973,1.7865583686976279,,,,
2020-07-14,,,,,1.2429369438550613,0.5275421282555156,0.5592370814344587,0.5308571121866187,1.9210015262516,1.7953393096239116,1.8051517335830345,1.8365002769517138,,,,
2020-07-15,,,,,1.306513609447979,0.5249448816462906,0.5571353605862739,0.5295600683038385,1.9306771149047897,1.7865003208785983,1.7983676250920937,1.8320131534014,,,,
2020-07-16,,,,,1.2655079842960837,0.5169381904259374,0.5485471432434688,0.5214262685476233,1.8960784101135018,1.7592518288283892,1.770645866397218,1.8038742716532965,,,,
2020-07-17,,,,,1.2592846501747836,0.5176116606791222,0.5491607614443768,0.5220979958020819,1.892599560722135,1.7615437929287796,1.7726265540087867,1.8061981122132693,,,,
2020-07-18,,,,,1.2243194909767265,0.5240508770571858,0.554514539948191,0.5273634809702696,1.8962710212619636,1.783457831007483,1.789907923338929,1.824414059118135,,,,
2020-07-19,,,,,1.237428192178527,0.5254720379521101,0.5560296675974349,0.5284769165254555,1.904384913213999,1.7882943471515016,1.7947985777562234,1.8282659896254687,,,,
2020-07-20,,,,,1.1345563792576687,0.5098879602528894,0.5395393333511433,0.5099958202582814,1.8223947580647721,1.7352583794077223,1.7415697121457705,1.7643306337003417,,,,
2020-07-21,,,,,1.141678879923044,0.5225514308573014,0.5530342873730276,0.5221974064745949,1.8648947027963012,1.7783548931355433,1.7851298415719927,1.8065420234530563,,,,
2020-07-22,,,,,1.1699581552377292,0.535178083810303,0.5665302691182551,0.5339734724107893,1.906894882331599,1.821326108478032,1.8286932883686757,1.8472813257186722,,,,
2020-07-23,,,,,1.2226254398945056,0.5418530261769126,0.573524415487543,0.5412324514814555,1.9402118076873485,1.8440423727882895,1.8512695728508648,1.8723937651447051,,,,
2020-07-24,,,,,1.1658642489053757,0.533639695211914,0.5651651705475179,0.5319234556278806,1.9008270296930025,1.8160906412494748,1.824286910227303,1.8401892922822922,,,,
2020-07-25,,,,,1.2065543824252263,0.5669303721786855,0.6008091921159493,0.5654314800145454,2.034526266055262,1.9293859740792492,1.9393416329239521,1.956110308792252,,,,
2020-07-26,,,,,1.18852561700011,0.5668324175451854,0.601102910968586,0.5654977677903196,2.037962041014794,1.9290526133964465,1.9402897229444909,1.956339631364698,,,,
2020-07-27,,,,,1.1489838908745746,0.5808717189691647,0.6159910237382595,0.5744156084867904,2.03708122151071,1.9768313752736795,1.9883468054738178,1.9871909028893837,,,,
2020-07-28,,,,,1.1690774701996582,0.597009562876838,0.6330230983922305,0.5906244527000438,2.0964290524971667,2.0317519285114445,2.043324345606293,2.043265402417314,,,,
2020-07-29,,,,,1.1565311604262403,0.596671262339418,0.6330183782521042,0.5888186965654187,2.0744967374732095,2.0306006190315635,2.0433091095473577,2.037018388738461,,,,
2020-07-30,,,,,1.1974770678194435,0.6064733753095954,0.6432443318776698,0.5988282843311656,2.114409755428077,2.0639593173992705,2.07631728895381,2.0716465594494986,,,,
2020-07-31,,,,,1.246308027132147,0.6190354174412476,0.6570252883245351,0.6111316485794233,2.155359999841291,2.1067106482222435,2.120800600676777,2.114210050322387,,,,
2020-08-01,,,,,1.3324579044156477,0.6656576763032853,0.7063578851603712,0.6571586401151022,2.3115200285739808,2.265376221178981,2.2800404394799183,2.273440435979937,,,,
2020-08-02,,,,,1.309000683059125,0.6263835774766305,0.6647679588108133,0.6185524402346265,2.1902301408230276,2.1317180170338217,2.145793033251199,2.139882280414297,,,,
2020-08-03,,,,,1.4278162041190363,0.6512421353065277,0.6911498330197964,0.6436091646525706,2.29227615113371,2.2163170351258086,2.2309506301712037,2.2265660231327713,,,,
2020-08-04,,,,,1.5122144711628103,0.6602988679658791,0.7008752107098759,0.6529007662529558,2.351469033824544,2.2471390440028185,2.262343009145727,2.2587103205730847,,,,
2020-08-05,,,,,1.4853082448479251,0.6662899192276536,0.7067110558653826,0.6580690707387626,2.357231754116649,2.267527879813531,2.2811804331097525,2.2765900708894344,,,,
2020-08-06,,,,,1.5571465828394226,0.6713026535958224,0.7123237961033858,0.6632540274054506,2.3882389861370616,2.2845872928496735,2.2992977005570294,2.2945274294285958,,,,
2020-08-07,,,,,1.5405927808572155,0.6552743102996589,0.6955409711060307,0.6476048684433686,2.3325534557914387,2.2300393937408245,2.2451247090939326,2.2403891611297215,,,,
2020-08-08,,,,,1.8705619233333952,0.6788638586013565,0.7231604832142668,0.6740476970550937,2.499170724423099,2.3103196995096877,2.334277256051324,2.331868131560748,,,,
2020-08-09,,,,,2.013127003754446,0.6809407295491909,0.7279467951499958,0.6789278648685337,2.549100813577313,2.3173877379732573,2.3497269098298044,2.3487510730062096,,,,
2020-08-10,,,,,1.9673863066310509,0.6892138959971464,0.7367910671111088,0.6853708427863288,2.5508455393437983,2.3455431025281084,2.378275182812582,2.3710405562942563,,,,
2020-08-11,,,,,1.9122337735581112,0.6580029762200447,0.7033263260134068,0.6552530000714128,2.4476436360861302,2.2393256306635503,2.2702549219753116,2.2668478738993616,,,,
2020-08-12,,,,,2.3524682424899304,0.6819004965206038,0.7285446856523299,0.6878334961706442,2.646942086855666,2.3206540313734716,2.351656830274301,2.3795601061288667,,,,
2020-08-13,,,,,2.452793174191126,0.710873612341753,0.759599570848663,0.7173342802703021,2.759476280729434,2.419255775139424,2.4518983587948893,2.4816180741311276,,,,
2020-08-14,,,,,2.4076954988728545,0.7148675829799899,0.7640732520869212,0.7205068598443062,2.7532109720214764,2.4328481161189437,2.466338877334943,2.492593613749144,,,,
2020-08-15,,,,,2.6804094774234755,0.7335982285765312,0.7851167056318279,0.7447939659119592,2.883717229339249,2.496592531082173,2.534264678230916,2.576614861643663,,,,
2020-08-16,,,,,2.652772917647215,0.7521288637254466,0.8052905397028981,0.7614830229095712,2.9189579767382208,2.559656267480174,2.5993834494200487,2.634350657387137,,,,
2020-08-17,,,,,2.401638139683358,0.7624175427609693,0.8163064390958649,0.7635166743268142,2.8567127791144173,2.594670854803578,2.634941481149961,2.641386074837996,,,,
2020-08-18,,,,,2.334992071716472,0.7405222154268083,0.7927491187426671,0.7410085495300694,2.77618188144534,2.5201563473270063,2.5589012129240607,2.563519212976392,,,,
2020-08-19,,,,,2.3205573192705793,0.7081617293434124,0.7576470880077216,0.710447562275969,2.6785591036777774,2.410026654109561,2.445595973094577,2.4577934719669297,,,,
2020-08-20,,,,,2.3086365037601557,0.721506008065541,0.7719057584925499,0.7224555237439549,2.716525012105998,2.455440104268771,2.491621289724611,2.4993350168673008,,,,
2020-08-21,0.9424467886935866,0.9424467886935866,0.9424467886935866,0.9424467886935866,2.007759117106357,0.6767726271150176,0.7247829479007636,0.6720306878929764,2.4891017417115946,2.303202789045375,2.339514381840611,2.3248902879945486,0.9379999882877484,0.9379999882877484,0.9379999882877484,0.9379999882877484
2020-08-22,1.0132117874539424,1.012100310050187,1.0132117874539424,1.0132117874539424,2.280281506491204,0.6968917392595515,0.7445168027344198,0.69751049335245,2.6280622587022537,2.3716724542591425,2.403212951634798,2.413037679653774,0.9647399270534883,0.9658848734025323,0.9647399270534883,0.9647399270534883
2020-08-23,0.9879656794899305,0.9914369665119886,0.9879656794899305,0.9879656794899305,2.180409902659492,0.6886826502698016,0.736083772052857,0.6870671806781731,2.5692962383405074,2.3437351590743294,2.3759921172882366,2.3769090375421458,0.9534247330060502,0.954507159429284,0.9534247330060502,0.9534247330060502
2020-08-24,1.020774290369675,1.019979410468473,1.0164081886864345,1.020774290369675,2.1871436984100576,0.7002814155751856,0.7484808651316476,0.6979792233037879,2.6063023498141518,2.3832082517062263,2.4160084803040207,2.414659251006378,0.969293363306623,0.9705829303524978,0.9694822737472804,0.969293363306623
2020-08-25,0.9980065629505412,0.9848194923508963,0.9840486747927231,0.9980065629505412,2.0512763351605128,0.6612114318305203,0.706647883749125,0.6586123987654923,2.4485296799227476,2.2502446950797292,2.2809765209248076,2.2784697142975356,0.9155920857763671,0.9164323296535272,0.9152974097144204,0.9155920857763671
2020-08-26,1.0230826063697611,1.00330944959066,1.0052561113963836,1.0230826063697611,2.1818098579229264,0.6686780917135902,0.7144670772242568,0.6690183667013144,2.512441338169581,2.275655344356206,2.3062159607356483,2.3144691622796323,0.9254459666370852,0.926781044424578,0.9254253499494822,0.9254459666370852
2020-08-27,0.9797308981735469,0.9639781200967084,0.9642975960679726,0.9797308981735469,2.0805930751269153,0.6446135084065309,0.6888243698571654,0.6447198221918277,2.4103172975106193,2.1937583923085073,2.2234443077209107,2.2304083430934916,0.8923653148405329,0.8934277763463538,0.8922112072754256,0.8923653148405329
2020-08-28,1.0168856266228217,0.9952619086409875,0.998130337412792,1.0168856266228217,2.169474498176733,0.6618996832755509,0.7073556386330229,0.6632002491620473,2.486720395545135,2.2525869627546444,2.283261070712427,2.294341383585682,0.9162330606199741,0.9173862391668738,0.9162141409844662,0.9162330606199741
2020-08-29,1.0343840910342401,1.0148090702414116,1.0168025653608157,1.0343840910342401,2.3477854083298353,0.6760892752453972,0.7225457825994834,0.6810508393155116,2.590988629640035,2.300877195679227,2.332293074534666,2.3560955034948154,0.9353477500496467,0.9370528695361627,0.935889427283953,0.9353477500496467
2020-08-30,1.0548977683461302,1.042489379924379,1.0409382457404148,1.0548977683461302,2.34803125220235,0.6990935868431543,0.7470421088344376,0.7028967151528964,2.650958837973462,2.3791658150902752,2.4113643436572687,2.431671314960079,0.9667938256735207,0.9689366117927725,0.9676187007538117,0.9667938256735207
2020-08-31,1.0674996771275655,1.0494935919180814,1.0479320360714466,1.0674996771275655,2.256615854302062,0.6995604438809834,0.7475409860557821,0.7019744011992639,2.634107648601333,2.3807546299869373,2.412974660839107,2.4284805696683645,0.9670577511054868,0.9695836709060858,0.9682648797617209,0.9670577511054868
2020-09-01,1.1130510607696558,1.097330142317622,1.0965876172942124,1.1161569557423663,2.3273093883870257,0.7344591914549633,0.7857638480373318,0.7369935730880288,2.758417856118508,2.4995225729062964,2.536353578044521,2.5496294012389353,1.017102929706834,1.0179529806330392,1.017773676671958,1.0153010510811966
2020-09-02,1.051026444920386,1.0316478253712627,1.0321188472672718,1.0497573126544106,2.158625037343463,0.6880856606201348,0.7370183541761984,0.6908729346766959,2.5761742602961633,2.3417034749147536,2.379008838811419,2.3900750441978884,0.9541198970241445,0.9536797378375114,0.954635266025864,0.9517640890703093
2020-09-03,0.9525860166459572,0.9224021071699577,0.9319948023511733,0.9446216820196855,1.7823580755392479,0.6125870782976588,0.6631614767254957,0.619418650360981,2.2604824878263465,2.08476556341062,2.140607497424705,2.142878934505257,0.8590057619912967,0.8490394694565199,0.8589709186544886,0.8533268534971102
2020-09-04,0.9382948078417468,0.9280544483073604,0.9268242816858481,0.941570696516352,1.8370534496494575,0.6225131665229547,0.6660764623764128,0.6233261884938447,2.288139995321134,2.1185461762321944,2.1500167293512176,2.1563970633924154,0.8622809765571428,0.8627969269334287,0.8627466022403272,0.8587099772017216
2020-09-05,0.8384883952201352,0.8400285770178689,0.83633520779869,0.8510262118804068,1.5783929715230447,0.5693582276664942,0.6070763959430371,0.5687422503285808,2.037119515006804,1.9376484884110678,1.959571432107093,1.9675639193007477,0.7854920626326485,0.7891247214877993,0.7863257861290041,0.7835137586524399
2020-09-06,0.8874708065757687,0.8847439029982931,0.8774524431180518,0.8926360495753788,1.871194099665355,0.5939184185760706,0.6314327579549673,0.5917326018833435,2.1987069498844005,2.021232099709829,2.0381909131272633,2.04709904472014,0.8177005757646977,0.8231648966700209,0.8178737686140136,0.8151858504462292
2020-09-07,0.8836840069087,0.8831823029770564,0.8759037127462868,0.8919172688100868,1.8132305638864203,0.5950787654798512,0.6326663971598185,0.5932914782036521,2.1841897173664484,2.025181009754315,2.04217295584793,2.052491977636095,0.8199893814011145,0.824773125694879,0.8194716602863579,0.817333398029152
2020-09-08,0.8658086438211889,0.8654161962937523,0.8586831609134059,0.8770274706026903,1.7330753114436106,0.5857916875394946,0.6229789806819241,0.5858549351263669,2.1375513766346903,1.9935750863506254,2.0109031112157454,2.026765255496604,0.8105308690633233,0.811901329983494,0.8069238731734916,0.8070886275474471
2020-09-09,0.8865052495645761,0.8834425447578373,0.8753694292242904,0.8924420982060883,1.8081322412509886,0.5936879360596916,0.6308802593132485,0.5925104776256184,2.1838332139223735,2.0204477181416602,2.0364075122870635,2.0497901059931767,0.8194850611815953,0.8228454502429605,0.817158135570647,0.8162574718111656
2020-09-10,0.8948987294479516,0.8965044524542964,0.8881110615958026,0.9043233526347291,1.8330331902127308,0.6047234203184173,0.6424061597593447,0.6023237504205835,2.2240259505697906,2.0580038442390056,2.0736117676236514,2.083739125026797,0.8326337974521164,0.8381405193558475,0.832087249582801,0.8297764854730182
2020-09-11,0.9013530265064043,0.9021873275298096,0.8938430568459742,0.9101930636078791,1.8292353557731458,0.6081374610623053,0.6461407542696861,0.6058863806561008,2.23437038260449,2.069622559074972,2.0856666008569564,2.096064044979841,0.8376691685590633,0.8428723451559423,0.8369245451585177,0.8346844553045303
2020-09-12,0.9234606347494551,0.9198864525478925,0.9108992834708673,0.9260652579161152,1.8641576280977952,0.6153036913103401,0.6536524667879433,0.6122942588009611,2.263088025228199,2.094010781696467,2.109913528188256,2.118232100596984,0.8463804054984215,0.8528046675038166,0.8466542155765517,0.8435121108679524
2020-09-13,0.8965381517778331,0.8889100391619759,0.8802425800571536,0.8940680953031946,1.7572425337536561,0.5909480462087581,0.6276611305080126,0.587710536315014,2.158979002400822,2.01112328376959,2.026016541916334,2.033184708148987,0.8119662239464756,0.8190479907342316,0.812988505511986,0.8096449508398293
2020-09-14,0.9104940983280442,0.9036844705995933,0.8948729510447359,0.9085793252271568,1.7780177527564223,0.6011483153234024,0.6384950988831647,0.5976062799244013,2.1928533727943553,2.0458369931198197,2.0609873216504413,2.067419034980223,0.8255997805152774,0.8331854601393619,0.8270213830154092,0.8232775783887277
2020-09-15,0.8861359808006358,0.8828223030125689,0.8744014237320618,0.8870729518186644,1.6308922207173204,0.5885938024759002,0.6252956499787437,0.5847410799448212,2.1006543163105094,2.0031112860699705,2.018381048098195,2.0229118732918017,0.8069582022791136,0.8157850328287667,0.8099245775629165,0.805554152379859
2020-09-16,0.8808726078188304,0.8777287704336226,0.8697234299509422,0.8819166088799765,1.602687906823586,0.5850506731151484,0.6218224332833502,0.581197917548405,2.0798991090198315,1.9910532549104962,2.007169911807452,2.010654302331698,0.8016985907829024,0.8108742915166445,0.8054258359438173,0.8006730019375836
2020-09-17,0.9039564938941337,0.8979863833585724,0.8891153029456182,0.9021461700520861,1.6372389510476344,0.5971010466036298,0.6341499914367209,0.5931170284143844,2.1312141505421986,2.032063267307159,2.0469618242362966,2.0518884685581353,0.8188568112391207,0.8275759867953716,0.8213933104178368,0.817093071571945
2020-09-18,0.8942537738216657,0.8868871666788183,0.8784588946071991,0.8926331097558168,1.5249102106376167,0.5899708381583845,0.6268357113144201,0.5872097544483378,2.0749665707892455,2.0077976346269932,2.023352185532053,2.0314522531893933,0.8111101001505572,0.817693590300348,0.8119193675902596,0.8089550610305215
2020-09-19,0.8839244326652275,0.88223098797668,0.8740211634070808,0.8872624434154992,1.5321124659260401,0.5898672460024073,0.6268339660132496,0.5866020105570262,2.075314653234735,2.00744508824286,2.0233465519044946,2.0293497630859605,0.8098838508969507,0.817550012624183,0.811917106959927,0.8081178176213947
2020-09-20,0.8579468744137847,0.8579363096979626,0.8502325413542196,0.8632546220115891,1.4787327529973417,0.5749009883478606,0.6110537808148175,0.5719419360971125,2.0167734628600877,1.9565116949724117,1.972409964162236,1.9786332328037033,0.7894743245710921,0.7968069315032464,0.7914775599534204,0.7879217269747519
2020-09-21,0.7910345964388346,0.7932972841296341,0.7861739365855643,0.7996789684822451,1.3366769226087072,0.5341124328042484,0.5677002267523596,0.5321881238934495,1.8562643444485925,1.8176994689377228,1.8324697744450353,1.8411049121955616,0.7345931033222248,0.7402744077437117,0.7353231488982964,0.7331558663367209
2020-09-22,0.8019155671456325,0.8041514524005221,0.7969295042754623,0.8104634095127458,1.3397924594250614,0.5411376115376766,0.5751833485783261,0.5391155388507851,1.8749375639572616,1.8416076629220877,1.85662441437361,1.8650703055107292,0.7439596879718101,0.7500112341247749,0.7450157867472144,0.7426992489987816
2020-09-23,0.7661319149765558,0.7654728145291654,0.7588929019836614,0.7733075524334967,1.1989640601201066,0.514429173473762,0.5470623596264241,0.5139101090795065,1.757285279928126,1.7507131045796753,1.765853158958308,1.7778721165951263,0.7094071102218578,0.71299361020294,0.7085916086831339,0.7079756092355407
2020-09-24,0.8180289249472819,0.8208414355735051,0.811764242138669,0.8239694557909479,1.4740809714884546,0.5509552537107425,0.5843470952454012,0.5467023802260498,1.9404210912932407,1.8750192105067567,1.886203914251829,1.8913169846396398,0.7550330603474941,0.7636183864746054,0.7568852818388188,0.7531510742303328
2020-09-25,0.8441729380138278,0.8517379297250336,0.8420718802668922,0.8525862301141527,1.5903821244685619,0.5731329288820086,0.6076456141146223,0.5668362811074398,2.048747727050505,1.9504946083914902,1.9614088016294922,1.9609702184307178,0.7823318469271351,0.7943564190389185,0.7870630754211618,0.7808880470801601
2020-09-26,0.8472541812153195,0.8561405527485624,0.8459673665024211,0.8573214908422608,1.546755663204276,0.5772285489600337,0.6115711405499068,0.5709756178523042,2.0409598394156707,1.9644328842741738,1.9740799407315412,1.9752902546585975,0.7879907026601615,0.8000329068744197,0.7921476787442746,0.7865905024356804
2020-09-27,0.852113532444827,0.8633136592595703,0.8535999139399231,0.8637351445887433,1.5996981109451756,0.5829556560043995,0.6179996750740788,0.5759552200951916,2.0770833522587124,1.983923461152223,1.9948304964903647,1.9925171895309655,0.7944636043602943,0.8079706190768737,0.8004743448725543,0.7934505288670995
2020-09-28,0.847210677235907,0.856399859393692,0.8467639060681456,0.856849169571669,1.5436040518266416,0.5767858521886601,0.6114589773140952,0.5701283001236441,2.044186299927474,1.9629262919598898,1.9737178909564255,1.9723589588209274,0.786369649802911,0.7994193336450566,0.7920023974499206,0.7854232160278714
2020-09-29,0.8540996665704098,0.8620459446662466,0.8524388618813914,0.8626867434667419,1.5187658233367476,0.5797110104589402,0.6146039028753931,0.5732767969823297,2.0447521072624215,1.972881234604701,1.9838693419553557,1.983251184280883,0.7906689795801146,0.8034735733015258,0.7960759145242641,0.7897606652088122
2020-09-30,0.846257640298814,0.855757684535351,0.8462304497061978,0.8567290983987513,1.4849057927254874,0.5768622137914742,0.6116643403403991,0.5705291893932296,2.0275015132495042,1.963186166915718,1.9743807787284515,1.9737458353225683,0.7868371405976142,0.7995251700510746,0.7922683973210727,0.7859754912601665
2020-10-01,0.8354020025340975,0.8440212950765603,0.8346564067509155,0.844979386370228,1.4560254998910604,0.5683032811729031,0.6026006034838574,0.5620642201645295,1.991287965475335,1.9340582786286606,1.9451240987934244,1.9444612727236772,0.7751811410924677,0.7876625763610805,0.7805284415978472,0.774313934810959
2020-10-02,0.8139670743245097,0.82276831650223,0.8136644715372912,0.8237046585164068,1.4001114454128605,0.5553164782307577,0.5888970309693634,0.5492396129563397,1.9367592415254493,1.8898613954233823,1.9008905733316142,1.9000945417353243,0.7587143861570963,0.7696629993693868,0.7627786616652958,0.7566464304341964
2020-10-03,0.8165420714766223,0.8258617240714138,0.8167320177384846,0.8268985086661945,1.4121733125969727,0.558244686396263,0.5920123638603558,0.5521934291262128,1.9500583803931186,1.8998267175175207,1.9109465026602601,1.9103132693166351,0.7631890396583617,0.7737214661496653,0.7668138483418554,0.7607156825572602
2020-10-04,0.8307286479728899,0.8405766844361356,0.8311251641876631,0.8413466804343941,1.427098970260818,0.5678004678834015,0.6020263934591746,0.5614512427151395,1.980091773325141,1.9323470968752179,1.9432706161544726,1.9423406771251117,0.7754094339958928,0.7869656822480994,0.7797846865250437,0.7734694815193961
2020-10-05,0.833721943547674,0.8440084463775909,0.8345183390875335,0.8447481074360106,1.4552011279135475,0.5703443023443289,0.6047235653931431,0.5639367489399792,1.9972247972412829,1.941004312593669,1.9519767709392841,1.950939286365707,0.7787128139014766,0.7904914109772997,0.7832782432758514,0.7768935779765402
2020-10-06,0.8060966901109262,0.8194579043297139,0.8100895204837409,0.8202669671369945,1.3453797579751343,0.557421764133799,0.5908816656580944,0.551118472200253,1.9209576973606095,1.8970261360901155,1.907296741427089,1.9065944556341645,0.7616334313015856,0.7725809042509911,0.7653492927130918,0.7592347946137996
2020-10-07,0.8122939639730862,0.8251856181454162,0.815547404610555,0.8257597276259836,1.3681278463535407,0.5602874656140786,0.593848694283681,0.5538850248758513,1.9353556400579937,1.906778734492459,1.9168739619742854,1.9161653451226937,0.7651767498466111,0.7765527374003269,0.7691923858263688,0.7630460677944289
2020-10-08,0.832933320278515,0.8450727247112357,0.8349473825848948,0.8451769181993677,1.4406334949576554,0.5717993473427375,0.6059812174955319,0.5650836328351299,1.989073348652734,1.9459561436285728,1.9560363244779166,1.9549069314112821,0.7800486084922109,0.7925080885685367,0.7849072380526152,0.7784735543382548
2020-10-09,0.8576823157614708,0.871109824552227,0.8606002365619625,0.8708500587823889,1.550601259098988,0.588993302337233,0.6241564447629251,0.5818288792385671,2.07539276177564,2.0044708700099525,2.0147038272226276,2.0128371144145123,0.8020374375808402,0.816338735579495,0.8084490030835311,0.8015422307756715
2020-10-10,0.8671819092198064,0.8818599696475221,0.8712954939582668,0.8816264955570263,1.5764461969659194,0.5970422028773213,0.6327325857605398,0.5897711622347925,2.108265664909736,2.031863009452273,2.0423866048910666,2.0403134438963133,0.8126988322940527,0.8274944299882894,0.8195573921709159,0.8124837214053175
2020-10-11,0.877229130867019,0.8931172733925152,0.8825463106590099,0.8929661188730654,1.6192481645204084,0.6052390500607497,0.6415022657019049,0.5978993713618341,2.1422068174283044,2.0597586431375916,2.070694103579311,2.068432984861766,0.8233708172003874,0.8388551769422965,0.8309164657901128,0.8236813485915555
2020-10-12,0.8906811748643849,0.9070993825507597,0.8963629271554832,0.9071073128129582,1.698606651131994,0.6148297180608707,0.6516675636136223,0.6074836146854136,2.1991123952208027,2.092397748801262,2.103506493452773,2.101589676397131,0.8362343512637409,0.8521477453934378,0.8440832367683353,0.8368848454408908
2020-10-13,0.8819847791413308,0.8983219304468533,0.8875327259650027,0.8981355458508912,1.6388813249581335,0.609252319472709,0.6456308961840123,0.6018070236344887,2.1624495524999228,2.0734166619942616,2.084020838732465,2.0819515086155524,0.8289588509857237,0.844417527590934,0.8362641430036802,0.8290646295380396
2020-10-14,0.8773831857134183,0.8937461688552969,0.883117056799953,0.8936722772883496,1.6324449024463368,0.606522294024819,0.6428175216906941,0.599164161882903,2.1505451103205684,2.064125798307075,2.0749395957097296,2.072808527901326,0.8255152602385524,0.8406337400446466,0.8326200729576076,0.8254237561135889
2020-10-15,0.8694288644640467,0.886144080490843,0.8757260885001713,0.886260722636098,1.6050368694459844,0.602237631360434,0.6383566005108573,0.5949996745361533,2.1306397240460995,2.049544169849674,2.0605402651422637,2.0584014831616124,0.8200447219240591,0.8346952411042526,0.82684199069805,0.8196866526505926
2020-10-16,0.8511491339678181,0.8702682671705982,0.8597017743274417,0.8700498599772397,1.5855281690119543,0.5929701094317196,0.6282125630390611,0.5854559546461009,2.0979458340168238,2.0180047997590944,2.0277965014762804,2.025384982451965,0.8059739401591716,0.8218505498264046,0.8137027576577974,0.8065389819117632
2020-10-17,0.8551052568648639,0.8740389937767112,0.8634503966504115,0.8737444493316896,1.590369283111532,0.5949770051112061,0.6303952428142516,0.5874517123107705,2.10982485742487,2.0248346973363955,2.0348419358919227,2.032289306458847,0.8084802606325,0.8246320868573537,0.816529909893602,0.809288388322666
2020-10-18,0.8651366452305992,0.8829863025607879,0.8720159509830782,0.8824224036180678,1.6211714578487455,0.5997480490273029,0.6353073481763203,0.5921177322298162,2.13372287264824,2.041071585788955,2.050697636102532,2.048431403224384,0.8151165347861923,0.8312447052732262,0.8228923959599184,0.8157164157860848
2020-10-19,0.871093165454382,0.8911544973530541,0.8800826629229302,0.8910061737245992,1.6252985779355777,0.60731553393559,0.6433235122592973,0.599713684842328,2.1562114755676207,2.066825364308522,2.076572873942546,2.0747096026802216,0.8251899746036945,0.8417331625053102,0.8332754656467151,0.8261807928893096
2020-10-20,0.8503412819603947,0.8680784115102987,0.8572039534934407,0.8671692495759848,1.4979588295552198,0.5912699489744293,0.6262690850134426,0.5833535468419848,2.0668338480400053,2.012218788105893,2.0215231822641013,2.018111702268112,0.8050671317440127,0.8194941446984022,0.8111854354615604,0.8036426515619932
2020-10-21,0.8980281749802146,0.9172395197711972,0.9054714660373979,0.9164334637348521,1.6280119961974255,0.6246266144076572,0.661384045343169,0.6163911925000793,2.192074244414462,2.1257386938777425,2.1348701573096642,2.132405443480331,0.8498550068291562,0.8657261442387273,0.8566686711312137,0.8491561507114695
2020-10-22,0.9267139974134156,0.9481172212825966,0.9355309943000087,0.9472926670002391,1.775421562128626,0.6458126014261258,0.6834761617489754,0.6372855171367476,2.297908140499928,2.1978391637174055,2.2061809189747654,2.2046893633922315,0.8771415308690675,0.8950897070942483,0.8852838518829937,0.8779407026260181
2020-10-23,0.9229893937151863,0.9441952995588104,0.9318617125100747,0.9438163903562754,1.8013371824728048,0.6429271976827081,0.6805894310037071,0.6347851160965655,2.2936053587455736,2.18801951427666,2.1968628905710657,2.1960392255352286,0.8731441554534586,0.8910905668082874,0.8815447659330454,0.8744960866932301
2020-10-24,0.9400026465652255,0.9616450698009577,0.9496750799240592,0.9620742471481802,1.8760045590823995,0.6546771821778127,0.6935020064618694,0.6469938707637012,2.344038431221088,2.2280072383306435,2.2385431702720022,2.238275414544877,0.8889300430794117,0.9073759259927631,0.8982699937889517,0.8913151769791839
2020-10-25,0.9292917590930472,0.9500095047595103,0.937959018581534,0.9497578555363163,1.8027740712740332,0.6463105416788049,0.6844732954454797,0.6382860990558261,2.2964530379475274,2.1995337614786017,2.209399549642536,2.208150876724758,0.8778759224748347,0.8957798472276811,0.8865754058670052,0.8793191296723716
2020-10-26,0.9243923011483453,0.9393531833724741,0.9274378683195645,0.9377138075521569,1.748051113666884,0.6330918928278795,0.6704741239066284,0.6248647530941064,2.2410603531069833,2.154547856787618,2.164211865186305,2.1617197279091456,0.8602497319305747,0.8774589341609051,0.8684427463878927,0.860829542843599
2020-10-27,0.9354990044998122,0.951097818096528,0.9388464612629556,0.9500703648339235,1.7823328768724438,0.6422512912777231,0.6801744824998482,0.6343550209028047,2.2756007605592616,2.1857192594278025,2.195523485449419,2.194551311133547,0.8737160706964285,0.8901537673950749,0.8810072969906186,0.8739035766385485
2020-10-28,0.9050063860336683,0.92184941549676,0.9097189525845887,0.9208942133015822,1.710990509871106,0.6246796945708747,0.6615630324907441,0.6169611551352997,2.2034530256870135,2.125919337087983,2.1354479068374776,2.1343772293213883,0.8504465689477293,0.8657997128058965,0.8569005072073066,0.849941345703322
2020-10-29,0.8899450996768694,0.909116211606401,0.897129090885268,0.9086251138920124,1.6858013864817833,0.6193226207404982,0.6560150577241156,0.6117652084031886,2.1771026217444054,2.1076880628122456,2.117539694738656,2.1164018506488804,0.8437885903009369,0.8583748628801978,0.8497144007321632,0.8427832776127551
2020-10-30,0.8807933856330994,0.8985338904914866,0.8867653790397737,0.8981018142504394,1.6626358580600928,0.6109752629017395,0.6472655986415696,0.6037056896936895,2.1467270187901693,2.0792802089997404,2.0892974666119746,2.0885199441955122,0.8327150380197067,0.8468055096863983,0.8383815185162451,0.8316802800890771
2020-10-31,0.8895171707185976,0.9062698602086954,0.8943985382072491,0.9062475764365957,1.6806982720160224,0.6154412384155997,0.6519980074857143,0.6085066799977458,2.163667153935869,2.0944788840749706,2.104573127530452,2.105128971032742,0.8392960785832371,0.852995306394861,0.8445112496827409,0.838294246180416
2020-11-01,0.8989345200198094,0.9167997116329281,0.9043740160152439,0.916777168948092,1.7215495311917486,0.6226554072133882,0.6593100179037311,0.6156395622780865,2.202891886914991,2.119030251890393,2.1281754398953683,2.1298051785895216,0.8481950717073095,0.8629940710858587,0.8539822526381416,0.8481206858413809
2020-11-02,0.8644970879026822,0.881007000164487,0.8690664152338975,0.8808519126924136,1.620994520066157,0.5987537406006682,0.6340013029069611,0.5919089846513856,2.1045919679729126,2.0376877403885296,2.0464818750945644,2.047709240938526,0.8167516562468807,0.8298666038915055,0.8212007191297668,0.8154288398240541
2020-11-03,0.8629202828573148,0.8781295117653016,0.866384407273104,0.8780878690126424,1.572868057862357,0.5966846903120752,0.631935881025788,0.5899473472845888,2.089298936709069,2.0306463173101803,2.039814935413425,2.040922956108391,0.8151808453724628,0.8269989212035393,0.8185254471289858,0.8127264384014692
2020-11-04,0.8694384415809806,0.8837239055273691,0.8719974452229997,0.8838645721383755,1.5862965482398943,0.5998531268263477,0.6353699286331789,0.5932181825220764,2.108102716106464,2.0414291881359317,2.050899638480303,2.052238411212245,0.8200152898616877,0.8313903420355954,0.8229734543362031,0.8172324240379789
2020-11-05,0.911193367076393,0.9252287913984913,0.9131706983568884,0.9254233636001263,1.6678782242990464,0.6287624012197803,0.6661701188666254,0.6218461600154146,2.2064640582252406,2.139813665794358,2.150319041521282,2.1512769045998983,0.8612680499638077,0.871458302759779,0.8628679123650245,0.8566710524069178
2020-11-06,0.9671340018851698,0.9840513924687311,0.9707109574914649,0.9841208568419507,1.8211508837531556,0.667721855136932,0.7070459329988379,0.6602853492851968,2.3701030159688634,2.272401065648547,2.2822613772353506,2.28425728692722,0.911496479950677,0.9254557102402898,0.9158129896171978,0.909625855126286
2020-11-07,0.9205312389356953,0.9384160381125881,0.9252788309719688,0.9380293046397767,1.7618017863732602,0.6384172297788017,0.675703743466661,0.6309905098062165,2.267777476735247,2.1726711236376017,2.1810924640023894,2.182911784377957,0.8712427596337923,0.8848397970939805,0.8752164979934225,0.8692685407610615
2020-11-08,0.953967411707359,0.9726952358321254,0.9590526601833986,0.972472165413254,1.883641339478101,0.6620774262095497,0.7007181748794657,0.6544983969904232,2.372422192172966,2.2531918601824015,2.2618361158961355,2.26423732440231,0.9036392878056706,0.9176325890683458,0.9076168558012551,0.9016536027729557
2020-11-09,0.9379345605380551,0.9555390848218385,0.9421371334502509,0.9554616514949017,1.8614534099818207,0.6496869337034236,0.6876045374844303,0.6423732420463198,2.333277509988333,2.2110243496265922,2.2195068318355937,2.222290348649821,0.8869428092149618,0.9004594922852064,0.8906311991317286,0.8849496815872006
2020-11-10,0.9444119706358293,0.9627239250721241,0.9492794875816547,0.9627754641968483,1.9223559599027964,0.6540887773685219,0.6923030070762431,0.6468277634247711,2.364524285321863,2.2260047702290247,2.2346729408266017,2.237700766175389,0.8918696596118795,0.9065604029025695,0.8967169699178689,0.8910863432932925
2020-11-11,0.9537534696886123,0.9707593074635524,0.9571171646915073,0.9709689303926906,1.903536732988354,0.6594762699850729,0.6979354347231707,0.6522714120728238,2.3763065537337122,2.2443395661756296,2.252853756921723,2.256533069671517,0.9007379839649755,0.9140274129569911,0.9040124653890856,0.8985856518299009
2020-11-12,0.9535230816211965,0.9693507247965266,0.9556699687414202,0.9695415244395743,1.8594518902977615,0.6592119983150337,0.6976264456212454,0.6519925919012312,2.35978582820471,2.2434401928512466,2.2518563763267743,2.2555684912367657,0.9023035901656341,0.9136611351061001,0.903612242122129,0.8982015420850974
2020-11-13,0.9785487739754866,0.9948606196223044,0.9807778207694754,0.9952279712224631,1.9233777399142988,0.6762181080087104,0.7155862084679229,0.668944247541937,2.4242242792719884,2.3013156412780797,2.3098283851825916,2.314212747034176,0.9251881629123048,0.9372314304377668,0.9268749232829844,0.9215545731264134
2020-11-14,0.9626828654467631,0.9789917013653513,0.9651028294284777,0.979054027830907,1.87918845610807,0.6654599761037793,0.7041777865396308,0.6580823536972749,2.377944322767944,2.2647034048849193,2.2730033367282236,2.2766360232868452,0.9102152007052071,0.9223207688706162,0.9120979752724783,0.9065909524926407
2020-11-15,0.9464838090719265,0.9623927831510267,0.9490303378771987,0.9623017030358845,1.819221255410041,0.6543113935418012,0.6926147802285699,0.6469441037562604,2.3254897501853207,2.22676238093998,2.235679308009843,2.2381032455735093,0.8952278725439718,0.9068689466579793,0.8971207992723547,0.8912466166866536
2020-11-16,0.9887859912723358,1.0054687261301398,0.9915081883303138,1.0060357951992356,1.8913383433325266,0.6848273504727594,0.7249171411714103,0.6775835158419098,2.4229078706416436,2.330614744788358,2.3399475419853597,2.344100297302095,0.9380682231572793,0.9491637530626769,0.9389609688654171,0.9334562483998925
2020-11-17,1.0413543458281271,1.0571504606003685,1.042655499878285,1.0580895021718815,1.988337555503054,0.7182428752262676,0.7604753415242177,0.7109615529102453,2.5427240194691967,2.4443349614847327,2.454725243859705,2.4595716226604596,0.9841567026780889,0.9954773310231707,0.9850183185377268,0.9794386793952038
2020-11-18,1.0319040087119762,1.0491866647963826,1.0348081295645155,1.049784438535501,2.0312483551444798,0.7145641308107078,0.7565995965061888,0.7070608524376325,2.5430639411931115,2.4318154031299257,2.4422147933361544,2.446077148660193,0.9790196036660241,0.9903786286223091,0.9799981954222448,0.974064975424893
2020-11-19,1.0410073957740973,1.0560199751468435,1.0422565690871524,1.0584150583449667,2.035332551176188,0.7185708479080153,0.761421346885295,0.7123628154953672,2.5499973459767538,2.4454511230507703,2.4577788382550323,2.4644192908306355,0.9865336266950372,0.9959318978293807,0.9862436476959718,0.9813690942963187
2020-11-20,1.0978673235193135,1.1120077079767818,1.096601159721747,1.1141465116383382,2.107771595591112,0.7535850614051495,0.7978358993598218,0.7468803872801584,2.6801096927269854,2.564612021337403,2.5753207443790567,2.583832836749532,1.0336204092606234,1.0444612421532238,1.0334102016789979,1.028921377238253
2020-11-21,1.2376814651860382,1.2645315837387294,1.245638275565518,1.264765062096547,2.298504971147194,0.8595568002713482,0.9090397162960988,0.850349515676661,3.0030571015028347,2.925256637767991,2.934273627847849,2.9417843054101405,1.169891925160857,1.1913369960368592,1.177448792797551,1.1714630745494676
2020-11-22,1.1995325224511284,1.2251746123656082,1.206832480356596,1.226993175222936,2.1766067655905457,0.8340410619960403,0.8820264972385722,0.8262542595748968,2.930311442076932,2.838421093294569,2.847078123775991,2.858426762507793,1.136740750073666,1.155972441909695,1.1424594720905774,1.1382688382094044
2020-11-23,1.3424297832343153,1.3698377010565599,1.349329812882818,1.3815002085850208,2.311265183270943,0.9355941234494731,0.9894222780449254,0.9338073279150119,3.2398120456883874,3.1840280002593384,3.1937391130738058,3.230506622152192,1.2793036819650703,1.2967239537726534,1.2815656411556944,1.2864366748367713
2020-11-24,1.4630931078657736,1.5040968314955439,1.4903585938213122,1.5253470019866886,2.3903749704802144,1.0381844666462863,1.1044610221367737,1.0415228486323942,3.5383284301547318,3.533165000062768,3.5650706917916453,3.603148485825536,1.4165000689899043,1.4389131275979306,1.4305714853753462,1.4348283099820807
2020-11-25,1.3719425926597142,1.4079393715525284,1.3983077900270289,1.4300686792384658,2.198731435644509,0.9726909604550276,1.03720604225933,0.9772820865831344,3.314064455906019,3.3102765142102935,3.347979501761022,3.3809075577364336,1.3302159375213136,1.3481397931293015,1.3434583555013535,1.3463286057613495
2020-11-26,1.2062605352113027,1.2395005562129893,1.2271801102480675,1.253316720514158,1.9422742126827255,0.8541587995651949,0.9081563780113581,0.8544956223008039,2.9165087254893365,2.90688608053272,2.9314223154278105,2.9561277620366253,1.1653110417230805,1.1838554218769626,1.1763046342109078,1.1771748562625006
2020-11-27,1.2416220288755635,1.2662728743765281,1.2692325363115269,1.2979515402243365,1.9395135117076232,0.8746373279334295,0.9420035669206202,0.887478791006355,3.004642011280152,2.976578916447679,3.0406770729623886,3.070233040221531,1.2045701661286452,1.2122384542277815,1.220145767888966,1.2226133065795355
2020-11-28,1.300939419999299,1.32877100419477,1.3258866022076616,1.36221337640318,2.028554069596879,0.9197738284916096,0.9854525882130034,0.9329937093719557,3.1679063158262526,3.130188134386218,3.1809254197051535,3.2276919086532976,1.2655909392099784,1.2747971856224063,1.2764238344594787,1.2853158132823308
2020-11-29,1.3261598380587045,1.3597539785636674,1.347831312602249,1.383145377271587,2.0748869508295322,0.9382237866349995,0.9987090862513918,0.9444917363632773,3.2214780637811153,3.192977309584943,3.2237158411733717,3.2674693351381427,1.284017351661217,1.3003686402425234,1.2935945337503987,1.301155787083913
2020-11-30,1.4109625398509171,1.446397326013403,1.4337149493206995,1.4706813596510973,2.208373496797289,1.0003843267234296,1.06487698465361,1.0061502125241897,3.420444213461078,3.40452299503996,3.437298059652045,3.4807768447229988,1.3706963824328044,1.3865225175402207,1.3792996032858484,1.3860980687267976
2020-12-01,1.3205954045093284,1.3534681695767747,1.3417798652111044,1.376191985478828,2.0796820243999834,0.9350526123727431,0.9955104859037943,0.9404419476878036,3.195780191974579,3.1821851216140535,3.2133911342571304,3.2534590904727403,1.280980991544687,1.2959734249195647,1.2894514935174965,1.295576695421503
2020-12-02,1.3570395271941753,1.389398567015978,1.3776919359663535,1.412974346888385,2.1625823727411557,0.9559473317260461,1.0180569983859395,0.9615890652876302,3.274395422486069,3.2532943449524687,3.286168633182988,3.3266175476870408,1.309121288659769,1.3249332937491045,1.3186552383352308,1.324709501337949
2020-12-03,1.3706865700527788,1.4065523031759821,1.394169372782033,1.430099503595089,2.167684851113624,0.969678014635936,1.03231719148337,0.9752852276802165,3.3161356760112066,3.300022811658291,3.332198864627989,3.3739994239956284,1.3256950752888008,1.343963880821697,1.3371259903239814,1.3435776822566865
2020-12-04,1.2593206957751104,1.2966507208393063,1.2853912021909686,1.318501995826166,1.984837626480491,0.8931771903744586,0.9509939545143092,0.8984212704492215,3.0338209572149335,3.039674055305059,3.069696990076438,3.1080885498606254,1.2160434198384018,1.237934515291413,1.2317907167610602,1.237687943978646
2020-12-05,1.3107209029510494,1.3488425641282238,1.3364858446724552,1.3710463346800197,2.0535786750245517,0.9298770735614678,0.9895634823722422,0.934979644444021,3.167618607554497,3.1645716500471606,3.1941949040875044,3.2345622513992636,1.2672203023326991,1.2888001806867804,1.2817485384062284,1.288051687840366
2020-12-06,1.326097242336707,1.361210898178992,1.3484071545570369,1.383083827470178,2.0975465367995794,0.9400428190152048,1.0001276143826117,0.9448658965399177,3.2131589752270924,3.1991678679550595,3.228294683671869,3.268763742337838,1.2856569772753843,1.3028898006484946,1.2954319058758537,1.3016712396393864
2020-12-07,1.3033796811663574,1.338416381483891,1.3258270463332027,1.360145851658441,2.04035327546191,0.9241271029818446,0.9831946121984014,0.9290318092288139,3.1437569522215094,3.1450032636418603,3.173636937856466,3.2139857143816126,1.263242399223197,1.2808307798566478,1.2734991535188132,1.27985779909266
2020-12-08,1.2113197622526255,1.2451337550621093,1.2335488781867805,1.2657997948238202,1.8974347732890346,0.8592920143130974,0.9143172114645739,0.8641809390491261,2.915148663012063,2.924355514210227,2.9513087635150197,2.9896341171034204,1.1730630502392565,1.1909700053877295,1.1842845560801882,1.190517594426991
2020-12-09,1.2564183180821922,1.2892420082980056,1.2764811519910757,1.3089587430073608,1.9695338914584029,0.8903777416775914,0.9467796402315808,0.8942048994848703,3.0386910206399493,3.030146929372234,3.056093677660499,3.0935020137363054,1.218231803681622,1.2340545078270635,1.2263320561814253,1.2318793643272428
2020-12-10,1.2213902165832518,1.2525734568227571,1.2400658029654452,1.2719770927799243,1.871462009530864,0.8638219946824821,0.918452901015251,0.8676982050622147,2.9291927539656317,2.939772011572959,2.964658284513907,3.001802099520654,1.1820349795052634,1.1972485121759546,1.1896413766695804,1.195363069354348
2020-12-11,1.1855931100800186,1.2192841176675844,1.2071401592486093,1.2385708252962853,1.8303334940867886,0.8416671120118572,0.8949368672518708,0.8457695099032277,2.8502172459944446,2.8643741814694015,2.888751284559474,2.9259397745971216,1.148517738601972,1.1665420697860633,1.1591818433073886,1.1651535423560722
2020-12-12,1.2141514769168817,1.254747184236933,1.2421796556195033,1.2745872368479487,1.9113523333117746,0.8663955255628798,0.9211748864547021,0.8706183848508763,2.9392899729748576,2.9485302905930397,2.9734445343852665,3.0119044620349955,1.1759294016011894,1.2008153998409619,1.1931670735255475,1.199385983144968
2020-12-13,1.2635809671989848,1.3065180961148464,1.2933399133161094,1.3265451078093644,2.015074308133501,0.9028879490147772,0.9599017493856437,0.9068314579225569,3.080885174181058,3.0727218552426403,3.0984503075659466,3.137183594966787,1.225126662702681,1.2513935281503001,1.2433286860375585,1.2492740316913098
2020-12-14,1.2567808737030295,1.3007009093010644,1.2875814015037945,1.3211677518650362,2.0007385788554255,0.8983871562785087,0.9551167494021124,0.902701283824494,3.0664280042118848,3.0574046896721616,3.083004888615346,3.122895256917197,1.21749303081639,1.2451554751251621,1.237130835324169,1.2435841990305698
2020-12-15,1.2574799667548355,1.3017856631281879,1.2888504322666041,1.3234013201399957,1.9850861658911179,0.8933431013741161,0.9498726926335017,0.8983878356552756,3.038509815499453,3.040238686115814,3.0660776881825993,3.1079728821848382,1.2072363795409322,1.2381644662520461,1.2303383836844088,1.2376418833579357
2020-12-16,1.3800922683987427,1.4230980453839663,1.4071088190782057,1.44285526514077,2.1177321980689316,0.9824640203632621,1.0436645002821272,0.9856738651956485,3.3304513500706054,3.3435363387603902,3.3688266470651578,3.409938917385207,1.3375562617841115,1.3616851549128262,1.3518237805382936,1.3578893329601316
2020-12-17,1.4041744004895818,1.4477410871000793,1.4316820999018884,1.4693523674063431,2.134905716194192,1.0012792009190488,1.0638342897807485,1.005710613401861,3.3653211557214164,3.4075684443690517,3.4339323628486134,3.479256051478694,1.3643087327520764,1.3877628040875472,1.3779490354313335,1.385492465818913
2020-12-18,1.4275399779982711,1.47020385424598,1.4552288888203688,1.4940441408158691,2.149564316133458,1.0178238792605183,1.0824768325140874,1.0237361598356414,3.41240797872562,3.4638735426741802,3.4941083051290556,3.5416154326716622,1.3890563720153124,1.4106935602510726,1.402096098582199,1.4103249160719684
2020-12-19,1.4472524541550276,1.4885958819644236,1.4762259397314361,1.5167574304016238,2.1574689837368948,1.032208904926995,1.0999892684982955,1.0411760440171822,3.4454143734361686,3.5128288784961286,3.5506363953176887,3.601948715195616,1.4114604296699405,1.4306310597391847,1.424779372193793,1.4343505431423116
2020-12-20,1.439609864299525,1.4932783307551072,1.4812946108103688,1.522002957326783,2.1038563023610495,1.0383955727886442,1.106777673088255,1.0476508532978708,3.408937844063803,3.5338834396632817,3.572548569457494,3.6243483190894294,1.4078398199632947,1.439205718567372,1.433572166002667,1.4432704047371536
2020-12-21,1.3635507347066982,1.4145775848561422,1.4032254469004215,1.444492246466405,1.9935283177226333,0.9841140605415188,1.0489215271348926,0.9948706633728388,3.23072229306784,3.349151780325747,3.3857957134089363,3.441755242365593,1.334205472496114,1.3639720938430793,1.358633031895004,1.3705590755424966
2020-12-22,1.370665986103101,1.4236057715224997,1.4114994198323398,1.4570402871383552,2.0561221991716843,0.9861312427441146,1.0505405296356833,0.9997394668102455,3.259126200098441,3.3560166851532904,3.3910216636686745,3.4585988687500837,1.3336830242811866,1.366767887890594,1.3607300717777713,1.3772664627274271
2020-12-23,1.1671378609325511,1.2045218390046077,1.2013546697936797,1.2496850042772962,1.7627634969501913,0.8283010068697965,0.8878672439513843,0.8525407069963622,2.773302460062479,2.818886451309422,2.865931369392336,2.9493647321824397,1.1255772625399054,1.1480167837972504,1.1500247962923165,1.1744817153236213
2020-12-24,1.3038666614187493,1.3570999488201612,1.3403016697687424,1.3907655465790902,1.8921818442370701,0.9360760137369587,0.993012070214895,0.9507189113020545,3.081546242084396,3.18566797653746,3.205326541329102,3.289012247980705,1.2616263429838566,1.2973918488173215,1.2862153790946997,1.3097345013244128
2020-12-25,1.3388423280957986,1.3887631105637495,1.375201915561303,1.4333001981787141,1.9039646676599502,0.9584847355924478,1.019803152514406,0.9810112270341362,3.1440520080577765,3.261929675974859,3.2918050139895314,3.393808519810477,1.2971049140677935,1.328450109739597,1.3209169734758897,1.3514659642917193
2020-12-26,1.3394521373345287,1.3798595298480745,1.37157295193843,1.4336785982497244,1.8419801995831977,0.9523163427436783,1.0174663241926136,0.9818385455788554,3.1220272958748447,3.2409373086065507,3.2842620061379253,3.3966706284676365,1.2987741814742475,1.3199007798936713,1.3178901577745026,1.3526056993161548
2020-12-27,1.351512763045598,1.3994951509930358,1.3918513561802501,1.4540723444362862,1.9917378895326472,0.967868235996933,1.0348869713806217,0.9978414957790216,3.2044555376963237,3.2938637457594893,3.340493812853798,3.4520328376195373,1.3133728804357159,1.341455546007056,1.340454540423094,1.3746517696645704
2020-12-28,1.4291821757830194,1.4677489723879744,1.4597323872832315,1.5342462124708909,2.0697646920512454,0.9944776765018842,1.0633389468356662,1.0329645799408516,3.3410077235557534,3.384421394119468,3.4323334538961894,3.573541153717831,1.3525673826550704,1.3783359603175271,1.3773074342534617,1.4230382218249338
2020-12-29,1.4369606847874985,1.4524064159012235,1.4520930602479158,1.5336704283910805,1.9597837083351963,0.9703704854556282,1.040099518839449,1.0167055329872356,3.292780696606652,3.30237943877255,3.357319304928734,3.5172929778004107,1.331886586044479,1.3449236383454748,1.347206179105949,1.4006393460892657
2020-12-30,1.4310357283992436,1.4387584899123536,1.4380262391191072,1.5290792203985044,1.9056680560237749,0.9635316586251035,1.033542815941745,1.0177866249372198,3.263347801397463,3.2791054403884723,3.336155036686685,3.5210330155996186,1.3337286287723156,1.3354450938093585,1.338713500762818,1.4021286857975284
2020-12-31,1.475819023737275,1.4614939890445042,1.471833323807854,1.559583434256392,1.904282146354664,0.9555308848361203,1.0236303773969555,1.005877281727901,3.2299047076195517,3.2518770866297504,3.3041588472042833,3.4798326405831896,1.3186912265982,1.3243561025888495,1.325874250079913,1.3857220723348844
2021-01-01,1.4826633014530688,1.493213032609847,1.4891908068178608,1.5934313291268367,1.9922380789937475,0.9873684354859615,1.0557645580636283,1.039392335414553,3.308664569191628,3.360227118110302,3.407884214965887,3.5957779749577448,1.3570562061824354,1.3684826244666122,1.367496581376589,1.4318932609010515
2021-01-02,1.670059071544147,1.6444941080539588,1.6664433386074786,1.7736147090358914,2.1133549024883673,1.0867481304789655,1.1830163584483262,1.157292754416178,3.6333552775397413,3.698437591630923,3.8186381075310756,4.0036544961130085,1.5332123214689992,1.5062218724868117,1.532321589633404,1.5943158704140459
2021-01-03,1.8166074297048689,1.812421756757908,1.8123778551085972,1.9259334985915229,2.3329999798303076,1.1989650697472114,1.2862861667057728,1.2563510280045667,4.021059950114938,4.080335968050976,4.15198094117249,4.346346611756138,1.6672392468225794,1.6617534107052045,1.666083524217083,1.7307810621947166
2021-01-04,1.8434739070560495,1.8703836569487289,1.87033835130887,1.9806644836991105,2.334653230052522,1.2469176275973208,1.3377311281788862,1.3004065138003253,4.1687372023465485,4.243528834542992,4.318039245369879,4.498756572944923,1.714217614693999,1.7282151689082677,1.7327184651290635,1.7914730175491005
2021-01-05,1.9305628406893776,1.9536038703676701,1.9582134308791268,2.070135375529799,2.484845612070405,1.304663484831451,1.4030633915422788,1.3610746530736433,4.440107078617121,4.4400504048736735,4.528924131913572,4.70863801188555,1.8019497813119087,1.8082503406027555,1.8173411644995514,1.8750509859610214
2021-01-06,2.2095029124471357,2.256073517125673,2.3028486441998104,2.4082090068745763,2.893375846535608,1.5202014701493811,1.6652981081697116,1.5950615446170133,5.267357099614328,5.1735725200420655,5.37538705263308,5.518115706085503,2.0938843685160498,2.1069837993799285,2.1570050372516243,2.1973972663061687
2021-01-07,2.1735247286883084,2.2554171916307646,2.2790876440691177,2.372631864182408,2.7600951836001353,1.5258991558776946,1.6521632312197618,1.5744723660741033,5.117608040216782,5.192962969854578,5.332989209779413,5.446887439140913,2.0687881454022854,2.1148807339371194,2.13999186969578,2.1690330913949474
2021-01-08,2.1626985870560573,2.2336944518807056,2.253576974121598,2.3498815381876277,2.6760549246807592,1.5147201694961114,1.6363446534459256,1.5617859630935158,5.085456418172194,5.154918475173225,5.281928695304918,5.402998825703293,2.0675558881595775,2.099386772339273,2.1195025940682335,2.151555980669734
2021-01-09,2.2927130537292877,2.411995157923308,2.4187848053000462,2.521645963686814,2.9902421632032246,1.6396587103346372,1.7587706288411584,1.6780079025824968,5.453034916376603,5.580111197498927,5.677105390586701,5.805068646676785,2.1946369468256886,2.272550321141179,2.27807687234457,2.3116662742065315
2021-01-10,2.219017168766287,2.356271862186391,2.3525457197645165,2.4545617588357036,2.794854149012259,1.6055411784538989,1.712994853297775,1.6354593501155457,5.220449096765255,5.464001899582972,5.529346553911758,5.657871921615333,2.129059751024285,2.2252637684315038,2.2187850386802066,2.2530503084516726
2021-01-11,1.953521996791037,2.0674020793533683,2.0641327475268607,2.157090127141661,2.499509735121735,1.4069488168319957,1.5011113476438347,1.4362808074923572,4.623251216237672,4.788149385983985,4.845411439008818,4.968813716887479,1.8716725402089056,1.9500167720075143,1.944339408336942,1.9786568930100572
2021-01-12,1.9047442771344085,2.0174925182778995,2.0161953353999356,2.1068478530729444,2.3940371558996687,1.3700855815496003,1.4632384477906615,1.4010513745417166,4.520164251631606,4.662695868932652,4.723162158524036,4.846937487134793,1.8188457980547224,1.8989247022668465,1.895283905686785,1.9301239320591106
2021-01-13,2.1292654463621297,2.2350151584404174,2.23397920082228,2.3171762521171546,2.7022121512384394,1.4906389472473809,1.5911541841866412,1.5225319988379302,4.948202231601012,5.072964897228838,5.136059158693391,5.26719972916318,1.979342614752552,2.066010442856867,2.0609688880910046,2.0974787232510463
2021-01-14,2.30159491817872,2.3697882271579664,2.379325881699685,2.443996695132707,2.9699680997858993,1.5444071097798677,1.6466725473696464,1.5765203278195907,5.172322908803611,5.255949517092345,5.315265926042276,5.453972363174957,2.0550737913501305,2.14053257008994,2.1328799702319228,2.1718544154725175
2021-01-15,2.206498361874405,2.3089088698892786,2.315375667425326,2.3811963368612887,3.295751172349249,1.5139361255019868,1.6180770954906993,1.5453892355081744,5.153558911965112,5.152250204853693,5.222963159924787,5.346274343615172,1.9929193085576546,2.0983000953256923,2.095841236180176,2.128967432601486
2021-01-16,2.3917332981604984,2.4246883809567974,2.461330740194835,2.4988185671634233,3.2454527485196425,1.545002381634235,1.6508712444809868,1.5792597997774636,5.314595255744298,5.257975355225107,5.328818828059941,5.46344956691555,2.0392600733169135,2.1413576108348717,2.138318402410897,2.1756283815691035
2021-01-17,2.382033115543651,2.443945390408371,2.479554905582782,2.5279009887867385,3.6097424446171535,1.5676295033812895,1.6853661959358828,1.6114931096451603,5.530607031584532,5.334980316460084,5.44016448714776,5.574960708313399,2.066174479643219,2.1727185717889195,2.1829985612863183,2.2200338073197967
2021-01-18,2.400181314571877,2.4795043659041975,2.515631993260032,2.548441960336039,3.486476906253808,1.596466591240379,1.7163690910473315,1.6305838417183018,5.5346867310075165,5.433119127818531,5.540238197769689,5.641005099421058,2.1007473030072474,2.2126864827095862,2.223155576175549,2.2463336843439006
2021-01-19,2.4098412798466766,2.4852917348530155,2.5224780426883537,2.550413390460327,3.336005717410399,1.6009220092340455,1.721846093769038,1.6324080191997747,5.53362431807013,5.448281873382164,5.557917320428308,5.647315841752709,2.1126777730528694,2.2188616468022766,2.230249754930574,2.24884671753975
2021-01-20,2.4469991444849715,2.5036252464304987,2.5384923349285535,2.573925555014985,3.4658835575178157,1.6007222728900836,1.7203657443975404,1.6343829872389644,5.578239342846443,5.447602127650651,5.553138926214152,5.654148244046431,2.106806721129342,2.218584814257947,2.2283323078167223,2.251567483634954
2021-01-21,2.116985042749545,2.1733700017722977,2.2034967517025454,2.2262790570575124,2.935497232604093,1.3866221073695062,1.4900466308318996,1.409500787819508,4.737703247764379,4.718973222453714,4.809695830373859,4.876168233918665,1.8096138424380168,1.9218441591182767,1.930007650087761,1.941764058235539
2021-01-22,2.277446794303874,2.330352721686319,2.358556776187218,2.396653919799264,3.3790262424371944,1.486264810694921,1.5940481003356033,1.5174042426875396,5.205274073561206,5.05807876988909,5.145400380737793,5.24946025582064,1.9465260138310756,2.059947934016244,2.0647172810544454,2.0904145962365255
2021-01-23,2.324774924424095,2.3662466216794704,2.3957149339514334,2.4444895229344836,3.760959784355701,1.499926716625367,1.6086397379449395,1.5369228154524281,5.337414147477009,5.104573173743475,5.192500476208474,5.3169847618798505,1.9531185060996297,2.0788831968937846,2.083617342052942,2.1173038774561177
2021-01-24,2.363744316023825,2.417188643985056,2.446558754656037,2.493161503831018,3.780663268105219,1.53954205766238,1.6517397853414462,1.5770584204501226,5.503758389443649,5.239392698514126,5.331622376129256,5.455833894728952,2.014393400143209,2.13378965726163,2.1394433943879356,2.172595705537055
2021-01-25,2.290266669631017,2.3513353900739533,2.37990534914724,2.4173888890225395,3.6196268584101627,1.4996116271841646,1.6088993313646165,1.5311173901125192,5.319056678128523,5.103500856615535,5.193338413332305,5.296900891851908,1.957721000115593,2.0784464861281364,2.0839535847419435,2.1093061761669656
2021-01-26,2.282081903088741,2.339406924142094,2.3678560662039136,2.4052051268842622,3.5581339878943847,1.4923610723883993,1.601131970819551,1.5238506968434686,5.302053133937391,5.078825659424242,5.1682662841427955,5.27176176515515,1.952951743371329,2.068397290813457,2.073892781970559,2.0992953950918496
2021-01-27,2.0897957048131865,2.150263652027409,2.1768538945664817,2.2065564361540235,3.2626236841833847,1.3735165472305202,1.473913565772461,1.3999535925585602,4.865670063634273,4.674372182969023,4.757620187812115,4.8431397101627685,1.7937447389985564,1.903679985857788,1.9091110295795175,1.9286115997375597
2021-01-28,2.920210110679768,2.9749476267199486,2.9879942089543867,3.1465627817549358,3.8407347785655106,1.9365889284869122,2.0593073806304245,2.0471696103472445,6.513020462167516,6.590628584284348,6.64720279025527,7.082183642381308,2.654509283590092,2.684092588056441,2.6673520923838057,2.8202328120964215
2021-01-29,3.267796696551832,3.133781440383635,3.345131812064551,3.550198705742541,3.9522553461452583,2.0504573551975818,2.323202242794323,2.3321840046383393,7.173295617072532,6.978147327620951,7.4990244661300425,8.068190991693816,3.0369334658739517,2.841913071098525,3.00916629621904,3.2128758752978084
2021-01-30,2.8763008043206826,3.204689574598416,3.0429450402979166,3.1545186545195767,3.869917532266912,2.104775431026029,2.1034329590981153,2.0570777531556135,6.52469696158797,7.1630034206886695,6.789634984239963,7.116460864243694,2.620339019692694,2.9171973725752127,2.72450648087408,2.8338825210965264
2021-01-31,3.0334604092925233,3.2282580753534873,3.2195645088168137,3.3554930284969173,3.8165965010914173,2.1261316424380885,2.2367304629691933,2.202277486092578,6.737947843080369,7.235683200746232,7.219903698857322,7.6187793669640795,2.8038730960292213,2.9467968647115548,2.897162286998182,3.0339133583396625
2021-02-01,3.0260500184269836,3.255328168637351,3.246561703450191,3.383630032160982,3.8416467842868434,2.1425299391568027,2.2539817794349486,2.219263075767767,6.842341703905564,7.291490130909968,7.275588925854197,7.677541017560007,2.7878124103187565,2.9695247374325042,2.919507341215984,3.057313137768124
2021-02-02,3.066963277200721,3.3709740831034383,3.368975706200252,3.5112122973068933,3.957747290680289,2.2150071957600415,2.3355640573398038,2.2995887193213975,6.994494959232907,7.538145821259818,7.538926954176379,7.95542759616293,2.804625140545017,3.06997747904939,3.0251781418539805,3.1679717829813483
2021-02-03,3.3990732186433745,3.6197963527487307,3.6111202571389227,3.7635800788308065,4.2257650586303885,2.352887385843221,2.4753102108181237,2.437182324214139,7.549229583129059,8.007381759047998,7.990011153682406,8.431432697519607,3.0581400499990132,3.2610780222768203,3.2061866685018443,3.3575242251882833
2021-02-04,3.7128477267773072,3.6800524367092016,3.640969816211818,3.7946898724375244,4.298943499717837,2.406255945993816,2.5109428221202585,2.4722660765663154,8.133064683411412,8.189006446072014,8.105029045377197,8.552804945215192,3.43277308406953,3.335046304666711,3.2523404001923275,3.405856492849432
2021-02-05,3.757428103092336,3.914830316034237,3.8660626077693183,4.0292859772112335,4.51721960282864,2.5603957056522177,2.6663960780511933,2.6253248430759037,8.428897031318275,8.713577195721555,8.60681393009025,9.082311776021164,3.443774254563701,3.54868244620304,3.4536938122061844,3.616714134203402
2021-02-06,4.0700410148417445,4.047048591846695,4.015421650656231,4.18495088958604,4.481070320672544,2.6603789198049443,2.785990817351534,2.7430774315870026,9.121879808303657,9.053841574728635,8.992851727193521,9.489676877567346,3.800705658013512,3.6872581656496397,3.6086008849003064,3.77893308868073
2021-02-07,4.555631735691815,4.122213887867079,4.134135313456962,4.308676588146923,4.658209668524678,2.721418672202409,2.883553834222311,2.839137658372022,10.088964954593672,9.261572978647527,9.307773707306376,9.821997249744474,4.34930767529013,3.7718586425897014,3.7349710031435945,3.911268095095066
2021-02-08,4.811552002539043,4.45227826121593,4.46515423161445,4.624023544234005,4.828072031594403,2.9186556744771126,3.092541712481946,3.0247060009253346,10.490573177693152,9.932812912919928,9.982362076465574,10.463970964834921,4.5269826414343175,4.0452271247226825,4.005666024004461,4.166911753495422
2021-02-09,4.6968944272730395,4.626731208592359,4.6432615436716835,4.759750962131063,5.0308854660305915,3.0422836514056737,3.2267661608864624,3.1206670071778593,10.39675162912547,10.353545504425151,10.415622859361344,10.79594808356169,4.3988275553787375,4.216574245254672,4.179522470433184,4.299110071185989
2021-02-10,4.9262664605308375,4.807448127592136,4.813802444457984,4.99730734792788,4.989742237671701,3.166474243268454,3.350505001097486,3.2851023380417543,11.121953400067595,10.776192795541046,10.815037328347449,11.364812140837483,4.634785973915446,4.388701144371912,4.33979725867047,4.525640356330085
2021-02-11,5.027128698590619,5.100573900434368,5.1194031465574925,5.26864955522057,5.140093150688961,3.3570157220936303,3.561249734252485,3.4589475096176203,11.299216350310891,11.424646423652092,11.49529661913417,11.9662295437818,4.6932438626733735,4.652789698999537,4.612767875018072,4.76513387685945
2021-02-12,5.269642977530647,5.419042907132939,5.428413655224102,5.5485146922764566,5.513122310101389,3.5438121812430006,3.750542143931292,3.616345979414761,11.720045112169158,12.060354944445312,12.10631032482288,12.510749578906823,4.8493137699682585,4.91168769438865,4.857952013033723,4.981970003603423
2021-02-13,5.320909121177541,5.79813259772905,5.837907976533111,5.900632367241461,5.937817589662179,3.8218310835841516,4.071062813803919,3.8768340103895236,11.949386787514046,13.00651305667441,13.140913469138118,13.411907969829135,4.926385090855283,5.2970190696415855,5.27311173492783,5.340824926224516
2021-02-14,5.110694906346524,5.635265974494983,5.67152406991491,5.71574038821038,5.779700452538525,3.716139703332808,3.9566573711337485,3.755891595530641,11.455223160527707,12.646822560900887,12.771626113160819,12.993507663447884,4.725930856345013,5.150531889950987,5.12492618489452,5.174211586013129
2021-02-15,4.904687478359055,5.421377433193503,5.456259339596827,5.50307492267257,5.602155473268635,3.553727216906114,3.7837331506024223,3.5951173718386213,11.00815880998612,12.094097943020941,12.213447003023964,12.437309207104525,4.479717772408054,4.925429833126617,4.900943215767848,4.952724935027404
2021-02-16,4.900852988550945,5.421687386757543,5.46183825659766,5.5145668539128065,5.506171219087646,3.52628309550397,3.7563975551489417,3.573800944347562,10.86458716461894,12.000699696070898,12.125210905741566,12.363565022290457,4.4009594174385525,4.887392559569151,4.865536331678947,4.923358883507733
2021-02-17,4.963485426169607,5.589599679951215,5.639194066970431,5.693038762939913,5.545551514031905,3.6260054477095243,3.8671253545306343,3.6788982748244767,10.94195653880216,12.340076305773765,12.482627260352741,12.727149256346813,4.412022467746527,5.025606727006126,5.008958353152689,5.068143633328468
2021-02-18,5.202161552425131,5.690368827249954,5.717141040958445,5.7715515727271836,5.681429655381147,3.7056240425706006,3.937147357190659,3.745122081837644,11.508431664219088,12.611035505949484,12.708650075518142,12.956250528852179,4.6976627749005075,5.135957290925261,5.099655515249463,5.159375230620886
2021-02-19,5.316836655510082,5.93623724635352,5.970266403566748,6.015261723046593,5.971176621871505,3.8412721946993655,4.081846475070585,3.874763640519614,11.657664166472752,13.072675338582263,13.175721863424068,13.404745524884543,4.709550398217925,5.3239642522151005,5.287079451313323,5.337972732146028
2021-02-20,5.469325811771214,5.933631689286358,5.992491023012578,6.095988144631834,5.891694337598826,3.794769030117077,4.039687437128512,3.8772995382844817,11.961226899460838,12.914415069070564,13.03963743169769,13.413518463667106,4.73640891037842,5.259511338362075,5.232472257105505,5.341466249267645
2021-02-21,5.555225569698211,6.0499777830602115,6.097467950922645,6.191836571905949,5.929984547017407,3.871949238532409,4.1135533265257935,3.9402868564783016,12.070815889513257,13.177075915799941,13.278067862591394,13.631423102508474,4.815884525559078,5.366482323430186,5.328148277350387,5.428239177420891
2021-02-22,5.273492137980523,5.688875344817905,5.733530987327919,5.824650723385399,5.512470052361134,3.6376307488272204,3.86461369859859,3.7023084557133075,11.487460818518622,12.37963970548145,12.474519929472134,12.808136781424396,4.571444696168865,5.041719276295723,5.005705089085022,5.100394092668081
2021-02-23,4.598404789162768,4.8434248673738205,4.883742333363256,4.977288163277327,4.599346455908024,3.0776124847950546,3.2711238234531366,3.1376926974946944,9.862738648905903,10.473777121863652,10.558804193607877,10.854848462334747,3.9412118757817365,4.2655396495540785,4.236977469707869,4.322565094276133
2021-02-24,4.931690644986302,5.102650775899661,5.145108160765769,5.248123337385726,5.014121455666124,3.2627467357683932,3.4697651300029517,3.3398929348803947,10.791253877793084,11.103828790778376,11.199995042325984,11.554360220647592,4.32571212918313,4.522133841291593,4.49427092169234,4.60112127311278
2021-02-25,4.593563093857554,4.7722333020242145,4.812428917454502,4.95174989294763,4.477781210355887,3.0547774621357093,3.248974934554543,3.1593975451673266,10.14472178250818,10.39606462911536,10.4873101769921,10.929936386838188,4.036871247806243,4.233890540046911,4.208288753441746,4.3524662432959875
2021-02-26,4.696321327793465,4.80711115930063,4.863411142801853,5.060271503594251,4.555836131767504,3.076761285712388,3.283995487312537,3.233801128498346,10.60095162354596,10.470880308336207,10.60035241546451,11.187335597015071,4.1406506650287636,4.264359896269765,4.253649706135887,4.454966508045471
2021-02-27,4.852117223837421,4.9577304885620626,5.0221418758780825,5.249728283134874,4.705018471147894,3.1631603075470722,3.381001503655347,3.343329311214664,10.978532874200074,10.76491475962411,10.91347646317616,11.566248365206118,4.244678187624198,4.384108063116403,4.379298360192864,4.605855312365626
2021-02-28,4.710696051512785,4.761176322054878,4.829870661746252,5.070310950650222,4.460262356604,3.0249956972430696,3.2380095336838983,3.212908288319253,10.58994888901459,10.294710878660313,10.451915148571764,11.115056812584426,4.0854511417583685,4.192613316351312,4.194085635815281,4.426184001157353
2021-03-01,4.96318522013748,5.088574892435401,5.161992944732,5.418966922271778,4.913453067824431,3.2357345380717164,3.463588160570064,3.4367382160729467,11.101224894104984,11.011900473082605,11.180056509188185,11.889396488691533,4.298899694653141,4.484695209603548,4.486270099427352,4.734537790403504
2021-03-02,4.903893994955074,5.041672110145058,5.116183839058974,5.3708773508526,4.994175392826202,3.19850168528142,3.425108449890623,3.3985568024334856,10.8621592262596,10.885189068166175,11.05584851449907,11.757307881204575,4.216407202565598,4.433090853750541,4.436428614974599,4.681938105934775
2021-03-03,5.004382627694036,5.196455437151041,5.275857976341512,5.538500375048981,5.214273700324789,3.2984654506026536,3.534090484654983,3.50669400188575,11.072487697242146,11.225387258617241,11.407629745599976,12.131408542538567,4.298125929736693,4.571639617314203,4.577589405828449,4.830910656407407
2021-03-04,4.838794161258045,5.0813412046309425,5.158540469021813,5.415342575653377,4.896843719082337,3.232620273272179,3.4632933265810424,3.436445667654805,10.595081101296527,11.001301960251647,11.179104819638134,11.88838441738533,4.171181823619222,4.48037887021798,4.485888210805517,4.734134768277833
2021-03-05,4.796733256175221,5.0307540034381155,5.100665438267291,5.354586414100642,4.9149151062712475,3.2108695497490425,3.435031317803304,3.4084027476751224,10.686952708666942,10.927279570640831,11.08787836875828,11.791369930573449,4.175635585375526,4.450232588302112,4.44928137446951,4.695502129988386
2021-03-06,4.829590307092159,5.0810075973091475,5.155550529589572,5.41220379126208,4.975613660175342,3.248376452489821,3.4777189978087137,3.450759510208327,10.752858789925059,11.054923626472796,11.2256691950868,11.937903158323937,4.220594722298954,4.502216774603401,4.5045733010912565,4.753853881062913
2021-03-07,4.971978586632027,5.225422084522344,5.3036459478461655,5.567671685438783,5.067366613066817,3.333595533131893,3.570658380718751,3.5429784214118434,10.966812027996989,11.344942484137595,11.525666626851978,12.256934498542483,4.320914276620771,4.620329554939848,4.624954580642664,4.8808969936401105
2021-03-08,5.253184109609473,5.423335047927176,5.5045216416006175,5.78590418864585,5.580585736572424,3.473701275723755,3.720727499482675,3.696226821736707,11.645352318176254,11.821752455714664,12.010072148029357,12.787097367567172,4.636301448342242,4.8145146913429455,4.819334099553826,5.092015879350884
2021-03-09,5.368987338267422,5.595939899905671,5.669212066459052,5.953594603864416,5.557430226240316,3.5646357161668485,3.8114233145072003,3.7836369321696735,11.809308040556651,12.131221911862184,12.302827605697333,13.08949266063822,4.659800048380621,4.9405489023218685,4.936809360533109,5.212434265939872
2021-03-10,5.214841607309365,5.437598008383619,5.508849781068166,5.788188929174003,5.326764350100975,3.4599236796511583,3.6994313787425686,3.6747471818766315,11.36549510201316,11.774864333427542,11.94133076705013,12.712788549532567,4.511303437844782,4.795419083103263,4.791749945410509,5.0624249823293495
2021-03-11,5.2034234086325615,5.445785361512857,5.518642759196985,5.801709723545316,5.355396663265887,3.4713375727923093,3.712937672237995,3.6900423783336027,11.375059815492436,11.813708266328062,11.984927498967501,12.765702284480106,4.520302687234916,4.811238623084299,4.809244196416567,5.083496033158448
2021-03-12,5.085637526496047,5.333592220005413,5.408148694398678,5.693522070260262,5.129562411741003,3.400982711551144,3.640046406945935,3.6230379168093214,10.972118377646273,11.574275543813396,11.749643040419944,12.533900337550394,4.419881645012984,4.713727499885484,4.714830574233676,4.991188986398616
2021-03-13,5.470608212998682,5.717336483436504,5.799086760568822,6.106425902602002,5.436021237219972,3.6578642231315253,3.9163701219273297,3.898292983244324,11.829537037566286,12.448498569718335,12.64158359602351,13.486145290355205,4.803146713952423,5.069762666202554,5.072743456139267,5.370387351855057
2021-03-14,5.2402292678399,5.471197045732251,5.545177071939685,5.838540960034042,5.232293779484744,3.491249617885722,3.7352231561402727,3.71813850013351,11.29994768105187,11.881473237837396,12.056862428240692,12.86290082299881,4.569960401444423,4.838836515369077,4.8381098396302225,5.122201963625693
2021-03-15,5.038206511003022,5.263559673540489,5.3347320841369354,5.6089588851810035,5.012342342621562,3.3659853535409074,3.6012052450689414,3.578742830995276,10.93604702649097,11.455172008373424,11.624268323641884,12.38066148005441,4.419216824460089,4.665221517095306,4.664520914113146,4.930166951978025
2021-03-16,5.271184633982818,5.456802948728679,5.532745773416466,5.786921478454,5.120683865384098,3.491237171734021,3.736748991649073,3.6924360935792393,11.665105757533892,11.881430880906631,12.061787646373238,12.773983342811317,4.639729476750946,4.8388192651292155,4.840086203418997,5.0867936760329995
2021-03-17,5.415938693254352,5.647101967763413,5.7318298688327465,5.979786963947464,5.536224739190149,3.617693130690368,3.8764470163257885,3.8195843419207427,12.243147010119939,12.311787703405846,12.512716491750336,13.213852731263644,4.775369843914054,5.01408594003244,5.021032390437104,5.261956329953242
2021-03-18,5.258100293616108,5.49553872982075,5.567481654153452,5.821892693179142,5.310913567827215,3.517450154512166,3.7614721513069256,3.71586006749244,11.688926332834228,11.970639298364627,12.141591107190873,12.855018584859238,4.622747529678395,4.875150193056518,4.872109286647846,5.119063136993049
2021-03-19,5.4308540400123855,5.633392793046238,5.71054360994614,5.963710731254383,5.3958220864333395,3.588897732223605,3.8410200127660836,3.789947743545307,11.994942492101373,12.21379077001473,12.398362277742537,13.111324913749426,4.724830284897454,4.974175810186166,4.9751449755904,5.221128199858467
2021-03-20,5.396518970913732,5.688374937945471,5.762680060719483,6.023564576705817,5.3706006824079635,3.6349714409491525,3.887892585384417,3.8393383332767894,11.8301847536759,12.37058950889208,12.54966144678628,13.282191667982135,4.716282474868441,5.038033502583042,5.035857453885237,5.289169929798906
2021-03-21,5.297207246512452,5.603839618562511,5.681718575140408,5.938128029140984,5.290771079004344,3.5809678267641205,3.8335686992180587,3.785117771687854,11.623524981384925,12.186803596421424,12.374310311205937,13.094615625222907,4.625398654893037,4.963185041750647,4.965493537941859,5.214474308043622
2021-03-22,5.079222448323036,5.406506824011755,5.48164336232213,5.730749417853959,4.982535373911901,3.454517954576833,3.6981990741646698,3.652678180266587,11.049380104046307,11.756467488506269,11.937353032348796,12.636440834415874,4.426971061082374,4.787926803047525,4.790153782435894,5.03202216560314
2021-03-23,5.027907605722728,5.404097048198077,5.480456209304894,5.727217259642237,4.91069664931762,3.462356447173482,3.707527277491271,3.659597440477294,11.004800021934255,11.783143564469142,11.967463379042968,12.660378016383584,4.404754557994961,4.798790874183489,4.802236292747577,5.041554314079279
2021-03-24,4.711989914081407,5.047388133343948,5.11479223833975,5.346770634939054,4.6111888636124645,3.2497950885083235,3.4764926436380756,3.4315763861313164,10.448334454381316,11.059751549919381,11.221710667602473,11.871539137061951,4.18625870069316,4.504182989718236,4.502984845480491,4.727426722469383
2021-03-25,4.700450824936297,5.047963426449712,5.115718107944078,5.3466598778292,4.681792460688421,3.254608196358145,3.4814765449625247,3.435447538597342,10.518089660082602,11.076131590984193,11.237798116762244,11.884931389728012,4.187909315758438,4.510853908319075,4.509440326459699,4.7327597203558955
2021-03-26,5.0677644685894645,5.453956742414466,5.526106055088712,5.780314622203861,4.997759122670908,3.5084053721560053,3.7530635821112903,3.7072538545040756,11.320157473261553,11.939857958939271,12.114449231653007,12.825245389447886,4.487734574078437,4.862614216564221,4.861217947720547,5.107206999555781
2021-03-27,5.034285530389388,5.41102998536288,5.480461554522005,5.735380063784531,4.936871096097314,3.4834624747663563,3.7245751381797088,3.6808790239532856,11.209536477869642,11.854971915188349,12.022491874643938,12.734001658321134,4.468118750798919,4.8280436140871545,4.824317817490159,5.070872363599455
2021-03-28,5.021802911171151,5.4135093292683765,5.483551697013785,5.733932026969553,4.908629767814209,3.4887248260095025,3.7302894423070962,3.6830342327154586,11.220683323186563,11.872880828129787,12.040936978418737,12.741457603429067,4.46588521483345,4.8353371794688975,4.83171936483276,5.073841433889125
2021-03-29,5.183993111206924,5.620892957730073,5.693618546189733,5.953532282213705,5.119495381561137,3.614139659357287,3.864388189579482,3.8167987889073554,11.524425590309033,12.299694476290512,12.473792012797263,13.204216110103047,4.577752484406528,5.009160864851697,5.005412994782041,5.25811888142505
2021-03-30,5.2032090536165345,5.667679328962648,5.741250695975086,6.0071276817576775,5.115933387503365,3.649889305503107,3.902957261529824,3.856513998054896,11.593788321369788,12.421358210034347,12.598288455192076,13.341610883431455,4.608330853047918,5.05870951135801,5.055370225905329,5.312831561513226
2021-03-31,5.395287500270013,5.995397981903291,6.0749202687944726,6.39721049944729,5.349871821825231,3.8512888804625596,4.119496666416617,4.100442549737619,11.874901085237196,13.106764274308174,13.297252266958274,14.185481752706481,4.725078812081188,5.33784727695948,5.335846487070144,5.648873725184308
2021-04-01,5.647131012569055,6.1547536778391185,6.216443264821332,6.567246239237124,5.5493907980343735,3.956853730310302,4.217741122453244,4.2128367677533705,12.356484193525839,13.466024159908063,13.61437385280616,14.574309570541455,4.979571151981294,5.484159086795654,5.46309925071254,5.803710852472542
2021-04-02,5.76536966764367,6.418333796346764,6.48988929640597,6.839792144212008,5.834925157582553,4.108375525301029,4.384009956323496,4.368263271700097,12.555681012354423,13.981685412803998,14.15107015508255,15.112007589445374,4.999113345714523,5.694166755889052,5.678461719712317,6.017830349012763
2021-04-03,5.613707499894319,6.159676268692088,6.242731640181291,6.556554970065388,5.413935888991478,3.923386374739428,4.195533241251708,4.165361462134701,12.063018737933085,13.35212755179405,13.542689415952776,14.410068742048228,4.818562347978466,5.437773671848654,5.434334123686095,5.738307666535562
2021-04-04,5.921140262823986,6.563031225977795,6.703124796036468,6.997162839641259,5.684356751666097,4.177912014342011,4.505632391619531,4.443189244192964,12.61554166758492,14.218333038731686,14.543653117131639,15.371214005023463,5.059708530784931,5.790543623529309,5.835995199327379,6.121050270329774
2021-04-05,6.276654149732063,7.20854303446119,7.362415611605417,7.687898768997383,5.948555254011088,4.616450667399266,4.978570537135541,4.914654665733832,13.347242639589343,15.71077438218752,16.070242003308394,17.00224871729568,5.41164882249153,6.398353743133216,6.448576188389856,6.770553000771778
2021-04-06,6.423181719622009,7.4794753573098385,7.673537427585237,7.987686754669298,6.2934101290915905,4.827424037064787,5.228421668452021,5.148109530641919,13.879326361760768,16.428762128676784,16.87673216250304,17.809885865253314,5.645696636349122,6.690760690971627,6.772200016561371,7.092166347721396
2021-04-07,5.899156431493438,6.901619815400098,7.058672784396565,7.33194460654134,5.6971725832730495,4.45932150230472,4.812746694888482,4.728206467290297,12.752449139025744,15.17603004297147,15.534982081820587,16.357231140591672,5.1942859671038395,6.180574316020984,6.233790102181876,6.5136972305664305
2021-04-08,6.209188524334567,7.3076735420989625,7.482604617531075,7.786819680629362,5.989955847332718,4.727392386130991,5.107351088341896,5.028436165833555,13.42526341774951,16.088332908887466,16.485930524294236,17.395875837754538,5.476957671354076,6.552117838638359,6.615381336542849,6.927301283067919
2021-04-09,6.114636703217857,7.1418212525086195,7.307359374622982,7.598307634992719,5.827825271536561,4.6157150327678975,4.983587359751722,4.901821560231948,13.18739867467018,15.708270859339812,16.086435718538162,16.957852586458735,5.390005505322605,6.397334161004799,6.455074311219042,6.752873788929937
2021-04-10,6.4881789281146505,7.74857052269732,8.019021350107465,8.3488555442489,5.96720658342918,5.035522418881083,5.49830532098677,5.41881672810422,13.912224128842999,17.136965673253158,17.747884951565577,18.746397464513134,5.77315430852393,6.979182934847649,7.121771300605605,7.465099453456758
2021-04-11,6.800549070891055,7.95585434339802,8.215464501716486,8.540696067685403,6.337422880011963,5.184704650267297,5.644212125691915,5.555001258054432,14.676734357448005,17.64466488808317,18.21885501095339,19.21752787084775,6.1202775170600825,7.185947992544385,7.310759513090989,7.652710718260737
2021-04-12,6.7243040455096725,7.924077620716674,8.182650862112071,8.548539263908891,6.208244453948521,5.172649043437211,5.631088060418604,5.569807009547048,14.632155944417157,17.603637065499605,18.176492066924347,19.268748370851355,6.066125388281951,7.16923904390734,7.293760349538907,7.673107497284894
2021-04-13,7.736004894336196,8.855563090447905,9.146234137543194,9.65382338095161,6.856929569186098,5.807524754383005,6.3229208043079455,6.318000721038428,16.69781478216778,19.764255638949987,20.409647053317563,21.857124652950425,7.092985712908115,8.049170331864296,8.189868203252292,8.703838143288513
2021-04-14,8.51370147314264,9.3599185415252,9.681390130333005,10.209425208877029,7.899783557719155,6.172127474016965,6.727812895340914,6.709593268111936,18.4818755788298,21.00507710115098,21.716591253382884,23.211839141356695,7.951007667346893,8.554505998592159,8.714311409917157,9.243305974701755
2021-04-15,10.200155416110078,10.244092288662458,10.715333907430338,11.281701794228278,8.76082543717886,6.796658550337345,7.491892417789269,7.450565784381209,21.70470008106097,23.13049065837239,24.182950370709392,25.775233697260756,9.76334294824382,9.420099728012147,9.703998103666738,10.264088518894463
2021-04-16,14.624404144420433,11.415973446235762,12.754312762976536,13.429833277227846,10.55149848867903,7.672935701541322,9.044566625100328,8.972546839013672,29.814396458057203,26.11265024605136,29.194800675463735,31.0405274348441,14.651800447188116,10.63461096063985,11.715125162510015,12.36080824742517
2021-04-17,12.568173889743857,10.957878644569526,11.764950650029387,12.38548095978697,9.465815184065345,7.320290412406367,8.290698117819481,8.232242856087815,25.793078711136435,24.912522491266586,26.76140151795246,28.47944567016417,12.377356568167164,10.145848171151174,10.738664455773637,11.340946691733636
2021-04-18,12.966404934520712,10.331565976171083,11.44988864659685,12.055510464602591,9.558953716384769,6.945027741239794,8.118835601813098,8.053748157696143,26.527485273963567,23.635422921592973,26.20664946554725,27.861943228348,12.974435433883958,9.625737919855132,10.516056677069113,11.09504786505847
2021-04-19,14.728451182242175,9.967786227631008,11.046732182003037,12.317939384243695,9.978540223792132,6.721042075419947,7.856993192292449,8.262728275163978,29.640714903682923,22.873151533015104,25.36145286617412,28.584909983048203,14.975999739755183,9.31529606169184,10.176900946613804,11.382944178768687
2021-04-20,12.789427877904563,10.145012560881517,11.168035556955092,11.755723213012748,9.510106288089215,6.8403884158483805,7.93841965668631,7.863282081094737,26.302787225149462,23.279312794750666,25.62428794675048,27.20302580142009,12.84102295803986,9.480708877516363,10.282369927213432,10.832656963929647
2021-04-21,12.26937599411895,9.712076973616444,10.695348601559942,11.249451857009273,9.016400767029683,6.549543882750217,7.603873175407734,7.525115137294345,25.217217469951667,22.289506302922142,24.544411127611294,26.0331371973337,12.323015349240437,9.077601308283562,9.849043040109832,10.366789599519885
2021-04-22,10.967159709678874,9.208132943417418,10.145460390240748,10.444118101980058,8.344416944903045,6.194317826327563,7.195955736784233,6.970875524671002,22.690698371642416,21.08059564206706,23.227701460217286,24.115745155833537,10.930081244755216,8.585261601542845,9.320681201723596,9.603255042645122
2021-04-23,10.605713802697997,9.061922772318304,9.982540404925746,10.21384923868204,8.178328447330575,6.100002431712468,7.084960251615909,6.817517637254207,22.059039367096844,20.75962007180292,22.869421047270507,23.585203516194234,10.559615786607925,8.454541422416455,9.17691245578813,9.391985324737737
2021-04-24,10.791531369500179,8.518755659413902,9.371789731871324,9.827045550873285,7.8431569143036945,5.7578317128105665,6.677642279985428,6.580221317118378,22.28736146343412,19.595139532062376,21.5546463890481,22.764276853171822,10.865619332994752,7.9802962808973845,8.649327086982485,9.065079891570775
2021-04-25,10.336761109394034,8.448053221877636,9.30016663326459,9.60410613670809,7.6967291080213105,5.690689790442274,6.605843139271174,6.415979779979181,21.42607910950651,19.366641131469944,21.322887180596368,22.19608322532216,10.343498995187792,7.887238258347705,8.556328057300528,8.838816581580282
2021-04-26,11.400226828615349,9.607741066818868,10.576826464501762,10.87525306122565,8.495627335884938,6.479539856803105,7.521552831887947,7.268134268510843,23.665542098251226,22.051267548359753,24.27869071001537,25.14411183465515,11.389410254581698,8.98057643923943,9.742416247723922,10.012766232544761
2021-04-27,11.652202212790545,9.998400676794526,11.006621934917568,11.231775747294646,8.778622038977623,6.744093844582953,7.828425626676377,7.5043777968247944,24.300607983708815,22.95160166072637,25.269240113643797,25.961396364176725,11.623649986308113,9.347245579651933,10.139898332707274,10.338221312978192
2021-04-28,12.891127368352436,10.149897710198488,11.152151218435039,11.751056772502032,9.237782630399535,6.868566913496663,7.956033863921251,7.874887542962491,26.67521704018288,23.37521028199286,25.681144542604763,27.243174898879648,12.998263850804877,9.519763989093095,10.305185021728086,10.848644942743684
2021-04-29,12.46394871911496,10.078721065202096,11.070994382726523,11.543932337675919,9.060260070146192,6.779245545897502,7.852781201125265,7.709916093949825,25.742637560423564,23.07123045962222,25.3478570525028,26.672456140769874,12.469537689304882,9.39596548069447,10.171445295088171,10.621376087631235
2021-04-30,13.522502082280813,10.780442017803885,11.849237958633339,12.48289339028793,9.684035649411815,7.284343073060446,8.444263181224592,8.360715116718955,27.824732113241556,24.79018596504916,27.257091538564968,28.92389547937528,13.606376656661975,10.096025523877174,10.93757215505323,11.517933338587332
2021-05-01,15.050675126191654,11.34166922856814,12.469377816305085,13.132749808802949,10.66763606185695,7.690988817262948,8.916938487363561,8.827448930132672,30.80092329798806,26.17408888114843,28.78283201004808,30.538561192463987,15.261279905636693,10.659632395693496,11.54981269704651,12.16091768558581
2021-05-02,14.567117556450638,11.131128264744717,12.228595172312167,12.889952817619998,10.275421353082564,7.540447413590942,8.735916334278029,8.655769661805893,29.82977981651831,25.661764110741835,28.19851372303267,29.944636732207044,14.742387839799633,10.450983539011585,11.31534074626241,11.924407968342713
2021-05-03,16.4370894424594,11.842058029313227,13.009618630139952,13.756052262544806,11.362729980080843,8.054593411761632,9.331575474547003,9.276101504005599,33.55846964852422,27.411513508868712,30.121231592389723,32.09067485404582,16.763527673834123,11.163584671120221,12.08687814232496,12.778992858093533
2021-05-04,18.753941794987476,11.930778507832647,13.189133455717862,14.068584774686984,12.782835858710238,8.167628579409657,9.523512799483827,9.554413843046122,37.87544664052431,27.796196492423984,30.74078277443988,33.05349644199004,19.36628926351105,11.320250265563555,12.335488150763844,13.162402999884497
2021-05-05,22.671196283085138,14.319643398723356,15.894682105544566,16.9961896770269,14.696659561869597,9.831493816023407,11.50979130896234,11.576157573608844,45.370537294200005,33.45868770442914,37.15225693056498,40.04771924859451,23.462811991740654,13.626350586300735,14.908248384688983,15.947608474684444
2021-05-06,21.46969362217576,14.929827360241493,16.829058845044003,18.13999366073525,13.763504936094103,10.265596183971946,12.215478635133497,12.390292356715262,43.20563764508381,34.93603141564332,39.43013288424444,42.86421868003728,22.119530311568177,14.22801205979619,15.8223016162445,17.069181214520235
2021-05-07,23.69116590165832,14.80654984074464,16.54321548871244,17.809136389019127,15.043225452750502,10.209158390050519,12.02745748189878,12.181903437442285,47.53339651161771,34.743961466062885,38.823222645314395,42.1432971756006,24.593223286982543,14.149789850569208,15.578764094255188,16.782099350447783
2021-05-08,22.6556162657121,14.892540210435145,16.66808419898753,17.963608462113907,14.52531068287848,10.276097386643068,12.12687632568708,12.296791350312338,45.64004691256837,34.97176926660156,39.14413501713876,42.540751931241296,23.466578469721373,14.242566620054498,15.707538003140959,16.940371855056934
2021-05-09,21.136934632707344,15.059580487170617,16.68350295582157,17.910843615917877,14.304533688915386,10.390575209636049,12.128489398538804,12.248250647775219,43.19814135462287,35.36136191653666,39.149341827186504,42.37282536191333,21.794783494198537,14.401231720155206,15.709627362547273,16.87350095128547
2021-05-10,17.736087562889526,13.897174914483228,15.395751492604214,16.41842780673975,12.265143103459753,9.604008480763916,11.210362534539794,11.236238902104038,36.712856578756316,32.68450618814931,36.185735951936245,38.871770542193495,18.202980684670745,13.311058221834621,14.520408290738853,15.479327885730475
2021-05-11,19.297241455334607,14.92538564709944,16.532054698462016,17.632002593027913,13.125267748603102,10.328990512259347,12.05407247688167,12.079260515616989,39.86109666604651,35.15177594766379,38.909132728761335,41.78820396872458,19.840212657006667,14.315875955008053,15.613237608614494,16.64069585627807
2021-05-12,15.449249961144648,12.42997766254564,13.774057449699084,14.478138825999498,10.73741070771726,8.557114298594714,9.992916961719283,9.870760027775294,32.21379143662673,29.121700153150357,32.25596437691328,34.14789612606833,15.78694187684555,11.860073516972536,12.943491689278384,13.598209532789898
2021-05-13,18.56239115908397,13.5532136928832,14.979481149329391,15.748896611905321,12.14660516473566,9.26351615545459,10.784782439490854,10.674446263289722,38.33746588919997,31.525737582740415,34.81201330038124,36.92824880520069,18.995005071921533,12.839139316790112,13.969168603219172,14.705388088280268
2021-05-14,20.855901066393933,14.57764691668749,16.099640796570988,17.130305654476263,13.39521770840114,9.86087093812785,11.456678037888386,11.519168573073774,42.51778415683436,33.558664368458096,36.98081351856966,39.850565790793496,21.248926051454248,13.667066979201197,14.839452538053843,15.869098981174368
2021-05-15,19.293996851874784,13.841295324515547,15.316964359952904,16.16271042586185,12.14955263204622,9.399896646807337,10.956509344956261,10.903857469402908,39.80128001156461,31.98986972324089,35.366327617859234,37.721896914815886,19.68318681887263,13.028161292807193,14.191600730117841,15.021430788246528
2021-05-16,19.49820521952371,13.857317090473503,15.376501086564167,16.207426758481397,12.133625310812548,9.42957060729427,11.028536240292809,10.955398576845534,40.41753653866571,32.09085659212014,35.59882199152964,37.900203385464636,19.934395155318363,13.069289100691279,14.284894762757608,15.09243512596568
2021-05-17,18.3074378667408,12.936286138230328,14.354497090735672,15.105369948276698,11.28626295176885,8.824705399419603,10.321104465999946,10.23173335470845,37.71379927996915,30.03237021433601,33.31531516383344,35.39668341678448,18.758299242587942,12.230952065222379,13.368582005795027,14.09549554942621
2021-05-18,18.15148455412111,13.281905281602269,14.740475740124019,15.403059331416898,11.84562101726767,9.041803115839553,10.577596801399386,10.408990685513169,37.52300091855604,30.771200429862485,34.14324235118917,36.00990518520669,18.52750557983766,12.531847295467264,13.700807963873544,14.339689747109373
2021-05-19,12.628911417647751,9.183866972751463,10.167155949256806,10.598291405453827,7.9562814151068695,6.3102083968843905,7.361866612111454,7.2190346202904125,26.33384335486034,21.47499617577123,23.763242314284035,24.97425159263329,12.986196570621415,8.745884755420029,9.535580018974386,9.945125311014005
2021-05-20,15.003944339972806,10.577167185910781,11.693002437037494,12.324462130951046,9.3321395364428,7.2653539664946365,8.46347416660504,8.398673212690117,31.30276772267219,24.72556195182585,27.319102347065712,29.05521151934782,15.454153507865145,10.069706815018845,10.962455502985296,11.570225374968441
2021-05-21,13.256115706574692,9.101794761284355,10.076445596038205,10.617833599574272,8.087329425881386,6.265993762956528,7.308839589362141,7.249187747037545,27.572892385435686,21.324524268221747,23.59207730176888,25.07856634014411,13.694342663440414,8.684603721813106,9.46689588691443,9.986665023703049
2021-05-22,12.528442308096341,8.515748327065277,9.445969150273312,9.917979395948308,7.570264120169445,5.882895759770029,6.8731372990809625,6.788780392251137,26.08248606042716,20.020759378707528,22.185681390736388,23.485787011836646,12.977300153015628,8.153633779908342,8.90254525787811,9.352396166674199
2021-05-23,11.208167994613099,7.52499314108755,8.365984327810043,8.80532623572247,6.695323606085648,5.233046530872821,6.1218380168380495,6.0586984386346625,23.441523185156374,17.809182703635145,19.7605753904301,20.960068359426916,11.661921677596355,7.252949348132724,7.929412382550097,8.346616737992962
2021-05-24,13.580152593165602,9.421552162587751,10.474502269707372,11.094483077487185,8.317803643669599,6.535448192886859,7.645442280754419,7.623767762886766,28.323919516669438,22.24153563905944,24.6785913260838,26.37442597366041,14.087487801687868,9.058064825280248,9.902886114323975,10.50269596032602
2021-05-25,13.129057922470052,9.388744302685165,10.447751715278715,11.138446540025255,8.288135381155463,6.5379976299196985,7.657084422447962,7.67812510293921,27.613375454672358,22.250211921534934,24.716170794538957,26.562475201539225,13.628893264611293,9.061598319117222,9.917965791742795,10.577580011564052
2021-05-26,13.694458148231154,10.124421374400141,11.278812009937681,11.934137004967209,9.234931602036003,7.031886858949283,8.24581370770985,8.209178094204061,29.207045275727705,23.931023178085777,26.61651990439345,28.39965312219801,14.169847402571895,9.746123774911789,10.680527177994021,11.30917209038211
2021-05-27,12.908693480361213,9.613076332566559,10.700322902264288,11.276146534570332,8.643776835852275,6.662588942239415,7.8055253077707665,7.742901102332057,27.42142273014319,22.674222950540138,25.19532056906346,26.78656778331662,13.334489318536649,9.2342806127183,10.11023631424239,10.666817072333561
2021-05-28,11.965637987976857,8.816084772133712,9.798918919758748,10.341521281019148,7.865146589086716,6.122028920274381,7.161362478093223,7.110818983519311,25.350983078093158,20.834580949143557,23.116038476896886,24.59987957738041,12.382278966365284,8.48506991187556,9.2758737087676,9.796044703300218
2021-05-29,11.47984294267623,8.272131867625331,9.183483168577467,9.70798023250814,7.397192537919635,5.75016678316117,6.717818507521985,6.680086955782679,24.21515544365033,19.56905412813346,21.68433054125133,23.109762048443137,11.90080587459033,7.9696727662437095,8.701366013075647,9.20265732997084
2021-05-30,11.695491688860017,8.645517600454736,9.599494547459576,10.145903282129465,7.630911565374632,6.017242590803643,7.031062290323696,6.987359768831421,24.942322141334657,20.477970535806293,22.69544474724821,24.172772401529205,12.116918110788351,8.339837123375732,9.107100226113129,9.625964155768358
2021-05-31,12.71167536649321,9.523352570594298,10.574192928616169,11.126267325773574,8.625914381715432,6.60475133757038,7.717557895626397,7.642168959365954,27.243455310715817,22.47738914395832,24.911372076013045,26.43808491625435,13.13279064426131,9.154118280010767,9.996295062415747,10.528045915615577
2021-06-01,13.68667168467246,9.464794348548137,10.502300661375646,11.05785292782097,8.881563088943128,6.576337282148288,7.679472686512117,7.609291868123895,29.007341159439694,22.38069000295549,24.788437486124675,26.32434661307385,14.21586072961119,9.114736687751718,9.946964562668423,10.48275360030448
2021-06-02,15.118257430419725,9.800766444825145,10.889403456805082,11.464837848692945,9.444503759540705,6.74852306759206,7.890534019865089,7.820938525391382,31.545625361679335,22.966675259124344,25.469718725232056,27.056538262699906,15.678945043694949,9.35338443776204,10.220345260681567,10.77432340691911
2021-06-03,14.742002808419684,10.088951104979104,11.191508898073145,11.779004970398912,9.451082249762536,6.940046411265382,8.098964870015173,8.025040811689893,31.038966860829273,23.618470384462242,26.142509072959925,27.762630159575394,15.235391358584488,9.618833847097969,10.490318781630616,11.055499896611785
2021-06-04,13.80884678031282,9.365871210718684,10.389428071259815,10.937952473406053,8.708296698925563,6.444263685524463,7.520681153780689,7.454294528533628,29.017199311555338,21.931215151409003,24.27587703528118,25.7881332883398,14.280258891829229,8.9316840240907,9.741287192175854,10.269225331473852
2021-06-05,13.551815602187519,9.058287825346218,10.04929032322337,10.583734205354096,8.41276760283063,6.241301508627911,7.286101014586952,7.224208406663332,28.43553057723984,21.24049121670794,23.518679848278566,24.99215030753912,14.037212198000036,8.65038050807325,9.437443370221237,9.952252850431327
2021-06-06,13.622460777271243,9.206705663731297,10.212395685253183,10.754198562123063,8.485660378468484,6.343692439208654,7.404412356061511,7.340526917418052,28.621443798626423,21.588949572495487,23.900574987666538,25.394554216824144,14.102216402906322,8.792293298037766,9.590688100562703,10.112496182994771
2021-06-07,12.2579290940862,8.411888441613298,9.3307569899163,9.825576155611653,7.605704732932209,5.807604313795638,6.778685686967011,6.721049993779174,25.88500208923935,19.764526396740294,21.88080266039562,23.251473685903314,12.694343885889232,8.049280600402243,8.780205238330348,9.259089050751061
2021-06-08,12.17694032327897,8.405451329345658,9.323401571711916,9.817216369836212,7.521984882082824,5.7998678413284885,6.769577258120154,6.711278008692933,25.73263046075869,19.73819751721739,21.85140171995557,23.21766750170559,12.60228379528797,8.038557928129713,8.768407394564278,9.245626916084623
2021-06-09,12.787605848579044,8.889924264882971,9.85942520247038,10.378186160593321,7.923794428384291,6.12964266963945,7.153505524787923,7.088925510397322,26.92372346436515,20.860492175558647,23.090677152781243,24.524139103100325,13.223334933904527,8.49562249117491,9.265696859485274,9.765883699074042
2021-06-10,12.157163507679224,8.452006295886768,9.377533567883262,9.877939612457963,7.387636602239927,5.812266815530564,6.786261235384667,6.728919748231912,25.48778037494784,19.78039389280849,21.905255642526026,23.278699102875617,12.551257028476378,8.055742780457303,8.790017593257472,9.269930624218434
2021-06-11,11.794684279108573,8.113304256112258,9.008219405909443,9.48961328000332,7.077320549557566,5.597747310903384,6.541404332202448,6.488322124015223,24.64319835620247,19.05033788645352,21.114886266222502,22.44635157778012,12.209082588035411,7.758420925574435,8.472862622037116,8.93847723076304
2021-06-12,11.61227815869605,8.068301736347982,8.948833597600348,9.4243291756896,7.019288030295402,5.568938989976686,6.500240858003098,6.4455964102228505,24.407769883908564,18.952296975152287,20.98201539753715,22.298541963080886,12.016640004798328,7.718492885329923,8.419544948304596,8.87961720306995
2021-06-13,12.159430385401425,8.559721485567847,9.496952692863553,9.99697779866776,7.424696054523141,5.907304806339795,6.897640288909749,6.83615696377627,25.58345114549546,20.103828613314537,22.264774169158635,23.64968626971518,12.572804142192192,8.187464470570514,8.93428316247857,9.417663334018066
2021-06-14,12.390273581428483,8.67793844340897,9.6281136024801,10.136951035083646,7.584920295235663,5.993167865371169,6.997897938501189,6.9372132971872364,26.062202963507325,20.396039067924754,22.58839410777345,23.999290673680896,12.820588599279654,8.30646979841468,9.064143548514453,9.556881103720801
2021-06-15,12.426672972034773,8.888804655179158,9.861876811824226,10.37327200649847,7.838254996952926,6.0893339439790575,7.11052893947253,7.038516930654612,26.137691778812094,20.72331291380328,22.951953773983526,24.349750612237106,12.780190173170759,8.439755006760654,9.210030723461701,9.696439560257687
2021-06-16,11.601393706178596,8.243913536606305,9.142704604455975,9.62859898196128,7.159700649965147,5.647373522269678,6.591514156154541,6.533568432151475,24.318214219965395,19.219226555777876,21.27663490303435,22.602881189074203,11.93595482138016,7.827202350554316,8.537768203896723,9.000809693196592
2021-06-17,11.581436115713649,8.303551162123892,9.207563525624735,9.69335971757357,7.197845456077003,5.702237927344951,6.655990063632213,6.595754362253806,24.32505575340687,19.405941924759855,21.48475557317861,22.818013425666113,11.928625201244408,7.9032438588189144,8.62128169408111,9.086478608775883
2021-06-18,11.0381259011813,7.8207438065716826,8.671205601172975,9.135164440807863,6.7326801966154886,5.3661613341423005,6.262620042996697,6.21048676531157,23.137989353383336,18.262201005306768,20.215003265501892,21.48518010339877,11.370798625129163,7.4374451136307504,8.111762640494272,8.555724189189842
2021-06-19,10.788104479801913,7.628839505242638,8.458115123513437,8.91548761581739,6.5527894520684775,5.246293175477018,6.123406705401131,6.076807197648944,22.643110124665206,17.854263883894955,19.765638933197746,21.022715614557384,11.130741548929953,7.271309063029224,7.93144425246927,8.371563824008838
2021-06-20,10.69619351869369,7.733194484221499,8.571128063155333,9.023163699879124,6.663791861126394,5.317167592212787,6.2039623202630425,6.148106773520403,22.592380107831772,18.095464765487414,20.02566301358389,21.269376510358743,11.020556149855315,7.369540284867268,8.03578525074676,8.469787929302752
2021-06-21,7.467746342025866,6.13387648095983,6.798515277115254,7.161701860030141,4.896437661518714,4.232178028671719,4.938018703976507,4.898674688882807,16.17702163326493,14.403011955323434,15.939345440192016,16.94696598444935,7.652291642588707,5.865755768297443,6.396050752874918,6.748538579092201
2021-06-22,7.644496579925287,5.956853814891178,6.597901575906324,6.963067328854316,4.92896173908958,4.126198241548906,4.8100976543821234,4.782972219297635,16.504611248047233,14.04233994894482,15.526431289641135,16.546693269703336,7.880140206468257,5.718868859611872,6.230358888462207,6.589143920478964
2021-06-23,8.903037521059963,6.54247862520165,7.227024214301235,7.6206552924253295,5.609809734859495,4.530579944739986,5.2662140332401135,5.231521043522761,19.018727406941018,15.418537846603476,16.99872148523971,18.098448009359576,9.206384340194308,6.279337793578594,6.8211512048307,7.207076164838725
2021-06-24,9.812663365564093,6.938088022384486,7.65938920879357,8.081742224822891,6.053200645805319,4.826602739356097,5.604586375245533,5.573717257956577,20.89588950146422,16.42596707595521,18.09094773425896,19.282275875941135,10.195218651991368,6.689622380687976,7.259433601592984,7.678494354735426
2021-06-25,8.950355190960202,6.346026001917244,7.008485393321608,7.397504034131872,5.4690881999199465,4.425494562144157,5.139343579691921,5.113972581796786,19.089975981824097,15.060909691170586,16.58919853555343,17.691789084463963,9.310503554286361,6.133690520484391,6.656820142398507,7.045138420601294
2021-06-26,9.113333903628046,6.42154281478813,7.0930297179261,7.487443440104373,5.540623220535082,4.482057335067171,5.205230969971613,5.180417853768036,19.38970674824555,15.253404971169974,16.801875306699525,17.921656515032424,9.487298050091919,6.212085949338361,6.742161879128671,7.136675113640716
2021-06-27,9.766094159347423,6.782783575008332,7.493843530258197,7.911712793317786,5.972402534340227,4.742614914822813,5.507645389527346,5.483023659455763,20.809274074833297,16.140138447608457,17.778033597779363,18.968521355297284,10.18322561912962,6.5732161088144165,7.1338691795327875,7.553552551649696
2021-06-28,9.647890658252367,6.902681889943694,7.626311152397552,8.037784458654178,5.964443528988763,4.813259831907149,5.5896860272053095,5.555998797864652,20.583210871494796,16.380558292533525,18.042851157710768,19.22097886000413,10.03155644344724,6.6711292464662355,7.240133678280821,7.6540849544207195
2021-06-29,10.068977200771661,7.355866186751384,8.12783405489197,8.533039971958702,6.181967128241976,5.143733684330992,5.974686427526935,5.91188317866769,21.439328940041218,17.505231880255042,19.285587312273496,20.452160940649982,10.474842773211602,7.129162649833019,7.738811842126429,8.144360309711432
2021-06-30,9.915631309557483,7.401477002884322,8.184083458685489,8.581488217903134,6.114287629024653,5.174245708922784,6.014822963215229,5.94377269566686,21.207310196779613,17.609070861507593,19.41514334384404,20.562482730556123,10.30289112423367,7.171452006055566,7.790799356693795,8.188292117681028
2021-07-01,9.469741865800447,7.000516944284019,7.733805701644263,8.116603436475403,5.804012979973528,4.9006714737914585,5.691257816637042,5.629511804227663,20.26763170043165,16.678038907612777,18.370712985659512,19.475297118996888,9.851676306675628,6.792280894418097,7.3716962257743175,7.7553583377363555
2021-07-02,9.538738102426843,7.044252300924551,7.7817798831961476,8.167646974248267,5.828940618813663,4.932269203326863,5.727661046378492,5.666043751084814,20.494196444409763,16.785572776267713,18.488218343328647,19.601679395847984,9.925007378748168,6.836075026666728,7.418848113799241,7.805685674902534
2021-07-03,9.651930311183502,7.180117601440372,7.939060105502724,8.324103910212513,5.899035885524849,5.0298241013992016,5.846663085564012,5.777246552491966,20.73924300424814,17.117573073447378,18.87234297394979,19.98638550770704,10.041814670688469,6.971285124686419,7.572987481824166,7.958881476432773
2021-07-04,9.741933774702177,7.350717991779256,8.124347646240317,8.521566986037614,6.014752483711095,5.146665275036599,5.979872043850594,5.91128416843645,21.02159026581777,17.515208713860556,19.30232587380153,20.45008866464517,10.12557085523069,7.133225804779528,7.745528597809097,8.14353509801408
2021-07-05,9.211899371082382,7.000485490536721,7.737254766294597,8.11635185369141,5.701920609650346,4.901898221598664,5.695479027811915,5.6307508474375565,19.920765265764913,16.682213794211034,18.384338560434696,19.479583589208715,9.57175347528383,6.793981154420774,7.377163819668068,7.757065275109052
2021-07-06,9.37547183236875,7.192978399941444,7.949793556034561,8.338780206470073,5.967583656817278,5.022381898414484,5.835315338926443,5.768904288546546,20.306811529924722,17.092245656255415,18.835713778220267,19.95752544405816,9.721733563575967,6.960970306928116,7.558289124491859,7.947388961896055
2021-07-07,9.098353179564603,7.111353020884046,7.861409880599611,8.246514332228365,5.809727977481297,4.940006965788066,5.74010143370425,5.6756598275820185,19.717900528281415,16.811906045917794,18.528374455097797,19.634946214253343,9.397033400790237,6.846799486857918,7.434961732133027,7.818933025939778
2021-07-08,8.480060573011443,6.711313569966369,7.416198654567923,7.780215142812555,5.4157890525006005,4.6773445216677025,5.434216793686588,5.373402511762857,18.419507607469424,15.91800926339813,17.54101469921756,18.589286974752692,8.77018129415607,6.482752006748089,7.038759571030975,7.402535676418358
2021-07-09,8.831598731642945,6.851093603014416,7.569003982188936,7.940118237463887,5.58399135086182,4.774427294554996,5.5456587328652995,5.483302823296936,19.10038323822728,16.248402817043246,17.900736213367338,18.969487122657014,9.14328524485694,6.617307744055926,7.183106593939545,7.553937134842437
2021-07-10,8.638005732474669,6.749837643324137,7.4570984362314805,7.823043007373088,5.458368614855651,4.707931097896746,5.468649922987859,5.407308280944951,18.713791785731456,16.022101959904468,17.652160803641543,18.70658398945537,8.94395554602094,6.525144690782765,7.083359653734972,7.449245124567351
2021-07-11,8.7209165924252,6.814740115192831,7.528832328383368,7.898470866136832,5.509950567497746,4.751952320348875,5.519745039927018,5.457989259646754,18.890758594385236,16.171915646609172,17.817089850699308,18.88191484456752,9.02839777730866,6.586157658048493,7.149541452703001,7.519064527103197
2021-07-12,8.422180325447727,6.6074783933742625,7.2998523929365,7.658081930087874,5.295734857853631,4.611290029598635,5.3563553572594085,5.296425427389514,18.25102373260291,15.693211621964268,17.289687110951654,18.32298473724799,8.721603533712523,6.39120115154985,6.937908252124681,7.296490091317867
2021-07-13,8.106550739655717,6.399728190937514,7.0712018362552485,7.418666502967666,5.097588050766983,4.472387111471908,5.195633348648537,5.138040928345405,17.56688842561894,15.22049512070771,16.770895310299455,17.775053533762275,8.398705561679286,6.19868311764027,6.72973040068169,7.078295585657985
2021-07-14,8.050149330209445,6.421172456151949,7.0949764621138325,7.443124985340059,5.089530086899153,4.499912674110745,5.227290941384711,5.169372114492994,17.503771756732725,15.314170529700041,16.873082308096862,17.88344377798499,8.349404611637652,6.236833267924724,6.770735423544677,7.121458222876082
2021-07-15,7.62175411698117,6.1594960227422115,6.808267792662596,7.14252702794225,4.770534590079206,4.321048283912144,5.021146638223125,4.9657875714769935,16.614612488597004,14.705456545326223,16.207672665971735,17.179143014090283,7.90446879967085,5.98892903954808,6.503723590564829,6.840994989469646
2021-07-16,7.203999889702035,5.9450179440599955,6.575246437386031,6.899394847373051,4.566404966806517,4.187860436778633,4.8681928530176535,4.8160438408811395,15.791697726969552,14.252189659677322,15.713955779721047,16.661104550635745,7.481056495194403,5.8043320359962935,6.3056076595274035,6.63470422572559
2021-07-17,7.5429731508830145,5.987235379571892,6.615474329481256,6.9392223632671595,4.7213803282020255,4.212775146832415,4.892641950407165,4.838285207515583,16.41493036778519,14.336979775862641,15.792874599667698,16.738048562585952,7.843373929260488,5.8388635711121015,6.337275759050674,6.665344496884014
2021-07-18,7.475899702488083,6.013083907087006,6.641889271544023,6.968831531156909,4.7033010337802015,4.220466229749333,4.901129394969926,4.847810792831471,16.28941786286114,14.363154184985152,15.820271075643252,16.771002326732948,7.757978472300506,5.849523333928961,6.348269262607458,6.67846718497322
2021-07-19,7.11165683371497,5.694308156562424,6.289778229996407,6.599626974055818,4.454057661704147,4.014408946725728,4.661839858720132,4.610248587261008,15.509909053581126,13.661896938535637,15.047872507076194,15.94915583300067,7.400022628253632,5.563930032251441,6.03832551588712,6.351195461283374
2021-07-20,6.921717004584834,5.4791083931143145,6.051372625465287,6.348685628728266,4.302260084006282,3.863087533038619,4.485524849015049,4.4352671045830565,15.0464987061149,13.146917626307626,14.47874832702459,15.343807361590324,7.206734886789801,5.354200089609907,5.809950570757972,6.110136529740357
2021-07-21,7.661932336790201,5.987449264082662,6.612313664355438,6.934242836927611,4.764501797291339,4.211715738633213,4.8905404503499526,4.83407130790682,16.6479232271812,14.333374381936556,15.786091203864133,16.72347057611674,7.972718056370708,5.837395242106716,6.334553756193076,6.659539321834791
2021-07-22,7.786189219159072,6.216721322845377,6.862781861418551,7.1964867405490756,4.896547328623723,4.361031217043078,5.062106126164615,5.004034328849523,16.9228024217542,14.841527065042632,16.339885090932185,17.31145767823377,8.081450042073621,6.044344978825056,6.556777047708393,6.893684693123464
2021-07-23,7.96837228933927,6.3957704757103455,7.0608076805366515,7.404208745060777,5.01859304069749,4.490929406746805,5.213207832661773,5.153197362632422,17.325262751014613,15.283598539021915,16.827623684251243,17.827487220957412,8.272782345038907,6.224382550586935,6.752494043033575,7.099175474199989
2021-07-24,8.128200747772429,6.530716694594965,7.20972670298729,7.5564993552800654,5.097220613209571,4.581885402081447,5.318774809046235,5.254846932075501,17.663474111698747,15.593141351100725,17.168381507285307,18.179143925085,8.434370718440839,6.350446636426646,6.889231422792552,7.239210500916812
2021-07-25,8.12819499425328,6.525290797130459,7.201584772321267,7.551430920994403,5.1134934724608785,4.580530761931157,5.315478833054628,5.254072454761302,17.66257430053171,15.588531219355884,17.157742483206583,18.176464620674516,8.437271603484882,6.34856911893525,6.884962255139217,7.238143561312644
2021-07-26,8.361579729376379,6.72205019391306,7.418736700064292,7.78021397577564,5.371652748256068,4.723944202540772,5.481903020022549,5.419062272901601,18.192951919776124,16.076597998603035,17.694940247068562,18.747246926784705,8.684377668535847,6.547338691199973,7.1005259478193565,7.465437722201525
2021-07-27,8.489178165316325,6.926216624572484,7.646722411640172,8.022046606416211,5.593778258049426,4.867404099308899,5.6505224891975905,5.587809565224819,18.513395144110955,16.56482287814793,18.239224124518934,19.3310282155197,8.810273499149458,6.746172651228612,7.318933116244599,7.69790827488897
2021-07-28,8.520437381955507,7.044351009857093,7.775675899662353,8.157679109150996,5.541156436418094,4.952960528286836,5.748619948709723,5.684930642163013,18.548175204041836,16.855989804745946,18.555871222819714,19.667018598996265,8.839272326268135,6.864752992932661,7.445995480196852,7.831704735398549
2021-07-29,8.56454467645575,7.179433000666538,7.926864018431446,8.315724363222753,5.588015688808828,5.0349518469689745,5.845755194332883,5.781350405883218,18.633183946479452,17.135023894335557,18.869412407497414,20.0005827892666,8.865505544344282,6.978392127971839,7.571811520625859,7.964535049019795
2021-07-30,8.789992012128335,7.464417610920343,8.244487213201847,8.650508513831028,6.038368476022641,5.234909782495579,6.080305660004788,6.014493210803137,19.20569548234246,17.81552374959693,19.626513811850497,20.80714036563794,9.092590465072004,7.255531795959801,7.87561690745841,8.285718494209673
2021-07-31,8.83449350481172,7.542887473117658,8.33016017676108,8.738659075479827,6.096028362128265,5.264636913981926,6.113743950457667,6.047869867476147,19.300615707847204,17.91669157082153,19.734448693107367,20.922606915518426,9.109518316515121,7.2967332983091024,7.918928408618532,8.33169902353735
2021-08-01,8.734425195055412,7.451289833770273,8.231353078589681,8.632540490888944,5.961159883820468,5.1503841411294875,5.97897274147159,5.916619429221854,19.007324518006442,17.52786481491141,19.299423031156852,20.468546000310592,8.951239476541687,7.138380115417714,7.744363761464178,8.150885088680235
2021-08-02,8.733065807561312,7.524937097751672,8.312710353186025,8.715354136317304,6.126017091594592,5.216003931406636,6.055149377352989,5.992089251791111,19.08171492132643,17.751183072665377,19.545312280788,20.72963386532767,8.962191301281601,7.229328478346922,7.843032814476947,8.25485423166532
2021-08-03,8.496639069305854,7.394241210670828,8.16928550976403,8.563395246885479,6.075035151161138,5.135083096772449,5.961585423543887,5.899567150136101,18.75229378617462,17.475792070496983,19.243298807385706,20.40955363768659,8.725601608958456,7.117173023327014,7.721842549093638,8.127393436227214
2021-08-04,8.802075969838345,7.690613026155288,8.491490368630654,8.907710098731146,6.224351067183181,5.310440070978031,6.162992510566987,6.099924417224612,19.32418752003886,18.07256956398183,19.893417271209827,21.102689639918367,9.001557322213246,7.360216008756531,7.982718424179137,8.403410692408121
2021-08-05,8.843535004856044,7.7768331585915575,8.587381516353283,9.0080656534796,6.230305535728128,5.376162180335198,6.239883398791557,6.176695327921051,19.44603613937288,18.29623603556867,20.14161204366536,21.36827861955001,9.047748395440154,7.4513061848915525,8.082312624404006,8.509172247418649
2021-08-06,9.031414625282807,7.952916125358827,8.78076989658473,9.214496230735062,6.274752404639438,5.476556008455903,6.355686305298314,6.291159117090969,19.764415867235503,18.637897822210714,20.51541024906767,21.76426611917232,9.212950245923938,7.590451011127823,8.232308262685244,8.666860468454294
2021-08-07,10.655683848358814,8.597913571471153,9.480923898480416,9.945812228183255,7.02660438195872,5.947270731134677,6.893768169288674,6.824816835901616,22.966063868392215,20.23984125000573,22.252275420991403,23.6104550952534,10.967124816281734,8.242856836466443,8.929267735218716,9.402040886047061
2021-08-08,9.96935701214944,8.17673490626954,9.01330310817443,9.454055764020938,6.572487146408831,5.662740915448408,6.561332527053529,6.495671732699285,21.581593354328657,19.271525099500714,21.17921214280839,22.471777550370316,10.258872550535653,7.848501401438074,8.498674947449745,8.948602238218255
2021-08-09,10.57216682685232,8.620285520988562,9.502233736366163,9.96420668973831,6.9606258927200715,5.973123854767837,6.920968559499098,6.850000301759914,22.82246760066912,20.327824989406157,22.340075091600756,23.697577300008017,10.886865281781091,8.278689003273309,8.96449949247062,9.436734267766338
2021-08-10,10.709169652517627,8.758620951145906,9.65198577759267,10.117296062913855,7.018828871461464,6.078033926807094,7.040285480666747,6.966005603442614,23.390515772274107,20.684856525314746,22.725216124343262,24.09889766245096,11.036729241563005,8.424093297716448,9.119046716613473,9.596546115562967
2021-08-11,11.146780541281078,9.284344459515147,10.236449625651982,10.720979846029651,7.324643493435209,6.454724969086475,7.480348399744058,7.395860519464416,24.428878181322972,21.96681714905438,24.145687633886958,25.58598082324994,11.489220408360936,8.946183256869167,9.689045522533378,10.18872515753302
2021-08-12,11.03146529511728,9.076247568836182,10.008531559592033,10.485815110860022,7.156790304354738,6.314653968504867,7.318982284445173,7.239446297437787,24.211761422956748,21.490125412009426,23.624816732361307,25.044865793467483,11.383722822441255,8.752046272539463,9.480033381203336,9.973244955497776
2021-08-13,12.093720671275708,9.9743572757413,11.013055061438145,11.533777676211857,7.874092999012024,6.942109873719144,8.057316009351434,7.966713762770376,26.76941508890441,23.625492790936978,26.008071433674516,27.56084772314302,12.481127153471759,9.621693785103595,10.436372403017234,10.975147073687808
2021-08-14,12.399659322608523,10.310913820801032,11.413608361985585,11.941297191103086,7.890664522532766,7.193565594956858,8.370958480113437,8.269597144172016,27.378960546405892,24.481250685497468,27.020472557664807,28.60867283664106,12.810274232703621,9.970208861106777,10.84262302325798,11.392406907045109
2021-08-15,13.672516428595596,10.619871319282783,11.73543327707655,12.291535191223439,8.501342087213592,7.419756469211076,8.617043917556684,8.523811983327217,29.7157037979135,25.251026872604374,27.814807498528843,29.4881291193133,14.189034286935971,10.283707115765342,11.161369273887395,11.742619721402834
2021-08-16,12.985253387856584,10.25704492483962,11.334493866876848,11.846530165045138,8.244640359602396,7.103577658610303,8.249844979417224,8.143390317270786,28.191258874186925,24.175002386334796,26.62953237683615,28.172060295833983,13.396603078115774,9.84548649519353,10.685748749637364,11.218541179194133
2021-08-17,12.135866200980036,9.625332968804654,10.640522570296344,11.106559598771348,7.704466505646445,6.652687594148127,7.727833111783434,7.617420705480393,26.30679028628633,22.640526533714894,24.94453926909551,26.352468327399222,12.501415448056639,9.22055744481587,10.009604206827095,10.493952092955562
2021-08-18,12.386710632637996,9.746184207612593,10.769562245691258,11.27036861241001,7.695955641043067,6.733157033496496,7.817186032314935,7.7275692908858895,27.0055213591065,22.91438134065374,25.232960020781753,26.733527378807242,12.762070688893061,9.332087270553728,10.125340061407163,10.645695579766063
2021-08-19,13.144427319408313,10.380982052007553,11.481857411342427,12.035766243557662,8.122724969671836,7.145108123949785,8.299848178725254,8.220576766464873,28.889425541222465,24.31633949095146,26.7909368417977,28.43908683097444,13.507152818268654,9.903047298395752,10.750516224155579,11.324875190585331
2021-08-20,13.59259696816556,10.813347000179753,11.959280186091505,12.518393159948285,8.48594927644989,7.430648002666663,8.6282478945413,8.532798304204933,29.781643181886317,25.28809310316223,27.85097262267427,29.51921729803756,13.945962289082036,10.298802670526953,11.17588141118852,11.754999505115558
2021-08-21,13.222149424267535,10.551489394296494,11.67681822660056,12.217584380880943,8.242188187541718,7.24091467359916,8.411237195640185,8.314617516763326,29.01961714239502,24.64238978246798,27.150487529084632,28.764420823875984,13.550414788095368,10.035834203256384,10.894794698622883,11.454428114937738
2021-08-22,13.366567805759297,10.699270400918792,11.853010494855274,12.419298657694085,8.286123511162975,7.354770977126978,8.55698510995825,8.471364990926626,29.739222029105893,25.029867268006267,27.62094470893135,29.306688739486358,13.712239837575568,10.193637883690151,11.083577105695037,11.67036741357435
2021-08-23,13.61543945021808,10.887867485456626,12.061944668734466,12.666623930987901,8.425508856025353,7.4924772112774365,8.717200866348016,8.65305524738176,30.559288310487148,25.498511196346424,28.13810238676713,29.93524621500904,13.978895053063725,10.384497325761421,11.29109922553917,11.920668522140566
2021-08-24,12.490526096556245,10.098236185219083,11.187613392167618,11.73525446916787,7.6866653287288225,6.968314263824518,8.107422638466275,8.04157207010478,28.15597923238812,23.714671965681692,26.169809757926284,27.81982005109299,12.839797932648123,9.658012803673696,10.501273846710818,11.078273777765185
2021-08-25,12.675018346697744,10.321131185078862,11.433277484236054,11.987768359275309,7.845858586579268,7.114538517249202,8.276947287613455,8.204351909954429,28.529430891900493,24.212304545399743,26.71701545020288,28.382956936901433,13.01429405297609,9.860678133955187,10.720853464531121,11.302523416471923
2021-08-26,11.752478925900332,9.667219352495806,10.711423796666944,11.214252807683973,7.264028547105606,6.67153377516524,7.763246531009517,7.684113247503608,26.4821798181513,22.704664140560052,25.058849634467016,26.58319118875779,12.069135829889401,9.246678060315164,10.055474026340022,10.585829431494247
2021-08-27,12.887800400550628,10.41105565460338,11.532565698872897,12.136870986174364,7.839820454859248,7.166078121713545,8.337350360166244,8.296221277878354,29.20632562533494,24.38770490290917,26.911989486711203,28.70077903208014,13.22653394719685,9.9321115023377,10.799091547624268,11.429084989355795
2021-08-28,12.574881443440987,10.27912348407762,11.384487407803976,11.95684026338519,7.695143668441716,7.081797004590519,8.237642685467787,8.179977538839701,28.48287767401782,24.10087813680738,26.590144802571555,28.29863379556056,12.904070491094735,9.81529872991326,10.66994352570428,11.2689446642061
2021-08-29,12.450882642881647,10.24938732444477,11.353273757980027,11.922473958586925,7.655818089236014,7.065245113476811,8.219618048606009,8.161661832472486,28.275397874446245,24.044548491887227,26.53196338800086,28.235270606024663,12.776128769133013,9.79235797692066,10.646596815397729,11.243712482264524
2021-08-30,12.081811704426102,9.952938614368778,11.024896728782808,11.577869873367142,7.416488520879548,6.834533066312823,7.951210530332839,7.891310581599627,27.347041710638738,23.259385781096686,25.66557538727184,27.299990404056288,12.363731842137465,9.472593422523452,10.298937518776205,10.871269737584653
2021-08-31,12.540690730686961,10.447090214048403,11.58046557363983,12.17633725502243,7.7483289953583805,7.075281760275447,8.23245973656812,8.166098685029217,28.109308146542375,24.078705359309343,26.573414851175436,28.25061989825825,12.694259713946302,9.806268667457456,10.663230225046846,11.249824802953382
2021-09-01,13.262535600002002,11.076917378879445,12.284400986045496,12.910416105135617,8.38476907964323,7.506487199585935,8.73995228525422,8.663784330666845,29.76215013946108,25.546190199387933,28.211541299606502,29.972363480601153,13.429394108571135,10.403915027280028,11.320568378806415,11.93544917957675
2021-09-02,13.332650475101772,11.169716297920365,12.372581766193452,13.016557032016214,8.449872152788105,7.602370793114105,8.848066679708435,8.772690385970984,30.112838166310762,25.872502687792167,28.56052188950892,30.349123998895685,13.54741069763941,10.53680871417426,11.460605344135978,12.085480925384378
2021-09-03,13.535877693348413,11.610052541347315,12.86004411147477,13.527034837084841,8.600037056544265,7.888923647653894,9.1790678170748,9.102300212161945,30.466824162736124,26.84770367456729,29.628954754157714,31.489409253043146,13.710821247783592,10.933968060508848,11.889340065644774,12.539559787396923
2021-09-04,13.45118687354858,11.453619932297938,12.681485474982892,13.34655330020317,8.494211045638938,7.799731721659561,9.074535626955438,8.999902775633847,30.11789040072659,26.54416436981411,29.291537099868435,31.135165302597798,13.65782703026497,10.810348956859983,11.753943009984736,12.398494480003015
2021-09-05,14.108862176439146,12.116920860098537,13.422135457019948,14.126406899234098,9.16017653395618,8.248937355147048,9.601680526034475,9.523486641572267,31.51825121852449,28.072907741592704,30.993099031314674,32.946503782820194,14.312870279789843,11.432943403012784,12.436736197040409,13.119796902206009
2021-09-06,13.955783803832466,12.210095143603077,13.525346319643223,14.228841477056802,9.255026839562595,8.320261666337066,9.684701310446023,9.600732065963225,31.17017458347081,28.315639710762127,31.261080389989104,33.21373434266504,14.148934779096974,11.531798173995563,12.544270247126557,13.226212159325199
2021-09-07,11.603842862990987,10.155304583384885,11.24511714262518,11.818225392398707,7.609710536339135,6.935758201425405,8.069745723958965,7.990064176777169,26.197153355896248,23.603876684203463,26.04819309516051,27.64162848468123,11.786481324721574,9.612890431808214,10.452472197335444,11.007315196653845
2021-09-08,11.673264078127106,10.160337111853694,11.245267314816866,11.82103357946629,7.534988978250502,6.9421577986385765,8.072829722879458,7.994877561688905,26.282941119026507,23.625655889743996,26.058147882105995,27.658280390666,11.865879633522479,9.62176020855523,10.456466798166218,11.013946237871297
2021-09-09,11.648478226250841,10.246227789102289,11.336012922853639,11.914343230346061,7.592094483225778,6.957738383007353,8.089695181502597,8.012974627081556,26.202729705708933,23.678679968933036,26.11258760522511,27.7208871917103,11.77217227477493,9.643354740263359,10.4783120636038,11.038877214457235
2021-09-10,11.107861672389442,9.821148891531726,10.866621207061234,11.420198540259378,7.196116391870452,6.655994635779525,7.739117985483606,7.6660784126554,24.893106421557306,22.651781107561057,24.980965518354378,26.520799674293414,11.201850625216105,9.225140970932673,10.024221126942837,10.560984185285736
2021-09-11,11.4261375551399,10.137390457223457,11.221560628662521,11.78464699525894,7.346198701087179,6.840524528814515,7.955754197292468,7.876590756380536,25.794741976794487,23.279776016445282,25.680241811515316,27.24906716601171,11.474478229165516,9.48089752870513,10.304822778881546,10.850991332775703
2021-09-12,11.87249843582594,10.646393609621542,11.800785048881174,12.398696781460218,7.783734187468747,7.132946354857474,8.301746483379407,8.227243574634608,26.478275371120656,24.274950375359506,26.79706434666295,28.462150655060114,11.830394803285497,9.886191209941384,10.752975034792039,11.334059554722625
2021-09-13,11.237942087295542,10.137909396017527,11.237165749659747,11.802817707057702,7.256459375629511,6.779538948382862,7.8904299603127654,7.8150251512060604,24.925668483402067,23.072228971375647,25.46938283319716,27.036080943621464,11.169697592589038,9.396372133559545,10.220210475817861,10.766176992560787
2021-09-14,11.575719350633493,10.650405590600442,11.801074932448602,12.43464839511515,7.843336544661544,7.107189969744542,8.268184089083997,8.21576829506273,25.623017750397217,24.187295857946896,26.688728872752396,28.422451923277013,11.456434573677695,9.850493121741138,10.709502786068361,11.318250918343397
2021-09-15,11.888514671387682,10.91028324149102,12.08409242884021,12.720380376420769,7.977103610032824,7.312148690076832,8.504632745861066,8.446339512531798,26.479527867024757,24.884814459313546,27.451957415447897,29.22011309239059,11.826267141869097,10.134563826684833,11.01576683646116,11.635891679394447
2021-09-16,11.617889389270402,10.650017177418018,11.79598081435268,12.41152873834638,7.772017885747001,7.138555237087047,8.302843865019383,8.241981592852202,25.841361099448545,24.294038607768744,26.80060656593912,28.513136831786362,11.559748611864192,9.893965063751157,10.754396436590076,11.35436302266805
2021-09-17,11.307550071014658,10.22410711493422,11.321044833287367,11.883314863201267,7.418929261969285,6.873238827979813,7.991649330774937,7.915120732091452,25.129006492854657,23.391109811667437,25.79610709402997,27.382361624048787,11.3003845704168,9.52623921512159,10.351316546786926,10.904071205200525
2021-09-18,11.448469222409202,10.38678065980507,11.500061525537824,12.076879721219267,7.538602949710766,6.9570129342896045,8.089426983807984,8.012447528231652,25.365493115080113,23.67621111093985,26.111721894510563,27.719063693142413,11.395261018195576,9.642349275707781,10.477964676084765,11.038151069703913
2021-09-19,11.073422322996022,10.076618291644257,11.157325775027001,11.719157259779774,7.286769891392339,6.750271856867577,7.849549996726628,7.776620611131038,24.51921033687965,22.972626765103513,25.337427103532306,26.90322043018977,11.020523338025312,9.355808241938252,10.167260023916567,10.713269923451511
2021-09-20,9.794960948816229,8.88485509544435,9.837747138440573,10.321882452332797,6.368121176087051,5.98372025673245,6.958165880958043,6.889974043558325,21.8296751990014,20.363886824032637,22.460143684234186,23.835866467089527,9.806068470736248,8.293375508785612,9.012679940983466,9.491803108995876
2021-09-21,9.397179928110482,8.410966924840587,9.314458155333789,9.770369909087906,5.989921360110315,5.6692061459027006,6.593181692718565,6.527411674886018,20.922775762100898,19.293527669075125,21.282017515560042,22.581581886185408,9.426523057085143,7.857462145190754,8.5399281083311,8.992327988130047
2021-09-22,10.581343601283649,9.4266894155103,10.433134047092347,10.945150625245645,6.753300164229032,6.312364854359086,7.339964314467898,7.2619920461798015,23.501170816045864,21.482335064300663,23.692544265329012,25.122862815374653,10.552346596778275,8.748873583580274,9.507210704127532,10.004304551172762
2021-09-23,10.720138045595581,9.619324669477221,10.645213516887923,11.17430456506132,6.901990499541367,6.4179959977501815,7.461925631557312,7.384047661493541,23.8253950741717,21.841820561084912,24.086221098076425,25.545114238933603,10.643165835918007,8.895277275594298,9.665183126014712,10.172451464583633
2021-09-24,10.046848527485592,8.993406705253223,9.95556113184491,10.441209759012981,6.395383076788617,6.0094235954879505,6.989675223779721,6.911448711532686,22.478685769751163,20.451360813283365,22.561852148688505,23.91015808488459,9.993380404587327,8.329000075273168,9.05349294068209,9.521387156621461
2021-09-25,10.002550860406798,8.977803205977622,9.936300902577937,10.417204956952006,6.537271215317862,6.0157475668022515,6.995986874418901,6.917456273256025,22.526448475105994,20.4728826476268,22.58222541697011,23.930941245768075,9.976376407550418,8.33776503529236,9.06166821101675,9.52966332612262
2021-09-26,9.841354425250007,8.9024073634832,9.850084671839733,10.326220464667506,6.51049721941869,5.979225843200856,6.951234756493204,6.874822474134993,22.18055229849799,20.348591368267503,22.437770827070832,23.783449609891196,9.832328088898807,8.287146297273372,9.003702286885904,9.47092992241355
2021-09-27,9.561308502492022,8.606837039091328,9.523050353719746,9.981913932414397,6.228712939191898,5.782583003738074,6.722624803276006,6.647844423562715,21.499842243373134,19.679373497817917,21.69984470045234,22.99821900231593,9.559943492156673,8.014601318763756,8.707591447489513,9.158239199273595
2021-09-28,9.297495534082737,8.319625620719298,9.20571117156415,9.643339943947456,6.02731720324305,5.599299702946403,6.509846059681932,6.4340650832164625,20.852518211020474,19.055621010415564,21.013019862436874,22.258649335187823,9.317233314470837,7.760572525180901,8.43198624533329,8.863731354322457
2021-09-29,9.452259674999242,8.538003180970463,9.446532236215306,9.899068894355644,6.169603733245213,5.741455758060935,6.67462967386828,6.59897736918344,21.183150202945477,19.539408636424017,21.54492204970166,22.829163418730186,9.45658724095062,7.957599373918685,8.645424958866169,9.090918704921613
2021-09-30,9.756904208823885,8.874556261914208,9.818148055880119,10.296101846796663,6.416044536357836,5.963348189479705,6.9320852581370165,6.858638337902154,21.848397500404555,20.29455629818799,22.37595849147561,23.727460587626044,9.747976010191538,8.265140030459708,8.978898581043389,9.44863424558805
2021-10-01,10.645750149348684,9.671711538379203,10.699720693430507,11.220947176744978,7.013333863643739,6.483433628423492,7.536501768780531,7.4568053100768505,23.729564847615663,22.064518890533854,24.326944125682378,25.79681933754898,10.611417241007029,8.98597316716249,9.76177910655423,10.272684247851075
2021-10-02,10.60267492240014,9.776616967256086,10.81586963205316,11.34300498002039,7.067151939271105,6.557323083881631,7.622558878310646,7.5421593302992695,23.688386318242884,22.315980597278248,24.604726385858985,26.092101586159618,10.559619578734447,9.08838320205083,9.873246007187287,10.390270112382728
2021-10-03,10.696081021152244,9.877409450038254,10.926831972584083,11.45927036577245,7.181007588264181,6.6313846008171256,7.708353537902708,7.627016760153594,23.895454724665676,22.568027866231656,24.881661488405342,26.385665880300774,10.662045444075702,9.191031712399433,9.984372965178467,10.507171861419899
2021-10-04,11.043749549222577,9.777350026794089,10.816141764732222,11.339698470410644,7.236485581271303,6.578063649658962,7.646373006347696,7.563317317949348,24.445380791912573,22.38656520284713,24.681595599180078,26.16529764831476,11.074646224251579,9.117129415589563,9.904091652109162,10.419417893156282
2021-10-05,11.469798682225255,10.140040526089363,11.218806124255977,11.762666400836181,7.490087660403843,6.836836559952431,7.947846357172745,7.862280657406304,25.352901518445154,23.26722506531526,25.654716230728724,27.199561375986352,11.527348053277771,9.475786041315072,10.294580017607554,10.831277377240461
2021-10-06,11.636386974402008,10.379026772688345,11.485884515384166,12.045241084682239,7.511331233424353,6.995569063255404,8.134567380206038,8.04881827373586,25.60043022773397,23.807425909250142,26.25742980179661,27.844888293883443,11.682054709499303,9.695787678901649,10.536433524356717,11.088256331795003
2021-10-07,11.401994011116539,10.334321904212368,11.423832598930645,11.980185180664252,7.380812218219769,6.929512591520964,8.050036225095877,7.964783870464814,25.175977773496122,23.582621530589297,25.984573143583816,27.554171260358054,11.373535424670552,9.604234079907307,10.42694314153408,10.972488405067258
2021-10-08,11.358862598233305,10.237972925646616,11.317042744698503,11.865734952322809,7.328460168794641,6.870189998549907,7.980984748197574,7.894738819816514,25.042136138968154,23.380733989471118,25.761683071792238,27.311850394796252,11.34534308280976,9.522013568493815,10.3375030690518,10.875992565560445
2021-10-09,11.632747969414007,10.627809346143062,11.744764485763172,12.314866012114713,7.517490754150847,7.1002787733675214,8.245664573367815,8.156665859504438,25.487743440394343,24.163775570433135,26.616038516221955,28.217987036625615,11.551511817869201,9.840914273748528,10.680334009260198,11.236829903106633
2021-10-10,11.00943724822477,10.183890399359022,11.255649516909493,11.800813447718694,7.0762023898290165,6.8098085473417225,7.909869213326682,7.823704273461526,24.19347958085254,23.175242926066062,25.532130462856525,27.066106368655724,10.929872958648026,9.438325490316787,10.245389491193988,10.778133571654836
2021-10-11,11.097158431776577,10.315455490809628,11.401060602453123,11.960886960508118,7.080359932290836,6.9108432182411645,8.027225087176918,7.9461767486295445,24.357538379626344,23.519085638496463,25.91094146477277,27.489799918956994,11.03440202730058,9.578358518136374,10.39739663622356,10.94685476178081
2021-10-12,10.888865616425672,10.10066534802441,11.162472969818344,11.71221339099182,6.912470487372406,6.735941353736669,7.823971590734855,7.744192814069777,23.79119294020864,22.923856981195097,25.25486300781837,26.791036460310124,10.77660582386962,9.335946310130744,10.134129168667021,10.668596567206903
2021-10-13,11.36546080449491,10.56089468265509,11.675388501673693,12.259700538773702,7.14637490996203,6.958300301239083,8.08247240162433,8.001181322323431,24.534459194929003,23.680592297515325,26.08927331858107,27.680088251737065,11.09411447050173,9.644133553226043,10.468956637987247,11.022630458509994
2021-10-14,11.379207460855591,10.646044409007354,11.765229264843052,12.350929327273988,7.292866926042496,7.0326032673387635,8.169327809441283,8.086278702404234,24.673779441523013,23.933461269897748,26.369632392034625,27.97448265373072,11.136126744564583,9.747116709664194,10.581457547737047,11.139862769069065
2021-10-15,11.577069978414228,10.896831832140116,12.045596502124553,12.652168044321181,7.393396111764919,7.175649404243334,8.33415288310196,8.2527860047333,25.009536760383465,24.420278035648497,26.901668405621805,28.55051469667021,11.276680662175018,9.945377202723838,10.794949962342741,11.369247454689932
2021-10-16,11.608695507494216,10.928104251849089,12.07542296789472,12.684792379186883,7.456416187730944,7.219268270185326,8.386216561132656,8.307025114965297,25.1076001225411,24.56872241662302,27.069723854328373,28.738154908463507,11.355051081136628,10.005832507952606,10.862386306153573,11.443968629526658
2021-10-17,11.581949841286072,10.804688221568767,11.941543933274206,12.545244779066946,7.372795042193439,7.125354302454378,8.27698095581813,8.198715283919674,24.984672965278556,24.249112988371905,26.7171241272203,28.363457028100633,11.315958084172483,9.875668702410994,10.720897073832504,11.294758257389649
2021-10-18,11.732558771340344,10.743429475086334,11.873839618497497,12.473616387277648,7.350183695010471,7.094990049081013,8.241709117220237,8.166085430299754,25.19983149923514,24.14577690435365,26.603270767517593,28.250574043519254,11.508166482131115,9.833584155596512,10.675210638980067,11.249806542901668
2021-10-19,11.752671235040953,10.857883586639035,11.999917631714101,12.609509236517708,7.398142506917536,7.174309598655234,8.333458303887198,8.260467725776918,25.2496851702614,24.415718389108942,26.899426385349436,28.57708961202918,11.523827145933366,9.943520245784988,10.79405029707701,11.379829988560637
2021-10-20,12.255781248327699,11.397684291518818,12.59570611425519,13.241788552322143,7.744450396669718,7.516683154846844,8.730935739760348,8.65526709997359,26.286282899302616,25.580889227766228,28.182436947857433,29.942898119456068,11.97974152327255,10.418046517727701,11.3088895484796,11.92371562640758
2021-10-21,11.797182926414639,11.052828146265986,12.211666670103384,12.823522722144924,7.670273975106116,7.2917230712301935,8.467413895099174,8.384084876534462,25.434509919332363,24.8153016858787,27.33181932874866,29.00474316774231,11.526540056458082,10.106254126393635,10.967558501761047,11.550128112830446
2021-10-22,11.825953558616078,11.00937987548465,12.161753435711269,12.767252388508975,7.715492185987189,7.25112705825239,8.418891324238286,8.330041682626744,25.47624714883981,24.67714472360146,27.175194158824727,28.817780728508772,11.539028663677875,10.049988464674966,10.904708835834045,11.475676837294374
2021-10-23,12.126940021073887,11.2905116176001,12.478758656387582,13.093997155120206,8.178122320771887,7.4440101862597645,8.647849198016395,8.554383517812491,26.20099779021671,25.33356748744779,27.91424333222343,29.593891348470937,11.848550307670875,10.317322521288744,11.201270325116342,11.784735843211061
2021-10-24,12.599953586368358,11.158466122576417,12.328054409444153,12.931160515570967,8.199656982129339,7.374604445191998,8.563660945783944,8.47235909827482,27.004153118908913,25.097364824990116,27.642493524297745,29.310127854039724,12.41673652871043,10.221126869011568,11.092224092942097,11.671736921087522
2021-10-25,12.460915102241698,11.4093751743633,12.60526280065774,13.230588276444298,8.447301025012957,7.521640806846109,8.734404957515775,8.643245372326751,26.8215326521284,25.597761183655606,28.193635176038804,29.901308950457423,12.197945158127203,10.424917773051767,11.31338311040528,11.907154189291504
2021-10-26,12.19609536677586,11.281112590368535,12.465450246455186,13.073813866949713,8.328435339997531,7.423910350351196,8.621893516707154,8.52152406653508,26.2723988283125,25.26516342341034,27.83046143601668,29.48021407075137,11.897852143795971,10.289464352841252,11.167650797744836,11.739467829162963
2021-10-27,11.216845024347117,10.265552241708376,11.338565008958518,11.907956942344631,7.57701150710978,6.76209554768064,7.850107192909299,7.771890581901599,24.120710093054647,23.012865327607948,25.339225667483955,26.886856893203184,10.96980775272212,9.372195757330907,10.167981741527887,10.706753715137541
2021-10-28,13.016973013637331,10.994016694006886,12.129976224067573,12.752384244013093,8.476878084354007,7.263493856267997,8.423181612120771,8.353873677835496,27.66717000520242,24.71923159671057,27.189042705113494,28.90022752030347,12.888091681193593,10.067128721134875,10.91026590248078,11.508508398746699
2021-10-29,12.89499761622649,11.274494669970494,12.431242851828566,13.071446861989036,8.483109641519114,7.430754567118478,8.610853398901,8.537480306332732,27.43811810755022,25.2884557649083,27.79482523008838,29.5354146852572,12.6856899264925,10.298950367774976,11.153350901766512,11.76144955007537
2021-10-30,12.309610142722434,11.051322077842011,12.181874261528684,12.799899499389445,8.119124387002831,7.2906157267515495,8.446233699553003,8.36907087174843,26.265610077308075,24.81153315448505,27.26345214070432,28.952802215431937,12.088645091713266,10.104719358191756,10.940124501650834,11.52944443878384
2021-10-31,12.634011087712055,11.201196867309637,12.342895470879228,12.966670491429106,8.267958224516105,7.398566345458939,8.568360637227041,8.49038809029451,26.878717202052872,25.178912324570454,27.657663577281443,29.372499155237772,12.442716879554276,10.254337819438975,11.098311446351408,11.696574118067176
2021-11-01,12.626006631014091,11.339742337100855,12.495562393160327,13.127052768086159,8.374088251541126,7.384464658988895,8.552029319830313,8.474205388772639,26.527034526648606,25.13092125296565,27.604947999418147,29.316515096355467,12.207026800022785,10.234793025199696,11.077158036210076,11.674280417735913
2021-11-02,12.859724168205467,11.695422776460953,12.887577542348865,13.538879253951562,8.544965388409754,7.614991742560022,8.818849739883415,8.7385977285189,27.028174097869755,25.915454492873536,28.466213033165126,30.23118044418871,12.41029696689287,10.55430122193558,11.422761617498407,12.038514015211442
2021-11-03,12.916343358328701,11.8696034130759,13.081389245850595,13.74248565267856,8.490182284436138,7.714412358345771,8.93259506968165,8.851307969641303,27.168830840340405,26.253804228651827,28.83336962218384,30.62110154401909,12.415251404588677,10.692097185758957,11.57009214536906,12.19378650395202
2021-11-04,12.650726301425864,11.60617303387619,12.798772778504986,13.445586548560879,8.264999925296065,7.521888350542255,8.710586218229372,8.631319410788999,26.46273033087386,25.59860362808751,28.11675107814542,29.86005108433072,12.111756365558081,10.42526086610072,11.282531492686081,11.890724681997836
2021-11-05,12.519802582563631,11.530687228718396,12.70714803992569,13.349331354889014,8.468035289906268,7.493736626969273,8.677411250097258,8.598446336667791,26.38769345943531,25.502797258781282,28.009666170467913,29.746326678380537,12.031219072144076,10.386242863120453,11.239561064136035,11.845437900774378
2021-11-06,12.53557745041981,11.483125968391256,12.653747328812377,13.293231922900144,8.373872989456434,7.45851313615422,8.634883296525546,8.556305389782214,26.420682410377427,25.38292414477699,27.872390922340948,29.60054006490259,12.044837399573105,10.337423462559268,11.184476025830786,11.787383462813393
2021-11-07,12.74213332286459,11.710240222957024,12.90168467840607,13.55369932475773,8.489092706631558,7.615934820838331,8.817748782719455,8.737506790124899,26.852638372218742,25.91866399106224,28.462659272516735,30.227406342614614,12.261746091611615,10.555608318851982,11.42133558444354,12.037011110792
2021-11-08,13.424533544449908,12.385128646697115,13.645238821653393,14.329467240828407,9.013437734266542,8.080583925904019,9.355720703037658,9.272315632895207,28.364068466249197,27.499964817717647,30.1991695591566,32.07757763224522,12.972626364215332,11.199607259777611,12.118152650609348,12.773777345966964
2021-11-09,13.361453683299645,12.808742209132344,14.123080555521874,14.805595042123308,8.893936143862707,8.417469154281386,9.75138821979712,9.658812917959285,28.56787604767074,28.64645769656612,31.4763379149616,33.41466506079556,12.984345662158146,11.666526765105923,12.630647574214954,13.306225815118967
2021-11-10,12.554258798170595,12.189440681514089,13.444345822254625,14.09840356113249,8.691477465298576,8.03237920341931,9.30525512225412,9.224230685074874,26.990471955963404,27.335913780746456,30.03627258100199,31.911227746443547,12.226274869139585,11.132796003951826,12.052786268804255,12.707534301460335
2021-11-11,12.745568513784674,12.342152794369955,13.60925663493002,14.272336471113341,8.825189161273077,8.1300649875447,9.41630746395124,9.334454325890782,27.333263495215675,27.668359511311504,30.39473652015783,32.29254645205765,12.410641790780446,11.268187508711845,12.1966286591031,12.859381186509115
2021-11-12,12.550735012035602,12.081418154240742,13.316969181052922,13.961976043356799,8.704413135982248,7.970105565843636,9.225472796228141,9.144666217864476,26.960050833736943,27.123983200220895,29.778744586317398,31.63597445753961,12.253480800869747,11.046485374685357,11.949446885736782,12.597924272096098
2021-11-13,12.677111390638835,12.200962207446267,13.4489632077337,14.102859847367478,8.717158175814381,8.036425600996017,9.304745929451725,9.222759767064952,27.128175246836282,27.34968454187192,30.03462896633393,31.9061391053185,12.352216955732898,11.138404269900372,12.052126728368636,12.70550792747817
2021-11-14,12.716311039034744,12.310390823165044,13.593878237723576,14.25111846706022,8.710882811177921,8.126329025955187,9.423944240562426,9.341795274272934,27.198729367592176,27.65564523060926,30.41938713971852,32.31794246433179,12.41777688044931,11.263009503888947,12.20652032086497,12.869494263312623
2021-11-15,12.435043685341297,12.074449079499601,13.333337091576634,13.967570744875784,8.40352856741196,7.9836943159431,9.258533567473823,9.170189787596465,26.651888351884338,27.170228639050386,29.885460879834014,31.724273251707626,12.16464061408866,11.065319244324082,11.992269398872727,12.633086189543562
2021-11-16,11.471028844245017,11.064328237610928,12.216740897150297,12.776540302235249,7.7221156376488995,7.316622468377282,8.484047548527359,8.387853574248272,24.61805298678751,24.90003968894953,27.385510811875438,29.01778097817427,11.231774816299344,10.140764437976275,10.989103517669294,11.555319966450014
2021-11-17,11.553183118638525,11.14382879799766,12.305425024123334,12.86632736047241,7.734110151816269,7.344554399105886,8.51771746112576,8.419322250499041,24.696209050209006,24.995098055940204,27.49419334226253,29.126646869434147,11.264691418007843,10.179477810306317,11.032715031260931,11.598672013523732
2021-11-18,10.769826076585234,10.357496218856731,11.441405058070167,11.943550911088717,7.1283459806628,6.836448949800185,7.9319015110458,7.826308169828136,23.097093495736864,23.265905944612165,25.603248136814162,27.075114548613453,10.524923416936451,9.475248817580392,10.27392719079817,10.781720765376003
2021-11-19,11.337242700027844,10.899724338119137,12.037498084619711,12.568090016361582,7.544620887180735,7.191624786215152,8.341813052517008,8.232423318373668,24.324921001043535,24.474645695981344,26.926394534410765,28.48006997947517,11.074487868798931,9.967518919900456,10.804871924022393,11.341195301158725
2021-11-20,11.446078801215956,11.051852109611648,12.201990096890196,12.75124010940834,7.585634921375053,7.288456706092812,8.451454157021603,8.34881351073171,24.60452966402563,24.8041855428891,27.280303165363417,28.882721871280033,11.168159041366405,10.101726977484454,10.946886385905238,11.501537384118176
2021-11-21,11.17685262446857,10.892002314515178,12.021068751471233,12.566330203273784,7.5682745232930575,7.174317872262513,8.31563878525041,8.217718430752926,23.9684345357047,24.415746545973743,26.84190706836082,28.429198418054813,10.876173128281435,9.943531712920656,10.770969269558638,11.320937474764376
2021-11-22,10.765329353363317,10.432377602953334,11.513799279980491,12.028291351693536,7.150606034822477,6.883765920186294,7.978864596423832,7.8795814805892626,23.091925051799418,23.426935770282018,25.754839470434437,27.259413576960185,10.507419343394906,9.540829658012992,10.334756907248533,10.855111430349805
2021-11-23,11.05260326985742,10.668997817630133,11.774949573854938,12.303876329353095,7.286615527585758,7.032784893446079,8.151766904263807,8.052179501603204,23.597808389776354,23.93407938259937,26.312947848972666,27.85651646230684,10.778704583645414,9.747368441604449,10.558711493597734,11.092886844612554
2021-11-24,10.780257104910737,10.39803182815425,11.476536318272263,11.990656887225812,7.114377976037157,6.860213923013423,7.952156294437647,7.854115486752985,23.00851581467532,23.346783259079867,25.66862820292021,27.17131396661394,10.52616343914986,9.508186829111237,10.30016253544326,10.820028830917542
2021-11-25,10.623297047715614,10.43122104008635,11.515505196097447,12.039622195909724,7.054699202612036,6.898571905470399,7.998003388770934,7.90558778883796,22.710445809538545,23.477323722209512,25.816617248287503,27.349382405115275,10.383568957766173,9.561350603256123,10.359546745954939,10.890938380629724
2021-11-26,9.857034219497177,9.68578132668021,10.693026743323268,11.171391601959362,6.509113663504007,6.427141124609187,7.450574042568104,7.358899112629602,21.150314280412253,21.872943394432383,24.04957949968628,25.458112829527355,9.675229867135045,8.907952328548498,9.650479791812618,10.137806185401969
2021-11-27,10.035195524446635,9.81018045014296,10.829081538818595,11.311524309099582,6.609087525976291,6.503585156886581,7.538835050588997,7.444536486428212,21.496403975635324,22.13309887545075,24.334475685804748,25.754375339886785,9.844485127287774,9.01390298096559,9.764801328575313,10.255782405011658
2021-11-28,10.21623565166762,10.018783674280002,11.058287155030841,11.554283313344616,6.770736182301405,6.644729967887969,7.701393545302106,7.6074966490911615,21.96257780457818,22.613445020275588,24.859195448284247,26.318136052500908,10.02385157964153,9.209528255632138,9.975357919148514,10.480280461002566
2021-11-29,10.518082656534466,10.229776155802963,11.29117125794078,11.798609548128526,6.905474973378484,6.773783289904552,7.850969288181273,7.7567844784914675,22.519088225283273,23.052641227827948,25.34200840994931,26.83459732568585,10.309330604331805,9.388394849359601,10.169098384749367,10.685943163688925
2021-11-30,10.543676305033161,10.283346581399533,11.351624557858157,11.867323830809537,6.954075471789622,6.799259929956307,7.881280343976756,7.791460170780503,22.52704027820559,23.139343712638603,25.439848944370958,26.954557889518174,10.312240975763029,9.42370521374598,10.208359283272292,10.733713277450583
2021-12-01,10.359714351266815,10.198247294844025,11.255925707121841,11.769116424948903,6.895634366709785,6.757209614039777,7.83181408020284,7.743273549735338,22.22062490007473,22.996237444715135,25.280177644362887,26.78785626517655,10.148771396743134,9.365423902923256,10.144287283423795,10.667330165328975
2021-12-02,10.400684811745242,10.17947607635936,11.229081654649141,11.747114035041909,6.801003874894023,6.760603048556322,7.831295968590622,7.746460809434756,22.566298926098558,23.007786032128113,25.27850524082236,26.798882590691125,10.22529544869151,9.370127168701519,10.1436161907516,10.671721015183103
2021-12-03,9.832504473935652,9.618158779246635,10.607527597348057,11.095965221800702,6.450759049274114,6.390329167642014,7.4005394203744705,7.319613289182068,21.236229604376174,21.74766438851508,23.888073605334043,25.322203516106857,9.671866867504832,8.85693133003198,9.58567161627985,10.083685037951872
2021-12-04,8.864723632959196,8.677939469060597,9.573674411434947,10.013376316996153,5.802907104797178,5.782608477189793,6.698672448041934,6.623914809637126,19.3158085925242,19.679460189452143,21.622529305945093,22.915434498552422,8.749979776628338,8.014636624709146,8.67656676149457,9.125273155799405
2021-12-05,8.58776126957743,8.42470627253095,9.29969078808119,9.72566630078801,5.570264418880909,5.617474665505365,6.511238472481422,6.437601789703492,18.76778160504732,19.117474316503074,21.017514407706315,22.270884571928203,8.481026147047638,7.785762838713691,8.43378979114151,8.86860361094011
2021-12-06,8.879119417388615,8.68967411522309,9.592178018627873,10.03499793479704,5.740298381998542,5.811306421126532,6.73590967431863,6.66028650546632,19.460085172768114,19.777125464120132,21.742726706651748,23.041262386942915,8.800771520464332,8.054411683566496,8.724798897385476,9.175379727082321
2021-12-07,8.88042239918649,8.757548234501185,9.663791365657092,10.09938235617637,5.867652765283097,5.817917418227453,6.74263653457618,6.663590070616823,19.30584072963588,19.799624108939916,21.76444022290203,23.05269107118685,8.730271990331973,8.063574458411082,8.733511974875471,9.179930802277681
2021-12-08,9.014301181049124,8.990271107832974,9.920704429192226,10.367570747751781,6.143088436609969,5.998237735289633,6.952947820078453,6.868240095746673,19.73429640658127,20.413292925525457,22.443300395483412,23.760677870649793,8.897429657677527,8.313496586635134,9.005921160950782,9.461861870885944
2021-12-09,8.430622104097342,8.357985130646698,9.219650738170369,9.640414331019237,5.626930580254562,5.59131041760559,6.478501999559822,6.401884796092125,18.42366702945569,19.02843175431654,20.91184491115891,22.147321625980332,8.352177771804977,7.749499456832886,8.391387330796828,8.819398974048722
2021-12-10,8.1409187373974,8.041704215583959,8.867924692108923,9.272598425959366,5.313497834736059,5.369882534981198,6.220263891833497,6.147735164065731,17.650546456243667,18.274865052000376,20.078282575407375,21.26809092738216,8.051748804020935,7.442602660203194,8.056900132112492,8.469275990686592
2021-12-11,8.504567151045508,8.478425618656612,9.344933652367732,9.772960310274932,5.601229040181905,5.66364243812484,6.55699006469722,6.481465693478691,18.59157592796662,19.27459317503977,21.165195183435078,22.422631755081735,8.407052474298048,7.8497509027122945,8.493050300949104,8.929031638040644
2021-12-12,8.59259525846451,8.566777892439248,9.440805721283365,9.867793224900682,5.682699324377756,5.694025161097466,6.591865846304145,6.515162437711462,18.682868420389603,19.37799211507617,21.277770117604895,22.5392056479339,8.44558467841257,7.891861048203786,8.538223736404998,8.975453128114426
2021-12-13,7.880047892297285,7.809990153991919,8.606806509370061,9.00235075209807,5.111382241867211,5.2088869103417625,6.030230416987588,5.963183587748745,17.140429922093407,17.72696231947655,19.464876798242177,20.629634715272726,7.782297090682793,7.219464359427174,7.81075611712915,8.215033055258786
2021-12-14,8.435772199215917,7.9420831225837505,8.754667172554159,9.150273218087875,5.317201751177156,5.301397966498876,6.138863443575336,6.065448892040526,18.140354416268366,18.041797337947806,19.815531471866905,20.983421554222307,8.38235658951311,7.3476837437745735,7.95146484934479,8.355916333930447
2021-12-15,8.683533141846548,8.352765174308638,9.19817954834298,9.613855011052799,5.663799554103858,5.582452672588349,6.456909314798753,6.379245246807541,18.86128209885956,18.998286943177643,20.842146256289354,22.069000101078945,8.622004459547192,7.737222712192896,8.363419047179065,8.788210156365643
2021-12-16,8.353871546107595,8.066659506063042,8.882382361372496,9.28595247263262,5.434883438877187,5.394469710178277,6.238681781071832,6.164965695120092,18.1343841244208,18.358540496632443,20.137733362544452,21.32769995272424,8.296939512118877,7.476680235333859,8.080756209092183,8.493013207575578
2021-12-17,8.125226877150032,7.841019424400149,8.635183859350239,9.025105955387186,5.291098803178668,5.255845494075081,6.078320038539977,6.003889401776436,17.70186181351314,17.88677247829643,19.620104458557513,20.77045648636566,8.090769547432895,7.284548479598565,7.8730449982725,8.271110417771274
2021-12-18,8.299449288753216,8.033330405490215,8.845928456444227,9.24206321184428,5.50093003990319,5.380434686447491,6.222093087952017,6.14383662556887,18.088298380245817,18.310776292665057,20.08418700602192,21.254603932737403,8.25488342105181,7.457227834974207,8.059269428770198,8.463905265108949
2021-12-19,8.200849904724283,7.978053020213205,8.785896944926607,9.179057351258114,5.383719988817079,5.3534658031260225,6.190521045652606,6.111759181830316,17.903197217200546,18.218995383102815,19.9822761550044,21.143632010241905,8.169243240209891,7.419849236570327,8.018375216531526,8.419714564493624
2021-12-20,8.128821318482395,7.964560777872453,8.771038501336237,9.169725367265714,5.347194680074349,5.358130290142156,6.19591486081879,6.118896706595454,17.79675328389625,18.23486963550989,19.999686757986748,21.16832427847569,8.113886225954337,7.426314168204978,8.025361645223413,8.429547399759471
2021-12-21,8.363070259717537,8.229952135867922,9.06531072213266,9.478469138020955,5.513611255707889,5.529742474515852,6.3961493732803945,6.318692096138024,18.293300854186914,18.8189028038852,20.646020288599704,21.859516465234258,8.333584480835531,7.664166912957321,8.284718723630235,8.704790599172718
2021-12-22,8.4998287952225,8.339505791481015,9.185053904467248,9.593353762968496,5.5926296851550195,5.569700974672621,6.442292728188582,6.363249551932939,18.51823089033019,18.954890172936253,20.79496562836901,22.013662991727166,8.419395565157057,7.7195489883802315,8.344486670572804,8.766174081137867
2021-12-23,9.043310074356157,8.849061466415208,9.74856094381395,10.176438022441587,6.051212448031825,5.905699967558913,6.832415744644846,6.745514371550414,19.7912556536053,20.098367001824936,22.054236987235797,23.336108205288884,8.952880870331878,8.185240180317985,8.849799988059743,9.292791798471242
2021-12-24,8.960518342262057,8.644803196895761,9.514439693010207,9.929220892267939,5.964085354795563,5.774907883848967,6.674513628350129,6.58657843754305,19.513019911219963,19.653253414311877,21.544547468374297,22.786269312446674,8.893019324780482,8.003963680541332,8.645274648981122,9.073837622010638
2021-12-25,9.143634146144878,8.780804752338465,9.667567248879864,10.087203894819705,6.0998168039290865,5.860991753013944,6.776364638549075,6.686702154961662,19.957437438312105,19.94621533329164,21.8733105882236,23.13264733121583,9.070893615532697,8.123275048988257,8.777198861811552,9.211770596252641
2021-12-26,9.199345861848247,8.859064326696751,9.76111933078052,10.17185365992174,6.2025213177398975,5.871877017306345,6.791634332130633,6.700774835029213,19.962151711951194,19.983260228539,21.92259936887693,23.18133177049,9.053456545445401,8.13836191475336,8.79697718607141,9.231157477476378
2021-12-27,9.164611530571856,8.892149292124792,9.797573101030801,10.212215245271043,6.178085520757557,5.90302595173268,6.827662364024977,6.737597734958944,20.00109697308243,20.089266750925034,22.03889363188403,23.30872059954904,9.02886085247441,8.181534021538512,8.843643092852375,9.281885638979691
2021-12-28,8.496859992039518,8.247434921474772,9.087401874263845,9.46832296921517,5.630531169137027,5.488239450766495,6.347762445849818,6.260804231652582,18.564484405608543,18.677659088901013,20.4898329597659,21.6592533874321,8.394495129683538,7.606644143520332,8.222044752109548,8.625042807871564
2021-12-29,8.18690335488077,7.997083624692983,8.812242983759562,9.175413716399873,5.436377513372534,5.327286192275901,6.1618183972488865,6.072708478029843,17.85556833411213,18.129900537492468,19.88962737107273,21.008536093283528,8.092808804591721,7.3835645617963594,7.981197634400402,8.365917323836623
2021-12-30,8.360507664285882,8.142517806650744,8.971336477830079,9.342417445224186,5.530610664913429,5.418064337829446,6.266350714018008,6.176957816437182,18.217908699458743,18.438838088519866,20.227045434172584,21.369186698619693,8.256383629531967,7.509382149645606,8.116594854105644,8.509533858260388
2021-12-31,8.251540854423629,8.01186006207507,8.82748494973307,9.190998522060303,5.4526929507227315,5.338373671097275,6.1738743063143255,6.08433168882321,17.955820718027944,18.16763361226786,19.92854243209403,21.048746593154505,8.164096659153428,7.398931694845052,7.996813250880853,8.381929754021051
2022-01-01,8.47473286920919,8.27746372002315,9.117301377308474,9.495692164827492,5.647989157968336,5.497582357601282,6.3571270968886715,6.26578741225389,18.447757201677707,18.709455010038372,20.52006095540207,21.676492701636082,8.349150786074233,7.619593317512433,8.234174471925968,8.631907763940363
2022-01-02,8.582907650600461,8.430853395202936,9.284417608985278,9.673079773754873,5.818483743112445,5.588654106722063,6.461361138741302,6.370135186772482,18.663282866812338,19.019391757144096,20.856516222041417,22.037483846717173,8.431186181694336,7.745817836924208,8.369185346090912,8.775659906449286
2022-01-03,8.417622164813563,8.345843856963773,9.190801456887499,9.582315824281036,5.963488433464685,5.520790096858855,6.382899693878957,6.296847528151418,18.301471179133774,18.788435937522596,20.603251876892138,21.783945178279005,8.239153003424606,7.651759008439659,8.267556856292092,8.674696967902252
2022-01-04,8.320791928188576,8.230562336533108,9.063667760686151,9.447817553568463,5.937079234874322,5.4597274702601455,6.312604156555707,6.227194802210098,18.18146573574933,18.5806266877778,20.376346123903215,21.542981560112942,8.175129205777443,7.567126828088968,8.17650539387903,8.578741604868922
2022-01-05,7.850401713706953,7.833476494995693,8.637261069796878,9.010574234806151,6.002376290556675,5.2065524713497355,6.028025054639828,5.952451984249793,17.295684636394302,17.719017721568957,19.457758147141597,20.592508731000272,7.724093348959095,7.216228850691376,7.807899584914442,8.20024892591202
2022-01-06,7.863269059236763,7.824188889770791,8.625772855103827,8.998932388771014,5.987903711860831,5.200442098693737,6.020000950217974,5.94477572758928,17.344807821684334,17.69822280939381,19.43185727881862,20.565952719675654,7.739237581724521,7.207759936243414,7.797506230371816,8.189673919914163
2022-01-07,7.541417975454756,7.528882858211175,8.312436430502647,8.67397087844037,5.947729047549191,5.018747983195324,5.818380472368225,5.7480968470780205,16.686576786400177,17.0798786612964,18.78105001442414,19.885542096482375,7.445667500343652,6.955933737338208,7.536353957273414,7.91872410243902
2022-01-08,7.375398863450014,7.3686183945828985,8.13721601024793,8.490941844027022,5.833758748962879,4.9186068517100745,5.703056995105395,5.634469267287581,16.33689869876843,16.739076855646854,18.408799350412657,19.49244746336171,7.2926462065482305,6.817139146072445,7.386979307684281,7.762187864667424
2022-01-09,7.402159961476366,7.480143684646644,8.275534816447168,8.640391777871672,6.094816350333438,4.988687007927976,5.796250644574374,5.730014280875662,16.44163256484478,16.977574697892436,18.709617524819738,19.82298545538956,7.303088601468263,6.914269530898755,7.507689930219837,7.893813100305618
2022-01-10,7.105847719958237,7.266521419330779,8.039197311618441,8.40983733079912,6.027812945518293,4.8488678545703845,5.633797707261438,5.581054069435766,15.852018516435553,16.50174005111019,18.185238489252388,19.307657576598732,7.006398010705693,6.72048160426393,7.297270064622648,7.688601732436418
2022-01-11,7.507280858527571,7.520276616240517,8.316956179458142,8.67037490690887,6.024489622703168,5.000892784275557,5.808287922067868,5.732692504500118,16.594491664228034,17.01911357963777,18.74847244531118,19.832250770509464,7.389032857701772,6.931186612962017,7.523281413847234,7.897502689143614
2022-01-12,7.935745778838612,7.911452931228248,8.751082486897275,9.106539585677348,6.177127537254707,5.2530670507958925,6.102005387993968,6.010921285492662,17.534085765905196,17.877316838317142,19.696557989710566,20.794783289371374,7.80079034960656,7.280697585429801,7.9037238405954975,8.28079771924699
2022-01-13,8.011672367486975,7.665013939537728,8.479094316033123,8.8058031913102,6.003275058226077,5.100616421158251,5.926077595905345,5.82459567028203,17.522252610197732,17.35849456137321,19.12868370272727,20.150189789384072,7.930345477640911,7.069402560948462,7.675850445516228,8.024110822814436
2022-01-14,8.436624219131092,7.92617526721214,8.771707767827474,9.107848363196322,6.261318604765214,5.256380815255012,6.109348152812994,6.003723341349946,18.35027465088345,17.88859429139177,19.720259573676273,20.769882000289773,8.334872195816795,7.285290429317551,7.913234678699673,8.270881648713155
2022-01-15,8.496166521186803,7.967448121040033,8.820839004837019,9.1466274588535,6.219695251538321,5.28582657209675,6.14637555867502,6.031232202819526,18.446915084217892,17.988804534191548,19.83977969868385,20.865048911588026,8.399076055446866,7.326101949266894,7.961195041213103,8.308778554444755
2022-01-16,8.369900226879126,7.9898083627360865,8.840882714542355,9.17088477085624,6.191553826291931,5.303251818853743,6.163224799186834,6.050234432252063,18.41132333335522,18.048106396179666,19.894167071641025,20.930787127794286,8.26357874652633,7.350253164311815,7.983019299872588,8.334956507984977
2022-01-17,8.228826540254271,7.896564016612049,8.73770598107756,9.060106175251333,5.918071323688623,5.269503409390409,6.124003762501744,6.010347282371545,18.43232268511941,17.933253301229378,19.767566163519177,20.792797525468615,8.17042385121494,7.303478211524078,7.932217600596683,8.280006957979218
2022-01-18,7.9793227818056796,7.736544809651021,8.551455029237468,8.853274116859012,5.731512191197841,5.163410363203192,5.993668937834759,5.872539488342265,17.74481629530827,17.572195849898403,19.346860630026363,20.316051436754805,7.915742904638486,7.156434326925436,7.76339925392542,8.090159443381696
2022-01-19,7.739346144992862,7.491256286957731,8.279066043859867,8.558188894121853,5.498258330544865,5.004205450951266,5.807566434750195,5.680954129188879,17.08721116682659,17.030387296719375,18.74614356883733,19.653261851633076,7.686531609490839,6.935777935333111,7.522346895414226,7.826226590202028
2022-01-20,7.386797456205544,7.1536760679439455,7.907966039233892,8.165862090840005,5.200438964765324,4.779780297014328,5.548526336859967,5.4213235555346255,16.272063190565166,16.266620235567764,17.909992502862522,18.755069834468294,7.337815018249286,6.624726951102706,7.186820905648055,7.468552922547817
2022-01-21,6.632035902546518,6.308282088082994,6.977155542723638,7.202279761573843,4.594671793343472,4.226689195143172,4.908257613566114,4.794566259220194,14.57939126479036,14.384332274460071,15.84328012955516,16.586802852941403,6.619093965114784,5.858148300768151,6.357502206152625,6.605116164131412
2022-01-22,6.2047066916104825,5.908295688832706,6.537806922585201,6.744193682663252,4.243741122466526,3.962028643007306,4.602818319913195,4.493072276531992,13.657605560366893,13.483635500673419,14.857357899527639,15.543784364547273,6.197317838225399,5.491331463240412,5.961876887327256,6.189770401704491
2022-01-23,6.548689413127445,6.159969231639078,6.815006261439787,7.0325221978610895,4.4659252912063625,4.134306991371354,4.801499536272148,4.688895991455506,14.422797433119225,14.069935768365498,15.498677572430594,16.221236542232937,6.5537973463236705,5.730107504518226,6.219222033154965,6.459542121361972
2022-01-24,6.339419352196784,5.962442135814006,6.5964745863239855,6.805575537496355,4.277675441104507,4.005493155627569,4.651897783455997,4.541397838851546,13.91849548955269,13.631554584100643,15.015780653738366,15.710966656253127,6.350330467338735,5.551572836332783,6.025447877751178,6.25634492285201
2022-01-25,6.465637226817799,5.985466296405614,6.622197021874327,6.831421194967567,4.325804818613331,4.016069864405847,4.6644374037239595,4.553606216019218,14.103738671056245,13.667549398579025,15.056257077810827,15.753201539303312,6.478245619661754,5.566232047288817,6.041690029201735,6.2731634930851214
2022-01-26,6.503713723044328,5.998763974842921,6.636385639670444,6.847890243810188,4.308240254803744,4.03121168286985,4.681643931790124,4.571126290968756,14.237813204547868,13.719080263038153,15.111797733104844,15.813812241803857,6.528303967339418,5.587218453908771,6.063977070500978,6.2972995929926885
2022-01-27,6.406796772226297,5.944650214549829,6.576464195365435,6.784091581621815,4.262006385072511,3.9903656890344967,4.6342444949978105,4.523852813962987,13.980515517344548,13.580072562144649,14.958797908277361,15.650269639433967,6.420759132094315,5.5306063212601915,6.002582162632931,6.232174451275222
2022-01-28,6.485816833431148,6.088209466376408,6.733824618446709,6.945065571365611,4.4096258749824235,4.091394611958767,4.750444304741917,4.6358643101946795,14.206460826606623,13.923895712979448,15.333877270796663,16.037773431186807,6.500543917098256,5.670631382444565,6.153091896425395,6.386484331320309
2022-01-29,6.565195252648207,6.175268202361743,6.830427634241753,7.0433948803022695,4.450123667772509,4.1477010483390035,4.816100299290299,4.699201665090428,14.371882124905584,14.115518624598959,15.545807123651063,16.25688902206268,6.575519416387869,5.748671531453444,6.238133913990811,6.473739478918014
2022-01-30,6.434581379653903,6.111890879848714,6.75936300922787,6.976518499302561,4.59721054463204,4.11209943033052,4.773945786182793,4.662036785150983,14.18613731782606,13.994358662439716,15.409737297560175,16.128317113097328,6.4498873285387734,5.699328050442196,6.183532580650131,6.422540197073913
2022-01-31,6.571270919762785,6.209251037577991,6.867037158139402,7.080042923144149,4.575305920335987,4.157885585372363,4.827101266888168,4.710963809140753,14.40292560972905,14.150178794293417,15.581316957297016,16.29758016156158,6.559881439615639,5.762787196353679,6.252383100011523,6.489943307083334
2022-02-01,6.669212240282815,6.326823885080043,6.997947057031088,7.214104310237867,4.582834684467766,4.240003621297815,4.923339523951398,4.804005112798434,14.653076396194903,14.429644129912383,15.891962768066735,16.619456568626106,6.6606558742623205,5.8766019602052255,6.3770373011082,6.618119368377595
2022-02-02,6.401477580393145,6.057689035326894,6.701301611614385,6.90753086096787,4.336889402264377,4.059304202903407,4.714299577582608,4.5994943650907665,14.021761244090527,13.814685149968083,15.217206329155683,15.911951599430743,6.394201887375996,5.626154401384631,6.106274838164035,6.336380171880974
2022-02-03,6.456519949912315,6.144653522357077,6.7982639631983135,7.007812452304169,4.396068869514319,4.122571100512962,4.78863415075596,4.6719421335228875,14.177254192125123,14.02999600798807,15.457149616329778,16.162584667606254,6.453758788582036,5.713841678971109,6.202557928855284,6.436186056387423
2022-02-04,6.972408888852182,6.671802925093491,7.380428066031868,7.607879820494888,4.7523067831085966,4.476281409642125,5.19867741702004,5.071964744970127,15.323284867763782,15.233748254844139,16.780721206114283,17.54646296525925,6.966010312522891,6.204080575356059,6.733673280805586,6.987267358435787
2022-02-05,7.003507129772236,6.759848844633675,7.475999144872029,7.7063135734016415,4.7972830196812035,4.5219492448626815,5.249808279639055,5.122634912847388,15.343778667159444,15.389165718901495,16.945765636035777,17.72175642032191,6.970396493565788,6.267375731196824,6.799901379959229,7.057071867705366
2022-02-06,7.236969364584479,6.931876021509283,7.665778461854276,7.901539394717914,4.916600751347839,4.63716804985805,5.383220089083062,5.252516930828383,15.802188957069298,15.781280089937823,17.376403315641298,18.171083285343347,7.208269663625705,6.427067824827876,6.972705242275423,7.236000632063669
2022-02-07,7.7099203742050975,7.388538117258039,8.170789002590094,8.42225802816874,5.191341124157265,4.961553932347752,5.759794882245229,5.620324101332722,16.79249818502328,16.885235006764344,18.59194259811648,19.443512259147102,7.7097597526472175,6.876663363691684,7.46046999848807,7.74270112504565
2022-02-08,7.505146742006827,7.325872641214735,8.108073386255038,8.357497600957512,5.058452177501837,4.929268011261711,5.726839194125412,5.588209399237567,16.395660750450535,16.775359074267993,18.485565500610146,19.332411441360115,7.507540963012795,6.831915404942727,7.417783596016462,7.698459096372661
2022-02-09,7.596851103926103,7.454989049990377,8.246938863992513,8.503747890025839,5.119135497618794,5.019058137012332,5.827830794062165,5.689048518968137,16.618894809194483,17.080934181433815,18.811554544890857,19.681264394558667,7.60001914809277,6.956363607378853,7.5485946434289275,7.837377626996428
2022-02-10,7.294820739327128,7.214677345975361,7.982964915503225,8.23439681024492,4.87207442297513,4.869511448523075,5.654547533806477,5.522098788006651,15.961681123389017,16.571994640706173,18.252216496617795,19.103701769684196,7.311137212422394,6.749093415838503,7.324146622135187,7.607383440462764
2022-02-11,6.901126497919231,6.766212476524696,7.4857817586151265,7.721955263361988,4.576607665815864,4.575187515474939,5.311036146227964,5.187014841663616,15.10158369590578,15.570347002607976,17.14340201099335,17.944478795866857,6.934084093792147,6.341163433609722,6.8792077912285,7.145763291596306
2022-02-12,6.876901013477807,6.784453624335692,7.51251465387767,7.749250954595499,4.537846585162577,4.591795123666813,5.334726404036216,5.2099970915093605,15.015537960005734,15.626866264727004,17.2198713857385,18.023985893422417,6.912160919259754,6.364181409906831,6.9098929911788876,7.177424222270131
2022-02-13,6.978644284132821,6.790772094000997,7.519824304364905,7.7579626034139695,4.554471173154222,4.596177593772319,5.340041427179433,5.216039612740023,15.160524633367189,15.641780752939887,17.23702765730834,18.044889996727896,7.02275406241501,6.370255468967344,6.916777363194195,7.185748552875846
2022-02-14,6.900159578250927,6.759831696169118,7.4855621685750116,7.715590572772425,4.554348995238776,4.5759225943289294,5.316508277311213,5.187856984253664,15.0558389770877,15.572848634025746,17.161065408574185,17.947392188311554,6.940793581545962,6.3421822454363355,6.88629565991289,7.146923448601819
2022-02-15,7.252460179144044,7.148921273901501,7.916942981280806,8.15665051398561,4.850068013741358,4.831468159674317,5.613830717517159,5.4764786114083135,15.85651046223743,16.4425251475997,18.120787387299593,18.945878760376978,7.280297601460456,6.696365803838767,7.271407489480172,7.54453592734711
2022-02-16,7.121600208519176,7.025191210778007,7.78052120435821,8.0127438568397,4.785452001594586,4.747735530334973,5.517002386130193,5.379595684084861,15.577420215031712,16.15756500337728,17.80823688579352,18.61071225553628,7.148309660028202,6.5803132299124,7.145988984813818,7.411067547791003
2022-02-17,6.594370229304947,6.475889504063831,7.171649298838495,7.384457289830548,4.393226954285895,4.379625242163671,5.088916543524434,4.960833307172929,14.444707345269164,14.904806531146178,16.426425974900432,17.162003735821912,6.626164979105727,6.070116108812527,6.591503686147625,6.834169869225819
2022-02-18,6.553439679788209,6.420982909024094,7.109607136074409,7.326899444798115,4.336020384852939,4.344925248434562,5.047664750623362,4.924880157426916,14.302866645359268,14.78671499030264,16.29327002380046,17.037623807682927,6.58979603812451,6.02202226989614,6.538071616149618,6.7846398976497335
2022-02-19,6.623286983397448,6.474920486191092,7.170478131923732,7.3918723550338346,4.39701406501557,4.383710982131112,5.093620354450979,4.971015668104976,14.436061473712947,14.91871118288784,16.441609325093737,17.197229615333445,6.664533566712593,6.075778902915094,6.597596375386304,6.84819734807272
2022-02-20,6.357891007133243,6.185161243149433,6.8492017070405495,7.062752317776502,4.19747092291736,4.19112266459379,4.869525156283113,4.7533242178652895,13.815419327070671,14.263291722469665,15.718256298461926,16.44412600331164,6.405158755980002,5.8088534506188925,6.307333347463182,6.5483000812435765
2022-02-21,5.977341317482631,5.798451795451536,6.420975035951781,6.616421788219755,3.9293586641188787,3.9218801140657855,4.556701247783882,4.445626819000226,12.970177167810824,13.34700142280245,14.708497397487136,15.379646795516154,6.01315996292918,5.435686009851655,5.902142983590614,6.124408335249566
2022-02-22,6.153194732629091,6.007830997816965,6.652275298021177,6.856279841959575,4.054597499222783,4.068177064483096,4.726365902150729,4.611527133739571,13.366742716276004,13.84488140601979,15.256155010198524,15.953578964777696,6.193334096875327,5.63845209742666,6.12190394549735,6.3529568193615695
2022-02-23,5.995791348713855,5.863657320290109,6.492974357974744,6.694080572728804,3.919385362351901,3.974060388292455,4.617316808254301,4.50602318223912,13.030695013262793,13.524582117288178,14.904157320081357,15.588588025215854,6.039009755746462,5.508007340018498,5.980656295188755,6.2076118980988255
2022-02-24,5.902846937400413,5.866841688401819,6.497726761581272,6.701647088189562,3.866785427970979,3.972773724525187,4.616783955714769,4.507957417708101,12.82157487158129,13.520203323792988,14.902437334555698,15.595279513175472,5.9325580501774455,5.506224037103644,5.979966109085592,6.210276549971523
2022-02-25,6.145583642496762,6.144477463542866,6.80077136948728,7.015039539747324,4.076552666744165,4.15376091488654,4.823601074892295,4.71163839998764,13.374714230962828,14.136141653625748,15.57001874789893,16.299913908720075,6.163526057548663,5.757070444947987,6.2478494181863855,6.490872640555024
2022-02-26,6.174817012745358,6.191062830032043,6.853925624246254,7.063282570823303,4.122704204333169,4.17116762264592,4.844582759760597,4.729582711038824,13.391979375776437,14.195380423418204,15.637745166748617,16.361992256092055,6.171146395742638,5.781195965130487,6.275026294043582,6.515593178883272
2022-02-27,5.934729549507303,5.923281781607918,6.556512372406591,6.759006175340025,3.9039647457037727,3.9859463179894594,4.628321283268642,4.52086985425484,12.83516005352226,13.565032492099046,14.93967847525647,15.63995008977664,5.926509613167331,5.52448111787223,5.994910024248913,6.228065050274166
2022-02-28,6.4840150742942635,6.511757967731393,7.207899819001749,7.428916485424149,4.29622268712815,4.387512844717446,5.0946042570044465,4.974775946917058,14.087083998795533,14.931649738854174,16.444785247183013,17.210238300573355,6.479722856936951,6.081048245850335,6.59887079151251,6.853377603599599
2022-03-01,6.524444426825955,6.541533857654995,7.2413882298254455,7.462886206138245,4.346463326147284,4.410675011061222,5.121852085990315,5.001038340232724,14.196769125219602,15.010475571912357,16.532738044597753,17.30109305506458,6.525726769774867,6.113150773181848,6.634163994626328,6.889557343167176
2022-03-02,6.446123537266008,6.437089567422441,7.126214307212811,7.344138768028082,4.317538817139301,4.3399465316625,5.040070019618485,4.9211435367716465,14.021235049183948,14.769771346461482,16.268755122527494,17.024696967840846,6.449283513258707,6.015121819010899,6.528234414657751,6.779492234200116
2022-03-03,6.284504875408556,6.3013920020068745,6.974669130018146,7.188302730641602,4.203457367214448,4.2523237573724275,4.937192502012121,4.821009739041783,13.637362594298214,14.471572202401699,15.936678557115387,16.67828407623307,6.290970005407535,5.893677543688782,6.394980601056316,6.641545373065495
2022-03-04,5.891263961591126,5.867067794467112,6.491958666990691,6.692277069430654,3.9114336711801525,3.9596664552481986,4.595858556688629,4.488787634740186,12.767941568368808,13.475596467744122,14.834892599805526,15.52896164548285,5.901547581127275,5.48805749499524,5.952862138400434,6.183867770428477
2022-03-05,6.0233001456032635,6.017200046323437,6.657466800058037,6.863954092852444,3.992849593739349,4.058265429285463,4.709934303085658,4.600935506245735,13.047584476588868,13.81114997995945,15.203115734866913,15.916937227520608,6.028169316247125,5.624714671699314,6.1006206438592985,6.338365524512016
2022-03-06,5.813016116828336,5.801355799053148,6.418732015451145,6.618106444013048,3.830182434186273,3.906571776781929,4.534128178093807,4.429309400434416,12.5470156186807,13.294903858989725,14.635634175007674,15.323196682995647,5.809235248186599,5.414468809838447,5.872904840108164,6.1019290452994746
2022-03-07,5.660674631422103,5.671112667392094,6.274628501041311,6.471003354974702,3.6993113851650414,3.822342680461711,4.4363684181655065,4.334914996240106,12.208987588377815,13.00825413086689,14.320077131371404,14.996639224376533,5.6602017110398375,5.297728137718408,5.7462798871514735,5.9718889183644475
2022-03-08,5.716794431861298,5.779432345904644,6.394272775211823,6.593888107721162,3.764104722436096,3.8909451419890835,4.515890836700866,4.4122182929661635,12.33305392084359,13.2417230603045,14.576766175147988,15.264069993575266,5.70505524368152,5.392810452710219,5.849282620724338,6.078383901881262
2022-03-09,5.999547069309401,6.13066745024362,6.782390773034962,6.990758548812552,3.9849852772481342,4.129858114800119,4.792811965755424,4.680342988659876,12.970669920825001,14.054795284669126,15.470635113338545,16.191647427493105,5.984891985255715,5.723941406770595,6.207969313131975,6.447759287636677
2022-03-10,5.740508199965212,5.844246194683895,6.464400253816602,6.665178787065371,3.787837776261208,3.938023814174624,4.569313324352789,4.463690031435687,12.39885064295933,13.401941905952143,14.749207702004233,15.442136482248843,5.730126494881678,5.458061014256845,5.918478985268559,6.149292675142492
2022-03-11,5.730261120448309,5.8935634686873435,6.5199108653701074,6.7255336128819785,3.7526417176129137,3.958350793576544,4.593753747310167,4.489746653233187,12.293414359464288,13.471118988144347,14.828098521900953,15.53227937013524,5.6952712636186575,5.486234001279391,5.950135849089515,6.185188938644192
2022-03-12,5.730263436342553,5.906715647431544,6.534106457454238,6.738879580704175,3.762403039455719,3.9594752627904666,4.594508799894548,4.48947992922207,12.281985050843204,13.474945798694803,14.830535743120523,15.531356638369873,5.682123671433538,5.487792504190459,5.951113843491784,6.184821492877059
2022-03-13,5.565424418918132,5.734449734802686,6.341532712093305,6.540794854121375,3.6503106632890874,3.8514654778607604,4.468104725102583,4.366405721902528,11.989354899420773,13.107365273231247,14.422518209380824,15.105581395580069,5.530699464938566,5.338092039159966,5.787386865890718,6.015271341267269
2022-03-14,5.697545025650959,5.890864145257458,6.5145060829333685,6.717744977430347,3.784834374439877,3.956974635339598,4.590506436290874,4.48497540956151,12.27928545225556,13.466435625723188,14.817616582647348,15.515773251778182,5.660786939549275,5.484326659938416,5.945929715549955,6.178615952268584
2022-03-15,5.67554051001252,5.909555401421461,6.5354406814285415,6.739333817120645,3.8126665522844365,3.967966633922342,4.603464175302414,4.49756996004153,12.249592171960584,13.503843760713636,14.859442645003586,15.559344101473247,5.632611432583183,5.499561458346006,5.962713442248595,6.195966524657812
2022-03-16,5.923085962590545,6.176864367623999,6.832082744387839,7.04248314446619,4.02050687257012,4.13899578627083,4.8026382251451905,4.689794854177287,12.789961934604973,14.08589274572697,15.502353126612231,16.224346157983756,5.864280540846093,5.736606126632333,6.220696938832794,6.460780417460502
2022-03-17,5.904277081105733,6.146468225694267,6.797815184126192,7.0074885763151435,3.984401046270252,4.122733108170463,4.7834026958716915,4.671432450384563,12.772215516520145,14.030547354886055,15.440263093302248,16.16082141869575,5.8532171662172,5.714066219939151,6.195781800015553,6.435483903960372
2022-03-18,6.047096316683512,6.293230117080067,6.961577820923473,7.173256043699715,4.117225007509132,4.225322397580266,4.903619865932515,4.786795906053335,13.116660405547591,14.379680768425672,15.828310023926205,16.559921314735814,6.001491649971883,5.856253933226333,6.3514950864915285,6.594411528398249
2022-03-19,6.286265600103952,6.555366474714891,7.24999352931758,7.463316673663041,4.1832824272533164,4.409887617673201,5.1166476673039165,4.989915778872422,13.601712414888478,15.007795902885118,16.515938791247198,17.262614551999093,6.250879999836734,6.112059453942343,6.62742288487099,6.874234620348151
2022-03-20,6.159456370878524,6.496583623732388,7.199422256024432,7.4081476589557225,4.0752590110852145,4.381676331950153,5.094753431930806,4.966825149160329,13.313278030511066,14.911786830773465,16.44526676635595,17.182732514276026,6.135139572913852,6.072958898426962,6.599064012813856,6.842424382819777
2022-03-21,6.224365008083111,6.615197133392814,7.330868072898846,7.541833912977945,4.146463722375846,4.4656015898233035,5.19233674552636,5.0607468779134415,13.518981352858514,15.197402531320911,16.760254261916785,17.50765475211964,6.2010391728660705,6.189278453544965,6.725460420727066,6.9718133400705735
2022-03-22,6.523297548932731,6.987173641965709,7.741985733353326,7.988766374736858,4.2859696499246995,4.708064077430443,5.473513413279263,5.35245659424657,14.114712032120654,16.022554517854694,17.667859580103716,18.516824569264273,6.481476926506289,6.525328999066014,7.089659170323452,7.373680048843416
2022-03-23,6.810900721169996,7.138831352488841,7.9074571821493285,8.143700583350164,4.429572335724411,4.8036558168166135,5.5825757117450285,5.447690769635786,14.850470711962696,16.347873763850895,18.019899893022597,18.846287216486147,6.771660451722269,6.65781817908333,7.230923924069827,7.504877065889822
2022-03-24,7.074743237735815,7.32816113889322,8.119230605522198,8.369559407374341,4.57781746094729,4.937614014051268,5.740061575871292,5.606919782710035,15.398542375259737,16.80376231655666,18.52824579868598,19.397140016413985,7.051917224440549,6.8434828800520915,7.434910105612799,7.724234995511274
2022-03-25,6.88186569994246,7.197805879325983,7.973120727523503,8.22284726819041,4.441812792386109,4.856549418347743,5.644615595272378,5.516413436460928,15.002579297991456,16.527882064553705,18.22015736345611,19.084033294969245,6.863392095306649,6.731128173650034,7.311282113767211,7.599551155879932
2022-03-26,7.0502939345289235,7.2967534325702355,8.082380619837155,8.32507713406923,4.534296507041113,4.922061169960249,5.7204981188363835,5.582961029402783,15.40636604958307,16.75083264349833,18.46509725300861,19.31425470495428,7.036452923452003,6.821926796087221,7.409570212915309,7.691228808885353
2022-03-27,7.427539244551243,7.642391168897762,8.461666317864571,8.708765310667241,4.802562253604202,5.142992241800107,5.974541756494255,5.826010273705475,16.167610101078388,17.502708591876285,19.285120331141336,20.15508361018685,7.399094735211023,7.128135018014859,7.7386244545681855,8.026059616393002
2022-03-28,7.354328670062268,7.587491659142517,8.400881502968707,8.642911359597182,4.743306730330491,5.11263223679756,5.939272965664502,5.789301240675123,16.041964486430018,17.399386965977527,19.171276809276865,20.028088703687093,7.33419417161487,7.086056359399186,7.692941967388059,7.975488320820199
2022-03-29,7.473453424764059,7.70930128951719,8.535113439958556,8.789485381145488,4.838097691263835,5.191261854399461,6.030188029190391,5.884063630213385,16.305111503573553,17.666980463862146,19.46473997540242,20.355919207671082,7.447981813620139,7.195036210880559,7.810701213630719,8.10603539370447
2022-03-30,7.457990013928549,7.764422097342697,8.595754565604953,8.851866732782392,4.8583769483628085,5.232127433585756,6.077328905838658,5.930060693606591,16.284282183271646,17.806054817916703,19.616905198398662,20.515046056914258,7.4316716134196925,7.2516754886266455,7.871761217177187,8.16940211563407
2022-03-31,7.1782889711525,7.521728306427542,8.328546115370337,8.570013773561444,4.727219058682492,5.078398973578818,5.89971710589441,5.751995764685596,15.713121062657034,17.28288380943049,19.04359513149149,19.8990304026607,7.1630887889475545,7.0386094042303355,7.641706582949483,7.924095350289196
2022-04-01,7.346643130586919,7.651779442844186,8.471414122347705,8.718189828977529,4.843167898036247,5.158702875524348,5.992475409560536,5.842951143788648,16.098010411312895,17.556175256988897,19.34300806068716,20.213690553345998,7.324351134316081,7.1499097968089576,7.7618533166022665,8.049397788976524
2022-04-02,7.271996782354429,7.608819583930241,8.423304001265723,8.670251585966191,4.818150772057879,5.113739971225671,5.940234190453372,5.79244678854356,15.915753565558678,17.403156824453074,19.174379530200774,20.038970727114744,7.223246938939526,7.087591668067066,7.694187009762966,7.9798217073973285
2022-04-03,7.541017040640827,7.793023217299564,8.625497778362925,8.880749986440913,5.0037987943554185,5.237221355558759,6.082336594620916,5.932734941933967,16.48167511803742,17.823390529831375,19.633069430683385,20.524297619493186,7.499052875162742,7.258735612750436,7.878247509256261,8.173086228001916
2022-04-04,7.571323583910789,7.711768500445935,8.5355631842831,8.787762880626184,4.946149228167264,5.188943609079515,6.026268408042385,5.878162861766354,16.57999155707807,17.65909097650307,19.452087897875362,20.335505498146567,7.549370386178934,7.191823146409811,7.805624259229047,8.097906345331152
2022-04-05,8.02742110478454,7.612830896073342,8.429020892240548,8.681395513598066,5.070755689657738,5.134392914956725,5.964990904139972,5.821589405557135,17.344563863548263,17.473443233355475,19.254291299489307,20.139789616017023,8.074142333973281,7.116216438339495,7.726253554404923,8.019969316230824
2022-04-06,6.967087423149124,6.891150072029243,7.618556875442188,7.84682618042798,4.505499564335352,4.645187947728913,5.387991872014279,5.2583918108183925,15.166206079114135,15.808573527059782,17.391806071496614,18.191407433746033,6.978544057482862,6.438183321831654,6.97888597338225,7.244094015841541
2022-04-07,7.172010984510768,7.120157655927122,7.865879644368601,8.099054602201292,4.609259000258431,4.80110178768539,5.56426854409372,5.428668677613408,15.60449498926604,16.339181853477072,17.960806502187374,18.780480285646686,7.183703883642214,6.654278320644628,7.207211261064951,7.478671749141724
2022-04-08,6.927461611568495,6.835357988551303,7.551927539961615,7.776896072018942,4.4558829414141785,4.613516712405855,5.347189652949914,5.217959368136707,15.065443166425789,15.700789502402147,17.260101292033227,18.051531390874736,6.9490694171210645,6.394287311307815,6.92603622136421,7.188393256633439
2022-04-09,7.042223518533014,6.959681091145202,7.6886049450559435,7.917387668081067,4.5329304896353335,4.6966970206970515,5.443117304473915,5.311334046993156,15.320889122817862,15.983869979321877,17.569744504537894,18.37456110950053,7.062142252269986,6.509574373870489,7.050288105476663,7.31702858406254
2022-04-10,7.10074955820262,6.873448368507573,7.5969288027790265,7.824600385558164,4.5562806887175755,4.6440511606351755,5.384561114028162,5.255725198515304,15.415475373014777,15.80470479611538,17.380731986941527,18.18218228799453,7.141733838868097,6.436607746464258,6.9744422271116315,7.240420423054555
2022-04-11,6.437438715481004,6.286962585586903,6.9487111254477485,7.155180546163797,4.12146307380299,4.257661843611193,4.936560689536999,4.817040939778888,13.986482460889983,14.489738857819935,15.934639140519762,16.664554014455327,6.483838523309159,5.901076077005336,6.394162235452731,6.636077854473353
2022-04-12,6.608649063524932,6.455820206762495,7.135027417707193,7.345699678308148,4.207039096240933,4.36896857369575,5.065470521394962,4.941883601925293,14.351818480941754,14.86853959664873,16.35074496429206,17.09644722704294,6.6518996456402615,6.0553460745386705,6.561134836517231,6.808064274335769
2022-04-13,6.740109284779031,6.6564290881365125,7.357653083693327,7.5689858464462025,4.281835087734652,4.507858089660317,5.2271349807748635,5.095243662709591,14.639121015392941,15.341210487465338,16.872578885533194,17.626996385447516,6.782376339453279,6.247845533187599,6.770533412974071,7.019336986329385
2022-04-14,6.739186607290768,6.522867567329099,7.210082782091554,7.422814671197399,4.221194738340464,4.415213301357755,5.1198262119612385,4.994789424585954,14.533261229192789,15.025920349744217,16.526198760746567,17.27947493023872,6.789761526031958,6.119440797444711,6.631539947637911,6.880948678375569
2022-04-15,6.866039343459117,6.704142124788149,7.410244262860265,7.628107754117809,4.320451651193609,4.539664946637311,5.263930499802761,5.134790839491171,14.809685840341842,15.449456061776559,16.991350507026752,17.763809850775075,6.914976599440492,6.291929513946501,6.818193420213672,7.073818180765578
2022-04-16,6.836301239560624,6.7416567682274815,7.4514287619276445,7.666954185536411,4.305936149683606,4.56109905993222,5.288689347662467,5.1563814967017745,14.742742905862118,15.522400958694144,17.07126916517586,17.838502733354186,6.8737842496962465,6.321636977301348,6.850262729178795,7.103562018106803
2022-04-17,6.616840025259485,6.508744466853034,7.192574715785986,7.402565910430895,4.184986262844589,4.4081053769382175,5.11010421344974,4.9836533474829325,14.288911568937998,15.001730554395682,16.494817289364324,17.240949669458818,6.661004684679158,6.109589286383016,6.618947367571568,6.865607335926348
2022-04-18,6.705253336214923,6.649724729885289,7.348366832141866,7.562135429625759,4.250857884607215,4.503496607562328,5.220686671865696,5.090938552526457,14.496818195694578,15.326367425955473,16.85176450037796,17.612102855979547,6.7452592781323375,6.241800563292362,6.762181133745147,7.013406157277998
2022-04-19,6.830167787035888,6.763232268555652,7.473383881372285,7.689114796436458,4.321253846827834,4.570970224579575,5.29858060569869,5.166059893283931,14.738193647341886,15.555994654768751,17.10319698645982,17.871985148104866,6.858731899770614,6.335318311257002,6.863074545456144,7.116895222874751
2022-04-20,6.743281586986657,6.659383614634059,7.359231696284346,7.57233796118694,4.260701405719325,4.490181559852844,5.205090575153153,5.0758445758244655,14.52595587704216,15.281053455218379,16.80142212868551,17.559885240811262,6.757929405360042,6.223346042386591,6.741980030407924,6.992612311890291
2022-04-21,6.553678517609199,6.533539023381662,7.221703065500622,7.425955436649256,4.148289262478861,4.4169205272897765,5.122085200146008,4.99082473909707,14.149384935689088,15.031730406727348,16.533490509761886,17.265759100062937,6.579389302943263,6.121806995248938,6.634465939608798,6.875486827022914
2022-04-22,6.53410423757742,6.4845275409319845,7.159882047068409,7.362454502889967,4.135270027049517,4.378276802006276,5.071214464105399,4.941552708833135,14.088908502258503,14.90021749931046,16.36928573793809,17.09530250232995,6.554489108280536,6.068247184448318,6.568574773726858,6.807608427613992
2022-04-23,6.45722801203796,6.419269453607423,7.090648548424469,7.290899300411995,4.070707783663828,4.320779721459313,5.006227252216579,4.878518407837061,13.876901435569609,14.704542569545273,16.15951463710028,16.87723532647557,6.457033843514157,5.988556814715818,6.48439900801054,6.720770774759944
2022-04-24,6.356599068982693,6.330947373561052,6.991328809222103,7.189896007825443,4.03089297718061,4.267962371240792,4.944246167315097,4.818654728772281,13.709576256786825,14.524793768457002,15.959446961737482,16.670136917773895,6.365250508646848,5.915352503694027,6.404116978210027,6.638301051148394
2022-04-25,7.016621543733594,6.488984877161654,7.16585121268965,7.38555569717963,4.3358115356067,4.385014068206591,5.079845395649584,4.96286479455745,14.991086443583768,14.923145865029467,16.397145373067183,17.16903166680117,7.086487445024218,6.077584966982352,6.579754131179826,6.836968497805601
2022-04-26,6.297017718285559,6.005468750251623,6.626274304398286,6.826885943397514,3.9233561612083965,4.06089425351781,4.6999397317309155,4.589879265330377,13.515341568616039,13.820096434146976,15.170854430303278,15.878688160046572,6.347525870836252,5.628358195388598,6.0876750092899705,6.323134166421152
2022-04-27,6.409798366030119,6.144073635708917,6.779178795271491,6.983619153976125,4.014965701983432,4.1565449687225735,4.81054175725437,4.697337600799546,13.770550524176754,14.145616387536514,15.527864801645862,16.250440291306564,6.46123615470278,5.760929115291561,6.230934120084571,6.471171496641197
2022-04-28,6.37242615213991,6.164613559319891,6.801419506001192,7.006527649808372,3.9936684838570735,4.170622463777639,4.826499772486242,4.71292061392402,13.717612114121964,14.19352513055382,15.579375403887166,16.304349728068104,6.418946250235635,5.780440380475353,6.251604004395865,6.4926390510161935
2022-04-29,6.1849165152226355,5.925733578165898,6.540431150728685,6.743706191186348,3.8471437416612626,4.012916156115951,4.64578745631762,4.540949812312427,13.28936721096133,13.656816651068112,14.996057234114076,15.709416708358885,6.240525081420122,5.561861039626175,6.017533375025162,6.255727710120862
2022-04-30,5.834467236646398,5.600199060022545,6.1868337508899565,6.387391955964287,3.6134822329507696,3.8095033392313087,4.41365656419793,4.320385756985842,12.588750011836384,12.964559091578105,14.246765929515307,14.946375318512217,5.909715384934819,5.2799329411616585,5.716861981028204,5.9518730696176885
2022-05-01,6.095111466844448,5.859713184900212,6.4735427718489635,6.683384726209859,3.749020329243885,3.9815300421651902,4.613517326813309,4.51548250608772,13.13092389307544,13.55000295575534,14.891893039443302,15.621312557804629,6.1670399388580694,5.51836020442882,5.975734953738258,6.22064330270899
2022-05-02,6.03224835974711,5.822387155712667,6.432306684207078,6.639162884996399,3.712576394506891,3.9633522623502064,4.592454192477691,4.4937607897854965,13.021909488716412,13.488140061939736,14.823903711262298,15.546166276274024,6.11110384898968,5.493165986207795,5.948452579105544,6.190718915036887
2022-05-03,5.959858407391908,5.7637975381077995,6.366562480655188,6.574139872917437,3.6790016970948307,3.925891628180423,4.54819566010284,4.452581902579736,12.864941918573418,13.360653468004857,14.681042357652887,15.403707908434813,6.0400138314920415,5.441245927676029,5.891125979858492,6.1339898349077595
2022-05-04,6.4100814473855525,6.310639461407874,6.971627867414402,7.205570789482297,3.959408113681399,4.293975580298982,4.975577457208927,4.875813415996943,13.915054995979073,14.613322312984943,16.060580692215744,16.867877406708676,6.481693610223552,5.951406547274253,6.444699351896174,6.717044309348678
2022-05-05,5.943701389380967,5.76104247933802,6.358163056713895,6.5684298157415295,3.639627188118519,3.9272936478925082,4.545646645941026,4.452318083499017,12.855697569059195,13.365424842587391,14.672814438786485,15.402795226276687,6.026964966050234,5.4431891127589145,5.887824326923149,6.133626391046469
2022-05-06,5.934250641328178,5.790827030311648,6.397381137625742,6.616403983995646,3.6281943730123376,3.956003916614971,4.583442673026012,4.494964774769301,12.8333393221253,13.463132061151624,14.794815582988168,15.550331462546266,6.025053768439045,5.482981253644115,5.936780258843361,6.192377555307548
2022-05-07,5.843388426265649,5.632308874241599,6.221194028687169,6.433538103423207,3.531350200165367,3.851371659031104,4.461118531000986,4.374569037364,12.616950891289248,13.10704598757832,14.39996759388641,15.133822386915924,5.94277878492312,5.33796200721483,5.778337881931363,6.026517331830813
2022-05-08,5.695023139048381,5.508881693042305,6.094693178969063,6.30691018991145,3.4442189517257518,3.7725560697307463,4.376990850274357,4.29524110896544,12.291098240877776,12.838819588010912,14.128413303680079,14.859387404074917,5.797275755626856,5.228724400848012,5.669370106006199,5.917233164337087
2022-05-09,4.8334843987740275,4.695493229555325,5.194809428238431,5.371900315898095,2.9119003098045453,3.2292526848249508,3.7466399951244482,3.67258721739514,10.456966871676393,10.989841332570695,12.093714645964619,12.70531615201278,4.93537672492492,4.475711426829311,4.852897689972172,5.059449360440044
2022-05-10,5.014321132230374,4.879021957554665,5.397501120498487,5.583619371747284,3.018508882563475,3.350819863142336,3.887682763818047,3.8128123268760454,10.837948923791432,11.403560583230329,12.548984167369628,13.190424943974744,5.11411274916415,4.644202301414436,5.035585679015995,5.252627030154857
2022-05-11,4.08795622371464,4.114114891966176,4.5549865524602335,4.734785425243347,2.477370490722608,2.8421661429624274,3.2997340578067305,3.251454147468972,8.915520025585778,9.672502588212504,10.651154675820408,11.24840621938095,4.178838098355822,3.9392134108247654,4.274035351005451,4.4792857550105865
2022-05-12,3.942818101686678,3.944541625588038,4.366208437869632,4.526464346288269,2.3802926509627724,2.7204532202021654,3.158166296585855,3.103441712794431,8.539017955052152,9.258287337871629,10.194190540087783,10.73635717448366,4.027115936913918,3.770520535921906,4.090667356669902,4.275380068467783
2022-05-13,4.244481266878641,4.26582854457912,4.71066088878703,4.888368903827163,2.5456619365691635,2.9127484755393356,3.3755508769246294,3.3232021170812267,9.139855016260965,9.912709444600084,10.895882479124106,11.496618333410813,4.301408682988232,4.037039806984859,4.372238345378298,4.578127578901991
2022-05-14,4.338451755874651,4.377069319348426,4.833863093961061,5.005381482125724,2.590158757739882,2.973974102737988,3.446333952705253,3.3863516791388553,9.302691376699377,10.121073420439526,11.124361949094137,11.715084254928776,4.377045541643968,4.1218979045117345,4.463921300076886,4.665124018319745
2022-05-15,4.516823371644098,4.575544131942209,5.048723347973355,5.218933818622755,2.733850549678924,3.1104891390365017,3.6013103020580557,3.531894084184185,9.755225571799388,10.585663446324144,11.624607435285789,12.218588231870887,4.5576867178214675,4.311106358457294,4.6646569909234135,4.865626929356337
2022-05-16,4.249749483511087,4.288359084914523,4.731839102011105,4.894661638288074,2.574664339612629,2.9255809005681543,3.3872243771871724,3.324292844345496,9.195339741666881,9.956380946567567,10.933563169363495,11.500391704581558,4.303038879080918,4.054825417756451,4.387358640504519,4.579630192463756
2022-05-17,4.391067161106744,4.467526111267309,4.92937978695408,5.099012714382893,2.6637403096811187,3.048669729665935,3.529573470066798,3.4640003787491915,9.50543980877943,10.375278702061683,11.393049352086777,11.983709945469009,4.444363808954067,4.225425284870238,4.5717386676499405,4.772094837616221
2022-05-18,4.032218420535461,4.079115552193071,4.502421951417124,4.6708600130861795,2.429948102572075,2.797888355786111,3.2397311877338026,3.1893940601768715,8.715859149446942,9.521815756577517,10.457472445997103,11.033709336014107,4.100777035972327,3.8778448474568292,4.196315636822199,4.393790203680543
2022-05-19,4.208638412779578,4.277747720587198,4.72129326102955,4.894510747763297,2.547080716018778,2.9322048082932803,3.3952002992223056,3.3399523525444614,9.105292327067474,9.97892352901793,10.95930851059107,11.554565776067328,4.276466699008394,4.0640060865950725,4.397689586010376,4.601203128394807
2022-05-20,4.074980672116087,4.136589801732478,4.56514449943279,4.733660744864531,2.45381988720754,2.8361243798888225,3.2835967371941757,3.2309168319439916,8.819338999346131,9.651941169200631,10.599065296832128,11.177357372556399,4.141844725294582,3.930839588561241,4.253133218421344,4.450993027909141
2022-05-21,4.1227964591739665,4.2062803508152555,4.641741618245819,4.817551537288986,2.490440547227586,2.8800560477645267,3.3346593542099163,3.2844935777836577,8.923452286648272,9.801450082423182,10.763889437947409,11.362706134612974,4.184360041616424,3.9917284340935058,4.3192729213237016,4.524801712748277
2022-05-22,4.230969097176412,4.342690466451436,4.793461841526311,4.979944578364767,2.5716247551457605,2.976874809029922,3.447348109809893,3.399083775401134,9.174970373772275,10.130945147743663,11.127635529327533,11.759130944282788,4.296297737106909,4.125918253974535,4.465234903913065,4.682664077269507
2022-05-23,4.096742322398295,4.199328103956762,4.635218462349711,4.820592407412015,2.476761662803272,2.877614992711173,3.3324010051723203,3.2895923887821032,8.854189500259574,9.793142647131267,10.756599752024231,11.380345472197055,4.159245907683668,3.9883451565794372,4.316347757218807,4.531825964186855
2022-05-24,4.175785842885804,4.322892522841075,4.774122874627646,4.976353860489773,2.5274507110699815,2.962201019736233,3.4323271987948236,3.396567537479993,9.010677638783795,10.08100708720011,11.079149789631414,11.750426018733204,4.236252290398671,4.105580531031615,4.445778819405034,4.679197644047572
2022-05-25,4.137591627734416,4.269064073287681,4.715027028278082,4.933230802109517,2.4877461246552217,2.9302837186196116,3.395642364773563,3.373257599109262,8.930547029751335,9.972385647730883,10.9607354463625,11.669785282665368,4.204447610826002,4.061343475816792,4.398262178758893,4.647085281345036
2022-05-26,3.9063652803757183,4.046498073054645,4.469615422121445,4.684608682089024,2.358636827435938,2.782135876859321,3.224195501495056,3.20834778846689,8.42520794485207,9.468206683241878,10.407325072231504,11.09927976250893,3.9736909203577544,3.85601207163695,4.176192781154652,4.41990134081588
2022-05-27,3.9292557924300886,3.9531175523485382,4.369353612221357,4.5803475499921715,2.327435312171931,2.7134494683052934,3.147045739122976,3.1327440083122498,8.388110323758163,9.234452064019873,10.158294684378367,10.837728471200652,4.000202215709353,3.7608134069187096,4.0762632698900045,4.315747654461346
2022-05-28,3.983486445164719,4.036789053484976,4.459784449986373,4.669749597402608,2.37906532880667,2.7616683588396023,3.201552671040753,3.1842573837388572,8.498120210783952,9.398551317910677,10.334236670183897,11.015939002934894,4.0426116967274135,3.827644299517359,4.1468642788835215,4.386713787851396
2022-05-29,4.058277169059113,4.142024014310913,4.574533818898963,4.782282859658848,2.421199202815945,2.8320413959795183,3.281907107990639,3.2587894280230327,8.669325473822626,9.638045896917493,10.59361137185624,11.273782623802777,4.114346208001804,3.9251806143272607,4.250944698128649,4.48939102367027
2022-05-30,4.359417559697884,4.482087453816552,4.950106654598336,5.152508457094663,2.6283690206591928,3.073458950908438,3.5616734951062146,3.5191450451051267,9.434868499685468,10.459641752836031,11.496664469488017,12.174482928839122,4.427997598219665,4.2597828937680005,4.613316758303045,4.848063529552176
2022-05-31,4.330924945254601,4.522673390734904,4.999303293011851,5.197008171804583,2.6260549157310358,3.106190087429116,3.6028287952899274,3.554379934038746,9.467304083325109,10.571032849199389,11.629508953409218,12.296378033565922,4.399695213029558,4.305147916588025,4.666623844506031,4.896604006803746
2022-06-01,4.051178591115396,4.198823242218851,4.635976843891942,4.824871666938692,2.4458532587898163,2.8879235361293323,3.3452199366405786,3.3046198651519463,8.81739354213927,9.828224837220588,10.79797775990463,11.432333029454082,4.122567120021508,4.00263269306967,4.332951691141249,4.552528197029227
2022-06-02,4.151347990625143,4.3125468668142,4.763599551234434,4.9539100265382965,2.5119411829373073,2.961436140697664,3.432360578112706,3.3876077415445174,9.052087835963226,10.078404039345731,11.07925753415612,11.719429603051486,4.218479708641269,4.104520416451807,4.445822054520993,4.666854401768478
2022-06-03,4.0219207517045845,4.180856956864883,4.618032512021077,4.802620283702499,2.4228495035303124,2.8769479389363783,3.3339993549704077,3.2909622889969907,8.764135216998621,9.790872519686692,10.761759037780973,11.385084642241653,4.0936103598135904,3.9874206268217662,4.318418046345331,4.533713173490764
2022-06-04,4.068525055782782,4.235126083038346,4.677018017473574,4.863114444934803,2.5064105953145694,2.9161899796509454,3.378560262410792,3.334424476039305,8.884312343677434,9.924421623182367,10.905596422651293,11.535442086284105,4.142769261427172,4.041809696733714,4.3761363019188355,4.593587785424562
2022-06-05,4.0554968512490115,4.230028150427012,4.673060633467277,4.858159692475877,2.532844542866362,2.914766775646702,3.3780217323433552,3.333395810344893,8.879618098582272,9.919578153897968,10.903858110731191,11.53188341712566,4.131239833620929,4.039837150437033,4.375438761903343,4.5921706694565465
2022-06-06,4.155642230555486,4.350694631621714,4.80636513239669,4.996204280060764,2.6118537303500378,3.0012826031860818,3.478287849022571,3.4317851081967627,9.152248966700514,10.214010120117846,11.22750538011266,11.872261211085636,4.235857090219327,4.15974720880417,4.505310115075316,4.727714263284077
2022-06-07,4.082787831931099,4.329098446494112,4.783531340509661,4.976275282807442,2.6772587876029474,2.992635924004939,3.4689770676563216,3.4251642911765616,9.057265994951749,10.184583611408588,11.197451269463942,11.849356493390205,4.164674418842817,4.147762999269553,4.49325017084718,4.718593257721626
2022-06-08,4.041696321510943,4.273549279492584,4.724054372065998,4.914685744686706,2.6544697167590563,2.9573599127332564,3.4294479970644836,3.38620645723907,9.027014974422695,10.064531758995935,11.06985606400519,11.714581859739841,4.126881143350934,4.098870805888845,4.442049485536739,4.664923956944891
2022-06-09,4.038617882409055,4.285738589924899,4.740198368451702,4.933897892029755,2.720069108393033,2.9597443089552375,3.4346759138285985,3.393423692987354,9.01824360588139,10.07264637210029,11.086731166395689,11.739549888134437,4.1163656430200435,4.102175554838024,4.4488210315675705,4.6748666040841735
2022-06-10,3.8156003434200167,4.028801949592107,4.448128720120198,4.628050721185596,2.4887902587305772,2.783054751267889,3.2233894029171632,3.1832865316287093,8.452353828479195,9.471333810456848,10.40472308052954,11.012580339881813,3.8912321972466546,3.8572856222356924,4.175148668581351,4.385376317344363
2022-06-11,3.5600107471675666,3.7566886348181505,4.147325416118602,4.313567730092747,2.266270796275995,2.5966084985839246,3.0071011487131227,2.9684946537716796,7.891849191218568,8.836817117576796,9.706569953722212,10.269507799049501,3.632364196198028,3.5988730094511463,3.8949977145102923,4.089473575020316
2022-06-12,3.3105532582810904,3.519090575183286,3.8856775314477585,4.042200101249891,2.091687428487138,2.4341238346018415,2.8193740208126723,2.7836741376212784,7.320687493466941,8.283846863954183,9.100608794099472,9.630121189537054,3.3779762032219933,3.3736709152679993,3.6518410337193092,3.8348601412523413
2022-06-13,2.8479796989717983,3.097732979350463,3.4204267208041106,3.5566476915652596,1.8333999439202673,2.1292428560324064,2.466239353545748,2.435111496243851,6.324990510744722,7.24627132966966,7.9607314898798585,8.424268667776674,2.8871375769337124,2.9511089751576693,3.1944374899417265,3.3546714000190856
2022-06-14,2.905990598646313,3.179840843913842,3.517442072631501,3.652224348136428,1.9494262333475,2.181001275637461,2.530809020893355,2.4953477615215474,6.476468389734782,7.422416362158811,8.169154805891806,8.632656038550259,2.9392858578987315,3.0228456191030557,3.2780724241551127,3.4376544078537363
2022-06-15,3.2118610478685814,3.43343755483653,3.801115049989641,3.9464483778392867,2.1259796898482204,2.3399339006033983,2.715962495926488,2.679183989230044,7.097418062575161,7.963298263148636,8.766808515795436,9.26863750201745,3.2370758753262714,3.243124623282186,3.517895538318171,3.690911860883038
2022-06-16,2.8225773037072766,3.031919405170171,3.351663029790167,3.485560542087612,1.8622735110207458,2.0766691376908883,2.4087212282032415,2.379274629026753,6.2639628544514325,7.067351660251513,7.775069724733408,8.23110101540044,2.8566115650269404,2.8782423354432267,3.119936182645212,3.2777491146088313
2022-06-17,2.9092654260565802,3.133368662282748,3.461996888536387,3.5957822116597975,1.895478486388596,2.147304683937117,2.489369135435962,2.455453507453658,6.440259177408779,7.307739614199314,8.03539171407211,8.494641859287073,2.9450883338806535,2.9761424852085936,3.2243967241490825,3.382695070939152
2022-06-18,2.742478797787462,2.9915380155400766,3.3061464276355035,3.434668218787288,1.7757624773856568,2.0475929237964547,2.374132950223596,2.34260845919994,6.049181840428196,6.968399051571084,7.663422818565355,8.104254394161186,2.7705435097312865,2.837942998265993,3.0751351410383414,3.227236868473086
2022-06-19,3.034201804373798,3.24692946580389,3.5890576569915225,3.722515282300856,1.9731345196814358,2.226195551350439,2.5822922745302126,2.5430774147421955,6.677760722227467,7.57622220137359,8.335336712704363,8.797776782619172,3.074411352902194,3.085484426275501,3.344756963628263,3.5034079895025094
2022-06-20,3.0530893750680623,3.280700224074592,3.626386832087682,3.7631417905198656,2.023193703290998,2.2414881505903845,2.600031040044699,2.561850301929498,6.7194047286920435,7.628266205238436,8.392595368081725,8.862721589285988,3.0834121268742205,3.1066798135196723,3.367733394323561,3.529269995345022
2022-06-21,3.1817990586351748,3.310016652982528,3.657039561814249,3.793790179850017,2.0632400247070684,2.2670771518982793,2.628608845588789,2.5892270298814557,6.943110297586251,7.71535107956686,8.484841173899161,8.957431384655795,3.2283580195272137,3.1421459094659863,3.4047492716669567,3.566984870589214
2022-06-22,3.024149608035813,3.184607691553542,3.5179735483518537,3.654107495480103,1.9759242026656267,2.182257022482366,2.529877546992006,2.4954107416099833,6.604583963202693,7.426689938718562,8.166148117344802,8.632873918177747,3.0668369742015256,3.024586071477488,3.2768659171114662,3.4377411708219907
2022-06-23,3.156002950432379,3.3354248447958947,3.683482547008995,3.8255510587614117,2.0719417660201254,2.284862197736846,2.6479618770680173,2.611524587704583,6.907220168689666,7.775877415203843,8.547310490553212,9.034569790033556,3.198809566903023,3.166795802384066,3.4298166071680254,3.597702552155293
2022-06-24,3.302008804648114,3.4725713098210194,3.8359571562548354,3.987294236894013,2.160480365402515,2.376180737884761,2.7545589706616074,2.7191467891208507,7.22963849498865,8.086654045246956,8.891393411166788,9.406888815567582,3.344960026531896,3.2933623716531875,3.5678882633536357,3.745965628262956
2022-06-25,3.340581780955273,3.4964662175136536,3.861525420913406,4.013092502784809,2.1757471983445225,2.3959177762458723,2.7768816176568567,2.740644794891433,7.306143118864522,8.153823431211322,8.96344829854707,9.481261170472955,3.3893021744504277,3.320717706384258,3.596802042680788,3.7755818266289287
2022-06-26,3.414728514393454,3.426965519790864,3.7852011949735656,3.9281702145875346,2.146733638369775,2.3519481365052552,2.726286871625144,2.686578165222987,7.407193653236553,8.004185291566678,8.80013439011476,9.294217655220887,3.47953618241234,3.2597762322328427,3.5312683574424035,3.701098265394082
2022-06-27,3.383075785429838,3.394613384950152,3.749467150159924,3.890061848266158,2.113217681994198,2.3302217736008854,2.70110251613916,2.660996163624006,7.340779169293915,7.930245806380243,8.718842243234791,9.205716715998296,3.447872810836488,3.2296637138871938,3.4986479026561383,3.6658558507236565
2022-06-28,3.1641448188605636,3.2332604261858426,3.5716868600398413,3.7063483305206457,2.0013130841284767,2.2212659380975137,2.575145410929271,2.5374568854588007,6.907961205112816,7.559445667367696,8.312267474903054,8.778332560532641,3.2226454339382573,3.078652032369118,3.33549986983097,3.4956650057134473
2022-06-29,3.215004326011717,3.1956224787026466,3.52877006843317,3.663312062829155,2.0124683585479883,2.201370868969082,2.5509433741214464,2.5147278699118374,6.98927845654199,7.49173846871785,8.234146137548558,8.699701527080151,3.2875619949483847,3.0510776685994063,3.3041517796301094,3.4643529370366744
2022-06-30,3.120861678546728,3.169270433731333,3.499276316487882,3.635558253794888,1.9762983147755615,2.180689541184044,2.52679681862804,2.4930622441361825,6.795662272554955,7.4213554627757885,8.156203887372342,8.624749290736494,3.1838970977453585,3.0224135583164062,3.2728755525233617,3.434505821097541
2022-07-01,3.0868273465808804,3.0936469187864466,3.416001789122683,3.5488084166674922,1.9460089065716502,2.1326525422789713,2.47116937391898,2.4381441890760285,6.723903485584149,7.257875225214807,7.9766450176461365,8.434760269185688,3.156484361124356,2.9558347656686967,3.2008231807238436,3.358849314634018
2022-07-02,3.1118775364581492,3.1246331721491307,3.449670376120475,3.584495962543829,1.9724288540330839,2.153190878102905,2.4945884196181063,2.4617521801385314,6.785342278064814,7.327771598763016,8.052238951500096,8.516432118595363,3.1808038139123647,2.984300690545746,3.2311570886847196,3.3913722822892756
2022-07-03,3.1324803058292217,3.141058778091538,3.4679474151048475,3.6030080615773623,1.9791508058887386,2.1650236957116413,2.508381015323101,2.475022522223323,6.824479659715027,7.3680412217158295,8.09675983338371,8.562340869471054,3.202716506403809,3.0007008555845123,3.249022177383551,3.4096538423447345
2022-07-04,3.2454176915876465,3.2501539679053053,3.5883960944335733,3.7281395093948215,2.0522431833839483,2.237566358511397,2.5924284271497333,2.558009056253111,7.072598519951254,7.614919503417936,8.368055024991623,8.849432799164164,3.3155780464487012,3.1012442495255454,3.3578859836826283,3.523978197810946
2022-07-05,3.1584667566704647,3.176357051021814,3.506870581076733,3.6438934228073823,2.0099230126478598,2.1913400139044037,2.538908059740648,2.505428856410509,6.9015249126742475,7.457601311811901,8.195297553754742,8.667531588167167,3.230890715731123,3.0371750053470628,3.2885628387570414,3.4515423800295655
2022-07-06,3.21646082661963,3.2237232682034906,3.5594891585022936,3.6985860797318146,2.036103846559942,2.2246451183489167,2.577742943664815,2.5437499685859004,7.028256052636818,7.570945744451038,8.320652006037108,8.800103482764793,3.2916316002993184,3.0833355418806514,3.3388643672548883,3.504334516746921
2022-07-07,3.3275979654969468,3.353503349450535,3.7029521688762514,3.8474388959830454,2.115454437706244,2.3112455412302735,2.678269703773535,2.642858529514709,7.2678290210674605,7.865665606811771,8.645140601851026,9.142969567471326,3.400948391166461,3.2033628485326706,3.4690733231585336,3.6408689856440395
2022-07-08,3.273299452160784,3.3046229569007606,3.649092947680322,3.7913593668338357,2.06604358439397,2.2813668032350214,2.6437385602363577,2.608604148628379,7.148901664403947,7.763981836034611,8.533678118964785,9.024466530513918,3.349208964044817,3.1619512211016514,3.424346285887343,3.593679281163574
2022-07-09,3.3005570729068245,3.3512669754043602,3.6991550357095906,3.84300072555574,2.0870498462075706,2.310914719996571,2.6769009065147498,2.6411107954192308,7.209620679846529,7.864539751010855,8.64072228477827,9.136923281047542,3.372980259214917,3.2029043336623793,3.4673003657716905,3.6384612627968584
2022-07-10,3.179691328754262,3.2118236812884544,3.5452872725150884,3.6834595006225177,2.005671955494805,2.217672089738977,2.568911840864565,2.5347288065269966,6.952583778431133,7.547215028551713,8.292146241561635,8.768894770967826,3.2537538420370686,3.073670995041138,3.3274257346574116,3.4919067349387274
2022-07-11,2.9667110809670545,3.0379704793949704,3.353383978585919,3.483673090125652,1.9023857912398985,2.096192305949071,2.428191823488016,2.395647734971619,6.499346490510589,7.133793200263156,7.837918523568506,8.287743778419005,3.0315147873630974,2.9053012483835734,3.1451557946182924,3.300305120905646
2022-07-12,2.882025808990044,2.964916549674067,3.273033374260498,3.3993868511800907,1.8596988844212652,2.0481366746076035,2.3727751788702935,2.340251398287168,6.306172396035528,6.970249552514245,7.659040091822809,8.09610014150124,2.9465862891705927,2.8386966313682405,3.073376465138727,3.22398972153777
2022-07-13,2.989301168764896,3.088936002403936,3.409437144243997,3.5417832533729645,1.9285871816341547,2.136535714054227,2.4747693410971556,2.4412644504851913,6.562192519432666,7.271090493836467,7.988265289634994,8.445554814102845,3.058247486989169,2.9612168023140564,3.205486098011246,3.3631478659430845
2022-07-14,3.0393612667632435,3.1583297752569797,3.4859399428312186,3.6218610891166167,1.959465307830349,2.1814270566647633,2.526770305500426,2.4931588363140156,6.675134282395903,7.423865386558312,8.156118306104815,8.625083451393424,3.105058663662111,3.0234357472829223,3.2728412109544025,3.4346388889332204
2022-07-15,3.076217850201027,3.200855882821536,3.5329171434886795,3.6715440208997054,1.982108928548783,2.2109042301476487,2.5609450784455032,2.527527771608204,6.756223779862826,7.524182546944022,8.266430466500857,8.743982789345825,3.1425413718538,3.0642908103778477,3.317106653296423,3.4819864064733266
2022-07-16,3.196577131755904,3.3598953771256888,3.7098686116653057,3.856283451468797,2.055394440796312,2.3198008509580674,2.6882048302664594,2.6538006118400146,7.028487325762299,7.8947811656224145,8.677210025370057,9.18082370328215,3.262228378452738,3.2152204209328388,3.481941960783135,3.6559430759639193
2022-07-17,3.1635514241547114,3.3387559004672815,3.6903379562634084,3.8365710431157365,2.0114737462438286,2.311296219104046,2.6813606995718238,2.647179977345735,6.944411704838021,7.8658380745144205,8.655117973897719,9.157919617035178,3.2341124584501673,3.2034330875510646,3.4730769868114995,3.6468223218538105
2022-07-18,3.487391742997455,3.7002794200304527,4.0899310999667815,4.2745289497509065,2.2152592986855915,2.561233433068141,2.9713156682792032,2.950321515702141,7.672477427203583,8.716428162269994,9.591058618392484,10.206637824565568,3.5635491394427854,3.5498435278940508,3.848645976537521,4.064437798783985
2022-07-19,3.5427534877162907,3.7703284137367366,4.1655330540357545,4.347753006621838,2.2586207866290824,2.610541126258395,3.0270742301046485,3.0012890845715563,7.802966844520772,8.884232845744412,9.771040718798135,10.382960138415122,3.6202338101923135,3.618183489916619,3.9208681799600535,4.134652015208352
2022-07-20,3.4952728574090326,3.641715003982,4.018916654842243,4.1912491944275745,2.2049768834146044,2.5236783523163497,2.922763198370506,2.8950957605598777,7.671357148654386,8.588620146305942,9.434336937847604,10.01558431452428,3.579035121736172,3.497792567358765,3.7857575833721846,3.9883573968779618
2022-07-21,3.549270216331226,3.7204310528534474,4.109998374601912,4.297079135701754,2.2353739718307004,2.5811963106842555,2.992678216284533,2.9721803577865162,7.80095086937414,8.78436612778554,9.66001441879588,10.28225849276467,3.6359110626663664,3.5775118735390685,3.8763161716995578,4.094551094413814
2022-07-22,3.4412186327349583,3.630939402545039,4.009572184092662,4.190957023720097,2.1720955722564503,2.5203165949535857,2.9208178341465802,2.8998712597103427,7.567785808895853,8.577179363059406,9.428057530208427,10.032105154710987,3.5249295547975596,3.4931332057939493,3.783237818046258,3.9949362457091517
2022-07-23,3.4844075341830036,3.6627740555544666,4.046189512890296,4.229646032848576,2.1889678248698203,2.543728332096128,2.9490625495251432,2.928100878582959,7.703097086983629,8.656854539215631,9.519228160023232,10.129765526377206,3.5713504552864346,3.525581635718064,3.819822254819719,4.033826085131897
2022-07-24,3.4941854861509603,3.725270324456092,4.114583356691276,4.302560170045054,2.2236555362822186,2.588478033999682,3.0003740114757385,2.9799945837306847,7.7372191536338555,8.809147398151987,9.684855543413494,10.309291808851398,3.5794348690139848,3.5876042681054696,3.8862842782575666,4.105316170398476
2022-07-25,3.222015859527061,3.4433180222509057,3.8031653523606423,3.9704927250938717,2.0421754566749595,2.3952165191618513,2.776359428805368,2.7523342136734827,7.132378502620267,8.151436902550078,8.96176273415619,9.521700716892923,3.3027306196627606,3.3197457711873475,3.596125668896698,3.7916854666189157
2022-07-26,3.242048160597796,3.451679411975091,3.8124365257775032,3.9902512434277675,2.0332309382471756,2.401646707620799,2.783831993573316,2.7672004674912283,7.148451134766902,8.173320216678588,8.985883297139196,9.573130524701407,3.3246670123693947,3.3286579470903424,3.6058046325408513,3.8121655951817113
2022-07-27,3.579331221917761,3.810386091037234,4.211291444181147,4.448155893403641,2.2132420047558212,2.644886220987372,3.0680133861595205,3.0807817829876734,7.866081089242852,9.001116588969985,9.903187514812302,10.65796514316208,3.664404352900444,3.6657854424229614,3.973895301889738,4.244163174060105
2022-07-28,3.782729856295819,4.077162195988963,4.519998944372513,4.823343583433294,2.3238396354362076,2.8407867680442127,3.3064219877909697,3.355182219564452,8.264450299391664,9.667808278733242,10.672742529712641,11.607253503815654,3.8801871663462224,3.937301611196215,4.282698003412259,4.622184179733469
2022-07-29,3.790249236270196,4.106287203274049,4.548065863547304,4.849786438737049,2.4067833235799667,2.8522695091620838,3.3168163893378844,3.364521816122381,8.306981984256359,9.706886516104198,10.706294439260274,11.639563839820392,3.87822295294139,3.953216573773807,4.296161524679663,4.635050644989343
2022-07-30,3.787768412265825,4.089261842490436,4.5206873937569485,4.80567262926549,2.3927244732917936,2.8386406427860087,3.2941916589727858,3.3307813069330403,8.293406481517879,9.660504552958447,10.633264462178555,11.522838542092943,3.8747964009098372,3.9343271033830947,4.266856466849739,4.588568863200643
2022-07-31,3.7182985618373996,4.031693866572391,4.449095381458866,4.713104993530234,2.348420297449251,2.781304111996165,3.2211589901395223,3.2474605779874093,8.122775786606237,9.46537600854273,10.39752356957823,11.234590465027193,3.785309011073505,3.8548592539835163,4.172259689381218,4.473784112336545
2022-08-01,3.6906591212248476,3.9890922513716105,4.402083218406511,4.663303125635449,2.33526573649729,2.7624515772923943,3.1993249837875943,3.2254482913835925,8.07751678404554,9.401216778735526,10.327045956906073,11.158438955484943,3.7693144715370974,3.828729832339036,4.143978829964249,4.443459427642332
2022-08-02,3.6240465243035365,3.908795028597813,4.31275558204978,4.568674781471897,2.2625345353704014,2.7096070867926083,3.137410424913478,3.163028184284668,7.918880563627317,9.221375613433631,10.127193019760062,10.942496583530376,3.7046409680999095,3.7554879051630317,4.063782969105762,4.357467903889154
2022-08-03,3.6030999337022105,3.8971403622891256,4.299206411228397,4.55432160196431,2.2622401599440427,2.6986668820705293,3.124387514270208,3.1498989382418205,7.881592228191798,9.184143744089221,10.08515659101736,10.897075954437664,3.679641608873791,3.740324892520336,4.046914827768542,4.339380721322076
2022-08-04,3.6213372420098384,3.9100949920887182,4.313099516764907,4.569039125295602,2.2794713482143854,2.7059467210839734,3.1325897134753635,3.158168110503444,7.911412538223638,9.208918601770804,10.111632328420898,10.92568315739305,3.6969724080787296,3.7504146754633254,4.057538862537612,4.350772542900139
2022-08-05,3.7974015666636354,4.1030920572631615,4.524370508721075,4.792846951786883,2.4012998573903404,2.829630108818619,3.274929647964361,3.301670286999957,8.28310931752733,9.629839768165144,10.571088948932967,11.422128963296418,3.8663433360591077,3.921838594809829,4.241907027125441,4.548464783307161
2022-08-06,3.7413521403824523,4.05985992040396,4.47631060090989,4.741935165890482,2.372874018032513,2.805787100644031,3.247045690225137,3.273558649606835,8.172624290742355,9.548696883942657,10.481082802482511,11.324876748580143,3.814522733642556,3.8887924276150274,4.205789867676961,4.509737478164921
2022-08-07,3.76820181815281,4.1095273152523815,4.531053308745386,4.799926309603441,2.442919067915718,2.839327384186156,3.285866162315846,3.3126961007911295,8.26521447870887,9.662841681625892,10.606390735056127,11.46027276812876,3.839725818279043,3.9352789199895692,4.256072729008124,4.563654224219513
2022-08-08,3.8542400015571237,4.226364266547696,4.659874560957418,4.936840026679786,2.514324329757653,2.908825201196385,3.3662938461893583,3.3943742362149325,8.446812664863106,9.899357698316562,10.866001869210423,11.742838292604548,3.914091504756554,4.031602188587931,4.3602480225477995,4.676176096559144
2022-08-09,3.749044759825901,4.079405189990625,4.497748336303967,4.765802132267649,2.4924858509789978,2.80879395924765,3.2505168171308134,3.2781492376420553,8.216039187063386,9.558929870391358,10.492287193177054,11.340757888729755,3.8106598566430456,3.8929599031038054,4.210285902461215,4.516061588750731
2022-08-10,3.9118864149683232,4.264576184679105,4.701853794903993,4.981729360002906,2.5878250161598753,2.9308194980372178,3.391427553260719,3.420133108389591,8.580087883591125,9.974209020307585,10.947130528946039,11.831951115616127,3.969650119751428,4.062086060648543,4.392802874133691,4.711662172623572
2022-08-11,3.9413427590355865,4.285596461337656,4.724032879100928,5.0057026783018985,2.586170896774174,2.9547973726497676,3.419099643285885,3.4481614534186042,8.63983164051749,10.05581088402129,11.036452791255014,11.928915180383495,4.010972069213052,4.095319151356738,4.428645608406155,4.750274732091068
2022-08-12,4.025896545176504,4.36439978049361,4.812829626558184,5.100614609691851,2.663222887351524,3.006177236449788,3.4800006074425913,3.5102646449763624,8.834600096048552,10.230667609698031,11.233033963487673,12.143761182965285,4.094731164474493,4.16653112080073,4.507528593869865,4.835829664951462
2022-08-13,4.048669084269816,4.374231856305733,4.8227410037748815,5.110742620544895,2.6484567678491344,3.019017096221274,3.49437498369268,3.5243350655311034,8.915458801027153,10.27436441369364,11.279432764762554,12.192437805454475,4.1255019778995345,4.184327036050156,4.526147243483819,4.855213433413005
2022-08-14,4.222467793219548,4.355625017336194,4.799472233504535,5.084679309564001,2.684816891003457,3.014813201266886,3.4874340457858777,3.5160783965482696,9.24767813048374,10.260057655122338,11.257028230959078,12.163873857594353,4.325505467279775,4.1785004803355905,4.517156878362539,4.843838836669135
2022-08-15,4.072600609245374,4.2709990274067025,4.706222679816411,4.984004522431507,2.6094121204733414,2.9556878393118207,3.41903982482225,3.445733918486467,8.929923122091157,10.058841333565823,11.036259704267556,11.920517122840634,4.166906417461432,4.096553329107302,4.428568127547475,4.746930498358055
2022-08-16,4.29432179615607,4.292142414164205,4.726487551941142,5.009126509458718,2.682008216030301,2.970424719663375,3.4336829498951262,3.4632466149764833,9.337644121190724,10.108994106546932,11.083525995234123,11.98110229955911,4.407525798631414,4.116978495615709,4.4475348785383915,4.771056433512521
2022-08-17,4.084826937221921,4.178200045424212,4.599254501576014,4.8706771462130245,2.546715066960602,2.899142775840286,3.3499107577049316,3.3756625446312047,8.908118416401518,9.866406322638214,10.813119180345716,11.678105192139519,4.194118074587752,4.018182445373237,4.3390275550451465,4.650398395333252
2022-08-18,3.921790211900761,4.068205277651164,4.478293218499276,4.740893729993774,2.441461876900979,2.824245034647413,3.2634143562513103,3.287166881367213,8.569215465283394,9.611513202708133,10.533918937342879,11.371954428850483,4.024575310674759,3.9143749366960963,4.226991654250989,4.528484523613062
2022-08-19,3.5041854819065317,3.6502006308619697,4.0180873644894035,4.250423777002573,2.1936436603529104,2.5320704588585254,2.925834134837944,2.9447595219244955,7.642560782074734,8.617180289579323,9.444249560726085,10.187396106071912,3.5931156929053265,3.5094239418010607,3.7897352648436575,4.056775454993268
2022-08-20,3.5411031447190493,3.664901149387155,4.03555612916633,4.268389336750254,2.2105745937912937,2.546097377788626,2.942950197277889,2.9614176645480965,7.707511504281714,8.664916911167051,9.499498203584906,10.245024953532827,3.6362849197885567,3.5288651089892715,3.8119051290377937,4.0797241350529
2022-08-21,3.58139184501498,3.7433288946643097,4.120498035013786,4.3574657751598656,2.2449642250008424,2.5989516770076166,3.0030004184365944,3.0213471630064337,7.809693834592423,8.844791457649748,9.693333277161633,10.452351064438586,3.673786055932451,3.602120630950482,3.889686175501459,4.162284533131502
2022-08-22,3.5577621273561157,3.7475057071115434,4.125095693399075,4.360985543583963,2.2275460145017667,2.60328680589273,3.0080095126691435,3.025252441870735,7.760645723812713,8.859544833508975,9.709502046075121,10.465861377385739,3.6491644878209915,3.608129075560301,3.8961742880133694,4.167664544410402
2022-08-23,3.5960385714952623,3.8184300916715794,4.203710007680827,4.441437030583228,2.266173860729899,2.6494767763546143,3.061836304092731,3.0776529737653724,7.8465375558264085,9.016739236076996,9.883248618105483,10.647141027083808,3.6835103151593525,3.672147905543056,3.9658943337338193,4.23985284706672
2022-08-24,3.5733364028270698,3.788404353508061,4.170466194164721,4.406395866208181,2.2418257087758033,2.628829732052031,3.0378274754301784,3.0535669412655557,7.786502831764228,8.946472904198341,9.805750933992089,10.56381539323409,3.660812802437092,3.6435313118185757,3.934796499592547,4.206671317394793
2022-08-25,3.6396503856821822,3.8349973784749145,4.221812196833281,4.46165255066831,2.2661284579246685,2.6636345788979745,3.0781082410465657,3.0945973800703674,7.929608579710099,9.064921282746976,9.935772522860916,10.705760203802997,3.732692496001648,3.6917704760900696,3.9869708303701117,4.263195891239174
2022-08-26,3.347640820742537,3.539809918493626,3.8949070544614974,4.116837494591911,2.074964921129137,2.461136685135945,2.8425408949480198,2.858057280739408,7.283808946074307,8.375777403396112,9.175388747710304,9.887449686793701,3.43492565549796,3.411110451782089,3.681848312273324,3.9373322470457817
2022-08-27,3.352480883732465,3.5538646154007982,3.90915683128264,4.131552059222512,2.080520488839595,2.4677674230277047,2.8492938586850456,2.8648596619336533,7.316854831728871,8.398343230372348,9.197186522931947,9.910982525782531,3.4362967987062847,3.4203005871623025,3.6905952007287204,3.9467033800224702
2022-08-28,3.2393678582614567,3.4473160793811233,3.7917763033517478,4.007344775871032,2.0067984047759393,2.3935951072635286,2.7635114221046275,2.7785136736769678,7.058133945706803,8.14591888917781,8.920290874834144,9.612268563575453,3.3193419458179774,3.3174985107623534,3.579484074796412,3.8277509551508
2022-08-29,3.3951276332732285,3.6231701397489844,3.9852019259510976,4.210133706862605,2.11682972274243,2.5128291342245195,2.901172380054585,2.915943616813515,7.410221688365434,8.551697924030815,9.36464430764418,10.087707477056567,3.475491860022558,3.48275566126159,3.7577917172985087,4.017077932768689
2022-08-30,3.300181394060233,3.5333103555644128,3.886077325591977,4.105773110176295,2.064810033762053,2.4535942326121316,2.83260455259774,2.847026965235101,7.239813026600541,8.350108815464086,9.14331539954628,9.849290308283948,3.3806606513985695,3.4006566891806718,3.6689780997892876,3.9221366044591646
2022-08-31,3.30123711157849,3.550177056691215,3.904292915023464,4.12475504256107,2.0752018477793617,2.465624232243587,2.846225856992301,2.860493820433437,7.2433536301843136,8.39104949124392,9.187283373162112,9.89587889631198,3.381076808569309,3.4173301465004653,3.6866213205729217,3.9406888859673184
2022-09-01,3.3588986611683733,3.622613598051834,3.9839284896551836,4.208915067391315,2.127261848811152,2.515408534689577,2.9036759861835892,2.918251076238698,7.3777382328672765,8.560476178509738,9.372725654704341,10.095690133361103,3.4389715874097244,3.4863306841113277,3.7610345547250716,4.020256747435823
2022-09-02,3.336126629212355,3.6260574172437217,3.988404305894739,4.214154394903474,2.1195543399587917,2.514346084606456,2.9029989504334552,2.9179451741351485,7.321907086867212,8.556860432398526,9.370540262678983,10.094631864977782,3.4105127278774376,3.4848581390857225,3.760157612923316,4.019835328934221
2022-09-03,3.370243419661273,3.6388303154113584,4.001254500476815,4.228092013041482,2.12009057344344,2.524536542190246,2.9138355341578914,2.9291142442220024,7.418268724268243,8.591540750999302,9.405519484453954,10.1332712649913,3.44826021474978,3.4989820098087288,3.774193878001344,4.035222123355327
2022-09-04,3.4126390176216503,3.692947876630339,4.06216342324549,4.29190307919025,2.171586228744173,2.562809300090781,2.959132436945522,2.9742345232060017,7.5472896334101485,8.72179117663596,9.551732576016654,10.289364878410053,3.491837247296742,3.552027663583878,3.8328654437741547,4.097380964830135
2022-09-05,3.489355418583184,3.780801159016565,4.1588001487676,4.390726070508431,2.214286456608105,2.6295158618566936,3.036154769692492,3.049227617987298,7.689634228821863,8.948807951474826,9.800351635979862,10.548803503557266,3.5757223778392113,3.644482280759918,3.932629899700117,4.20069335551524
2022-09-06,3.257113080022149,3.5223330081914925,3.869526677470414,4.083448310569002,2.051593640360953,2.449161438359258,2.823982650975039,2.834716041119219,7.190076368221929,8.335023063355573,9.11548491194507,9.806700664047629,3.337576918378271,3.3945128813629664,3.657810438492121,3.905176762947571
2022-09-07,3.3937202391518695,3.6777100931019344,4.041328475867858,4.265270076504911,2.148579504547955,2.5566803379189227,2.948851022000168,2.9604488355471146,7.485953700467799,8.70093300034069,9.518545373972243,10.24167328942628,3.4765885895167994,3.5435329842557164,3.819548270279268,4.078389451632402
2022-09-08,3.400706375169668,3.7285805803255556,4.096899611894429,4.3244946765167915,2.1879306297042587,2.5890621346755194,2.986006998900458,2.998151378351836,7.502954279623625,8.811135218361867,9.638480511217592,10.372105243172648,3.4781930272796795,3.5884138257104077,3.867675166565734,4.130329431485517
2022-09-09,3.583155238780849,3.944136318918925,4.332831901524832,4.572621118210439,2.3011099836886983,2.7402313359254613,3.159613596126832,3.1717898879293362,7.900036699900762,9.325596518933137,10.198862253323814,10.972807698895725,3.6653025585147607,3.7979328034598065,4.09254199544178,4.369538249200881
2022-09-10,3.6307279742706173,3.9985193128963004,4.391284544271565,4.635430084047375,2.3428576734990068,2.780972998772848,3.2055227509296063,3.2187574345153407,8.028483105592946,9.464249159038365,10.347051622610607,11.135291934922344,3.7167342953561824,3.8544003344185866,4.152006590807463,4.434241933407608
2022-09-11,3.5837542052335105,3.96356281998525,4.352602871766327,4.594728441179015,2.3391489788232103,2.757294173547749,3.177979278924935,3.191205871068368,7.942611105068737,9.383665024700294,10.258144524192536,11.039977296125473,3.668235344705983,3.8215817231244333,4.116330451162548,4.396286200348182
2022-09-12,3.5724361096336774,3.93849171184277,4.325070930869846,4.5636275380349725,2.304102996353169,2.739449823334933,3.1574123855675813,3.1690203955835394,7.883813949692766,9.322936863524422,10.191757003709785,10.963226639617606,3.657026416067439,3.7968496349459038,4.0896908409001025,4.365722926255978
2022-09-13,3.34616466576788,3.673410221526429,4.033797048655486,4.255733404535524,2.1406109665241377,2.555465167338885,2.9452194454082234,2.955619986024766,7.372663207745477,8.696797513536152,9.506823070501643,10.22496788361826,3.426730873250784,3.5418487701723222,3.814844410373609,4.07173710597488
2022-09-14,3.4375084862826517,3.760156048442957,4.128754038448934,4.359145006339458,2.2095042202643134,2.61904543497933,3.018258364457441,3.0312958735786024,7.5822698057375435,8.91317483716103,9.74258413806629,10.486768630487282,3.5242110265303492,3.629970375439218,3.9094492835381685,4.175990129312623
2022-09-15,3.268201611819886,3.6087469954203493,3.960717913992969,4.180040927105028,2.1583800419700667,2.5131410420308313,2.8947972134597633,2.9060332378555307,7.216808243504256,8.552759413371017,9.344066017304417,10.053422519234179,3.348183610332975,3.4831879623135906,3.7495341768672286,4.00342514319212
2022-09-16,3.299200752268874,3.6500168917703353,4.006801643847277,4.226172008231645,2.1820758531630027,2.5454741406388193,2.9326181948058387,2.942032574966657,7.284644195144565,8.662795901120013,9.466147710935244,10.17796223257124,3.382932081287636,3.528001308628859,3.798522431208637,4.053018743654613
2022-09-17,3.389229579701523,3.7678599259701033,4.137799222738759,4.365026981635802,2.271457875841437,2.6295314193045307,3.0306996180850976,3.040909617448131,7.495954854857835,8.948860896815425,9.782743046156403,10.520027379166764,3.4759171591503724,3.6445038432246286,3.925564023963878,4.189234266862778
2022-09-18,3.1161463143567936,3.4897493686211596,3.8360881247039265,4.042445590280334,2.1042810813990553,2.4387255482955137,2.813591917678273,2.819748993936449,6.89998103526448,8.299507485245616,9.081944843078848,9.75492216157436,3.197392891906203,3.3800488437152083,3.644351668586656,3.884557778886996
2022-09-19,3.1740979849546886,3.5436669085744574,3.8953566889704248,4.105369235639825,2.1012210709915298,2.4814921329612423,2.8629323270762463,2.8691415653160894,7.024118555325979,8.445051369755165,9.241209899916619,9.925795771319235,3.2621277466431877,3.4393228957503283,3.7082606534641194,3.952602238796231
2022-09-20,3.136471754102364,3.511311865064377,3.862449436305282,4.074720971643015,2.0320322930529486,2.460890782859511,2.841233343397249,2.8502735453025427,6.911512936036073,8.374940545068482,9.171168124602543,9.860521852622583,3.2247390415124544,3.410769633724186,3.680154684407156,3.9266091755578265
2022-09-21,3.0610267147477437,3.4119403486588937,3.751236202277823,3.957442813708074,1.9824645170090334,2.3893498868349488,2.7571885257960465,2.7661549595396497,6.74662706329757,8.131471491130853,8.899881306850165,9.569513589751212,3.146337695894106,3.311614678360234,3.5712942383216593,3.8107252768927724
2022-09-22,3.207954862270621,3.6327771382547196,4.002104002067806,4.231406226533926,2.0825164928234834,2.5477528712906254,2.946324823432552,2.962610424545492,7.072331728858409,8.670550911565837,9.510391101168997,10.249151306962533,3.2974674633721284,3.531159606170852,3.8162761696213066,4.081367311497398
2022-09-23,3.3139049030526286,3.7015055194343356,4.080273754915546,4.31727057423682,2.163816203492473,2.6006849854697456,3.009256846453964,3.0279300986449265,7.285302753656573,8.85069027909185,9.713528293294377,10.475124731487053,3.4133542094081086,3.60452297887656,3.8977899178179065,4.171353352341089
2022-09-24,3.281066481849648,3.643424057637109,4.012344764549757,4.245309835207278,2.1774941941451043,2.5620330315364215,2.9612439509271673,2.9794003685700945,7.220078466117975,8.719149367810052,9.558548295594251,10.30723612139438,3.3825377570860393,3.5509517632508505,3.8356004173337195,4.104497564512151
2022-09-25,3.213646605539703,3.6065015411789094,3.9729128461444163,4.207577873833644,2.178405780323941,2.5365724105690632,2.932756366294838,2.9537110596738376,7.092847071715724,8.632501399388481,9.466593712302425,10.218363952557187,3.3114083316974487,3.5156636011527667,3.7987014001249615,4.069107320585554
2022-09-26,3.226686088757192,3.62939397268332,3.99813108996461,4.219185006996472,2.1919885085378543,2.5411310718861486,2.938027039011989,2.949548904918951,7.113380274712792,8.648015504184034,9.48360682589659,10.203964977419451,3.3146694241622807,3.5219818594432386,3.805528326514192,4.0633734305603095
2022-09-27,3.1928554137096286,3.5851462635838676,3.949969514503004,4.164676116388257,2.200459649568938,2.5132132735300896,2.9064101356887795,2.9144801006707852,7.056187212083461,8.553005232696275,9.381551168753784,10.082644442692432,3.2829889851925635,3.4832880744380237,3.7645760072892482,4.015061755786626
2022-09-28,3.18754413188217,3.574163292343881,3.93797181364212,4.14988037929603,2.1697443178838425,2.5044652693482035,2.8963292253639246,2.90292571354831,7.030080050245066,8.523233893219691,9.349011172117063,10.042672038323525,3.276889213877392,3.4711634294813716,3.7515185407346907,3.9991441388379543
2022-09-29,3.215689459149933,3.642936279514391,4.010726419656008,4.2396348630355805,2.1883443399877214,2.555652274066571,2.953247030324236,2.9693900351628377,7.087593072098438,8.697434277967503,9.532735173451709,10.272605371136402,3.3063747500188105,3.5421080981967537,3.82524227308411,4.090707075149433
2022-09-30,3.224976784813736,3.6219683302384587,3.987737236436102,4.212156620021087,2.1550946142106313,2.5438535112240337,2.939791194642689,2.952954670546542,7.089640130824872,8.657280550707492,9.489301313441837,10.21574722423261,3.3201936177276052,3.5257551327181,3.8078133783996453,4.068065299726739
2022-10-01,3.190172278721153,3.5994987364284854,3.962281029695693,4.186025676929812,2.1167963266409813,2.5282097383865567,2.9211372901042933,2.934795074539314,7.0119530492793425,8.604041427570875,9.429088696586737,10.15292409851572,3.283570890184502,3.504073022434057,3.7836515986820465,4.043048179379143
2022-10-02,3.119936102550304,3.5167115977241648,3.8719799092021665,4.089846559010961,2.0614306835115888,2.4687682340962285,2.853102690582831,2.865870090112934,6.851224753310919,8.401749205661508,9.209480985748291,9.914478102254035,3.2103650870101172,3.421687701139645,3.6955286535137,3.948095371526774
2022-10-03,3.18656356632819,3.5973142433038405,3.9607252656638727,4.1825171266085714,2.111571672130263,2.522616141907476,2.915333566910827,2.9275446457575773,6.996757263502197,8.585005215857745,9.41035495855018,10.127841238815808,3.276266180981316,3.4963203545192356,3.776134229808746,4.033059804674542
2022-10-04,3.3618546930420057,3.7169011258696636,4.092463642570498,4.320628573123447,2.231217700828113,2.609965890455175,3.016390948390673,3.0282816709931453,7.355776700154236,8.882275194602437,9.736556337939728,10.476340996090183,3.463887656623886,3.617386218935106,3.907030481857615,4.171837687330852
2022-10-05,3.323962410013651,3.7076531052686668,4.082262586725476,4.309345816512719,2.2344218372389957,2.6050541557120974,3.0106934202753974,3.022180595731862,7.285186040811884,8.865559505010305,9.718165385165197,10.455234325105033,3.4244147184706635,3.6105786044618093,3.8996506639233717,4.16343269120646
2022-10-06,3.287710076957953,3.6738080779524784,4.0441375223262455,4.269702396744526,2.1906700045909355,2.582720987843507,2.98417342800894,2.996030187502512,7.2098793269108885,8.789554932038097,9.632561959348708,10.364766983040452,3.387940604365387,3.579625060598095,3.8653002034106327,4.127407225135957
2022-10-07,3.256306107631712,3.663699613465746,4.0335898529142264,4.258567186388637,2.170578559409755,2.5751694670408902,2.975922867092425,2.98774456331065,7.13856551598861,8.763855482803184,9.605930116010857,10.336102864629389,3.3538516664223645,3.5691587294543483,3.854613527331577,4.11599273896125
2022-10-08,3.226380523615305,3.646108159238398,4.014093953614237,4.23898911533113,2.138895763180404,2.5625810590326226,2.961276105764349,2.973806793881282,7.071174072685308,8.721014423232145,9.55865208763882,10.287885148732753,3.321969031292855,3.551711323795151,3.8356420664207103,4.096791714056689
2022-10-09,3.255722286166809,3.6919918534231186,4.065734656040154,4.2933547925177376,2.16924346413705,2.591562315918767,2.9957244932754685,3.0082508375658694,7.128836149974615,8.819643872793,9.669847443775312,10.407044324175512,3.3487173034362825,3.5918790515232226,3.8802619125744706,4.144242702821649
2022-10-10,3.1137898459129003,3.5475648768575447,3.9066872401187682,4.125446148286808,2.0939579597694213,2.488733676505838,2.876859408763583,2.888910719335339,6.829684105980365,8.469695899720874,9.286164886784015,9.994187163273855,3.200573578520271,3.4493596015624015,3.7262999373655563,3.979836727111547
2022-10-11,3.097943055968591,3.4817979968773893,3.8344682873099134,4.047201895451458,2.0611309660085513,2.441378499040537,2.82227443326121,2.832572647952294,6.769078467982867,8.308536047144148,9.109970985437284,9.799285594993622,3.1858687637476755,3.3837258065060487,3.655597841122692,3.902223970121791
2022-10-12,3.090089076857229,3.4866823064136825,3.8399839832726883,4.053388499186346,2.062089820022622,2.445229336262724,2.8268422930883035,2.837439832014095,6.745989283256228,8.321641274328217,9.124715501420544,9.816123619147909,3.177400889682478,3.389063027789225,3.661514437441491,3.908929126413788
2022-10-13,3.061108586780225,3.435718641056156,3.785032705956903,3.9947296843771523,2.0413272045148307,2.4083738745020185,2.785166759559882,2.7950996492372755,6.682065186692001,8.196214212242879,8.99019176525509,9.669647749067675,3.1476451242886205,3.337981732070676,3.6075335103570576,3.8506002160324484
2022-10-14,3.040257497387762,3.4306814941098134,3.779908686725129,3.9906073978720644,2.0175542107640676,2.4071231719114854,2.7841045920449643,2.7950362433646934,6.630865793512619,8.191957802365513,8.986763213046087,9.66942839643985,3.1271765939711544,3.3362482709815766,3.6061577202394552,3.8505128664931467
2022-10-15,3.0171119481091813,3.3978783478378483,3.7429001206428416,3.9513860201542705,2.006430794977794,2.3816979315971305,2.753989003963372,2.7646684130663237,6.573391931231018,8.105430241914668,8.889553625488132,9.564370881954158,3.101652722569531,3.3010091461092506,3.567150004519905,3.8086773727427725
2022-10-16,3.048388082030816,3.450008337510023,3.799949041448351,4.01058760652741,2.0529918346423037,2.4167988711434334,2.7942477579688463,2.8042876100671994,6.6563439847961865,8.224886287596933,9.019504163457585,9.701433501243573,3.1316001854116413,3.349658691856504,3.619295824392795,3.8632577840609286
2022-10-17,3.097269213724936,3.495183785465135,3.8497067183465825,4.0625928132405456,2.0919416635592945,2.448938722756395,2.831407121697149,2.841207988722094,6.761019478643025,8.334265114264367,9.139450232986682,9.82915955797019,3.182821500145645,3.3942041997991654,3.6674271075245026,3.914120234730024
2022-10-18,3.0646337596210924,3.439806734379549,3.7887111944945104,3.9989444209233906,2.0553800375767524,2.409981384105762,2.786364788965002,2.796554757756422,6.673673405609154,8.201684913117028,8.994058863717141,9.674681697256483,3.1501867957210195,3.3402097240565682,3.6090852778447786,3.852604810458878
2022-10-19,3.000888678107376,3.361204037873883,3.7022916950136797,3.9097890280580936,1.991993347999862,2.351745396510178,2.7191648108543665,2.730569206401208,6.519983387971544,8.003495323764493,8.777145212941333,9.446404670243494,3.0822685960144995,3.259495236658573,3.5220433899228905,3.7617014402077524
2022-10-20,2.9987575465759204,3.332348907748791,3.671038990004076,3.8785191750115917,1.9832371497562056,2.337462035195414,2.7031741417875264,2.7160537239355618,6.5088226228753,7.954885973594194,8.725529207949107,9.396188355991917,3.0868750423491216,3.2396986429294925,3.501331210189433,3.741704543162137
2022-10-21,3.0107151550029103,3.364073758254565,3.705016305794642,3.9132743772893606,2.0040836085483806,2.363570990977436,2.7325147225115356,2.7447918235669855,6.556968864272384,8.043740364813528,8.820237162619108,9.49560781693647,3.1015108932200266,3.2758853904966037,3.539335084755251,3.7812948785833873
2022-10-22,3.0415208349931877,3.400263959334233,3.7445304146905647,3.952819433193362,2.0207128995409422,2.3908125524672195,2.7636583159113735,2.774461778586239,6.621278498981432,8.136449256821592,8.920765030820407,9.598251031766093,3.1346940913704966,3.3136419180726135,3.5796743414396888,3.822168961637273
2022-10-23,3.087786554588634,3.4637858606043155,3.814377289590358,4.026221672541417,2.0629630903179383,2.4353783691830726,2.81509377166364,2.8258424275409584,6.741007357958373,8.288116314919959,9.086792651665359,9.776002396246502,3.1816582291929634,3.375409687457293,3.646296969908841,3.8929522476710705
2022-10-24,3.0388277846973075,3.4005791484437906,3.744773030806093,3.9533405463838798,2.0269601218075395,2.388563173001126,2.760979319117518,2.772009585890727,6.635277660087256,8.128794134772681,8.912117543257017,9.589767670686317,3.129654007386912,3.3105243009759464,3.576204326341024,3.818790758743624
2022-10-25,3.229912257154896,3.590893223588107,3.9545048955241904,4.170019761146592,2.1157755937159504,2.514865145942512,2.906996863188003,2.915110582884959,7.070923103701798,8.558626909748517,9.383445056332999,10.08482559602798,3.321434647043539,3.485577552826225,3.7653359758288825,4.0159303240864235
2022-10-26,3.513002989797855,3.7049297854113576,4.080569737618981,4.305919458756227,2.248294752667759,2.601332750166869,3.0076969983481234,3.018256411383032,7.634546195467056,8.852894761657017,9.708493286486243,10.44165860863069,3.6296793848079982,3.605420774168467,3.895769498647826,4.158026635252256
2022-10-27,3.570415928838844,3.6413185357386695,4.013308453566971,4.2366062263818804,2.245070575678852,2.5573555921353415,2.9591160780643353,2.9707629974004552,7.698593135154899,8.703231035651608,9.551679771466107,10.277355134249202,3.696379693280405,3.5444688797422015,3.8328442546615578,4.092598502773568
2022-10-28,3.7784527175083316,3.7437009895152467,4.131453571500771,4.36007869659829,2.3537220308125266,2.6289974480206566,3.046279326389289,3.0573155448883633,8.120317798476743,8.94704367770665,9.833032517988084,10.57678368815457,3.917519706094413,3.6437637644478698,3.9457438999429537,4.211835488884615
2022-10-29,4.725234547111486,3.9628474028876655,4.415578238885904,4.663751135803603,2.8138142084945335,2.7927667149978657,3.2702102253177263,3.284786552261171,9.936464072333523,9.504385711573692,10.55585520593756,11.36371967987166,4.946852200017804,3.8707463053366102,4.235794116546994,4.5252053218241555
2022-10-30,4.593085365338829,3.8914469559629556,4.331809845838498,4.576900711985245,2.7835661876702913,2.7371575502384324,3.2019635682878933,3.2175689613074443,9.667852168057827,9.315135765227025,10.33556299832384,11.1311804116417,4.802102858101169,3.7936725677130956,4.147396500368394,4.432604662553124
2022-10-31,4.809675110036097,3.911492311733905,4.354123568850674,4.622926481472991,2.8835549814627432,2.753345547771558,3.220900504650978,3.2536857587688206,10.069251999629213,9.370227002037668,10.396689208726219,11.25612647908199,5.039058698098459,3.816108967898491,4.171924881758428,4.4823600793752485
2022-11-01,5.171392182845251,3.923063216515269,4.37033679495312,4.636601937760583,3.0197802038544355,2.7681874413260505,3.240879027394596,3.271224733392075,10.73587542227352,9.420737157531313,10.461177537848751,11.316802565007222,5.43860562973793,3.8366796816397195,4.197802395209874,4.506522215952998
2022-11-02,4.768330666671943,3.8261156378111463,4.256421579462617,4.51860850878859,2.8211468045431536,2.7024301411376013,3.1590038724524794,3.190806736770956,9.944572511555906,9.196950923977882,10.196894136787366,11.038596490950388,5.006053934749307,3.7455407313699167,4.091752240724317,4.3957363428100935
2022-11-03,4.671505844449602,3.876304871901598,4.309689596391386,4.576875051001222,2.8095837151744316,2.734007620826801,3.1940668444333777,3.2274992694560436,9.773889791813755,9.304415878051486,10.310073299538058,11.165534314502677,4.894773815846133,3.7893067975373538,4.137168137621561,4.446284907088484
2022-11-04,4.8898768321998425,4.169126207236699,4.635273505348414,4.923576881867053,3.0120826477189095,2.934588067973883,3.428639756750137,3.4651832210695397,10.271032339152066,9.987034274227568,11.06724715902907,11.987801988693153,5.112959729611659,4.067309260309447,4.441002598843725,4.773724351217111
2022-11-05,4.849146897756162,4.166505145336421,4.6336235255996545,4.922609597756677,2.9844667959200577,2.9342763691814633,3.429280131785604,3.466449765189597,10.194591428284646,9.98597349620659,11.069314214565608,11.992183598308735,5.069939011033398,4.066877248948577,4.441832055245828,4.775469174541617
2022-11-06,4.540535031754977,3.9872448583944426,4.434186531380622,4.71189879589727,2.7968854968877124,2.8041015124211452,3.2771490658560887,3.313524827983795,9.557323324171852,9.542960464736876,10.578252969681609,11.463139750003752,4.739496615250418,3.8864562194559262,4.2447817650169615,4.564795899833112
2022-11-07,4.4710941428810065,4.018643932369693,4.469105217306257,4.750436316665277,2.856251578940256,2.8169472039059507,3.292161805467415,3.329693682653818,9.444523095176523,9.586677115307012,10.626712333044466,11.519075905699545,4.654312176435144,3.904260217400789,4.2642272653785565,4.587070524389835
2022-11-08,3.71584934265576,3.524882783538274,3.92039433851077,4.167062467803505,2.4032402396789374,2.469110736475734,2.885886929852387,2.9186733957419917,7.914875895196577,8.402914814913602,9.315304666466742,10.097151147760188,3.856334636073973,3.422162405959393,3.737992984014031,4.020838545501971
2022-11-09,3.139959679327653,2.99710655666177,3.334261320121043,3.546246466579358,1.9990131393639805,2.0972310469780857,2.4518085334521498,2.481323640821729,6.6738002525262905,7.137328259364652,7.914150494495647,8.58413959041767,3.2557168311756315,2.9067409329009646,3.17574573050187,3.418334423247422
2022-11-10,3.7194504119619847,3.4709546764117953,3.854300838945159,4.100164163452078,2.34751881844598,2.439716025094879,2.8472375881183125,2.882259216559435,7.902767105538564,8.302878290794457,9.190549122620919,9.971176288200946,3.870769017953091,3.3814216345004464,3.687931782119985,3.970673448073241
2022-11-11,3.563831979564184,3.3876532695184656,3.7626056853718635,4.006555833912714,2.2601711275038276,2.3836117548199893,2.7824281333014964,2.8197009398664066,7.588630709427411,8.111943393906968,8.981351800771192,9.75475591851024,3.7075486944599536,3.3036616856605017,3.6039862592039418,3.8844915783804996
2022-11-12,3.592857728149451,3.2922483665246416,3.653754605821596,3.888877023014062,2.185624606677642,2.309700660256505,2.693878564336665,2.7285423975158856,7.5765191977942195,7.860408044633624,8.695524173756747,9.439392924533069,3.7386474906904636,3.2012216591919067,3.489290959085258,3.758909256847203
2022-11-13,3.4692396574325812,3.1810887583074776,3.530387317330546,3.7576086917933997,2.111416110353279,2.225190652799837,2.5950906649822367,2.628446423673769,7.31235741346837,7.572802315503916,8.376648416592614,9.093110884671885,3.6042774451909394,3.084091647089511,3.3613342914582187,3.6210145028603073
2022-11-14,3.518906313753416,3.251643474914888,3.6086892748091484,3.8357369752770913,2.1510318731471796,2.2754931341837037,2.6537550763667017,2.683945089684629,7.413619033556803,7.743992477128959,8.566010258691252,9.285108529913126,3.6553053377876497,3.1538103754459588,3.437320344791798,3.697470873705349
2022-11-15,3.5651135229182813,3.3009559443856182,3.6637394026886607,3.894292280420229,2.1877723359726375,2.3108587725742336,2.6952535937281437,2.7260253095916784,7.5134526289874,7.8643493499012305,8.699962607423178,9.43068505839772,3.7036904371535186,3.202826791103189,3.4910719887454955,3.7554416526394716
2022-11-16,3.4982722322730515,3.2341949256717895,3.589019345784248,3.8166601663242403,2.1349185485956075,2.267121619041429,2.6437091086285323,2.6755283046587532,7.371994267503338,7.715502410817596,8.533583052627662,9.25599066057274,3.6371736766107277,3.142207540474813,3.424308138203084,3.6858756970368605
2022-11-17,3.474735061350345,3.2453472835922206,3.6016861122131125,3.8374296073542986,2.1311158750528363,2.2772218803742006,2.655653673421006,2.69341914004941,7.314929627973638,7.749875772179584,8.5721387073899,9.31788400888732,3.612862930929363,3.1562064001098857,3.4397795341644124,3.710522565937961
2022-11-18,3.47521148977659,3.2479649381740123,3.604536351892755,3.8408438350503613,2.1264883661837946,2.2802087114741525,2.6590434786124466,2.69724177323374,7.321336629249498,7.7600406007264215,8.583080601125097,9.331108409089458,3.614226784055739,3.1603461176819683,3.444170235647449,3.7157887224305965
2022-11-19,3.4812535678953886,3.264689191891603,3.6233755719802723,3.86228965655392,2.1254958440757803,2.2945467678744813,2.67585821409819,2.7155654460801992,7.340980994462455,7.808836090034997,8.637356595903508,9.394499158661755,3.6221235336790563,3.180218518244191,3.4659498010987453,3.7410318791961656
2022-11-20,3.229445638144975,3.106901473313321,3.4496705579377727,3.682686855223015,1.9796611642239799,2.185171514818271,2.5493454373353095,2.5915701263376048,6.824789153284775,7.436608582895005,8.228988184945978,8.965537327275499,3.357194292235171,3.0286255282572325,3.3020820254641783,3.570212779734672
2022-11-21,3.152627162517547,3.0694807496978074,3.408121390826432,3.6395837269586457,1.9596379690582617,2.160232151635658,2.520249757061017,2.5629569955628915,6.669496411514915,7.351734566810651,8.13507074021539,8.866550196113652,3.2765415097244603,2.9940598241552263,3.264395362273953,3.530794604582119
2022-11-22,3.28294638621718,3.1983337741370743,3.5511902823294736,3.8057493660865873,2.074906584480703,2.255995534137271,2.631927471493755,2.6868082160355233,6.944424186945874,7.677637951240307,8.495553309242734,9.29501351604905,3.41608641995044,3.1267868997874415,3.4090477769968155,3.7014151892320917
2022-11-23,3.427232588847644,3.3431704462803116,3.71498012913623,3.9925980863804815,2.1666178793948885,2.3612282807201517,2.756970119952287,2.823138699317998,7.23657320207342,8.035767618011544,8.899176318392543,9.766648847963394,3.5684779354296725,3.272638417871157,3.571011344524541,3.889227523050871
2022-11-24,3.431049064364862,3.3740285029613966,3.748731683260617,4.027567344987661,2.1844829088426194,2.3866448713034556,2.78599974572781,2.851840582592145,7.2563203873004145,8.12226574156751,8.992880546945374,9.865943018413306,3.573943197446424,3.3078655543040876,3.608612449527989,3.9287679658991705
2022-11-25,3.6107443848382927,3.3705747046658856,3.741570472908209,4.001845252782504,2.2639739822438085,2.388920263509992,2.785605047078848,2.8375680480756995,7.59410096114743,8.130009390566151,8.991606505981228,9.81656718263654,3.773823188226695,3.3110192247948396,3.6081012095464917,3.90910576011436
2022-11-26,3.597180269152711,3.372785914782429,3.7459215014980716,4.010344125381677,2.296376047283854,2.389273473246847,2.787671071120389,2.8426253912298214,7.579644734248556,8.13121143925791,8.998275389365437,9.834063062205578,3.757994312295316,3.3115087699031354,3.6107772615054925,3.9160728843981496
2022-11-27,3.82722353464756,3.3898996227986293,3.7645557326894243,4.019013257894336,2.3641764289867466,2.4026247437241617,2.802828446735939,2.8494185623287756,7.993501132040804,8.176648683863586,9.047201620792716,9.857564038868059,4.00904689347067,3.3300134951972624,3.6304101040541394,3.9254313293138132
2022-11-28,3.7153048890644382,3.3403745716896434,3.7095571085973784,3.963182191457863,2.357358308946749,2.371099593112181,2.7660521714754362,2.8138750373747694,7.78986039061055,8.06936181689305,8.928492115924156,9.734601207772135,3.892100236429385,3.2863199565994288,3.582775022623919,3.8764656672474183
2022-11-29,3.9049349595591827,3.415224235186582,3.792153140534454,4.050093835792729,2.4497907976336983,2.421748361754956,2.824762556391643,2.872836027715145,8.155990775213615,8.24173046852873,9.118002355193292,9.938576764666212,4.0935094703770245,3.3565186355800387,3.6588206239381638,3.9576918239621133
2022-11-30,4.080896086408547,3.5391229762069147,3.9303963655543366,4.19774154014208,2.5670535775032413,2.510806314579401,2.929177078750209,2.9789000398260215,8.527557942775692,8.544813833774045,9.45504019174616,10.305505234012516,4.280337393592496,3.479952053775989,3.7940652684764236,4.10380829893604
2022-12-01,3.9272203420279945,3.4676303874381587,3.8512390717979637,4.1129444274945435,2.5058841169131956,2.458412126811983,2.868269896775566,2.9167379179925983,8.234010024407018,8.36650514550735,9.258438949126184,10.090455362131257,4.114898209316362,3.407334241614045,3.715174229280745,4.018172182232248
2022-12-02,3.958191726243638,3.5001308011814887,3.886876786071582,4.151511953571747,2.5074049667321763,2.474142287253802,2.886282703430873,2.935344416722895,8.290075176669081,8.420038264239073,9.31658217717737,10.154824547900551,4.141558134762979,3.4291360842404055,3.7385056163158503,4.0438049671134735
2022-12-03,3.8694383685293596,3.4229282889783725,3.800194470665526,4.060004530429312,2.4261641613507137,2.419742408053658,2.82205624612493,2.8708613854473413,8.101369052493359,8.234903776705773,9.109266702941765,9.93174548937866,4.048763913280572,3.353738404121292,3.6553152306100696,3.95497150665784
2022-12-04,3.9965987068976943,3.4775286284563864,3.861199481804131,4.124159856472114,2.503711685070964,2.458065864166499,2.8670556614123486,2.915845459955496,8.356563094116758,8.365326739261487,9.254519539731392,10.087367903388254,4.18451825769734,3.4068543251038377,3.7136014707565983,4.016942709389874
2022-12-05,3.9198948059866794,3.452289636592055,3.833175907386838,4.0938896767270885,2.45092805732055,2.44287173644886,2.8493334308862552,2.8976998853178015,8.200262707047608,8.313617855163209,9.19731425735799,10.024593284601835,4.104191240084271,3.3857954183895655,3.6906464572796827,3.9919449052368075
2022-12-06,3.8958405260555597,3.4536782954972427,3.8348377246472056,4.095726638706769,2.4239532201224328,2.4433626058658287,2.850010592488241,2.8984112878647794,8.150875996481123,8.31528838934991,9.19950005561837,10.027054381843552,4.077500004850321,3.386475758416511,3.6915235620931397,3.9929249514408225
2022-12-07,3.7455969650848244,3.354547663515685,3.7249977312273432,3.9784571048651904,2.3351638571705045,2.375090030182464,2.77053948012758,2.8177219388179156,7.84907431840886,8.08294213238093,8.942976622158545,9.747909564020098,3.9199932095819032,3.291850661854373,3.5885872836953103,3.881765256309325
2022-12-08,3.8480336803741126,3.4339434763030936,3.8131565013041335,4.072552963739735,2.3918735260806683,2.431065845347398,2.8358367849788686,2.8840713059968577,8.06000645794978,8.273439868905157,9.153748666723724,9.977445211941987,4.027627616433575,3.3694325732164327,3.6731647024722918,3.973169828472814
2022-12-09,3.7870680985821483,3.3892807088189834,3.763839809155443,4.019740396083663,2.3504783030839023,2.402106684361084,2.802222822866388,2.849915389625354,7.938867948862091,8.174885616443117,9.045246737945508,9.859282812991674,3.9653825007269465,3.3292954701811337,3.629625659676948,3.9261157712069887
2022-12-10,3.7819852073063505,3.385964721783593,3.760212828481775,4.015910469682323,2.3480427436078215,2.400400203790012,2.8002530377179284,2.8479790084618095,7.932818934437295,8.169078096083583,9.03888850242506,9.85258390200132,3.9604891032042593,3.3269303054396127,3.6270742627428576,3.923448163371003
2022-12-11,3.6801477918829284,3.3370911813740496,3.70668426644138,3.95874347978831,2.2908225911776734,2.3669894377968204,2.7618312254490958,2.8089689019218285,7.734488541529472,8.05537407447193,8.914867397017346,9.717628431273058,3.852716980062607,3.2806233230725907,3.5773077721682087,3.8697068505304073
2022-12-12,3.614990814145594,3.327591239973537,3.6961321773891127,3.948319031222946,2.2614375273067537,2.359559678592731,2.7531620946791158,2.8008049754659994,7.61493471184354,8.030089006141461,8.886884459265888,9.689385326202116,3.7815772395022513,3.270325752267866,3.5660789365334935,3.858460018245531
2022-12-13,3.668358263832209,3.403124187276951,3.7800910948381317,4.0383275260675,2.3099429162703347,2.4135299363848906,2.8161860611637994,2.865168689022301,7.739593347361606,8.213761399633928,9.090318434111204,9.912051605052374,3.8364281491597905,3.3451279814784884,3.6477117760281903,3.9471291035828555
2022-12-14,3.5944392188650074,3.359376635376515,3.731652663257523,3.9881143449405188,2.260523374601703,2.382250485545525,2.7798137896481965,2.8293512725497583,7.590257706227296,8.10731070182698,8.972913005965541,9.788141246197851,3.7577247228082093,3.3017749802703213,3.600599987159549,3.8977861216091956
2022-12-15,3.4699635589241646,3.277624538790886,3.6414624046118114,3.892739262611962,2.1750207040386185,2.3185322078204393,2.7059489303883364,2.7549503086425453,7.323507022555659,7.890463700205203,8.73448590023466,9.530751097918104,3.621574728401208,3.213462094427661,3.5049253012172747,3.7952894654444274
2022-12-16,3.133921044206354,2.9997702591987965,3.334511705663297,3.566324231079825,1.9804285393600145,2.1271331690012842,2.484182345977199,2.530499152760381,6.6206053909552685,7.2390916110176144,8.018649365801508,8.75426228298664,3.2728753489296087,2.948184970357243,3.217678448943687,3.486079856561812
2022-12-17,3.23276465540158,3.0496347922597984,3.390107693103054,3.624962141001281,2.0380832891523872,2.1634438182787292,2.526725598859875,2.5731982577778005,6.819781569051515,7.362664559061281,8.155973998310564,8.901979844624044,3.3789970254214126,2.9985111615067788,3.2727833039356016,3.544903227331199
2022-12-18,3.2072622945577987,3.0274033869354753,3.3650668058377726,3.5982574274850547,2.0200125677055567,2.1481866097259728,2.508638031477403,2.554832973098886,6.770257038254204,7.310740997315657,8.097589451397083,8.838445138909737,3.3526385334173985,2.9773648253956453,3.249355081826768,3.519602745049137
2022-12-19,2.9948115557757062,2.9200212774066565,3.245707762416062,3.4756442503800113,1.9151719876383064,2.0728909518649012,2.4207082631508565,2.4691612853495553,6.3534759755066865,7.0544936813922945,7.8137624681772255,8.542063919431497,3.126733749980049,2.873005808257383,3.135462588780472,3.401579253670052
2022-12-20,3.124028319388885,3.0242931436721827,3.3613132968369674,3.59783705505116,1.9955575014465328,2.147961074130258,2.5081272459111537,2.5570797123810536,6.620954678484441,7.309973451182336,8.095940695474033,8.846217733868375,3.2634672260761515,2.977052235350388,3.2486934783373087,3.5226979101061833
2022-12-21,3.0897590828076984,3.0029865379815868,3.3380226700211155,3.5724601424487235,1.9771610310272136,2.13702323471462,2.495619210695122,2.5439442920127626,6.550762392282931,7.2727496314844,8.055566224246155,8.80077574469566,3.230206668667246,2.9618925009983985,3.2324922379499315,3.5046022216316706
2022-12-22,3.176921816340646,3.033545920420658,3.3710970406025806,3.606692600193067,2.0159082751941924,2.1586890931327427,2.5201964655778823,2.5680968325635813,6.718602974843299,7.346483206892735,8.134898721555754,8.884331463160015,3.3238054317332564,2.9919211607405565,3.2643263355951855,3.537875374482623
2022-12-23,3.176482731931424,3.0259702690543806,3.3623410087371095,3.5966534804848687,2.0078810350340923,2.1552149237163207,2.5157908262886157,2.563072758419001,6.721634869201181,7.334659861253551,8.120677834449767,8.866950677735586,3.325067062408323,2.98710599721096,3.258619858122689,3.530954082430741
2022-12-24,3.189765135418151,3.024822544154158,3.3611812564176464,3.5957093426236293,2.0116244828992835,2.155125701495362,2.5157434119448876,2.5632483190959836,6.746641235001665,7.33435621884852,8.120524786507097,8.8675580299298,3.340131178787944,2.986982336118799,3.2585584439063644,3.531195939275058
2022-12-25,3.149189474597784,3.0260004193207144,3.362600333043337,3.5973828680934314,2.0026183440795613,2.1543133288819125,2.5149767259350866,2.5626001773471754,6.670746288473341,7.331591540145398,8.118050013954182,8.86531578343095,3.2946355393661158,2.9858563959265227,3.2575653811165743,3.530303042752152
2022-12-26,3.162667854574742,3.069680272012149,3.4111389539469235,3.6486438507490933,2.0108879204718813,2.18479382161921,2.5505600966554085,2.5983746921860327,6.704204931090799,7.4353232117162245,8.232908962823876,8.989077724075871,3.3068626714635947,3.028102049318959,3.303655333125518,3.579586922346409
2022-12-27,3.092929606933941,3.0192789595985774,3.3553893245704507,3.5905915061931615,1.966267129347752,2.1496455506144616,2.5097409608973464,2.557972594653864,6.562065053720155,7.315706086902308,8.101149578256559,8.84930666025489,3.233660220543037,2.97938690265097,3.25078366947896,3.5239279673864363
2022-12-28,2.9747165614339637,2.9260975526333675,3.2518909012520605,3.4843737202194456,1.89551882485323,2.0859017391996373,2.435362639844552,2.4855341659155212,6.3198809837621726,7.098772188643367,7.861065078056651,8.598705902751718,3.1109026845903553,2.891038627373637,3.1544439136201574,3.4241349494791757
2022-12-29,2.9950043744638624,2.9268636830881984,3.251669004044974,3.483819081192516,1.895617169410714,2.0852546362866144,2.4337532618868254,2.483715798817851,6.349612194006446,7.0965699582718065,7.855870194693536,8.592415261443898,3.13215496195983,2.8901417493077735,3.152359340086669,3.4216299208155196
2022-12-30,2.9320342055386903,2.9144017675079184,3.2383268451536056,3.4720458021564946,1.8522189195081058,2.0749995302860684,2.422208257829446,2.4739607067516802,6.228643887463652,7.0616696272062605,7.818604275139445,8.55866751865221,3.063054348863714,2.8759282765356735,3.137405481804666,3.408191058402273
2022-12-31,2.9801388018784816,2.928306240200678,3.252933013671915,3.486088622575318,1.884526251627017,2.086176752519272,2.434566017613373,2.4852602246893487,6.322010924095295,7.099708118111299,7.858493674890869,8.597758203029542,3.1158033269549974,2.891419793041781,3.15341207544235,3.42375756109341
2023-01-01,2.987493017929548,2.9479493714156373,3.274769544053255,3.5094733680982215,1.8932163891343774,2.0989819529323417,2.4495335881794165,2.5005150468022626,6.342193015513784,7.143286968856772,7.906807237871198,8.650532262926411,3.122070887530788,2.9091676707724217,3.172799069847729,3.4447729912014395
2023-01-02,3.0413911285572874,3.0074608178055744,3.3408786414651748,3.5803494658853463,1.9201670810799647,2.1400311627581607,2.4974384394317557,2.5494287158210835,6.447776926155589,7.282986257467137,8.06143848132055,8.819749109866216,3.177152379346443,2.9660614587200476,3.2348486241906773,3.5121577030639335
2023-01-03,3.013699273740267,2.9967604382280633,3.3291396849923585,3.5678506227073834,1.9007734439672614,2.130208563687225,2.4860767613395174,2.5378760062258054,6.3902943769592255,7.2495578404930425,8.024764316488689,8.779782508902956,3.145846253432053,2.9524474361601087,3.220132221910293,3.496242397119304
2023-01-04,3.1439094970807173,3.1053622556174583,3.4489820977019963,3.696164527700856,1.9683372412818225,2.2098951026119935,2.5784767290803523,2.6321267014765386,6.663524765996635,7.520748268928777,8.323020579329036,9.105842806405413,3.284576405017234,3.062892169861522,3.339814815003443,3.6260845469663465
2023-01-05,3.0815486350842884,3.0576419117816322,3.3945656677435214,3.6379478317160507,1.9255483115861836,2.173391850032539,2.534711137746099,2.5875065821269123,6.543343584225652,7.396519850429312,8.181750381605974,8.951479495333487,3.2169391182896323,3.012299032491364,3.2831267058275815,3.5646147380978332
2023-01-06,3.145617865842219,3.127613491812416,3.476450134037424,3.725772882092543,1.952164790588725,2.224720983248452,2.5980419190757473,2.652225804434345,6.676567015984456,7.571203929018798,8.386174718799682,9.175375656773472,3.2846872958951185,3.0834406898609727,3.3651569523467897,3.6537735813134784
2023-01-07,3.1322650817270854,3.1238949791514203,3.470951395545066,3.719949504371045,1.9618656754263681,2.2227051901385493,2.5945816001527,2.6487520140619365,6.65408358373642,7.564343751572411,8.375005215005928,9.163358078343142,3.2707523020223905,3.0806468210818236,3.3606749167815693,3.648987999532128
2023-01-08,3.199389348847994,3.1929863272514454,3.547929897832954,3.8026232694642146,1.9995438918673498,2.2704854641387735,2.650515676602373,2.7059773900031017,6.813285455467561,7.7269502990738745,8.555553856041147,9.361329276904895,3.3397453553035366,3.1468697956185565,3.4331244584366463,3.7278231298008175
2023-01-09,3.2863916996507947,3.276930619062149,3.6412057318463065,3.9030283859535735,2.0498250402933187,2.3315678326652987,2.7218219139250457,2.7791490514410397,7.021492034474176,7.934826734844496,8.785722030133142,9.61446665306677,3.4317144834213487,3.231529338080712,3.5254850468129284,3.8286262676843856
2023-01-10,3.3436780875002596,3.302548012634991,3.669677540730273,3.93339525152853,2.084159993660985,2.3504155414500714,2.743824592279252,2.8015127753502638,7.143212525357394,7.998969541011545,8.856744096253449,9.691833960031518,3.493458526584946,3.2576520710504706,3.5539843814426972,3.8594351013299577
2023-01-11,3.3957485413902133,3.393570846325699,3.7701458794457383,4.038913424050224,2.1204009216587454,2.4119120233073716,2.8151052138180157,2.8725186876792907,7.250960298835682,8.208255293501265,9.086829585598196,9.937478926753986,3.543642995569641,3.342885570383596,3.6463117905493623,3.9572546482746764
2023-01-12,3.4798644688313254,3.4803491687662613,3.866414874070212,4.1416157048628675,2.1680731686767603,2.474942110054928,2.888568261076002,2.9471821206501096,7.42468417493191,8.422760233232037,9.323959689295705,10.195777086807404,3.6322868284758565,3.430244630520251,3.7414660228216188,4.060112888482896
2023-01-13,3.634166293221148,3.607355670121299,4.007493548712723,4.291968347873498,2.2588684787031963,2.5660577362219477,2.9948978590553366,3.055093747074052,7.749126094730305,8.732846303361807,9.667179165427811,10.56909737820855,3.795215992268672,3.5565299630725242,3.8791912008694345,4.208774683826698
2023-01-14,3.7783642190483535,3.754911954365267,4.170824189428714,4.467325622392904,2.3472115628431918,2.653662052035261,3.0967454516708273,3.1588557488141586,8.03719619620881,9.030982629255709,9.995931253718398,10.928062042255062,3.9329966081761207,3.677948655133305,4.011110987018124,4.351719850889148
2023-01-15,3.7415994024309107,3.726635713456567,4.139137976448645,4.433711190947682,2.31390559045574,2.6357282132350717,3.0757677645089916,3.137768808990111,7.966526282262056,8.969949919172612,9.928217738996487,10.855111770067102,3.8959161273273755,3.6530925366814673,3.9839392892566337,4.322669947403918
2023-01-16,3.6757437979145897,3.7037746944258707,4.113746465357667,4.405104520887808,2.287747232637292,2.6228317100496947,3.0607181669923404,3.121664281209744,7.8582421221117675,8.926060345458447,9.879639402636483,10.79939815325787,3.8277514575371514,3.6352181142356246,3.9644460480809114,4.300483941202993
2023-01-17,3.6587907011419607,3.7047103996769417,4.114595106409818,4.406094720985437,2.297439435491717,2.6175868734683676,3.0545463661529317,3.1148192180602976,7.813720776613691,8.908211038677683,9.859717553112466,10.775717656037196,3.804698269241027,3.627948823997295,3.9564519205224826,4.291054008481558
2023-01-18,3.517270715821516,3.5442575119100237,3.936469713426258,4.213273919133045,2.187516505398274,2.5062209993906754,2.9246820410824648,2.980992051416824,7.501408014925419,8.52920902012142,9.44053073715556,10.312742548494505,3.6599710280875244,3.473596853490106,3.788242996269185,4.106690307198496
2023-01-19,3.591296475109462,3.6290506385576315,4.030850345429131,4.314305724915269,2.2357804955301765,2.5652789441350192,2.9937642618631712,3.0513211486964114,7.668404310739743,8.730195906411879,9.663520046595108,10.556046073429329,3.735790361556581,3.5554505651489823,3.877722890275842,4.203577456553634
2023-01-20,3.817537492564446,3.8650433049178115,4.292686764289634,4.597609481571298,2.3783979014796794,2.7291976491699503,3.184811061972524,3.248105472449153,8.15484211155471,9.288046510125785,10.280196718907845,11.23682147753585,3.968502645646912,3.782640225668123,4.125179431639234,4.474672535314378
2023-01-21,3.758441497853932,3.82924800201966,4.253099897261574,4.556338145679154,2.3443983090889584,2.7018553234908484,3.1529952152570373,3.2163134825686317,8.04052193300388,9.194994695912277,10.17749889581901,11.126837082714559,3.9042171550203792,3.744744039949018,4.08396942768075,4.430875083178658
2023-01-22,3.855125801335328,3.8608407103068445,4.28698346015686,4.5942599271401585,2.3970643044915976,2.7279080875934913,3.182544987217916,3.2481173508317496,8.238408283618869,9.283657854762746,10.272882095275921,11.236862570802622,4.0110747018506965,3.7808529064191587,4.122244260671047,4.474688899275715
2023-01-23,3.8942499502585104,3.946482743753245,4.382078287534429,4.694139430054767,2.4118010148484688,2.7790631151670513,3.2422255817788743,3.3063296224066714,8.29149301652727,9.457749414410136,10.465524057530361,11.43824793499032,4.042102177200431,3.8517532551365776,4.199546542144029,4.5548836020167425
2023-01-24,3.702694130602988,3.773242497898779,4.189680946318638,4.486943407164922,2.294918795803788,2.6609700659273616,3.1046059993926316,3.165624203180006,7.89331243469765,9.055853372108325,10.021304180189102,10.951477511374826,3.84536559789315,3.6880774881719844,4.021292492028133,4.361044245405975
2023-01-25,3.8185767825453443,3.888211701310518,4.316867106743951,4.624111016446322,2.377045589227406,2.740844706772829,3.197384279019007,3.2608187870721115,8.148945118496338,9.327683951831244,10.320781589442463,11.280803191805187,3.9649085495267316,3.798782929225237,4.141465099875254,4.492186720201135
2023-01-26,3.8150007975573224,3.8960786354229455,4.325227202151643,4.6354212315505325,2.399661457243998,2.7442200989247256,3.2009491232890257,3.266014835158564,8.155100858283719,9.339171137197338,10.332288488801625,11.298778921113058,3.958852230468715,3.8034611884693232,4.146082523632433,4.499344927920015
2023-01-27,3.850456661203688,3.9404262749718084,4.374726129702199,4.6875558992096265,2.4365915994638025,2.7747204619912953,3.236709394885992,3.3017014410202563,8.238264412398502,9.442970431771764,10.447718452961162,11.422236740635359,3.994622189876389,3.84573438193634,4.192401609440391,4.548507701876212
2023-01-28,3.8456082732107584,3.9033989467758317,4.33299034958549,4.641112874563781,2.417412235480596,2.752779367771623,3.21080310334546,3.274447091228226,8.213286594063018,9.368300169741694,10.364095981137323,11.327950312532261,3.9946402998354587,3.815324248168363,4.158846054987229,4.510961417891076
2023-01-29,3.966294640219289,4.0287776536725985,4.471583233048289,4.792332806748549,2.4869240890952935,2.8407333624400395,3.3129060790800415,3.3806679165658933,8.475858953560616,9.667626527977443,10.693672416195067,11.695421277265401,4.119482037740586,3.93722759157119,4.291096630363147,4.657293922746128
2023-01-30,3.831477630789192,3.8405190309506962,4.2626329823258065,4.564704337123781,2.379665023542226,2.712614469400485,3.1634918942756043,3.2260275757833456,8.167601400629474,9.231610383181508,10.211380945054065,11.160442989972116,3.9858131769460172,3.7596561069163923,4.0975654255422675,4.444257464533592
2023-01-31,4.052749876086762,3.9331532183893696,4.36597560438724,4.675950642064067,2.4745933082081946,2.7809541261844175,3.243547089246253,3.3085549175788707,8.60889956040573,9.464184931561412,10.46978972870074,11.445946344046595,4.224811893667204,3.854374177202682,4.201258246643012,4.557949225123648
2023-02-01,4.054022688803134,4.02946741752305,4.471261157543073,4.7904543026825674,2.5047492574975765,2.847103232380848,3.319459010494751,3.387253788782449,8.637066520473486,9.689304565217318,10.71482451053218,11.718205103406214,4.219876893198839,3.9460561666206018,4.2995844236302805,4.666366787460183
2023-02-02,3.9750888148278984,4.005811354386808,4.44416684435959,4.762608843624125,2.4565646501382212,2.8260895446039154,3.294399435108602,3.362426080805246,8.484326527950731,9.617790466749303,10.633935139185185,11.632313643106478,4.13159053331369,3.9169314087640825,4.267125592341078,4.632163506826988
2023-02-03,4.061026760023018,4.083796636701007,4.530368408246909,4.8557961336581075,2.507323826862008,2.8673917424728366,3.342394233832735,3.411494742228535,8.642514607078366,9.758350728075056,10.788856722527994,11.802066686297959,4.21041506724616,3.974175835570254,4.329291652641005,4.699761740159563
2023-02-04,4.125950317718208,4.084187667941986,4.53061820423125,4.855104036676804,2.5288642458054564,2.872471368353877,3.3484494495920747,3.417134053963224,8.760276313914128,9.775637787314425,10.808402249082054,11.821575886278184,4.28527130460173,3.981216145455767,4.337134771437853,4.707530599130224
2023-02-05,3.9953151596768546,3.982006651264808,4.4166604770679045,4.733073388659732,2.44838107462721,2.8031165145243677,3.2671971255880226,3.334385176581216,8.50024778021232,9.539608305071768,10.546129273267674,11.535306129801647,4.150232817660776,3.8850910223740347,4.2318913490708105,4.593533645493687
2023-02-06,3.901928604699899,3.9070745957209096,4.333549252710438,4.643989588203975,2.394712834915672,2.7513228293132372,3.2068285399196776,3.272820526861124,8.30797781665221,9.363343256141324,10.351266556379075,11.322323212806014,4.053056281859394,3.8133055006567638,4.15369793568761,4.508720621536979
2023-02-07,4.048490054169504,4.0675919705713905,4.511475933355731,4.83571411876167,2.493494815013951,2.857410275799095,3.3304231153735344,3.399338041062294,8.61558001839166,9.724381650484366,10.75021535564273,11.760010576384202,4.198922171035138,3.9603416241261895,4.31378586260176,4.683014360097553
2023-02-08,3.9646674356472813,4.003539175733051,4.440521042232444,4.759681620337336,2.45299338157482,2.81553649333707,3.281779079446227,3.349904015777229,8.455470000319606,9.581876163869843,10.59319811072503,11.588993556845908,4.113521601415933,3.9023049868786432,4.250778867029795,4.61491279223611
2023-02-09,3.6387872726700525,3.7589072947592763,4.169342480215693,4.468666799630668,2.306977583305503,2.6474994397444367,3.0860928364857907,3.150141451469735,7.7885855484580695,9.010009934369187,9.96154586082003,10.897914928994108,3.774252723468535,3.6694073370819855,3.9973130102466983,4.339714813699805
2023-02-10,3.62322582096732,3.7464064892546163,4.15553524753089,4.45408944060965,2.2898315611293634,2.6395018003329174,3.076810761789828,3.1408874896570205,7.7428155283611835,8.982792247571018,9.93158441193741,10.865900846406143,3.7585811639034556,3.6583226900768104,3.9852902488101036,4.326966321042336
2023-02-11,3.6793892780866666,3.793782831425216,4.207666402191052,4.510157480759099,2.324119025843029,2.672460497339585,3.1148972246750453,3.1798876623825483,7.870710290479862,9.09495778120475,10.054523048851372,11.000821951101484,3.817057172737652,3.70400310941945,4.034622372525059,4.380693948808022
2023-02-12,3.649439862919791,3.7387551221208315,4.146306022264575,4.444150571352525,2.290546397164847,2.6341309964854553,3.069951802756065,3.133848379426032,7.798315135200586,8.964514247094518,9.90944449632485,10.841549043271293,3.787591328824864,3.6508788104868652,3.9764060681858964,4.317269064136481
2023-02-13,3.641653068968868,3.7230172795634675,4.128852642933319,4.42570484970452,2.273936533385471,2.6241765823223453,3.0583504162850828,3.1222625173572762,7.774888019625388,8.93063723501511,9.871996580949956,10.801467751319958,3.7808282331495455,3.6370820935478068,3.961379179646093,4.301308086502983
2023-02-14,3.728657975156311,3.8272886387773575,4.244141986444728,4.549238742407352,2.322581360919406,2.7002111772439368,3.1466683512547986,3.2125135980789796,7.992556041241682,9.189399312662767,10.157076520585075,11.113691381625834,3.8724105134903803,3.7424652699477523,4.075774451984878,4.4256402658651695
2023-02-15,3.985764834279847,4.083402135396672,4.52846601382341,4.853840060393142,2.48550327206222,2.8822743761630507,3.3590630508321144,3.4292942470892953,8.55591424069413,9.80899953101167,10.84266170953999,11.863644076627615,4.140917732339691,3.9948030147258597,4.350882214748952,4.724282789804721
2023-02-16,3.8049094366612843,3.9091695853489954,4.334754804413335,4.646405060251407,2.3870070820619587,2.7590395638028453,3.215054550328137,3.282411623119051,8.165122811448798,9.389604963082034,10.377819153555237,11.35550361206901,3.9522616885312147,3.8240008162928696,4.164352812313292,4.521933559162596
2023-02-17,3.961288531233737,4.110701806527847,4.556903327426042,4.887196141500494,2.5196244878606633,2.8768073279781223,3.3518106947264004,3.422927829911739,8.476544343001455,9.790393990357567,10.819251954301281,11.841619455234463,4.093250105004134,3.987225741461585,4.341488480032493,4.71551225192213
2023-02-18,3.994125454448475,4.143165139433894,4.592727449737995,4.925035245568478,2.5744249407559057,2.902873587519283,3.382358505879496,3.4538485799413503,8.555985694582992,9.879103077087485,10.91785670725996,11.948589795631774,4.130190587045895,4.02335331247246,4.381056039865164,4.7581094619272895
2023-02-19,3.9366183646536856,4.110292342302767,4.557738648247978,4.889142639761053,2.5474023193866584,2.8704233279650273,3.345014448563286,3.416491631834072,8.426047323465216,9.76866786544305,10.797314468482682,11.819353426804582,4.061154238597672,3.97837758227548,4.332685529295732,4.706645582100518
2023-02-20,3.999307436395572,4.1943561456451,4.650953634799863,4.98724571590562,2.573024205945316,2.9310146203180407,3.415623806564024,3.487489285996708,8.552141369011101,9.97487306338999,11.025233197826017,12.064969824398906,4.126455920244733,4.062356498148221,4.424143473154258,4.804453752385625
2023-02-21,3.8864304219529293,4.100300129722374,4.5476570013011655,4.8736932139282585,2.4829847886138534,2.8696770141714807,3.3449045568434865,3.413923996364028,8.309694315074978,9.76612799910991,10.79695975089494,11.810470691425143,4.012513126807443,3.977343198936736,4.332543190220226,4.703108342310752
2023-02-22,3.877214280072175,4.078463539277541,4.52208240169294,4.84642636316067,2.4885116309231883,2.8553654670206496,3.3271080517104696,3.3960261932398645,8.287731821357422,9.717422726478153,10.739514718798388,11.748553238235218,4.004515236915102,3.957507539925105,4.3094919713249,4.678451874483132
2023-02-23,3.8337643321407135,4.047920913933658,4.4873772110110774,4.811869767628078,2.501214128097995,2.8354224063370053,3.3031472729086064,3.3738484403460514,8.215674351357821,9.649552202245404,10.662172134001903,11.671829298032385,3.960050765818915,3.9298666603472423,4.278456374563852,4.647899239228309
2023-02-24,3.683567738013158,3.8906421895499648,4.31351914932187,4.623030611752907,2.3868365011380144,2.7325148682490554,3.183360678324753,3.250898873310551,7.903097668956509,9.299335720015135,10.27551505053668,11.246485248328078,3.811094602560365,3.7872378576240893,4.123300798126809,4.478520795237168
2023-02-25,3.6732919034870233,3.87798796790405,4.299688911017811,4.607501452759923,2.3738510668192125,2.7255925929057447,3.175304157996601,3.2424573685391707,7.8741079592707655,9.275777728396564,10.24950954746863,11.217281861023588,3.8021992604577233,3.7776436542967042,4.112865456343083,4.46689156401989
2023-02-26,3.742606351456376,3.948651050890815,4.37775073976874,4.692318634033018,2.4165232411270883,2.7741266883013833,3.2317156880952584,3.300772008536214,8.02543665823878,9.440949692214822,10.431599352905822,11.419021368786389,3.873143626378557,3.844911417632127,4.185933427768098,4.547227292097329
2023-02-27,3.710522258620476,3.915498217208939,4.340995189504677,4.652362224375259,2.378936629650033,2.7525468405675526,3.206576269350533,3.274806713837609,7.954317048318744,9.367508829661606,10.350452256558224,11.329194427015365,3.84132671168354,3.8150019678249256,4.153371178042402,4.511456843124936
2023-02-28,3.661449198242732,3.849097983757301,4.267446882935045,4.57324380676179,2.351874081347316,2.7108583292547483,3.1580223762130784,3.225407908558112,7.844591239785348,9.225633860610174,10.193725981997774,11.158299251092794,3.795412888948024,3.7572221145086977,4.090480941416375,4.443403795237043
2023-03-01,3.7355357852487994,3.945212188037861,4.373758690073802,4.687440351334771,2.422071350725595,2.77735340722269,3.2353266088560586,3.3045244555364075,8.015321010425685,9.451930910605258,10.44325498177519,11.432002959871635,3.870302331643345,3.8493836172884515,4.190610532865348,4.552396758321382
2023-03-02,3.673423294147974,3.8764095929319233,4.297627378663504,4.605391382612275,2.3683394234609993,2.732523418209304,3.1831189021577555,3.2509748742721682,7.880504257335332,9.299364817368517,10.274734625415592,11.246748173668731,3.809040448425012,3.7872497077821654,4.122987633530307,4.478625496090787
2023-03-03,3.5197394992026774,3.7357781565125223,4.14174785038298,4.438084250838981,2.264357136300018,2.63588198878062,3.0704525018095823,3.135789375316796,7.5605094312526875,8.970473250423318,9.911060694167347,10.848263918911305,3.650569552989346,3.6533056680259435,3.97705460695219,4.319943029337806
2023-03-04,3.4465319159547776,3.6822307055219463,4.082683039673852,4.37460379424463,2.2256049276653256,2.5994836954919913,3.0282146564144607,3.092554840908824,7.416578675964774,8.846602030961876,9.77472188122196,10.698694039199104,3.5745100267008714,3.602858003166967,3.9223453360817233,4.260382037450871
2023-03-05,3.453036110141608,3.684766646674992,4.084900623588574,4.377216951599555,2.240129292650128,2.5987402674894367,3.0270376477018717,3.0914476546583622,7.429698304658516,8.844071985596067,9.770922635090924,10.694863728162609,3.579490699625055,3.6018276195052312,3.9208207959951835,4.258856749572001
2023-03-06,3.445165323810521,3.669244891000456,4.067693338700855,4.358836360729657,2.228819148012472,2.589071358440151,3.015775209484963,3.0799648992429574,7.4073346219641305,8.811166608816464,9.734568804941684,10.65513913369745,3.5727081422409905,3.5884266097545163,3.906232935811815,4.243037814280992
2023-03-07,3.4136802815067586,3.6433778399082506,4.039136935731942,4.328570605990049,2.2167023365993215,2.571986925907282,2.9959637152371994,3.0599659741051193,7.349834424980803,8.753024610924646,9.67061962422125,10.585952848515939,3.540590700563217,3.564747759763128,3.880571768794172,4.215486787441147
2023-03-08,3.2982108638709513,3.538337848122741,3.923951048041351,4.205911507093901,2.1373176357348593,2.5013196720403905,2.9146230515825113,2.9774182417901662,7.109630027678123,8.512528749125051,9.408061498371609,10.30037895343576,3.4226454686839447,3.466803663557526,3.7752139230272137,4.101766936354019
2023-03-09,3.079283978941159,3.324940102964698,3.6875660000558175,3.9523026230187317,1.991536982752772,2.3454787463716755,2.7334133672276044,2.792218520213543,6.649254534645064,7.982168565709129,8.823137882404932,9.659680482681765,3.1905487452175536,3.250809723206917,3.5404990692513296,3.8466310995666997
2023-03-10,3.077061583627141,3.3270926088259603,3.6908292278083814,3.9553027341131184,1.9940409120652534,2.340243560584075,2.728048516121689,2.7864898682784287,6.644333719109556,7.964352102654805,8.805820772013368,9.639862210261787,3.1826727357318614,3.2435538088706846,3.533550156739634,3.8387391632684915
2023-03-11,3.1046023694586595,3.3434916880360626,3.709055899950258,3.9750084368105525,2.010201343657208,2.3546241540521575,2.7449419349788102,2.8038195401176402,6.705771156080252,8.013292354752483,8.8603507474897,9.699814213167244,3.2141879698568183,3.2634851653768338,3.555431638134735,3.862612959018868
2023-03-12,3.321665730017435,3.572955632350869,3.960153766749405,4.244054001915029,2.145780855558004,2.5150264387342567,2.9291188896120657,2.9919316014741892,7.177413425147739,8.5591758238046,9.454852364030359,10.350587923923923,3.4381709510879084,3.4858011029975886,3.7939898980286504,4.121760909001794
2023-03-13,3.4455919066021954,3.722795587237131,4.126231748905026,4.420706596747955,2.224761649939825,2.6224061590447905,3.0541783968517344,3.1186604345353586,7.453440051713935,8.924612103874628,9.858529791349143,10.789006345137029,3.5671316966547173,3.6346283048644636,3.9559753021726873,4.296345765787147
2023-03-14,3.5156581486487832,3.8008314279339226,4.212954343743097,4.512290007723566,2.277093449268977,2.6773609062107915,3.118367098192811,3.183182355640374,7.591169933015002,9.11163492641929,10.06572339375669,11.012219943031074,3.639537163649679,3.7107950263493508,4.039116783837802,4.385232801858865
2023-03-15,3.3129147216101975,3.5973152255579284,3.986871163332737,4.274347289724491,2.1508821569721954,2.5349191833109384,2.952050249604327,3.0166492789047314,7.173353208215542,8.626875111504948,9.52887210559912,10.436098733527311,3.4295809592369415,3.513372244962181,3.8236921229766514,4.15581260876135
2023-03-16,3.4085254917274503,3.669032298171445,4.06648703998324,4.358283902887867,2.204861551968639,2.5816267074404498,3.006608065692395,3.071286835687369,7.350633793959352,8.78583086050307,9.70497833954066,10.625117371235614,3.527139263294295,3.5781083990723053,3.8943590405369863,4.231082693678759
2023-03-17,3.617148128722145,3.91900376875469,4.344903850500031,4.655518626272326,2.356767831038551,2.7529334249348665,3.2071929886941244,3.2752662356213955,7.805702490196193,9.368824459397983,10.3524429542948,11.330784142710636,3.737965541543293,3.815537769832105,4.154169994016654,4.51208989199688
2023-03-18,3.497274549167859,3.816333070266173,4.231162253795863,4.534376477591716,2.2729515901929886,2.6858428530865868,3.129244640755987,3.1962591446187405,7.554729280125482,9.14050081566801,10.100834825861075,11.057459096899592,3.6168257604277905,3.7225509185816783,4.053206101532084,4.403247718242562
2023-03-19,3.578625845088123,3.9117178372352863,4.337351419023023,4.648721432896166,2.3272207225988115,2.753613104332676,3.2085559008701257,3.2776932018713447,7.725338187400326,9.3711375545528,10.356842275010298,11.339180232897363,3.701134891916572,3.8164797985750556,4.155935328652263,4.515433342298879
2023-03-20,3.428914525132284,3.765834032644087,4.175594013917514,4.478796729619069,2.2678597795117734,2.6560774152497966,3.0949056897130474,3.16426589912749,7.431766837530894,9.039202629695133,9.98999271781347,10.94677845825608,3.549556311956804,3.6812963240196797,4.008728004781608,4.359173011269662
2023-03-21,3.6754464430665355,4.049245252805638,4.489586018295908,4.811808482967497,2.397133003824576,2.862751919805145,3.3353345966018524,3.4071952749191596,7.969857977749192,9.742560413749764,10.766069041222767,11.78719267835279,3.8094868136834714,3.967745088472067,4.320147540248469,4.693838684874282
2023-03-22,3.5215672130238445,3.8692692423613098,4.285275562536905,4.589895350144852,2.3075392029300503,2.736975226752469,3.184864316570568,3.2512264063606615,7.645043799923776,9.314515279195888,10.280368618506735,11.247618348974996,3.651637158341041,3.793419869213116,4.125248410541977,4.478972013079746
2023-03-23,3.685604316025657,4.048668189064031,4.483385175706578,4.799474488316161,2.4297594494499974,2.864660882160183,3.3329278154207187,3.400368040383665,7.999213904656569,9.749057023163544,10.758300233742522,11.763573859225353,3.822374126735168,3.970390890909881,4.317030116944016,4.6844333133039155
2023-03-24,3.560374270531229,3.909762481346733,4.330020093628473,4.633970637144658,2.329429869554617,2.7696881931996917,3.2225713509724017,3.286775968386944,7.724992844999424,9.425844538891827,10.402082504760756,11.370602065323567,3.695083414112561,3.838759708495855,4.174089073211058,4.527945991970129
2023-03-25,3.537420722336542,3.901980592783419,4.3219426544664605,4.627198777869119,2.306140154159239,2.768660467282889,3.2214343693946246,3.2870822801217834,7.669684736078064,9.422346966585978,10.398412461528087,11.371661750826412,3.673785142085478,3.8373352908121294,4.172616378935783,4.528367974790194
2023-03-26,3.5739707484506478,3.9567289095628104,4.382702131157731,4.692580407565554,2.342407307532445,2.804930563976732,3.2640028386236506,3.3307598892588546,7.753708760450298,9.545781905466873,10.53581848944678,11.522764447645178,3.70916294217724,3.8876052764926206,4.227753895819182,4.588539357669112
2023-03-27,3.4979216831447806,3.8752472709426504,4.292448348451587,4.601886612057718,2.2610502715479903,2.7494350194591433,3.199424550247212,3.2692265941922245,7.571065531762981,9.35691863323707,10.3273673457645,11.309890002078946,3.6317937102777207,3.810689015370443,4.144107795074996,4.50376952867879
2023-03-28,3.5746795559549627,3.981945650215516,4.412829469556169,4.734838784396254,2.2959233614778447,2.8238973173759674,3.287872062689196,3.362700384568338,7.7614851826155835,9.61032984605731,10.612865546288363,11.633262597025196,3.709547612527827,3.9138930040890787,4.258670904787178,4.632541394652818
2023-03-29,3.6646161243752067,4.101090591175665,4.546282886124879,4.881909751291169,2.3828278309885285,2.911149735521433,3.3905938621893568,3.4704809165682557,7.9654460312314335,9.907268588512443,10.94443947191013,12.006129367242393,3.804014277798365,4.034823969555882,4.391723021924884,4.781022590990926
2023-03-30,3.617277468066433,4.066457383265176,4.509129770471632,4.842680927449956,2.34670045785301,2.8869831850916774,3.3634462450252802,3.443161487641637,7.871993383174532,9.825024620418327,10.856810146507243,11.911617797861252,3.7543141262722908,4.0013293760811175,4.356559619837884,4.743386652338282
2023-03-31,3.73112183329292,4.183270927217131,4.6396581170216225,4.980571065175601,2.4334901593431377,2.9679226188070493,3.458598842584448,3.5389838827318507,8.133164038447289,10.100478919259695,11.163951575681214,12.24311539124659,3.8715420288829887,4.113510609238665,4.479807602427789,4.8753940157737174
2023-04-01,3.8937473581454727,4.199950451087053,4.650094760752528,5.000429581492808,2.4898754235805125,2.9779177213641854,3.463719948297959,3.550902153993982,8.401401142954638,10.134494402693953,11.180481904522953,12.28434665286336,4.046804639041572,4.127363719878636,4.486440799671063,4.891812928748508
2023-04-02,3.748568006735078,4.125275490468074,4.567133156780338,4.909401431740923,2.4039633196515826,2.926166898679476,3.403293977883371,3.4875605989159513,8.118048260464859,9.958375224158445,10.985433956401303,12.065216531456109,3.8928874722298654,4.055637605187699,4.40817305774206,4.804551994873091
2023-04-03,4.16564703962531,4.216074497216657,4.667657632123225,5.021477412263741,2.575390675826997,2.989424684031276,3.4768662816501776,3.5660651580241494,8.896854761220919,10.173655071205715,11.222916727299987,12.33680306808613,4.342710540756981,4.143312253277467,4.5034688063222506,4.912701867935415
2023-04-04,4.1666217928142855,4.245225482606029,4.698315739633083,5.053792182538214,2.5943912843925636,3.0115731711913747,3.5013210790617433,3.590633504796307,8.925958224776084,10.249031136011606,11.301853946249555,12.421797268249453,4.3434769915043105,4.174009831554717,4.53514428889377,4.946547845989988
2023-04-05,4.121008061614562,4.249583842688748,4.7013230717129115,5.056351484337069,2.569638439971679,3.0165469179360245,3.5056252060621045,3.594528417387136,8.858463066587069,10.265957865780681,11.315747163588316,12.435271719071627,4.294897272370488,4.180903394032437,4.540719280887819,4.951913576427458
2023-04-06,3.9146218755864375,4.16755523716585,4.6066321476406324,4.953285954879073,2.469953180892608,2.9583040022673686,3.4347344785422314,3.520890529497148,8.451712599377707,10.067744698705612,11.086920206425141,12.180521432413395,4.073612489969695,4.100179304395521,4.44889688848574,4.850468153150783
2023-04-07,3.8393879390479673,4.152723464433066,4.5888475184141795,4.932994285732085,2.447642824386536,2.950929134643014,3.4250160822563296,3.5100319240165367,8.319107608078584,10.042646438225335,11.0555503626048,12.142956084762101,3.9945482976350712,4.089957812762862,4.436308974261939,4.835509062650785
2023-04-08,3.803711229585019,4.119078347196077,4.55164222056234,4.893192787698304,2.416820420190964,2.9269651303322375,3.3971816242013078,3.481656793232248,8.247553698080809,9.961091778131355,10.965703995331575,12.044792314610767,3.9571587214934727,4.056743946152067,4.400255930101673,4.796418762325447
2023-04-09,3.864741915234335,4.16018775904004,4.597292380616938,4.942626065642075,2.4513733528174675,2.955352150848673,3.4303291924718033,3.5159031123725284,8.369052841870541,10.057698913536422,11.072700459468154,12.16326746195624,4.021221784319839,4.096088068306427,4.443190868525811,4.843597360739949
2023-04-10,3.9454993113433234,4.250365970280959,4.696945479815327,5.050094651104994,2.5038257905677845,3.0220290777417214,3.5077222736042333,3.595441344334857,8.546728014557385,10.284614834529993,11.322516251752862,12.438429990014669,4.106993711249407,4.188501611849631,4.543435542456625,4.953171247760599
2023-04-11,3.9414358235240288,4.268268374204822,4.716898479939567,5.071203407640846,2.495851080689942,3.030005720296012,3.5171762522317986,3.6049390336442495,8.528619905139015,10.311761064507667,11.353032586372576,12.471287247922081,4.098319488297938,4.199557157423918,4.555680965316164,4.966255505603261
2023-04-12,3.9237996681458855,4.251334490287854,4.698539015556976,5.051612679600482,2.4804278586717308,3.0173443093001553,3.5027614390750825,3.590288940291903,8.509442819840984,10.268671560070675,11.306503259503948,12.420605247283284,4.079411042646533,4.182008570365296,4.537009939127195,4.946073165183722
2023-04-13,4.074347379763267,4.359915083053924,4.8189892703444785,5.1822909670270745,2.5664202325217995,3.0916970998153115,3.589406789312367,3.6800544643320836,8.843703269080125,10.521710095653631,11.586184291717608,12.731149094160397,4.2365211292597555,4.285060782937311,4.649238768307614,5.069736429338081
2023-04-14,4.146492255343538,4.4425085212189845,4.9103268856220685,5.280215497571913,2.631275423053704,3.1517148781801323,3.6591607908234907,3.751314380086796,9.033547379918293,10.725963502165401,11.81134203059497,12.9776727857806,4.3123537607180165,4.368244814246678,4.739588797464447,5.167905897848596
2023-04-15,4.1554435893417665,4.4603509744460785,4.9309413655327905,5.30173502065864,2.6638581258124066,3.1624233197084144,3.6722851486748787,3.7642980195907105,9.077430794645336,10.762406631520982,11.853705919031745,13.022589689025175,4.3198345364999495,4.383086605456419,4.756588339983144,5.185792489152166
2023-04-16,4.206822406792339,4.504306807346219,4.979333180822797,5.354540618874693,2.700469103500379,3.195316597716332,3.710363464084763,3.803903145642665,9.182647879389048,10.874349530233705,11.97661825685055,13.159603629864217,4.3750640780294185,4.428676354731146,4.805909910545336,5.240353515973969
2023-04-17,4.183154566092849,4.421953245565786,4.888294572603779,5.257837929026517,2.6960710780912294,3.137430921590146,3.643147308431848,3.735921110933598,9.105481242749647,10.677352126145507,11.75965238686493,12.924419768322482,4.3535555080808646,4.348447395472185,4.718847068393082,5.146699739584104
2023-04-18,4.288321938132057,4.534788240666761,5.013378087162565,5.392087491707934,2.788533570582626,3.2151188191705664,3.7336468082882943,3.828494019856016,9.32852812831028,10.9417407482815,12.051774162186454,13.244675763714477,4.461183924796905,4.4561220325673245,4.836068048889874,5.274230528403274
2023-04-19,4.000691288565352,4.212654323494079,4.656499130181427,5.006556850453973,2.5787975848394247,2.991390455879058,3.473264328894307,3.5601975710447507,8.700442583076565,10.180345015540103,11.211290046099116,12.316504149854971,4.166279313110934,4.1460367930953,4.498803317182355,4.904618531194048
2023-04-20,3.875140868811272,4.123519391668042,4.557374536446228,4.8999640943372125,2.499974880224207,2.931321956359572,3.4029883373933525,3.4881601708679466,8.447252128378487,9.975918994031497,10.984447384732995,12.067290750733978,4.035857079830185,4.06278246278066,4.4077771718203005,4.805377980411213
2023-04-21,3.670962123420797,3.9543207372863733,4.371221870979494,4.697565868476621,2.368777743365839,2.81143366899257,3.2644875335814363,3.344448652990008,8.010819059744714,9.567913370319083,10.537383027944585,11.570120728283182,3.8212586020763983,3.896618514002965,4.228381705014632,4.607397346004083
2023-04-22,3.7619242177203143,4.052647062989997,4.479290741514272,4.812465660348751,2.4102409811562358,2.883250351929347,3.3473109165527983,3.4283487401789405,8.204045281831876,9.812320986426554,10.804727197913557,11.86037309529787,3.9172989039887525,3.996155707226522,4.3356600676063,4.722980235488185
2023-04-23,3.706449989252321,4.006925764521111,4.42938996364549,4.75834701741275,2.377257934967279,2.8493325833542023,3.3085045707019196,3.388205048954028,8.08575008853963,9.696891525998344,10.679464863185945,11.721495988144223,3.8578977356069237,3.949146024429725,4.285395503521932,4.667677267615405
2023-04-24,3.6921300596528637,3.9864732776530554,4.4067810995464605,4.734427062121803,2.371623019812393,2.834615507548606,3.2914158275855008,3.3709950999863563,8.045394581414884,9.64680615214607,10.624304403900533,11.661958166534811,3.8430987622762203,3.9287483068208937,4.2632610251354,4.643968405131411
2023-04-25,3.7501305728455283,4.058591896930333,4.486629316356275,4.819544046783124,2.418272691522613,2.885754475843399,3.3508983290622387,3.4314020158888248,8.17810562456267,9.820843058614292,10.81630694490366,11.870935903176086,3.902929574359601,3.9996263975410296,4.340306723250476,4.727186505597837
2023-04-26,3.7045765397912374,4.000010858588442,4.421604457549848,4.750824826336527,2.3700337452462406,2.846821147922227,3.305477141683487,3.3856849599687893,8.101546515978097,9.688344571142782,10.669692677252021,11.712777739837687,3.8578994728244704,3.9456652004256276,4.281474175796497,4.664205529069829
2023-04-27,3.778875001649217,4.069860025157353,4.499251960955372,4.834869634404346,2.4228394237823854,2.8958013125445974,3.3627127515177286,3.4448079221318184,8.26576609283923,9.855034604466148,10.85444251546008,11.917313638281934,3.9352300786925527,4.0135512111792915,4.355609550188002,4.745654822278234
2023-04-28,3.7811818410195173,4.073015975003695,4.5020839330051885,4.83690559471411,2.408412901027409,2.8992464885946707,3.3661680390137776,3.4475317584076994,8.254083329367667,9.866759279444665,10.865595778397369,11.92673675037781,3.938454452807302,4.018326190197568,4.360085068713825,4.749407248262476
2023-04-29,3.8232463596818116,4.109760592683985,4.542128213039942,4.8805050336518825,2.442540190192124,2.9237204112703843,3.39414147910406,3.4766796432077562,8.336564777005734,9.950049301391731,10.955890763386078,12.02757386318839,3.9814710881762134,4.052246798483743,4.396318131663924,4.789562114132327
2023-04-30,3.7516364914499643,4.045949618565198,4.4716701408424715,4.804582411273455,2.398861739864522,2.8803117881120768,3.343790739796583,3.424877409258022,8.187124113618548,9.80232042182249,10.793364480052109,11.848364025340423,3.907706638095247,3.992082887618064,4.331100500188358,4.718198041909628
2023-05-01,3.691426986270034,3.9692562018020503,4.386906934655892,4.71350865208726,2.35593437178102,2.831104209208567,3.286665033008703,3.3663664084537044,8.053103420884485,9.634856448795295,10.608969395992608,11.645945207328852,3.8493383207994003,3.9238816829802237,4.257107479543277,4.637591802200478
2023-05-02,3.7142673611033645,4.01454032596329,4.43683043578275,4.767148917998757,2.377819231468737,2.8640350550754308,3.3247757576478203,3.4054013152478135,8.11696163036052,9.746927199010926,10.731986347003698,11.78098647454082,3.8726640706345536,3.969523500925934,4.306471028697989,4.691367280500588
2023-05-03,3.7531343555022696,4.049199741274425,4.475033676361777,4.8081963593256924,2.4114203529717853,2.8882855093002866,3.3528582392942656,3.434164794924375,8.204950979418893,9.829456709763159,10.822633305351605,11.880493737756181,3.9131889552650017,4.003134384208631,4.342845329535024,4.730992580116162
2023-05-04,3.7038868508207505,4.0047465881539175,4.425914980026539,4.755420815279748,2.3772617396607023,2.8586562639318243,3.318414256782625,3.3988855484736322,8.096646011380123,9.728622016047993,10.711452168036987,11.758445178190758,3.862887298565153,3.9620685510246467,4.298231189030012,4.682390994823215
2023-05-05,3.8024434576303294,4.100493316866419,4.53178670129722,4.869174601638534,2.4501437495021334,2.9247606580317984,3.3952787067573413,3.4776139554759986,8.329514433230784,9.953589484824386,10.959561600921628,12.030806116651702,3.9646220235694396,4.053688569930947,4.397791144672586,4.790849246425775
2023-05-06,3.659930151369148,3.9691734472640183,4.386635742508639,4.713217269901246,2.3564281751398917,2.831661835559398,3.287172181259991,3.366885855011262,8.012236706759406,9.636754171183915,10.610606411089403,11.647742232789975,3.8154213892835553,3.9246545474395598,4.257764371740113,4.638307404961652
2023-05-07,3.632699932084041,3.9330715832221723,4.346384674131784,4.669969541632549,2.3398315834396533,2.804134279126755,3.254981509317905,3.333914561738887,7.946911787907716,9.543071976882501,10.506698696113837,11.533678037668318,3.78610772258108,3.8865016337771383,4.216068869180569,4.592885314542757
2023-05-08,3.4789176648418914,3.7883862629633875,4.186494866575971,4.499383408580521,2.2413508169175533,2.703593569765145,3.1382759177412924,3.2152618687110475,7.639623121711081,9.200910321791055,10.129986729137366,11.123199024381423,3.6266642587187436,3.747153231632611,4.064904013067895,4.429426353238639
2023-05-09,3.504867029932212,3.8318968765524266,4.234203221786799,4.550961661058576,2.242794179191491,2.7396312970962824,3.179734531897038,3.2578676798081005,7.682422711260138,9.323554457759968,10.263810274999578,11.270593835684213,3.656455968304478,3.7971011557361947,4.118603971731573,4.488121199935542
2023-05-10,3.5160103671932457,3.8409441126292907,4.242412282402973,4.559137202277757,2.253444424630645,2.7400525893131955,3.178994882465424,3.2567355721416837,7.706330729454266,9.324988205772405,10.261422773351269,11.26667730900465,3.6641623724145305,3.797685062470447,4.117645928518791,4.48656157968155
2023-05-11,3.445296506550249,3.757436897655933,4.1499051609176085,4.45951035279975,2.1973190759439607,2.683493168602474,3.113128384775601,3.1890280915505613,7.545855564823956,9.132504334072339,10.048813441035808,11.032443267484291,3.5928225086597494,3.719294279748672,4.032331253262706,4.393286036012711
2023-05-12,3.4721899584114393,3.799391845376525,4.195764835482579,4.509047811998831,2.2369236354404927,2.713385299587645,3.1474179063117713,3.2243550961340213,7.623830417364274,9.234233684074336,10.159495996430707,11.154657046318608,3.62026238758512,3.7607244697277076,4.076745325623455,4.441953414121384
2023-05-13,3.4459811983389503,3.7705982135642557,4.163930733425109,4.475040960257018,2.2123931436167843,2.69067957812097,3.121099907306183,3.197597911473736,7.558265798827419,9.156961231090735,10.074544581178493,11.062090561079945,3.591485559810328,3.7292545703604767,4.042656500237213,4.405092037439723
2023-05-14,3.462206492602942,3.8018149457039003,4.198499219630948,4.511737897321184,2.2235874326804406,2.714866274222629,3.149210093586453,3.2260026947372826,7.599404382778609,9.239273759238635,10.165280966836278,11.160356913988707,3.6091073468648065,3.762777085531912,4.079066685961416,4.444223187773062
2023-05-15,3.4759926828254626,3.8300082785558867,4.229634266356886,4.54575980271895,2.242569563190194,2.7384021982438544,3.176511463894554,3.254259809850625,7.630069545149035,9.319371570049228,10.253406589361967,11.258112408904761,3.6252164973210483,3.795397637208714,4.1144292393622415,4.483150906714883
2023-05-16,3.500759932039837,3.8550223897100953,4.257639017358201,4.575628298382042,2.2540413231488587,2.7588951552781955,3.200549385155817,3.2785943454628645,7.6794296886723785,9.389113509817811,10.330998180973166,11.342297739317475,3.6528934065170566,3.823800667544228,4.145564756175258,4.516674780581458
2023-05-17,3.577101334373652,3.9192897934782494,4.32922710806391,4.651777547129441,2.2948324376507796,2.80364589674267,3.2529997532016366,3.3317641726473557,7.828587203721533,9.541409906603535,10.500301819712787,11.526238766211858,3.732582284157886,3.8858247407525126,4.213501966651572,4.589922883953686
2023-05-18,3.5242513604084027,3.8680206364569476,4.27197732316295,4.589779666106723,2.244299437997635,2.767047080570429,3.210027389304774,3.2873742727586865,7.714003970741268,9.416856264647006,10.361592067159167,11.372671899407328,3.6771986152949063,3.8350991532132386,4.157841298490472,4.528770231257525
2023-05-19,3.529531905381455,3.880296354169212,4.286153736136785,4.604999919477724,2.2434636259698806,2.775281079623339,3.2200993714471395,3.297702235223447,7.718716257326028,9.444878334133627,10.394103244669559,11.408401487447982,3.6820633038331256,3.8465113922810557,4.170887200668352,4.54299829447124
2023-05-20,3.5438558226976453,3.900617109046033,4.308695660004056,4.630209361488294,2.2515384691852813,2.789048226005295,3.236168476629803,3.3149612964078288,7.744532615332455,9.491730893876307,10.445972432247766,11.468109212780107,3.69629626217841,3.8655925173556307,4.19170097608375,4.566774815191434
2023-05-21,3.4912948203185867,3.8564931253401085,4.2604484600728805,4.5806860907408105,2.2231548431576362,2.761234892791732,3.2042305417372683,3.2838914498159095,7.641045401899775,9.397076139733539,10.34288052283711,11.360623072798152,3.6433782216465813,3.82704351997703,4.1503328353859095,4.523972205977989
2023-05-22,3.533930139355782,3.8951266418087993,4.303128713971095,4.627428651885874,2.253275103902342,2.789546162166392,3.237083898125909,3.3181732959532493,7.741598164166918,9.493425477712968,10.448927305512637,11.479221125796467,3.6886613953715024,3.8662826518181723,4.192886690982855,4.57119974728531
2023-05-23,3.549300532849577,3.9232220633087294,4.33408525129177,4.6606718466917485,2.2576894933398006,2.8072901962732404,3.257615281538989,3.339375615814363,7.779869847398842,9.5538122416074,10.515200204058479,11.552570555243813,3.7026670008646265,3.8908757028925804,4.219480306400116,4.600408601237931
2023-05-24,3.44723865919386,3.8091029242799817,4.2083652074123465,4.524625679466461,2.192954994449408,2.7248563929887477,3.1622388648808895,3.2410039898030467,7.564457950802423,9.273272281760303,10.207336313073839,11.212253897019474,3.595737187887311,3.7766232886881457,4.095942418404411,4.464889352586456
2023-05-25,3.448473512506777,3.805894184134661,4.204525814579993,4.521029039894599,2.1893447325118665,2.7230883775133905,3.159952128693023,3.2390317084098466,7.558564804937801,9.267255344888497,10.199954996757713,11.205430789178045,3.597574233525818,3.774172837194197,4.092980485371583,4.462172287682954
2023-05-26,3.466733807892802,3.8413481183467164,4.243424761964669,4.561364514221991,2.2039281395162065,2.7505711606100367,3.19164440216145,3.270185403516402,7.6064290835331905,9.360785165899072,10.302253939892841,11.31320700311176,3.61736816003379,3.812263695467618,4.13403042902911,4.505090408738225
2023-05-27,3.5246828414098754,3.8845987697893203,4.2909782834970605,4.6130586473212345,2.2380629232813116,2.7800892421202468,3.2257133364201014,3.30565986204803,7.720951332751023,9.46124154509898,10.412224465417692,11.435930898906802,3.677778019779315,3.853175456672978,4.178158782054427,4.553960923148256
2023-05-28,3.600859980869931,3.987091100212404,4.404030803796781,4.732977131742589,2.2948837053886444,2.852026883411639,3.3090401557957456,3.3899078615158724,7.910218828269403,9.706060808499126,10.681193669076505,11.727386868514175,3.7555299399186413,3.952880296947651,4.286089229011438,4.67002310541775
2023-05-29,3.5772767353368367,3.9667125701079584,4.381521241797734,4.70830734805717,2.2833695571482773,2.8383776237424536,3.2932037172947908,3.3732492201588955,7.85614339146708,9.659609442591371,10.630075502268873,11.669756295685055,3.7313032937540553,3.9339625616597895,4.265576818980402,4.64707373829036
2023-05-30,3.567505976729225,3.986360128019604,4.403899260344763,4.733955257458218,2.2741601271601355,2.8545179628857245,3.3124749268403018,3.394091166597558,7.837990017707093,9.71453848765247,10.692280707313735,11.741859013211348,3.721177310827883,3.956332907800836,4.29053817326266,4.675786132669984
2023-05-31,3.5262293813664995,3.9399598780895335,4.35304765705126,4.6787644713671055,2.240377173872126,2.8242766517964015,3.27767259599794,3.3578191211942796,7.749584923877643,9.611620802665367,10.579942863600518,11.61637586548758,3.6800972375663186,3.914418757743508,4.245459876129675,4.625816842342923
2023-06-01,3.5039718695113633,3.905862510836749,4.315062025987365,4.638273310186337,2.2161418604945413,2.8027863865302476,3.2523885498758376,3.3322690662503596,7.688210901299562,9.538484808514236,10.498328927034947,11.527985445724031,3.6591753837453096,3.884633468326761,4.212710295390994,4.590618438195312
2023-06-02,3.5903748727678577,4.011211320556101,4.431155770323143,4.763222416573549,2.2674704408520765,2.881870919100284,3.343767639324316,3.426120509799254,7.89320242436083,9.807626479864224,10.793289914435944,11.852664531890767,3.7512635217065857,3.9942438273341283,4.331070578917928,4.7199105687649485
2023-06-03,3.583454626336478,4.000091050862024,4.418398420688417,4.749786734919457,2.2583177557752374,2.870651527241394,3.3305553994595867,3.4127051564076085,7.866803924932851,9.769444476654458,10.750642353163443,11.806254114372425,3.742132481416172,3.978693864155068,4.313957205761623,4.7014292374528015
2023-06-04,3.5816100268864104,4.0071157642113775,4.42636562224589,4.75751522892313,2.2608599262404536,2.876684739339287,3.337681130303687,3.4193815989783416,7.866070444717434,9.78997679485711,10.773643376903284,11.829351268670122,3.7404618751210124,3.987055834853093,4.323186927004576,4.710626874185434
2023-06-05,3.3448196309507097,3.784615739955739,4.180586234709812,4.493516901407759,2.1176708066008874,2.7145379432487644,3.1495498782934863,3.226828022989328,7.359277422467358,9.238156378327476,10.16637775203402,11.163212137228,3.4898639484830998,3.762322022136466,4.079506797747441,4.445360180919796
2023-06-06,3.486742227188955,3.9110098575740286,4.3198377783862005,4.642463140884756,2.2030851531399147,2.8068645487277104,3.2563910843347728,3.3356850017582813,7.646172842077399,9.552363671475076,10.511248639008874,11.53980287524006,3.6404534899200507,3.8902857597170946,4.217894644635938,4.595324317646997
2023-06-07,3.3478403251581423,3.766624789497378,4.161269140761554,4.472871585632142,2.1065044131971002,2.7029395098422127,3.136568985412911,3.2135921890023327,7.318355311922464,9.198684415218679,10.12447695170311,11.117422767122964,3.4947580466449306,3.7462467112216635,4.062693080615318,4.427126160095672
2023-06-08,3.3730583731383397,3.7866360971639064,4.1833913291452625,4.496737121271173,2.1277597956993533,2.7184173592567458,3.154547662868436,3.23205656332512,7.374519556667957,9.251358865265427,10.18251001469873,11.181300273478419,3.522148332326862,3.7676988533265243,4.085980261237479,4.452563150786014
2023-06-09,3.3784193028113467,3.753246994346281,4.149386949376524,4.458748298656167,2.1291342979014325,2.6944285039413733,3.1290818251940733,3.2048364241395357,7.334559425065234,9.169719631858634,10.100309276315812,11.087132196974592,3.5293738035742197,3.734450543475731,4.052995211970951,4.415063996200579
2023-06-10,3.082699161856413,3.4611376001595695,3.826525460576643,4.112488710947965,1.9254482985831218,2.4880715721555324,2.889497372891304,2.9599092003895358,6.72428679550049,8.467442616232203,9.326958753305883,10.239806421499695,3.22105835132701,3.448441931656805,3.74266947033408,4.077646036543457
2023-06-11,3.0810052199520976,3.4665291522752435,3.8343034007614523,4.12117968239712,1.916379403049053,2.492533321944336,2.8961621565947953,2.966981871986317,6.713935202725923,8.482626910256329,9.348471893717555,10.26427433018566,3.2193569745605144,3.4546258715532527,3.7513021421362613,4.087389528438612
2023-06-12,3.0814201658804548,3.4715202010270985,3.8398239645190206,4.127014971974198,1.9143782004514713,2.4959056927709513,2.900080632901635,2.9709289083994803,6.714485314577485,8.494103813402761,9.361120275831546,10.277929103380758,3.219470245793543,3.4592999432711826,3.7563776136633953,4.092827065976625
2023-06-13,3.0928173831357033,3.4925460022176837,3.863080528706956,4.150744192797762,1.9344331413666664,2.507909926382978,2.914025073555393,2.9843620497664567,6.735662591658782,8.534956801877534,9.406131295407375,10.32440105840302,3.2290940190191604,3.475937689149712,3.7744393820544433,4.111332902455044
2023-06-14,2.99869941272847,3.3707671565809783,3.729023945992979,4.00425272214129,1.8903056197845662,2.415089916386643,2.8066039053569036,2.872669403447687,6.516801131530012,8.219070347051332,9.059388358584178,9.9380003279824,3.128056915427118,3.3472900979187004,3.6353003295479462,3.9574622781423647
2023-06-15,3.0297858370971364,3.3825410955255264,3.741927290059752,4.018520151332463,1.9150769546740838,2.4335490461126517,2.8284548775144565,2.8948990918722943,6.5871569431787735,8.281890735118044,9.129920734887811,10.014903939163538,3.1680089000449367,3.372874264259186,3.663603164206474,3.988086461102527
2023-06-16,3.0651065960960158,3.4246733259044686,3.788657198157499,4.069184186035054,1.934461191597637,2.4646117807192853,2.864650583484242,2.9322879589800626,6.6685396466237865,8.387603900980492,9.246756230152226,10.144250731778778,3.205297307317705,3.4159268989696265,3.710486253618925,4.039594313354473
2023-06-17,3.0846818826946203,3.454779480090453,3.820802546491899,4.103725490960545,1.937204941840687,2.482704038586537,2.8847747649110866,2.9530577041348907,6.70880756370798,8.449175745216593,9.311714728427104,10.216103668950408,3.223226431545851,3.441002584639604,3.7365524338993907,4.068207241413029
2023-06-18,3.0735115816203677,3.436803125610702,3.800289074650355,4.083890497571998,1.9163605742025198,2.4683703768058347,2.867590403379313,2.9372512314747254,6.6691968045808725,8.400395211743662,9.256245624107285,10.161421173884168,3.2108891859321123,3.4211362749755545,3.714294104172031,4.046431843510292
2023-06-19,3.088962192406226,3.452497937521929,3.8176438139400344,4.103179613963711,1.919088110742306,2.481090410968447,2.88236770270121,2.9528432526068924,6.704620818312902,8.443684223423949,9.303945013819025,10.215361773849974,3.2280121366222914,3.438766113147958,3.7334346465877912,4.0679118075453085
2023-06-20,3.150606648032638,3.546135482161177,3.9212864791063553,4.214359976575932,1.9653201867861032,2.547192426383687,2.9592541108114285,3.031478464530005,6.845935661793202,8.668643597024658,9.552125324990682,10.487400303917148,3.2906682205536275,3.5303828352213733,3.833023043870126,4.17624167124141
2023-06-21,3.29936416869822,3.77082341427319,4.170096744092528,4.48505723623909,2.0644870940628146,2.715297760549119,3.1548325078621478,3.234198234873254,7.181548704383234,9.240742199998188,10.183429460943035,11.188709386591901,3.4479178816143286,3.763375121198514,4.086349211447209,4.455513571866052
2023-06-22,3.291414442899098,3.7603053556424766,4.157985690782767,4.469815115712169,2.0607842296674743,2.706973932828606,3.144793899835487,3.222195944540059,7.166166395417623,9.21241442423819,10.151026011165339,11.14718746098338,3.4392077709203193,3.7518383805096454,4.0733465376470805,4.438978912086572
2023-06-23,3.428861549738982,4.023936628484547,4.466242685408898,4.8081517003193035,2.1681776019035714,2.9002765326074456,3.3830307699592055,3.4716098140162024,7.435937664490359,9.870264740729612,10.920026696892627,12.010034788170575,3.5806992979284913,4.019753820738772,4.381926801081543,4.782577788766478
2023-06-24,3.392110302034736,4.0590670471982415,4.537390607234937,4.893021435909943,2.159532165971738,2.932694612140754,3.4469349790457295,3.5433807335051135,7.35722093129952,9.980590436842498,11.12630199165652,12.25832629730294,3.54351504132135,4.06468494975352,4.464699789428184,4.881451228990429
2023-06-25,3.389774241205424,4.038086328084294,4.488121114870284,4.835617218752086,2.1624049081101804,2.9061824713536426,3.395598147451671,3.487683275433273,7.360504027622353,9.89036392034649,10.96059271803151,12.065640930890288,3.535093469845409,4.027939391863858,4.398204905538219,4.804720997156866
2023-06-26,3.3274111410517393,4.0351244903504835,4.484829187607739,4.877812850925438,2.1257605992107487,2.9124050210996266,3.402868605724048,3.53036673950384,7.217580275500202,9.911540595282382,10.984060904941899,12.213304382669186,3.4723296332077282,4.036563782619338,4.4076220873867475,4.863522820560903
2023-06-27,3.376847758248543,4.125555834226862,4.586249264392676,4.990538800596167,2.161270681234365,2.9799673814252623,3.4824679992374086,3.614653196875004,7.335489292760839,10.141469836658226,11.24099841492288,12.504893397400153,3.524093375521747,4.130204527908182,4.510724524078518,4.97963798341407
2023-06-28,3.2385376122901515,3.963291817434876,4.408338208988278,4.806440195348868,2.0633028811147343,2.8634215029774626,3.3482766888248614,3.4827378421824458,7.028283297252415,9.744839149278052,10.807844597580067,12.048532203652217,3.3798818724730366,3.9686731239490167,4.3369110001843545,4.797908042796113
2023-06-29,3.296514607329102,4.071556574393625,4.5351499825594015,4.976092003899957,2.0927531934513723,2.9432479631140334,3.446805931912943,3.609634057471709,7.152118467167202,10.016505759687403,11.125885442641447,12.487529683714106,3.4398929446132764,4.079311787029033,4.46453263898581,4.972723489587025
2023-06-30,3.493892738776161,4.406624603790593,4.9217520373955015,5.445889190227205,2.2094073982546862,3.197530484675683,3.7548699868985964,3.9668005512073434,7.55915590940055,10.88188386364956,12.120280094522458,13.723147234285376,3.649401474921483,4.431744779573913,4.863557723527909,5.464765116193533
2023-07-01,3.544766511409518,4.419888755029564,4.922494957070464,5.462281577676707,2.253683075177696,3.198022887380704,3.7449032367469317,3.967411417415204,7.6583675947488254,10.883559615945234,12.08810859354059,13.725260526043483,3.6993189632540076,4.432427244722528,4.8506481248340165,5.465606660985181
2023-07-02,3.544740024287747,4.456342017046464,4.967482334941873,5.506746131273267,2.2544998162554366,3.2185270692925547,3.772991488602166,3.99213336766237,7.651641964781372,10.953339756385876,12.178774177445964,13.810786117456765,3.6945200493632524,4.460845832624278,4.887029899629835,5.499664247085361
2023-07-03,3.5493030680773074,4.438387390269053,4.9474683209801755,5.48444753453793,2.2735374558226282,3.2087737470090767,3.761557934939607,3.9801744623939785,7.684303679543393,10.920147103217374,12.141868006699841,13.769414282487887,3.702087368639538,4.447327826988222,4.872220399323051,5.483189355672261
2023-07-04,3.5354807255590757,4.370120082114917,4.872424080039181,5.4021877286779185,2.2588468901545085,3.1588128509104463,3.7038714305379594,3.9198357954214256,7.648410560495912,10.750119429775411,11.955662733691343,13.56067265303217,3.6892682365975222,4.378082532368179,4.7975009962532,5.4000652766638355
2023-07-05,3.463175785966912,4.293231967925755,4.786263883420825,5.305783326474596,2.2040578648384264,3.105600974946783,3.6410900481067014,3.852860883251943,7.491345335808953,10.569027972734233,11.753011791729786,13.328972932100802,3.6147193687937764,4.304331412670186,4.716182367783322,5.307798937845132
2023-07-06,3.3662252447389496,4.177528664868415,4.658119490280066,5.16249859756433,2.1398539806944457,3.024217589735469,3.5463238209255588,3.7517686942850217,7.286544354749524,10.292062811481047,11.447117520837788,12.979244485832684,3.5146936666450133,4.191534867247766,4.59343483784364,5.168531772618503
2023-07-07,3.405198447407585,4.238653838944377,4.7259068193805005,5.237771740382996,2.1631288186215936,3.067625894494138,3.5969475385183123,3.805381407345538,7.371821645587124,10.439790607467847,11.610524946072493,13.164717676496386,3.5544222310794287,4.25169833681478,4.659006048977716,5.242390006813926
2023-07-08,3.4175985692672253,4.25163982224707,4.741032355569677,5.254705521215349,2.173071123280847,3.077252116770117,3.6087640307641147,3.818036136388535,7.407567468057842,10.472550711978156,11.648667197669377,13.208496713941104,3.5675894477736048,4.265040183131193,4.674311556845526,5.259823482718835
2023-07-09,3.3846540389677338,4.195297698089958,4.678242608476121,5.185270820124023,2.1554314979807425,3.0353330568800563,3.559670391503621,3.7661425417147263,7.335595373033459,10.329891136539182,11.490198685903914,13.028970813651448,3.5331248112165436,4.2069407918282,4.610722205087788,5.188333549643928
2023-07-10,3.400823049152942,4.243077784487228,4.731522936144439,5.242700777903553,2.1624068520068196,3.0700123857097457,3.6003403864329915,3.8078850573248957,7.3725622580970835,10.447912350286035,11.621476661361575,13.173379054059064,3.549013817196464,4.25500598940385,4.663400691598571,5.24583909856778
2023-07-11,3.4054266406253353,4.25015730633044,4.739380252311586,5.252402818186335,2.1681382408726755,3.07145358833427,3.602001551767013,3.810274229261362,7.384420242313098,10.452817072745828,11.626838708303787,13.181644394811366,3.5516441587814174,4.257003481605458,4.6655523435914565,5.24913048246431
2023-07-12,3.3922145671888844,4.236271902471282,4.724087110706264,5.234695057225244,2.168871007390908,3.063910129061996,3.5933540223587914,3.8006325240480625,7.356107964702208,10.427145058632293,11.598925497215529,13.148288913857979,3.5392221838995455,4.246548323660898,4.654351487479384,5.235847824657322
2023-07-13,3.7935387853714,4.98991237445738,5.553893924995452,6.158512827359197,2.3970098910550957,3.6370341686004775,4.256832935451024,4.507004969999839,8.278675894478766,12.377609414676117,13.740557642015636,15.591984520154124,3.964572026960415,5.040892422159962,5.513733570860898,6.2089644338356385
2023-07-14,3.6297005503194146,4.722912934060934,5.224211082783337,5.796166232078861,2.322903828445683,3.4302701066935346,3.98908960365257,4.2255528560499,7.9043610052713555,11.673946847694832,12.876313557357383,14.618300880335049,3.7887507986455913,4.754319532127755,5.166934572803703,5.82122885844241
2023-07-15,3.7014179933480205,4.700320621138095,5.1931242467661685,5.765628519750894,2.3524467719622133,3.4135652091780604,3.964617267095887,4.202744764933405,8.029379878945576,11.617096489085665,12.797319724103675,14.539396284935265,3.867643380655563,4.731166713816148,5.1352363723631225,5.789807853254123
2023-07-16,3.630699681010531,4.648520208338164,5.148214594337953,5.715310621122081,2.286576594174638,3.379654350783565,3.93528836320103,4.171461542857292,7.87280959837852,11.501690545488229,12.702649460869178,14.431171972426618,3.794407462882049,4.684166608459555,5.097247622404231,5.746711292558214
2023-07-17,3.6339511001053157,4.657460885630314,5.158116353017232,5.725273099942427,2.3587413990535184,3.386928915275095,3.9437589066411416,4.17959884854326,7.894168013317318,11.526447452837461,12.729991382002318,14.459322982939343,3.798053776462663,4.694249080968737,5.108219234501155,5.757921451394897
2023-07-18,3.598729189772686,4.639083173785507,5.1357500458676055,5.716747859627809,2.3086227118251954,3.379574882704901,3.933497946421667,4.181502846206544,7.8125642204108,11.501420098527042,12.696870205414921,14.465909863204605,3.763531266269162,4.684056466509557,5.094928555329741,5.7605444468990346
2023-07-19,3.678385407938223,4.7616634767493595,5.272727239304341,5.893442427572282,2.3326003654038105,3.4759362229252626,4.046520975050123,4.3206660229616975,7.992425894675591,11.82935846166354,13.06169529094061,14.947344898707104,3.8498705814553564,4.8176123054674616,5.241323510611927,5.952259171139145
2023-07-20,3.691968204702382,4.8527758840133925,5.377116284536576,6.0038279727152295,2.512229029218977,3.5391969056303814,4.123262864963439,4.397719549068262,8.062859052261864,12.044648169027225,13.309409114316066,15.213911586401903,3.859895394093221,4.9052909692595055,5.340724718299099,6.058410064311403
2023-07-21,3.753350911990671,4.852950331947069,5.370096265615922,5.982853840349261,2.5149893007903623,3.5309262094185967,4.107982394759373,4.37130263105463,8.153965042341232,12.016501211217284,13.260085547988739,15.122522253689727,3.922474989574354,4.8938278683021625,5.320932435439924,6.02201744759809
2023-07-22,3.6589460235000195,4.764489800239477,5.270502878170335,5.865534682697212,2.449550157485668,3.47131743331192,4.037159123517343,4.290725032705288,7.97029886224278,11.81363972734532,13.031476331781828,14.843764037424842,3.825173224914698,4.811210709969003,5.229197416902253,5.911011703063717
2023-07-23,3.7144082966352334,4.8281402038818575,5.3382870803241245,5.936052386491417,2.4738141760465275,3.5166035754781553,4.087668748514848,4.3405383253978975,8.086480957190522,11.967758207856281,13.194515479495358,15.016093132629079,3.8828805838483813,4.873976843112722,5.294620847707116,5.979635759331546
2023-07-24,3.7055330140329534,4.673956431456171,5.167812072230135,5.739277223974681,2.438683763759003,3.404880863757311,3.957803261149377,4.196876303921146,8.03370478718419,11.587541794062954,12.775324911786447,14.519094342987266,3.878907670047266,4.719130299255951,5.126410417971907,5.781723312422904
2023-07-25,3.889548974272908,4.704989895727603,5.205246139953504,5.78023757594963,2.4946153383451057,3.431861099332656,3.9917620619536995,4.2321474611289345,8.369973739929442,11.679361337786425,12.884939939432835,14.641114917815207,4.080876580906991,4.756524631768418,5.170396118811052,5.830313753769454
2023-07-26,3.8216594491570626,4.768877518018219,5.269709687060263,5.861922151327192,2.5055394265170947,3.4789975818450736,4.041384359298313,4.2927749555038455,8.268716123807229,11.839776924408456,13.04511489751365,14.850855745722342,4.004890825054856,4.821855317841008,5.234670223733906,5.913835728737768
2023-07-27,3.814150320596416,4.788481347183605,5.291107575075433,5.889415181656332,2.5295350826523317,3.4948646141788853,4.059561540861809,4.314928092138756,8.264110491618272,11.893775847622733,13.10378870849706,14.927494525972987,3.996836878982335,4.8438468635196825,5.258214520099312,5.944354452009569
2023-07-28,3.8226837715983275,4.801697373299455,5.305258703926541,5.903199411509654,2.512071372973823,3.5064013208620683,4.072532589231594,4.32704616013377,8.28553530959096,11.933037741417662,13.145657731901316,14.969416984423804,4.006669752662968,4.8598366218227556,5.275015485965304,5.961048610034394
2023-07-29,3.895102297198059,4.831534625060273,5.338803227570916,5.935061646030108,2.5468332263450932,3.5280119551522007,4.098121566388352,4.349901315093288,8.421805154277695,12.006583377242576,13.228255950096461,15.048484397197157,4.084564412879482,4.889788741484341,5.308160033691903,5.992534451567304
2023-07-30,3.829647891100621,4.795381029923983,5.29715327662622,5.877104684682961,2.480478227977748,3.503247423730898,4.067878742587552,4.308454827545869,8.284115270196224,11.922304351239278,13.130635660554091,14.905100265926908,4.015230860969262,4.855465352428025,5.268987513793506,5.935436718415847
2023-07-31,3.7937711257978433,4.722195077749803,5.216309397079779,5.78572137514723,2.467655134288397,3.449690455277822,4.005689799833495,4.2412550175931525,8.2026970211354,11.740038470244988,12.92989704441256,14.672622511073202,3.9785270495950766,4.781235938044257,5.188436252656672,5.842860554703086
2023-08-01,3.8181553139356557,4.764894328770822,5.263420916595475,5.83803729290741,2.4879509728132785,3.4782139988254515,4.038762996228111,4.276323561788425,8.256967993987258,11.837110222884288,13.036653444853203,14.79394214614719,4.002316992463587,4.8207692797334065,5.231274859673169,5.891171871221304
2023-08-02,3.665262155706079,4.5830232429345745,5.0631216778587085,5.615357823197946,2.3949536699652283,3.341931551347014,3.880980965081683,4.1088517655631644,7.939902315104315,11.373311746772279,12.527351546771527,14.214573436396961,3.8399285761609248,4.6318831915304415,5.026905062877631,5.660458474330319
2023-08-03,3.6259633120032237,4.502460865675238,4.975133186375187,5.517486558828808,2.35711245132574,3.282561970438389,3.8128679359170037,4.0365110722746005,7.8513553622986025,11.171264295597867,12.307490674239913,13.964310794700218,3.799518538622711,4.54959755531266,4.938680530411095,5.560800099259185
2023-08-04,3.6076058109552083,4.474738239563432,4.944687553370019,5.483651214867622,2.3519130579552385,3.2599627480562337,3.7867073112806535,4.008759942906275,7.815709119938779,11.09435428190136,12.223047245000938,13.868305757561833,3.779204315636587,4.518275262595033,4.90479554679079,5.522569439121549
2023-08-05,3.6668964490340703,4.50099789484922,4.9732893812392485,5.515419410031859,2.38840915444308,3.28196105195054,3.8120226869676617,4.035598271972761,7.935508669448589,11.169219240757066,12.304762309728927,13.961152961888626,3.8444803242571024,4.548764688391066,4.9375857076688385,5.5595426023966255
2023-08-06,3.6241055240659747,4.469013851033843,4.938139246730983,5.47658504064915,2.356339212133396,3.254780762549131,3.7805108885130414,4.002357011845205,7.84527091155792,11.076718870842212,12.20304591877937,13.846154816381967,3.796891630623788,4.5110930833073,4.896769527270856,5.513748598786311
2023-08-07,3.6082879629138995,4.50265392749657,4.975310619964743,5.515754534679533,2.3731766555181433,3.2837342796506683,3.8141411372605427,4.036519069045358,7.82401547487532,11.175253915950648,12.311600418905979,13.964338459530119,3.780814910994192,4.551222363975614,4.940329665600752,5.560811115813537
2023-08-08,3.676228103394509,4.578451788220041,5.058644811979804,5.607845653693845,2.418712823684139,3.3380192258191843,3.8768621704863677,4.102615010018988,7.969574859060474,11.359997261661135,12.514056560707775,14.19299737944826,3.851796197909798,4.626460748080081,5.021570125759819,5.651866561604666
2023-08-09,3.6827639435844666,4.58524497328512,5.066350857833209,5.616281181176586,2.4505234221054812,3.343799910359426,3.8837311728758923,4.109836312356679,7.996118979339398,11.379670174279411,12.536228895095244,14.217979476209655,3.8591236613512994,4.634472718147718,5.030467315207408,5.661814810980725
2023-08-10,3.679652480271149,4.542261145590579,5.018179520487446,5.5642749413528,2.4419577159484485,3.312914995020961,3.847285036696691,4.072401989561352,7.981711710689332,11.274562165626316,12.418585040475422,14.088475429634972,3.8574549324396354,4.591666539137134,4.983259851906258,5.610244337819939
2023-08-11,3.671815753643545,4.52711461076893,5.000934530800913,5.5452538370755775,2.424040704732915,3.30058096955985,3.8325600065189365,4.056836866444385,7.957133758930308,11.23258682456785,12.37105436943291,14.034627883357684,3.848758752890923,4.57457170510494,4.964187011967703,5.58880142917333
2023-08-12,3.697247969218826,4.526683845607056,5.000344735293492,5.545274716970784,2.4298335923338925,3.2983756520985144,3.82993140815543,4.054508915319483,7.998446045244335,11.2250816549966,12.362569562093944,14.026574336014212,3.8755292207610847,4.5715151574994,4.960782276273128,5.5855943846205856
2023-08-13,3.638191901699847,4.489539051567146,4.959118657450739,5.499459843892336,2.397007006562636,3.271748791594594,3.7988480990775035,4.021545405968516,7.882424502297434,11.134464722633984,12.262236284616003,13.912537069370098,3.812630495822971,4.534610599247265,4.920521103858042,5.540183017529379
2023-08-14,3.642085332722277,4.500217655988871,4.970914181627064,5.512566173817021,2.404244278774855,3.280119012458686,3.808566815166008,4.0318755889367885,7.893405048149693,11.162950384238359,12.29360716072165,13.94827433924306,3.816815200415643,4.546211640361993,4.9331094323114755,5.554414139765089
2023-08-15,3.5026369336789207,4.3621593351122305,4.818564609257477,5.344649096322565,2.3061867302069805,3.180853197995973,3.6934296349833105,3.9108632274168693,7.608698515222736,10.82512747065216,11.921957841843255,13.529632052375128,3.6702010721600113,4.408630229600274,4.783976087110006,5.387704439258221
2023-08-16,3.3644188928042573,4.202068835691731,4.641677154920445,5.150902682415637,2.2183376657546128,3.0623053691706996,3.5557546302657204,3.766980574328148,7.331336879057752,10.421683715620915,11.477559067714154,13.031869987631248,3.524009375742415,4.244324142748529,4.605650250298799,5.189488044641329
2023-08-17,3.0874013916078904,3.849128012497738,4.2541015610089605,4.725998561954914,2.0427716235598217,2.7953189449574904,3.247662650114979,3.4443982690209842,6.742025535310102,9.513071498979643,10.483074276674198,11.9158964432699,3.2289569541053673,3.8742836701417436,4.206588995222749,4.74509047375581
2023-08-18,3.1424588482582214,3.8807597856638956,4.288051921026617,4.762866451397318,2.054944452498963,2.8161501437235086,3.2709190529163363,3.468307207012622,6.844983490522638,9.583964548099518,10.558143218322511,11.998609418636102,3.2867045862549613,3.903155500082383,4.236712237268592,4.778028033538635
2023-08-19,3.173919184439795,3.9262181515579058,4.338173995878694,4.817457539404327,2.0664265194613094,2.851809456915176,3.3124051371124414,3.5115281175949282,6.917065009880925,9.705320859374401,10.692055434254401,12.148132166720915,3.320844118613728,3.9525789460316068,4.2904477769583576,4.837570256897563
2023-08-20,3.1994149074996296,3.98271769021561,4.400519185161262,4.885224935644304,2.0809679846420304,2.896441553453896,3.364339791451604,3.565541147432775,6.978674512464276,9.857213481963363,10.859694409611514,12.334990253349197,3.348582732951272,4.014438578577681,4.357717000689488,4.911979977645421
2023-08-21,3.1503694217637235,3.9371781641475168,4.350202398049257,4.827249208331817,2.057947387100355,2.8653412909171103,3.328215516597057,3.525694248208994,6.86968398358037,9.751372600484281,10.743089485612463,12.197139898177888,3.2977848045317777,3.971333930537161,4.310926433615608,4.85708587796594
2023-08-22,3.130945596481653,3.888305999338616,4.296026105800159,4.768869045408137,2.0426812312971308,2.8272997188882165,3.2839050676643238,3.47998326615035,6.812822230078165,9.621908950085004,10.600060551440938,12.039002747364087,3.277000297990384,3.9186086980323225,4.253532588584562,4.794113268943539
2023-08-23,3.2064839114164454,4.004857938721728,4.424273454283169,4.91162394525225,2.1012344484619008,2.9158349329338034,3.386308688599221,3.589058367345714,6.992171193019419,9.923213322851648,10.930607433957478,12.41634807995031,3.3572936263119,4.041317605589394,4.386172579650275,4.944377896661281
2023-08-24,3.1665967605401817,3.9456964685515192,4.359113413344807,4.839019123718101,2.052539042718796,2.872773384988043,3.336463393057993,3.53601656579244,6.899134278872323,9.776665614868726,10.769712663842432,12.232849957750599,3.315865272584065,3.9816347374436187,4.321609632608983,4.871306164647891
2023-08-25,3.167426996621013,3.9424015653609343,4.355178340899082,4.834814223621216,2.0434700577506852,2.8663249805235735,3.328792104396923,3.527757892188247,6.885278880539368,9.754720307756099,10.744950643430935,12.204279074902518,3.31473759184976,3.9726973143419615,4.311673268541215,4.859928806286758
2023-08-26,3.1565049396434346,3.925817665402732,4.337005166531914,4.815291085876291,2.0389529190516296,2.8521269033478944,3.312418002774689,3.510787766369008,6.860925798485999,9.706401197851337,10.692096963103758,12.145570921519086,3.3022588173150735,3.953018923563559,4.290464441421098,4.836550330258724
2023-08-27,3.172569180828637,3.9523186138032975,4.366660895589367,4.84649750942582,2.047714828656314,2.873823697445346,3.337967092226134,3.53665271615191,6.898622997739097,9.780240054029102,10.77456642846261,12.235050720035836,3.3201610767205936,3.983090459843103,4.323557323934805,4.872182541528504
2023-08-28,3.1761062386848247,3.941959916577229,4.355216241823765,4.834036919918749,2.042226085283174,2.8589993690569013,3.3207485271593313,3.5181123060976147,6.900693960267166,9.729789676572882,10.71898691914176,12.170910168053288,3.3204580640424113,3.962544091243636,4.301254691510537,4.84664080208466
2023-08-29,3.3169510113115552,4.137645666442873,4.569398092410002,5.0671900230001645,2.127651922134004,3.0100552266335927,3.4948421986342666,3.699518487092808,7.196518012248426,10.243865244249688,11.280940879817463,12.798484884470216,3.472011377489528,4.171905975812959,4.526752411397934,5.096550561087465
2023-08-30,3.260476244098146,4.029351960452251,4.449543569284085,4.9344674823278,2.0765760166237737,2.9321072043903573,3.4041165204822583,3.6036860687983046,7.0693083405343105,9.978591361946703,10.988089027475143,12.466952615807799,3.4146825218125327,4.0638708085768265,4.4092384697067155,4.964529389431412
2023-08-31,3.155680924551569,3.8901990949521803,4.294619688734094,4.7663203177994795,2.0275985091132704,2.8373236960732298,3.2929502498496626,3.4893625232560894,6.853881125616277,9.656022700087377,10.629257339072682,12.071450289041247,3.3087261351330657,3.9325018286132982,4.265248511061696,4.8070343715766555
2023-09-01,3.140441752932985,3.8515951583834607,4.251420744749868,4.719022294556072,2.029831294281422,2.80984754758806,3.2605478339457252,3.455572144336597,6.825589091065352,9.56251545808642,10.524666139413247,11.954552466973194,3.29378235154336,3.894420165844007,4.223278743618237,4.760483887982011
2023-09-02,3.140547979562303,3.8641589960617906,4.264799261039025,4.734645667940636,2.0341246155655686,2.8170569477980614,3.2685945519192297,3.464628993792968,6.829627542487628,9.587050597372125,10.550640001629727,11.985884639328244,3.292455057766733,3.9044123213207587,4.233701388739277,4.772960833654697
2023-09-03,3.138011024871484,3.8831123872571394,4.284960410235723,4.757553381152168,2.0394617125428827,2.8321448158713123,3.2854232842928486,3.4829417042136654,6.829290794639653,9.638397857049567,10.604961176721195,12.049237464386609,3.289694929614399,3.925323953247017,4.2554990838921,4.798188888304312
2023-09-04,3.1407518202138585,3.891110526311293,4.293786245232174,4.768264502811282,2.0376661103324434,2.839020573330297,3.2933994914155584,3.4921257106600816,6.836363259937424,9.661797538304171,10.630707438178044,12.081009536372036,3.2929505493964064,3.9348536832591336,4.265830398662376,4.810841008673711
2023-09-05,3.158978327662215,3.8921418163937243,4.294693568730796,4.769390890224753,2.0609433302031697,2.8396248404848716,3.2939082693032686,3.4927601078907253,6.877967845265705,9.663853989377964,10.632349713550152,12.083204233707777,3.312722130320772,3.935691191398802,4.266489401672858,4.81171497039956
2023-09-06,3.1567854964021618,3.9103670132604202,4.315035303060563,4.792401613893489,2.079369461702419,2.853362475228688,3.310035435769388,3.510196642130375,6.8818705365609505,9.71060611466962,10.684406316144216,12.143525927107145,3.309933035881465,3.954731413642618,4.287378381930121,4.835735982504933
2023-09-07,3.167810443429946,3.9377185199162925,4.345301636421093,4.826332489201735,2.096544943594301,2.874080842188068,3.3341352926007657,3.5360060862338996,6.910534894135462,9.781115172887187,10.762197828514381,12.232813703715909,3.3214163575526743,3.9834468598451087,4.318594121819154,4.871291727742076
2023-09-08,3.159089086270371,3.913761385507683,4.318970328669148,4.797091562968931,2.0795070459956686,2.857250744653541,3.314692801428447,3.5153903266954605,6.884666250499633,9.723838731689101,10.699439746459344,12.161493479812412,3.31305700553671,3.960120515578551,4.293410912164575,4.842890934176792
2023-09-09,3.15558997406091,3.918724202524588,4.32496371508857,4.80416337423528,2.064203507244636,2.8618268264474556,3.320420954867835,3.521796224340227,6.875176491396739,9.739412122113553,10.717929554189578,12.183654683889117,3.3095596230431283,3.966462918472996,4.300830398058599,4.85171586135302
2023-09-10,3.0857540386367948,3.860028885152987,4.261354636130211,4.733932859557744,2.0183498834426143,2.8204495100977773,3.2733655736575553,3.4722266355094575,6.733179341203671,9.598596216443664,10.566040300443621,12.012168682239603,3.2361255232769333,3.909114378215353,4.239881133898368,4.7834275377104305
2023-09-11,3.0140443065288443,3.738788156348818,4.1275085543652095,4.585047043099127,1.9669161144966274,2.733986904857581,3.1730185494017693,3.365567095967351,6.568274036915188,9.304345377153284,10.242131870890635,11.643179985635756,3.163063695714076,3.78927808541439,4.109904983843868,4.6364906490328375
2023-09-12,3.057287419865387,3.807934848868946,4.204164488595048,4.664245029832464,2.004926260733242,2.7891590323811086,3.2372687022723885,3.4288320898512397,6.670931532238803,9.49210799180194,10.44952383163093,11.862045243577834,3.2102440175252283,3.8657460938672257,4.193126061623408,4.7236461102640925
2023-09-13,3.0804839154788137,3.8442415656619437,4.244543422105789,4.708018775114389,2.0228768109619635,2.8171561051973564,3.269963179354685,3.4626073183862784,6.72425837084164,9.58738805132558,10.555057770532683,11.97889065288809,3.2350496366839057,3.9045497524691988,4.235474126159631,4.770175722304599
2023-09-14,3.1224234647491587,3.9014065603781183,4.308999818497014,4.777991989608683,2.0572480280617946,2.859282539707643,3.3199730674039625,3.514340549403239,6.815502000806371,9.730753367192793,10.716483825966789,12.157861775077476,3.2790508668647673,3.9629365628898543,4.300250264381058,4.841444734335825
2023-09-15,3.157120049577357,3.974537254218898,4.3910321057701545,4.866759105052101,2.0939999490860073,2.912420780447454,3.3827492563605834,3.5790494451951953,6.885146352893133,9.911594227732055,10.919118004001103,12.381722211935278,3.314292562494461,4.036585624915383,4.381562165916643,4.9305893514816646
2023-09-16,3.141982427329577,3.9570398853531956,4.371264447662104,4.844599163809259,2.0774730386932614,2.8956434342689525,3.3630558277514657,3.558108498864847,6.8484168676237855,9.854497310742627,10.855549925320132,12.309277004265542,3.296410502177633,4.013332393492566,4.356053925378672,4.9017405723386505
2023-09-17,3.1065228101697318,3.8942922544725715,4.3020838419840315,4.767806983048338,2.0489644872229547,2.8525340156717798,3.313040015827832,3.505027119097706,6.77387384181624,9.707786688638434,10.694104748314121,12.125641961227702,3.2612071570414427,3.9535831771100787,4.291270114160582,4.828614316373348
2023-09-18,3.143900222668325,3.977502737779262,4.394007727590269,4.870521088413441,2.113969489970142,2.916884647114395,3.3877792532363524,3.584558989496455,6.8695748577000355,9.926785725947715,10.935354244196265,12.40078248145576,3.3009278382208396,4.042772498783433,4.388077352924403,4.938179439542554
2023-09-19,3.178432126725835,4.033388980887837,4.456403834743614,4.940018719383814,2.164354774783637,2.9584962520862494,3.4366508979278034,3.6364963664924357,6.950121541092569,10.068398966182299,11.093106183519634,12.580459846697,3.3370943798986197,4.100445760692119,4.451379162528986,5.009729688255675
2023-09-20,3.163238427948962,4.001088949003106,4.420857382718012,4.9008613521478015,2.16423181212246,2.9337076066541945,3.4079956837263974,3.606437654257304,6.912525766370467,9.98403787501473,11.000610511631818,12.47647172620776,3.321031610534065,4.066088949861788,4.414263020336349,4.968320043394591
2023-09-21,3.094992468747076,3.9085869293559994,4.318177758636641,4.787132131305178,2.1088474756471878,2.867828970580339,3.331041499197856,3.5249648749247,6.759870993917534,9.759838709350156,10.752211426127962,12.194616631167131,3.250528828653445,3.9747818292870263,4.3145868345223315,4.856081074818105
2023-09-22,3.104326651924407,3.9264457542418256,4.339037855967212,4.81093334061057,2.1442763769435813,2.8817714327373656,3.348165422841591,3.543570561700637,6.790083296384356,9.807287906376805,10.807485444030966,12.258983007980168,3.260541576462358,3.9941059402454484,4.336766881071261,4.881712741130397
2023-09-23,3.107593784897054,3.944445877839772,4.360328610343495,4.835346514127949,2.176426459675105,2.89532711832275,3.3650808884493246,3.562091791896758,6.807902760156984,9.853420819554414,10.862086583833502,12.323057207239847,3.2636938890743323,4.012893982803443,4.358676918886316,4.907228057914839
2023-09-24,3.071865000175596,3.890720321826251,4.299978663077513,4.7684292194343785,2.137549800424698,2.8550699836919295,3.3175103054168367,3.5117950841580146,6.72690712684517,9.716417133167253,10.708534319008024,12.149055737594866,3.226044419879151,3.9570980030322485,4.297060331007735,4.837938036810448
2023-09-25,3.094029858690239,3.950323434725629,4.365851327396912,4.845999526032101,2.2055492701943353,2.897975505664133,3.367365304458931,3.568253722730554,6.7916579319040515,9.862433851209001,10.869460410886221,12.344374408089262,3.2479070876856917,4.016564620763179,4.361635846669711,4.9157168902204305
2023-09-26,3.0803787438838857,3.9330953020044226,4.346669757793542,4.824021281610193,2.186162745776259,2.887430011220694,3.355001245704938,3.554416981325912,6.76472334096322,9.826545265824675,10.82955067879792,12.296506198662689,3.234582756798097,4.001948672558239,4.3456210941864155,4.896655044086809
2023-09-27,3.08915947104269,3.9745154457614875,4.393827197159044,4.879272724938441,2.2234691053573967,2.9221309300108977,3.3964582685340634,3.600279696349058,6.793778570964469,9.944639954850052,10.963369088044372,12.45516826969501,3.244894441477634,4.050043793599908,4.399318991657855,4.95983668429207
2023-09-28,3.1534545681135535,4.071168122341846,4.501533956330047,4.998623209596498,2.2726477481007406,2.994064501668839,3.4807663009896066,3.689361670596424,6.94016071642029,10.189445368412397,11.235505532487094,12.76334737593854,3.3124034653698327,4.149742993403947,4.5085203711557575,5.082558272903449
2023-09-29,3.183554824717938,4.095036553172945,4.527223882193229,5.029098044025886,2.301851194202848,3.013040117212866,3.502191774027744,3.713506851152211,7.00842604514514,10.25402346878735,11.304664447519023,12.846877632498735,3.3451585705377793,4.1760430038430885,4.5362720710118,5.11582128643845
2023-09-30,3.191046048118396,4.118395696319203,4.553585541544487,5.059800473154836,2.3311434571877503,3.029884765822315,3.522235974679076,3.7359202393180024,7.036583094090382,10.311349430422585,11.36936477722754,12.924416752968185,3.3524419335762636,4.199389515751717,4.562234654864204,5.146698538824341
2023-10-01,3.2645187241378526,4.220431978048194,4.664837458855859,5.185160750466881,2.3461364808834526,3.1013515912227962,3.6041268298419067,3.8240405409430718,7.198112918632179,10.554566406097685,11.633698856760686,13.22926895259854,3.427722880093235,4.29844180998291,4.66830514532144,5.2680953028241255
2023-10-02,3.18830850077536,4.107769734955625,4.5403120419055325,5.0476061710342925,2.2436753198631942,3.0201176684497093,3.509723679490175,3.724597080738236,7.005347097448915,10.278109897663468,11.328976555306683,12.885244283785179,3.3488867524494363,4.185852417982022,4.546027896676205,5.131099468184654
2023-10-03,3.1773365308954,4.099025453156936,4.52976350337344,5.0354125807579875,2.23416804947554,3.0164009162163814,3.5046402534804413,3.7188714834961925,6.992257298105001,10.26546099053127,11.312567852131146,12.86543657907644,3.3384694900735634,4.180701037131718,4.5394435046951545,5.123211740109147
2023-10-04,3.170699945089257,4.092646035328775,4.521406276079003,5.0256632100363845,2.264449513625265,3.0130922269123808,3.4996671642738018,3.7132463942685168,6.983327660006503,10.254200809300915,11.296515303220044,12.845976581861834,3.3320737809948286,4.176115227357421,4.533002028291142,5.1154624744251125
2023-10-05,3.1371275360501443,4.047575922167019,4.471470304260724,4.970585847791378,2.2241724801466956,2.978557569906283,3.4594683727794098,3.6709160586008247,6.902743436226076,10.136671944881208,11.166758317206323,12.699534777857432,3.2962197867069043,4.1282505434600685,4.480933875856782,5.057147129671225
2023-10-06,3.167768102410889,4.092569869695666,4.520684350360674,5.0253068737819335,2.2589600833987697,3.0113521275584305,3.4971491882494115,3.7109051358552447,6.980929415374331,10.248278876993577,11.288387571822314,12.837876997951808,3.3280969732830754,4.173703467324243,4.529740578018878,5.112237097414174
2023-10-07,3.1612014097810213,4.071925889239295,4.4977696184056235,4.9998323740270125,2.243522482531421,2.9958367628690477,3.4790428042937753,3.6916849279787645,6.952676699467012,10.195476754398909,11.229942287216724,12.771384685278758,3.3214255135435464,4.152199329429423,4.506287983431088,5.085758851237313
2023-10-08,3.144027269020955,4.058515155060343,4.482745807206518,4.9826913805403015,2.2573446677025966,2.9879037948600047,3.4696218772908045,3.681365948173857,6.926371056426634,10.168479158290857,11.19953263936621,12.735686172751512,3.304011711878163,4.141204316331317,4.494085371237333,5.07154316276379
2023-10-09,3.043223870407925,3.927338870746576,4.337857857785093,4.82269057742023,2.1673072855512086,2.8918263405686915,3.3580545510947593,3.563827696175049,6.70313728075304,9.84150692002017,10.839406390624927,12.329062568408903,3.1983410231126554,4.0080419403881,4.349575938711731,4.909619483705625
2023-10-10,3.03709670018265,3.8975946816183495,4.305069476895835,4.786226488929898,2.164076354865306,2.8723265301618404,3.3354600146371,3.539816106001198,6.686777413502373,9.775144871799677,10.766473875936468,12.245994467799513,3.19368771906137,3.9810154011924905,4.320309990041975,4.876540507671285
2023-10-11,3.0109436899123367,3.8671596625092706,4.271047850896273,4.747499053645972,2.1685223830842033,2.8529524963997823,3.312577474658477,3.5147745133010013,6.645458193688612,9.709210868549501,10.692611719648044,12.159363073261359,3.1674885702316407,3.954163187149253,4.290671000027599,4.842042574015329
2023-10-12,2.9786725336298217,3.8242981869646693,4.2236221316008695,4.695187153563029,2.13172655829327,2.82292986540379,3.277598176359378,3.477970925582617,6.568186972853436,9.607037398946842,10.57970264573225,12.032041054801015,3.1343043375282282,3.9125521254804987,4.245363482856629,4.791341017504507
2023-10-13,3.001143064346832,3.852208094421322,4.254333012159834,4.7291441921415025,2.1480400623420923,2.8420793300564893,3.299788932990163,3.5013848181814233,6.614436698170564,9.672207145224608,10.651331806478943,12.113041420539941,3.1573254910363233,3.9390930890187534,4.274106428998348,4.823596590189985
2023-10-14,3.039626733369701,3.8695257933163196,4.273361927145806,4.750038155747589,2.1711549037884614,2.8549705958580938,3.314671416990248,3.516967127077058,6.69005443426343,9.716078894995501,10.699370719999958,12.166948421021685,3.198835029230199,3.956960252503875,4.293383213615777,4.84506317440146
2023-10-15,3.037455529369174,3.8898438735543195,4.2956674945005675,4.774963045704504,2.1837976321579284,2.8700251135196098,3.332035799005073,3.5354964467752916,6.693569667899823,9.767312656049853,10.75542090933336,12.231050605915405,3.195880188674767,3.9778256610981564,4.31587471786417,4.870589635489322
2023-10-16,3.099396233279299,3.9919960096328153,4.408477063395998,4.900686259989217,2.2274178466950776,2.9500771953031655,3.4249744987506587,3.6341798219387713,6.831951728383674,10.039747105443503,11.055416135923783,12.572445760388819,3.2624727994897875,4.088777033489617,4.436255112535473,5.006538357684969
2023-10-17,3.047826652901451,3.9142791602347016,4.322943534607708,4.80655778871159,2.1831154487028623,2.8952968325414017,3.3615636849595565,3.567556570329981,6.714181690286427,9.853317750527573,10.850733463327556,12.341962609231649,3.2096994332632063,4.0128520070180596,4.35412120264113,4.914756475379773
2023-10-18,3.0306022553946432,3.8936943001921165,4.300293380164269,4.781409162868658,2.1808779382171743,2.880012067048509,3.3438903936054833,3.548830982397192,6.680037869860965,9.801300406588586,10.793686150863778,12.277181434344495,3.1914893521939565,3.991667477267749,4.3312295784397135,4.888959630190726
2023-10-19,3.057216878040115,3.9466967440366307,4.358468369157196,4.846908473210338,2.1840567427188367,2.9233291238693173,3.3937362568458576,3.6022236826835554,6.7352073013862865,9.948717666220109,10.954582753445111,12.461893490775672,3.2207639457962394,4.051704478119547,4.395793260802755,4.9625147692045815
2023-10-20,3.1167181528976697,4.035428176372814,4.456365296191705,4.954988775859223,2.2436312732239285,2.989754754220662,3.4707353630386666,3.683290906885976,6.869878788111296,10.174778371041306,11.203126840814582,12.742345567769068,3.283404991804084,4.143769727207965,4.495527632148618,5.074195034740794
2023-10-21,3.1837505394173617,4.1722860476882335,4.605373137826856,5.117478981702886,2.429463677835172,3.0869917541757546,3.5820511987070285,3.7990238478257927,7.0588571247594905,10.50569679256445,11.562441307617402,13.14272369817206,3.350790636775004,4.278539221665534,4.639711317390672,5.233631671465547
2023-10-22,3.210521882653088,4.243387714839143,4.689487709686191,5.208186239310093,2.589389228409817,3.1400459550633752,3.6483628069542964,3.867097299086544,7.172233034823989,10.68625164741406,11.776487404627268,13.378223815291111,3.378105168655332,4.352071805309386,4.72560252949012,5.327411385617153
2023-10-23,3.4439974613063913,4.5068316735453235,4.98062707510959,5.53073249843123,2.740654620855924,3.325096937048781,3.863370208033017,4.09517168600567,7.659065494000692,11.316019934055975,12.470506087714044,14.167247198659329,3.620782405970909,4.608550587075255,5.004094437274066,5.64161244953339
2023-10-24,3.4328584956139885,4.4837259775052045,4.954884458559124,5.503029457470814,2.723571897776381,3.317738166755573,3.855045704404818,4.0862304440111945,7.644802258409856,11.290976456255297,12.443635565971967,14.136314970339907,3.6136983401489267,4.598351406180091,4.993311985669423,5.629294767634314
2023-10-25,3.490236499272059,4.537486129272557,5.01407463625561,5.574059520796532,2.8266031528349296,3.354042567025204,3.897046177096138,4.135300208439518,7.776582685378974,11.41452813758153,12.579208167659198,14.306071829377506,3.6732067122919,4.648668936268257,5.047713795602239,5.696894520494618
2023-10-26,3.5751034292815156,4.545728043506435,5.023882378924798,5.582852275784374,2.8497257851344053,3.3641504001338682,3.9094398330212394,4.146406903128685,7.947531517803739,11.448927267325182,12.619213435945847,14.344495441691292,3.767313802583781,4.662678290307824,5.063766884313058,5.712195384984793
2023-10-27,3.4614302120749394,4.4818103374758795,4.95229303616071,5.508789204805,2.837554584552693,3.31955247315067,3.8567993817190103,4.0947787845490256,7.75162367847089,11.297150931081774,12.449296230740009,14.165887955998024,3.6463487638297254,4.6008660164186965,4.995583465341362,5.641071178514933
2023-10-28,3.4975688384851726,4.510768011681468,4.983039595870673,5.539493291240997,2.817824353049464,3.3399797331278585,3.87948561158827,4.116139390994119,7.807780381937325,11.366669289636809,12.522524721010923,14.239784977911674,3.684495384622624,4.6291779913001765,5.024968181425634,5.670498092082937
2023-10-29,3.5333509603049906,4.57810458570346,5.057146048494943,5.6213503827933735,2.8525532592059637,3.3847514639663565,3.9313016574664297,4.171117691267068,7.886404154489712,11.519037117776069,12.689780842161644,14.429982417787192,3.719378888858295,4.691231155567702,5.092083775577418,5.746237593880623
2023-10-30,3.5677813332516077,4.649895975174901,5.1364495101753995,5.707741835464585,2.877818779861823,3.4272960346404386,3.9807160806486928,4.222897551659305,7.961710073816727,11.663825440928257,12.849284806817682,14.609114854308894,3.7501917277526293,4.75019749846504,5.156088628038442,5.817570843722675
2023-10-31,3.5495569135943787,4.671287508363248,5.160084598201097,5.732501310644276,2.887128937322359,3.4497688559546464,4.007109337060653,4.249178889256769,7.925367823355183,11.740305284608171,12.934479144154441,14.700035146546474,3.7327123306215477,4.781344600586144,5.190274931830406,5.853776681413662
2023-11-01,3.6109193639238546,4.776744685752723,5.276648093970712,5.861916039778307,2.9414824688566132,3.5150207248464755,4.082778662788738,4.329551480974362,8.069523104723839,11.962371426766936,13.178730856088034,14.978084142331236,3.7908844667180923,4.871783028211686,5.288286882940051,5.9645000036091
2023-11-02,3.565067774198581,4.7030475311723645,5.195514670513377,5.772515033981833,2.8444650987410816,3.4623160791756664,4.0218952111942095,4.265554490797779,7.973284391940398,11.783006183491478,12.982206212352901,14.756686543080358,3.7438608888176557,4.798734924548464,5.209426580913406,5.876336125707064
2023-11-03,3.5789651526401327,4.740174793483289,5.235974713845285,5.817348138247038,2.906560629497863,3.4934799619821884,4.057850569701869,4.303528784038273,8.037914632266626,11.88906357842992,13.098265894188051,14.88805861750911,3.759643285365424,4.841927749636749,5.255998356283071,5.928650475857488
2023-11-04,3.619025663893405,4.784259976993959,5.28408304639514,5.870840222862642,2.9251125754869616,3.523726819497503,4.092389095963772,4.340229075581575,8.115914981256449,11.992000139097422,13.209752207644152,15.015023282832813,3.8009779385924714,4.883849586984176,5.3007349561511,5.979209728935872
2023-11-05,3.71580869267274,4.906896107426944,5.422383186543049,6.022853247178645,3.0480727439999424,3.6166498945260392,4.202862380641117,4.456018173645921,8.35316447080907,12.30823734639219,13.566347018629148,15.415595688818414,3.9039828858159447,5.012640025303152,5.443827313226234,6.138723729140637
2023-11-06,3.892459700794534,5.088406024766667,5.6229613733287955,6.250611056608389,3.2054732104476,3.749152254690623,4.356841671178685,4.623253746076076,8.733312937040784,12.759171372472855,14.06337411586099,15.994147182306156,4.090575603814282,5.196286950877397,5.643271547079959,6.369111698136157
2023-11-07,3.7957275571935556,5.012273213323012,5.537185897309336,6.152717583527669,3.178343315000479,3.6904881536817404,4.287265999661767,4.547295217255338,8.53455462363987,12.559524821109697,13.838792005297407,15.731368637922463,3.9862058599377566,5.114979102636231,5.5531525028104,6.264469301015735
2023-11-08,3.871574448468193,5.122873565265481,5.662282984729299,6.293934778141283,3.4363418693707577,3.7710187055882245,4.383269463584129,4.650891555982218,8.758076209826552,12.833587607225978,14.148679931335689,16.089760190744336,4.065120536038965,5.226593629759016,5.677502584191165,6.407186246506658
2023-11-09,3.8998635270212856,5.200485314087127,5.742519370637333,6.38268701341323,3.418812050421823,3.8310526721925044,4.448410831921324,4.719728517701094,8.881350289191248,13.037896105797884,14.358948631115464,16.32790167243327,4.094922754861181,5.309800097803876,5.761878023607971,6.502017792043166
2023-11-10,3.987629871803631,5.307857869264726,5.862864433133532,6.518475106112132,3.56177572800662,3.902729431776876,4.5330840646871735,4.811007170509108,9.092232986551691,13.281827532646805,14.632263899343554,16.64368018856016,4.183976956128732,5.409143358681976,5.871552434874223,6.627765580791091
2023-11-11,4.062975542847786,5.364564000802896,5.928728414966128,6.59323788915494,3.702754350267554,3.9313231275174263,4.568575090969221,4.84956149339998,9.248846655039445,13.37913802828474,14.746824771193012,16.777058875670754,4.258261349617444,5.44877393059809,5.917522776215536,6.680878994508948
2023-11-12,4.052102126019761,5.355673432208926,5.91730098882838,6.5802965959781465,3.6450334838449883,3.9142576730306384,4.546527373598875,4.825669202064324,9.199297912057597,13.321060616764937,14.67565732440901,16.694403489413975,4.241549258267637,5.425121383985841,5.888965104051959,6.647964367581893
2023-11-13,3.9323454899940127,5.204531865327516,5.750309824322002,6.376808139643551,3.4057681971424576,3.8149184060408174,4.431141843475413,4.690587395298641,8.892790783907687,12.98298772843313,14.303206361038521,16.227087954138437,4.121548681132457,5.2874381687674905,5.739510079464318,6.461872242223882
2023-11-14,3.8032781605117694,5.041959276961334,5.569019413351934,6.176972194434257,3.298062225466804,3.695620436324134,4.291179697371192,4.54336915010618,8.615261262693291,12.576991082631706,13.85142496265919,15.71778640790003,3.9859403323714733,5.122092394258228,5.558221784779853,6.259060651268012
2023-11-15,3.989215272282652,5.27945173704875,5.829490153026704,6.473729900076598,3.504158696631182,3.8620590528486693,4.483195252376622,4.751805010962718,9.042639577612778,13.14341748704805,14.471228662199065,16.438870306753653,4.177391465403414,5.352774626511263,5.806933122014597,6.546207183257349
2023-11-16,3.98081250333063,5.115342997494942,5.648682937704085,6.267841886947576,3.3619707856761623,3.744192772980481,4.3466790014081,4.6033372816473035,8.949461693717184,12.742293189683881,14.030570209318979,15.925246169962774,4.174733575682328,5.189413159592637,5.630108180245193,6.3416742712619625
2023-11-17,4.147828550962602,5.128751830632353,5.666603222062479,6.285290746294451,3.412621769873131,3.7622821658197996,4.370115319813624,4.627532792924141,9.251112615472177,12.803855283613805,14.106219897444127,16.008950545661673,4.360576015178411,5.214484874362994,5.660464460965952,6.375006621675669
2023-11-18,4.009578974810741,5.109615253618286,5.639975029565577,6.259591374341586,3.360027304259943,3.743769936586373,4.344246296652923,4.602497667822534,9.012860518420734,12.740854186504377,14.022717723581016,15.922341525782027,4.208221756525543,5.188827112644474,5.626957179000839,6.340517597947676
2023-11-19,4.058921725652699,5.2270360749048095,5.765706703748909,6.407680911267949,3.524977273172227,3.8277812418540123,4.4385527815792,4.708966882962551,9.17077272401653,13.026762724839639,14.327128000374765,16.29067179508195,4.257253227920793,5.305265928577394,5.749109220148024,6.4871922908985455
2023-11-20,3.9705388394306502,5.142916324191379,5.6729180174540765,6.302501437701924,3.433916953649678,3.7695059019085058,4.370978864505684,4.636035036753748,8.989847986022891,12.828439210977653,14.109007318467606,16.03836405974924,4.165213166907036,5.224496899222045,5.661582981572881,6.386719528561111
2023-11-21,3.7217038025679248,4.858237087771621,5.359381673865862,5.948917153591478,3.219627982426249,3.5687041424553843,4.138443646469287,4.386149739707604,8.44750526691252,12.145067641431229,13.358410897213114,15.173885828797184,3.90677235452181,4.946187699841296,5.360387877715958,6.042471201296005
2023-11-22,3.9149437600780757,5.097177177805683,5.622754952925572,6.245380736629,3.3870579596402823,3.741368380349467,4.338615266211536,4.601277816648621,8.898587405743791,12.732681174178998,14.004541417501574,15.918121450422198,4.108693434833533,5.185498580088876,5.619663493283311,6.33883710001084
2023-11-23,3.9315866318980293,5.1172741511410695,5.644841531782927,6.271071750554252,3.413133043136263,3.7600399889893734,4.360070981653733,4.6254565776000245,8.946963725204169,12.796224673682987,14.07379795146817,16.001767878367183,4.128078947890739,5.211377240046217,5.647454365115575,6.372146374751108
2023-11-24,4.004610035766171,5.179000923598594,5.712393169287181,6.3456222724395195,3.452121365630421,3.8022138081320196,4.408670246278054,4.676219806654773,9.086856728036265,12.939751249644118,14.230670679868844,16.177383278590426,4.204301940426941,5.269829725086113,5.7104033699136405,6.442079087460674
2023-11-25,4.052531367553627,5.252652769929787,5.7934824309971695,6.437200261369017,3.5071828691656775,3.855483254319187,4.47034012499766,4.742744466539275,9.20345557081696,13.121038630536276,14.429733818162545,16.40752535165934,4.2538605745831495,5.3436606365292345,5.790282304737562,6.533725147304247
2023-11-26,4.024064504173293,5.20524462945837,5.740749344204838,6.379614890915348,3.4995591605908336,3.817847885621644,4.426422129169179,4.696609458298349,9.135024223252069,12.992957377427024,14.287971676600106,16.247921282190184,4.2229612083378,5.291498397716492,5.733396791108925,6.470168389051408
2023-11-27,3.9710704725746684,5.085066509941748,5.608207550319041,6.229706020912224,3.4074571330860928,3.7323548686245123,4.327301317218883,4.589590976588277,8.987843557799831,12.70200625543634,13.968021316607382,15.877690825090445,4.170279521110729,5.173005944373865,5.605008912912001,6.322737012533323
2023-11-28,4.052679547138336,5.160089237909663,5.690987862579083,6.324847564571957,3.4801237378459717,3.785247677587702,4.388679998326137,4.657048447207502,9.165775523841242,12.882011858860013,14.166144503148592,16.111059957067184,4.255884499326648,5.246314840449454,5.684510669191374,6.415668136119658
2023-11-29,4.033692555247462,5.141355761080888,5.670176488758399,6.29968163831738,3.4729656927714028,3.776954080220009,4.378926851249894,4.645601588774208,9.124365705323171,12.853786963491654,14.134662487851232,16.07145954821822,4.238387288789013,5.2348199987225925,5.67187774342913,6.399898653422266
2023-11-30,4.10606861175302,5.1624062387801555,5.693511231687772,6.327930159357456,3.4886939183705925,3.7740450102825376,4.376058266860017,4.642608269672421,9.237133116357889,12.843886772903163,14.125403033755248,16.06110416023671,4.308010793544464,5.230788057332013,5.6681621618474365,6.395774981057619
2023-12-01,4.148649370078477,5.246941346457256,5.786257615131192,6.43155088051962,3.57830363316335,3.840883365195317,4.453373092106462,4.724828884001061,9.36146602257958,13.07135206816274,14.374966225214765,16.345546390583255,4.354172698628168,5.323425338471199,5.768305473542002,6.509044186104593
2023-12-02,4.258160216775734,5.375409822633882,5.928599898182275,6.589799318719594,3.747411116261354,3.9371709428664463,4.565635030864017,4.843853363135046,9.645938480866194,13.399039401481671,14.737334601867811,16.757311597972535,4.470540692362716,5.456878943284955,5.913714614526266,6.673015329384418
2023-12-03,4.251414170698148,5.3828017044797445,5.936184679285687,6.59841759454763,3.7163696115742884,3.944830702678969,4.574078388226718,4.852859651672536,9.628694716241773,13.425107211343935,14.764588769530382,16.788468854819445,4.464037335730681,5.467495292597221,5.92465101340483,6.685422621052024
2023-12-04,4.448103729299325,5.520749386411817,6.088314176336756,6.7672717554498645,3.8068358520546637,4.049960889039418,4.695978096889757,4.9818466195817654,10.022627886310008,13.782887843622808,15.158066737500466,17.234699293953486,4.6761077705264364,5.6132046632541845,6.082543635954356,6.863118341715215
2023-12-05,4.552891463364518,5.624130301780652,6.203078764873783,6.894995302695353,3.8482848000953043,4.114028458443272,4.771063442555951,5.0620463540112555,10.24402255839138,14.000923559942104,15.400433430260444,17.51215028991836,4.781480061090135,5.702001663816423,6.179799177188212,6.973603531323468
2023-12-06,4.5715282151578,5.632616555622829,6.212009608316982,6.902974116445842,3.796062572424927,4.11246488384349,4.768693071951247,5.058258612878881,10.263369946937688,13.995602379334592,15.392782151852114,17.49904659877636,4.7976809599561205,5.6998345652998434,6.176728915287704,6.968385443007161
2023-12-07,4.658830734675361,5.760645937653952,6.3518711175107585,7.060287444239469,3.877202524374163,4.201859765821178,4.871015052858309,5.16846551341602,10.489984644362005,14.29983238694452,15.723065509930331,17.88030739139299,4.886545951569485,5.82373496388054,6.3092631607512235,7.120209266223044
2023-12-08,4.909894961452034,6.079814787961726,6.710015535570601,7.458316083346682,4.112785212813298,4.419564940633373,5.1276100263028415,5.441243314330554,11.116510640476717,15.040729914012857,16.55132400086228,18.82398224367549,5.141844968295564,6.1254721252880975,6.641622062462592,7.495994887825831
2023-12-09,4.848881409286829,6.060128679561909,6.6994901852340005,7.445169392387225,3.9905669515808273,4.387626779527417,5.0979253286596276,5.409259198672381,11.007040491073807,14.932037483514012,16.455505277121556,18.713333189691184,5.06657207868825,6.081206158339898,6.60317246474097,7.451932758342693
2023-12-10,4.949739655121015,6.117306566608841,6.768595116001167,7.521183546029943,4.043677709173565,4.420237313431247,5.139224454391606,5.452805112648659,11.215876367627573,15.043018143236818,16.588814013050367,18.863980287077037,5.169578911787198,6.126404027157739,6.656665843374465,7.5119227146256975
2023-12-11,4.609773804502926,5.692430695253782,6.298484174781033,6.9941633561797945,3.718530656061788,4.120071194557002,4.790233902728019,5.0800195307732245,10.445788989940624,14.021488290418771,15.462313428139751,17.57432849822209,4.818608662608361,5.710376834703677,6.204630034170949,6.998363835787501
2023-12-12,4.621167638993071,5.733525428504533,6.343325578670963,7.058113760701071,3.684595712293265,4.129225771565526,4.800833832710728,5.098997252214144,10.466197920265223,14.052643284657302,15.496528759381851,17.639981929026852,4.817963995141628,5.723064985469141,6.218359769558894,7.024508026496461
2023-12-13,4.789223004178428,5.9299788178121196,6.564019549222442,7.336021886188717,3.7739650906865596,4.257941052542404,4.952681218488586,5.2838670583789975,10.919626060252108,14.490689065856312,15.986674317995128,18.27953905735334,4.986049918228811,5.901463057748513,6.41504261835905,7.27918936343932
2023-12-14,4.842618018532075,5.97888563303084,6.612424231508919,7.377568044272431,3.8774620343007244,4.300781517485484,4.998443877116503,5.323998000343508,11.035546945692868,14.636484380837533,16.134390814804785,18.418372058438287,5.047091524432473,5.9608395070977584,6.474317462120768,7.3344747676073965
2023-12-15,4.602173345025917,5.703790423410816,6.306147652476455,7.026840273473584,3.654789533376233,4.114245862772943,4.780669179321745,5.086865116605794,10.475551720042747,14.00166343362846,15.43143962235815,17.598010803665122,4.8024790428118225,5.702302984009519,6.19224116729718,7.007794488570472
2023-12-16,4.729164393810991,5.791497231271016,6.402620238747723,7.135342620623074,3.70404551451754,4.176317280380148,4.8523576770700645,5.163733018610315,10.716074059528683,14.212905816114205,15.662841688287697,17.863935324744862,4.936965808966622,5.788333338453311,6.285096884839597,7.11368966126864
2023-12-17,4.576974501778577,5.6527127172127365,6.2477448486665725,6.953871288046676,3.6095800071259596,4.08287623886153,4.742764469057979,5.041167772382935,10.385451146269956,13.894905857465748,15.30908766159745,17.43992083294672,4.780146927411564,5.658825003839237,6.143144461684294,6.944840667376774
2023-12-18,4.577971708869449,5.7007954181757645,6.300888969424201,7.019863257627997,3.687019802668222,4.116199123134478,4.781473110292801,5.087536699086192,10.444771766476217,14.008310798684574,15.434034617279378,17.600334143379204,4.778616831560099,5.705010183034474,6.19328247224172,7.008719677640138
2023-12-19,4.494774128426857,5.604993094753183,6.194055302275506,6.893991304336139,3.589066086076013,4.0494730455794725,4.70319018778633,4.999187121565484,10.225645994472966,13.781227607418584,15.181346521364793,17.294688763745846,4.6928873295000315,5.612528517172943,6.091885216489822,6.887007057347532
2023-12-20,4.5692447098276,5.705156426050852,6.304916068488542,7.020833617621988,3.6359654389956626,4.115946909943164,4.78055708450279,5.08314231342924,10.38614493255906,14.007452462956449,15.431077793424627,17.585131765393193,4.766997247527682,5.704660618112637,6.192095974620896,7.002665860430221
2023-12-21,4.758634769124611,5.956138251695666,6.583285172237095,7.356643433008636,3.821975372837849,4.2370099234688485,4.921017730065252,5.242356027750805,10.793012261713361,14.41945593241002,15.884468289610792,18.135931639283317,4.929128937506964,5.8724527254164585,6.374029959009336,7.222002714101696
2023-12-22,4.7876773092540255,6.026002002706058,6.6527134786668825,7.418497383342967,3.865600028389292,4.309302124262391,5.0034206296032675,5.322160137335899,10.883181874407343,14.66548183804349,16.15045518835465,18.412013971026457,4.973111540845973,5.97264898156042,6.480763683449216,7.331942880883404
2023-12-23,4.7438868173939905,6.0068649857650165,6.634711001286076,7.399192806626143,3.8683559375901666,4.276037286716823,4.96483581525519,5.27790852671258,10.773123855136546,14.552274442320803,16.025907931345596,18.258925515960765,4.913648146241037,5.926544254539844,6.4307860617237615,7.2709807389889525
2023-12-24,4.670239455703711,5.928121075300911,6.551773136656862,7.306734391647137,3.7887845983546575,4.2006345555881,4.8767375633448005,5.180290616689843,10.56042002247839,14.295662733041672,15.741537102870208,17.92121633833712,4.823717939437752,5.822036834939988,6.316675337516773,7.13649982861255
2023-12-25,4.7973360277990285,6.0970944870148855,6.738522942474666,7.531495177724407,3.8641373916730304,4.3056110305905495,4.998610273797781,5.315342133273411,10.82735845382519,14.65292025251387,16.13492792378351,18.388427084722082,4.944165786983821,5.967533163215765,6.474532990186248,7.3225502254469195
2023-12-26,4.6543256846786125,5.931623939272322,6.554686385725973,7.320603996886371,3.7457316195203436,4.195501354018775,4.870322050337043,5.1781649785578105,10.519903780473022,14.2781933442137,15.720828579039718,17.913862692829586,4.800988094758015,5.814922269694596,6.308365537723931,7.133571495573461
2023-12-27,4.814246567921826,6.230388734944984,6.883699557462821,7.667566248648901,4.003775341136545,4.431056553205012,5.143438985121862,5.464833639842184,10.970799676929502,15.079838342848781,16.602418024133556,18.905592979108683,4.979089368388471,6.141399383610519,6.662124784311354,7.528493518969858
2023-12-28,4.741118030666145,6.1622888704353596,6.808352117383058,7.572918243691999,3.898849546872622,4.389929008107788,5.095224240174109,5.408613145877058,10.789714970898759,14.939872462463937,16.44678648016753,18.7110981699273,4.907242201157169,6.084397023772251,6.599673835011706,7.451042739615126
2023-12-29,4.682609431823322,6.0491108466175545,6.6815212008808915,7.4343520407773385,3.813428560880657,4.309410806264464,5.000310503262259,5.309870296541396,10.640496968873869,14.665851706268452,16.140416065158934,18.369497264544318,4.84835145635077,5.972799613711585,6.476735240643008,7.315012084290435
2023-12-30,4.661442580560471,6.071231508011037,6.708845410055155,7.460388486469481,3.761810528960688,4.322906137457063,5.018487055783545,5.324667684844425,10.571352139376613,14.711779220468287,16.199087845667837,18.42068883209201,4.822807826249593,5.991504005694102,6.500278722231043,7.33539734197236
2023-12-31,4.624446683911655,5.995410614379009,6.621413026665747,7.361669627170479,3.723175628311062,4.272315299678705,4.956559044381918,5.259314351864992,10.488775842820937,14.539607720022163,15.999191485340202,18.194598964665964,4.787993217711341,5.921385618303262,6.420065436762833,7.2453649318013245
2024-01-01,4.7648914164193235,6.181657004468033,6.827106073034794,7.590358616344997,3.850894170468939,4.397905455592984,5.102263417659113,5.413918603452558,10.81775152631562,14.967018028579533,16.46950811981177,18.72945240138259,4.928512030022004,6.095452298982753,6.608791446578532,7.458351672622914
2024-01-02,4.72052701779927,6.095626726352507,6.731836440648679,7.484438089064172,3.798022226831234,4.339794294876026,5.034705583373932,5.3422342183266105,10.705641399539756,14.769253251938801,16.251439351259798,18.481460257894767,4.885952235199581,6.014910820370867,6.521286039502133,7.359597444333612
2024-01-03,4.334562149213324,5.647658436909769,6.237953126441126,6.935339916374155,3.5264916412534433,4.028019830517713,4.673783456657108,4.9592663359811,9.871125480013704,13.708217703080596,15.086425040942274,17.15658279869649,4.489064284956345,5.5827945789632265,6.053795659512811,6.832011169942459
2024-01-04,4.435170684628388,5.7669430256607646,6.369548717681526,7.081647549382788,3.617997203392102,4.109346324717486,4.768067805625889,5.059309738117066,10.099434774919057,13.984989251987178,15.390763865460459,17.502682966730607,4.591306621321069,5.695512274021402,6.175919028693343,6.969833499812699
2024-01-05,4.350529357698815,5.647938509320865,6.238401943840275,6.935838910380745,3.5329986754698237,4.037500415999221,4.684942570925466,4.971107068493346,9.896703027339855,13.740482174260343,15.122445353499355,17.197545814993816,4.512635268429261,5.595934574161503,6.068249687635483,6.848323263567486
2024-01-06,4.262227021105353,5.552101301129565,6.133859060092308,6.81960840657063,3.42399770749967,3.977882723889755,4.616438582449604,4.89841873642163,9.687475407571103,13.537590347313513,14.901322510147542,16.946080516863013,4.425920565485849,5.513305058339022,5.9795187586268215,6.748185972485658
2024-01-07,4.150486924726983,5.412674465909959,5.983155391599163,6.652056463415709,3.351494010777133,3.8812164092408032,4.506734207658908,4.782013426279494,9.429091586994446,13.208614090612214,14.547209650129197,16.543376325081308,4.311639564510084,5.379326527920229,5.837422344854906,6.587823062883152
2024-01-08,4.359703672928752,5.737415911202284,6.342123687496824,7.047723574124026,3.557938190077635,4.105459801646284,4.7671178762915325,5.056416411354413,9.932879580149748,13.971762578184723,15.387697604939431,17.49267350226467,4.521628395703875,5.690125592513896,6.174688616943525,6.965847579432236
2024-01-09,4.270687783508682,5.622930386282733,6.21407420829425,6.909071149589851,3.470622040997976,4.034095682294254,4.683330533203832,4.969404541889715,9.722989608272739,13.728895133279286,15.117241884730173,17.191655923896366,4.435828250837747,5.591215647822835,6.0661616689986095,6.845977819708434
2024-01-10,4.56299436854961,6.054536491171376,6.697471026212012,7.435497022326333,3.731922102952916,4.327898372549475,5.029814053258689,5.329860623756357,10.428618655908787,14.728768870060685,16.235650065533687,18.43865380521006,4.7279424008316004,5.998423192834063,6.514950203866048,7.34255126641351
2024-01-11,4.678783992869607,6.2372675084100395,6.912629370422693,7.668603035097709,3.7665445430360345,4.460563721189526,5.1947816878844195,5.499916379064648,10.663231307648802,15.1802575809738,16.768146249202132,19.026961721881843,4.848016279919259,6.182296018780094,6.728627272929843,7.576824390917802
2024-01-12,4.461252054873722,5.973445888653052,6.622530131464985,7.347303987853992,3.567136954399807,4.284565353905317,4.992105581398703,5.284570290371814,10.173419218111233,14.581297288911735,16.113931539333276,18.281971888561444,4.629545651189002,5.938364069057201,6.466107679305417,7.280158153680556
2024-01-13,4.512620225799148,6.020435874691747,6.668008236044693,7.400779649226537,3.622248737247619,4.319084510892229,5.026878517965239,5.3236968446122,10.306657499014879,14.698773403432893,16.22617450177033,18.417330210130608,4.684213437020459,5.98620727008537,6.511147903014364,7.334059887828656
2024-01-14,4.399991486487467,5.867254822241927,6.486497789383086,7.199874034660218,3.6316395071017746,4.213946321325246,4.894714404276977,5.18379934854672,10.06128391784264,14.340965534521107,15.799564237783763,17.93335479683938,4.570307426886722,5.8404868070654254,6.339960139351556,7.141333546669716
2024-01-15,4.446190532862655,5.918228497616698,6.542851338470774,7.262110836078187,3.6988059608076487,4.243914693753718,4.929524203219134,5.221177924859306,10.165092846855192,14.442954350550268,15.911926187647556,18.062665988446803,4.614728866967336,5.882022666910613,6.385048109664855,7.192827222061041
2024-01-16,4.480144116233547,5.960972418567333,6.590380047094133,7.318849318619619,3.723668981093849,4.278775451825297,4.970333727384814,5.267015839062548,10.266604387182136,14.56159300702337,16.04365454712153,18.221242261038118,4.652638304705457,5.930339323573038,6.437907323736719,7.255974696027361
2024-01-17,4.421129400716291,5.89602717733473,6.517886560351855,7.234272450558709,3.7594792707234674,4.236078535340004,4.920197702149532,5.210266292797993,10.155747378404728,14.416286218313887,15.881821335639403,18.02491719532985,4.593183235489573,5.871161830928494,6.372967804229828,7.177795080797662
2024-01-18,4.273511720539859,5.682472147855569,6.280429353521436,6.96846867233156,3.5722007104127056,4.085783476510918,4.744479644928846,5.02209052481983,9.798979160137078,13.904799812383851,15.314624048220367,17.37392309150401,4.442343701458081,5.66285440569714,6.145366071722208,6.918559366955933
2024-01-19,4.317744292300104,5.772379331822132,6.380621306342341,7.087065721959527,3.7629400667280706,4.163356145865614,4.835036725622935,5.122283427980467,9.954490445086588,14.16879628808804,15.606931687734988,17.72054045836039,4.4947675783917775,5.770369337641614,6.262661634755445,7.056587653232077
2024-01-20,4.5412666418281376,5.8358268328859495,6.448868337076279,7.150001247168329,3.8189842514880734,4.211940839751299,4.889742612083324,5.1699159268302814,10.368738343535922,14.334140449449055,15.783515875478521,17.88532509686559,4.737848732790692,5.837707229970393,6.333520342925159,7.1222073925538245
2024-01-21,4.454794834252237,5.7721995044191,6.377268270572384,7.0724880348978605,3.7420754387030355,4.166926493825982,4.836362836159134,5.114848274128715,10.174903537704662,14.180946949995327,15.611212217071854,17.69481854224688,4.646386511709105,5.775317803656388,6.264379301455781,7.046344796582723
2024-01-22,4.227421872815826,5.516848217012694,6.095149875014508,6.7575619187021925,3.5466149712099235,3.992230457644021,4.633601059999511,4.897086490152093,9.664264783147493,13.58641877073863,14.956720975539588,16.941471610649252,4.413214136444402,5.533190871615524,6.001748742763149,6.746350636212517
2024-01-23,4.150223686093633,5.4461844021754136,6.0166129214914505,6.6695154942267365,3.48012320315552,3.935213893153939,4.567236939296773,4.827211220432595,9.481310301912684,13.392379140449291,14.742505374480055,16.699738102241774,4.32832377235551,5.454166492258031,5.915789513033458,6.650088691222239
2024-01-24,4.180970492674185,5.485669634276122,6.060778758730315,6.715996171023151,3.4878767729408002,3.960403655485699,4.596967892216211,4.857285932738144,9.530022573548637,13.478105318686167,14.838473404829434,16.803781574977556,4.358561412570545,5.489079247037852,5.954299023669967,6.691520378186409
2024-01-25,4.151962083302444,5.456154847935903,6.029772532260178,6.68397162682904,3.4196382409042663,3.938572701208193,4.572955050763648,4.833807973221463,9.441300837894897,13.403809886564725,14.760962767900345,16.722559569724496,4.3277114387453635,5.458821766111202,5.923195991895775,6.659176545288858
2024-01-26,4.27059449175624,5.62531131559624,6.216520504715766,6.8888729095264845,3.523024329529457,4.058536931140716,4.712083537579714,4.97961400661093,9.713291794118405,13.812073959158944,15.210053211836225,17.226975568971493,4.449668154383786,5.625090970513482,6.103404475539154,6.860042637423184
2024-01-27,4.276731494527757,5.640493680987314,6.232243549570516,6.9065149823589165,3.542812754130831,4.070608728214176,4.725234313446015,4.993492652960803,9.729544314132564,13.853156880622402,15.252502374527879,17.27498874856377,4.456432377875436,5.6418223586634255,6.120438236430504,6.879162212872896
2024-01-28,4.237702390520775,5.612682764214326,6.200392015688094,6.8691319344369655,3.547156184056783,4.03934446055728,4.687975371530118,4.954503427973574,9.65730460122542,13.746757854450522,15.132234878283828,17.140105517571083,4.408561276037624,5.59849040119197,6.072177972997197,6.825449666989343
2024-01-29,4.371680222530485,5.773321355790534,6.377851224138463,7.063857265493154,3.6563611844533446,4.155167085624055,4.822396592369525,5.095076797479769,9.988416201841277,14.140927155040476,15.566130819529713,17.6264191151544,4.548707953885347,5.759019383309959,6.246289292190847,7.019107108553786
2024-01-30,4.319688275472118,5.714912548676755,6.313814933350438,7.0028385976967265,3.6971688206082347,4.1194572197095125,4.781350927118353,5.058544117421471,9.910567033125835,14.019398801978358,15.433640224317088,17.5000343017938,4.497911396178771,5.7095258718002135,6.193124212455405,6.968778761311099
2024-01-31,4.248615493659673,5.614432325548641,6.201951487490102,6.87988678641808,3.6636168092252555,4.05063742588957,4.700689641194511,4.9735862704406335,9.742557226708223,13.785190244012137,15.173275050131968,17.20612261458506,4.426215258065589,5.614142336457995,6.088646341979622,6.8517386750918705
2024-02-01,4.3015261587759035,5.726747156504568,6.329364983186147,7.017516608385335,3.9039926332961206,4.1315476010764876,4.797347991599121,5.072932050903871,9.930078506571896,14.06054496978917,15.485276872955671,17.54980936031445,4.479693430806517,5.726283017592237,6.213844675954988,6.988599943640219
2024-02-02,4.32500735631062,5.787155465546463,6.398708683039238,7.093044522113159,3.9838494880956423,4.1710632606808655,4.845498604229739,5.122635799882981,10.002209717807586,14.195025257208217,15.640701405320897,17.72175948902175,4.5007593203365275,5.781051320506754,6.276212556805549,7.057073089708128
2024-02-03,4.3078498362965405,5.791784039041253,6.401919277562431,7.097762891976534,3.9609486947470143,4.180428173997181,4.854673285268382,5.133471836308607,9.966122857597204,14.226896071134679,15.670316200068584,17.759246759023185,4.4853251608759415,5.794030995258769,6.28809621482356,7.0720010885051785
2024-02-04,4.275794671121081,5.7302021407432076,6.338741329291373,7.024883925894539,4.01527672537971,4.141076373758129,4.812799344015162,5.08715561719859,9.907432651382734,14.092973432373556,15.535152027028918,17.599015790519175,4.455505021080941,5.739489799760537,6.233858296837785,7.008194689559972
2024-02-05,4.278117067967312,5.754238152046977,6.3653299302692,7.058965899631234,4.134249164795471,4.156655599529191,4.8309056721298465,5.109979278865952,9.950171875035965,14.145992887962413,15.593597131386463,17.67797425224254,4.456167571203363,5.761082448466031,6.257310819096656,7.039637145134312
2024-02-06,4.314368482007257,5.7841911782554005,6.3970679607522465,7.089486425621608,4.050387524381805,4.175833470438331,4.8520233380610485,5.128696233195471,10.012229166317617,14.211259306839569,15.661762481164695,17.742725559177597,4.493244634913019,5.787662782787235,6.284663826684387,7.065422096452374
2024-02-07,4.3998375400755005,5.89014292988291,6.514321438348653,7.220859734970979,4.1573954628987195,4.251790941546006,4.940335225978354,5.223183860413326,10.209651080199059,14.469758915563105,15.946822901623596,18.06960552286376,4.582276106307041,5.892939066364316,6.399051266478089,7.195590649790625
2024-02-08,4.421709702177618,5.944155969519516,6.5732120109187795,7.28091041888113,4.086808063657143,4.290162145789595,4.984209346180424,5.265464977401647,10.258722599485576,14.600344375275919,16.08844341780798,18.215877054837854,4.603793886356554,5.946121165771176,6.455879949472787,7.253838189642648
2024-02-09,4.521670283423745,6.06990583670624,6.712669444324503,7.434325405685244,4.16104516236016,4.379340815062946,5.088116886697859,5.374441391535977,10.484865631926414,14.903838564556757,16.423844776416534,18.592880979518338,4.707298841106578,6.069721895739386,6.5904679173597325,7.403966863560446
2024-02-10,4.533273383353932,6.096289257319244,6.741990269390297,7.46961138624478,4.2442405730795825,4.39914481213134,5.111263091755129,5.401089098178928,10.552977578683132,14.97123582540138,16.498558012666578,18.68506872553596,4.7194122173466635,6.097170034558758,6.620448423947026,7.440677420546891
2024-02-11,4.536760374772416,6.175260585782505,6.8281047776428805,7.569358630605609,4.374332791403702,4.467572481423334,5.189996682271,5.4874197110563925,10.590916905587232,15.204109899273178,16.752700812078924,18.983729496615805,4.726753748873696,6.192010089287419,6.722429414924249,7.559608663905921
2024-02-12,4.65047218818267,6.337539825358582,7.007540063922586,7.767616127054595,4.46818219350708,4.581336741957879,5.322157075233936,5.626786108022629,10.879109858964894,15.591274142711645,17.179299066000357,19.465867572475812,4.842964625986648,6.349686199067244,6.893612359255772,7.751603349466522
2024-02-13,4.586569372778947,6.22124872312805,6.878988919370095,7.623710844224638,4.373393027684711,4.488672435427802,5.214441708644387,5.5121511045955405,10.711716752010986,15.275917580264922,16.83160649126281,19.069287757099428,4.772723637500669,6.221254411259235,6.754092241396258,7.593679259324805
2024-02-14,4.793199152589682,6.43998304527684,7.121937882037992,7.891383299304177,4.509750495962141,4.644470124489382,5.396256295903475,5.70318447818921,11.191015707573404,15.806130620208794,17.418482662885012,19.730167748076102,4.9888800832223374,6.437188426111439,6.989590605706963,7.856851683188092
2024-02-15,4.828896372062174,6.496124644826518,7.1859757061946725,7.955644044595236,4.480510986624198,4.6820356101300575,5.441391271411441,5.745725346768967,11.303774003444213,15.933974046247275,17.564173072173404,19.877337890728395,5.024067522859291,6.489253807717053,7.048052432480977,7.915457063424935
2024-02-16,4.8381835989818445,6.490090779792062,7.177610289130581,7.945370397251718,4.441793719457142,4.683884023946597,5.4424650091876,5.745807227911434,11.291292519249874,15.940264595963672,17.56763897182919,19.877621158555772,5.037975504242707,6.491815690495403,7.049443209171649,7.915569864964929
2024-02-17,4.774484386570627,6.448109857265741,7.131614903570006,7.898968338827099,4.472146719828844,4.648231359366716,5.401216074660785,5.706035503480272,11.204906568691118,15.818930911344474,17.4344922472262,19.740030870593312,4.967019287772094,6.442401459454597,6.9960148415303784,7.860779327987685
2024-02-18,4.853504857355634,6.534849058170164,7.228355297081448,8.00414922901627,4.5120502780931995,4.70845152024959,5.471744478579615,5.779086807394105,11.390516769272287,16.023873069087248,17.66214966628424,19.992751869878475,5.048656001811266,6.525865990878713,7.0873679282695665,7.961416658291388
2024-02-19,4.998523562399027,6.637380833751334,7.341768184899372,8.124869565440239,4.5341553922945845,4.779277510073615,5.554052158098635,5.862124768440009,11.679650732299683,16.264909143484903,17.92782920597043,20.280021711343274,5.201244093621128,6.624030093508876,7.193978317398121,8.075811860920213
2024-02-20,4.918840107293824,6.565702579815716,7.261892949291514,8.039854624331335,4.44863482675054,4.738987837609349,5.506844460577911,5.815183581337814,11.539622715695046,16.127794723853313,17.775448293032014,20.117628665955724,5.12359382980308,6.56818901663096,7.132831763006626,8.01114449020738
2024-02-21,4.825737007996223,6.426221282792744,7.108240140658034,7.869429067627422,4.330361730127402,4.643918616323366,5.39674394006661,5.698775382439389,11.30298222328434,15.804253719318812,17.420056721071916,19.714914480521106,5.030330739891969,6.436424041394127,6.9902222349096315,7.850777600980894
2024-02-22,4.791113513390798,6.373871549425347,7.05119712006042,7.8039235314135285,4.259305579298496,4.601824219131083,5.348713429862972,5.646124320919763,11.200495421932487,15.660997433334343,17.2650198652601,19.53276812353945,4.992102367189473,6.378081634370873,6.928009918722664,7.778244162354786
2024-02-23,4.777748338750921,6.350259271388606,7.024552032940567,7.773011247796537,4.228895619845584,4.5787248543734025,5.32160732887396,5.616275462246622,11.144019350227929,15.582385327579031,17.17752454920294,19.4295059914864,4.974997954069584,6.346066149399912,6.892900291151051,7.7371236170867554
2024-02-24,4.870870854509457,6.4767266001240555,7.162908824697191,7.926763592015729,4.336781444615855,4.664663769807462,5.420275320890792,5.720819876923414,11.368493058776652,15.874853937840395,17.496013259539318,19.791177413230848,5.068875325884677,6.465176613447848,7.02070164680726,7.881146656068315
2024-02-25,4.907955786874697,6.526457639575344,7.2187237947024405,7.990203139375092,4.375838378151885,4.69756505721161,5.4591648459154145,5.763129109483237,11.467382172790446,15.986824094250899,17.6215440868878,19.937546211029705,5.1057685894277505,6.510777463664411,7.071073950098128,7.939432928645208
2024-02-26,5.067509757027841,6.704805411740769,7.415989046047347,8.209450019458865,4.497625291650582,4.827833834218784,5.6105536440048,5.923720218815465,11.836089339442601,16.430156756518077,18.11020937820778,20.49311118321179,5.274144814922785,6.691328665665407,7.267162805577087,8.160667316641469
2024-02-27,5.342438582029031,6.943672562337946,7.680500335338565,8.495296619933148,4.6073758126853175,5.00099994131336,5.812041700112903,6.131000878744163,12.357928061478185,17.019478258081367,18.760589200745436,21.210198664243727,5.565692734790927,6.93133513152819,7.528143557214935,8.446222414513775
2024-02-28,5.883322827412773,7.1741812097310405,7.943948421852681,8.787110420243357,4.905373379230608,5.1836785501437275,6.031195334378896,6.363097574483049,13.428955512947775,17.641172848701274,19.46799143845389,22.01313722571147,6.156653463560757,7.184525828193563,7.812005942408717,8.765964713145758
2024-02-29,5.889441707885072,7.209410614541538,7.980704973497699,8.819255672508486,4.880775157421298,5.216395369340499,6.067006264904304,6.39439902335981,13.461382365243546,17.752515220132455,19.583584923695152,22.121424593840302,6.16607442460911,7.229871007348051,7.858390645035246,8.809086383544834
2024-03-01,6.5524033653447535,7.616533268249536,8.455666509846889,9.317287892490356,5.242035127485929,5.513668391082539,6.432591587933557,6.758804361780093,14.827059389009559,18.76419924125326,20.763651484993296,23.382084928925483,6.876164472466734,7.641888396557421,8.331921107509656,9.311100426309793
2024-03-02,6.781657037489728,8.36019794530784,9.274130855940518,10.227577820174952,5.45930663961267,6.056928603106741,7.0601029069566525,7.425160263571766,15.275669080157353,20.613030570093144,22.789184453000306,25.68734329336201,7.102376932036513,8.39484153340067,9.144715567207252,10.229089228638788
2024-03-03,7.052677368146433,8.308873244496867,9.213977111607946,10.142649521258843,5.47368726603621,5.995278272545339,6.987842359220584,7.332540057559307,15.728205552258943,20.40322123737843,22.555935876777788,25.366923673678343,7.386708557579952,8.309394801326055,9.05111889241575,10.101493282147985
2024-03-04,7.888188561022114,8.686437071183878,9.632669797715458,10.612231993456726,5.8267965571441405,6.286149652887927,7.326869717125016,7.695953755281923,17.380153122193175,21.393119096153185,23.650276440324603,26.624153427588112,8.294610164594935,8.712539580566984,9.49024970940185,10.602141215520133
2024-03-05,6.98139249296051,7.9923331349402975,8.854058482931789,9.712909917273423,5.281889073046501,5.771667863498002,6.720350190100475,7.025520989717503,15.526807126169563,19.642226928295837,21.692502515798772,24.304791152182204,7.323583948529467,7.99947304523858,8.704645216989803,9.678536022187563
2024-03-06,7.26723663787245,8.412946538302704,9.322193055340762,10.22548722699546,5.519388816055895,6.0364538397758265,7.030897906979625,7.3475863380254065,16.181252594771333,20.543350547409855,22.694914137085995,25.41897628370982,7.598304012520472,8.366463719353343,9.106887305856125,10.122221419990606
2024-03-07,7.319411275653257,8.537694125743501,9.456745451320574,10.379934710401207,5.546520901431999,6.138910006730332,7.1481942761671755,7.476238517354239,16.316933266031114,20.892030916606306,23.073533064927453,25.864048521688588,7.6581107846880965,8.508466926269394,9.258817376482908,10.299455927408554
2024-03-08,7.500441513216527,8.577881170271128,9.502946003641103,10.441277902122398,5.581101087660036,6.157417109505129,7.170657685427271,7.507642327932554,16.597281309225174,20.955014567274578,23.146042316395604,25.972690010142717,7.847978908053363,8.534117582768316,9.287913480471836,10.342718613885618
2024-03-09,7.836511966698949,8.6572521817742,9.590371914607072,10.542738771532395,5.760441909973193,6.227054941554418,7.252234058779259,7.597935077382913,17.277767774142664,21.1920070852532,23.409361285513388,26.285057793423018,8.219070960245428,8.630634910788906,9.39357663313965,10.467108197145947
2024-03-10,7.564417691899381,8.533471443086999,9.44676513747538,10.369893771939577,5.86732254364634,6.143039243570984,7.149225526569641,7.478384164137845,16.803968290856293,20.90608359756144,23.076861820322204,25.871471387129915,7.929881057670096,8.514190006596504,9.260153120697037,10.30241182487387
2024-03-11,8.062908138575011,9.167975223894434,10.149176604614437,11.134335021213266,6.001625071954453,6.600167944971685,7.6812286688907285,8.029682452819577,17.810245882605308,22.46179087329298,24.794105591370467,27.778687917914738,8.449941397546272,9.147765744415134,9.94923902801336,11.061894339236275
2024-03-12,7.632643403044891,8.842370714212686,9.783044079213633,10.723640397501445,5.7531026550386875,6.361290675279114,7.398538900783565,7.726650388459941,16.93420653021586,21.648840154318396,23.881616162636764,26.730348435696246,7.9902714970200455,8.816684274514373,9.583080410048662,10.644429676462485
2024-03-13,7.703435189514211,8.948356186752605,9.900359560791545,10.855934739837725,5.792571173061081,6.412420597223315,7.457805884428664,7.789429435444609,17.072982322777513,21.82284627411015,24.072923037346797,26.947532560251364,8.04886440886216,8.887549827084458,9.659846955112291,10.730915684912109
2024-03-14,7.820386057285792,8.823259165308158,9.757679441935887,10.719626642023313,5.85329778083802,6.303204142271241,7.325984925016257,7.665994434495645,17.22063395850591,21.451159191067838,23.64742043513108,26.520509151834414,8.169493764260123,8.736176929657175,9.489103667725498,10.560868494841534
2024-03-15,7.335456081289646,8.392511104723392,9.27932965766577,10.180015992566284,5.499252082565798,6.0024846877933005,6.975612086893051,7.288794936074315,16.221916399436758,20.4277462181964,22.516457991588897,25.215587417879572,7.662564477552458,8.319382819675734,9.035277429023685,10.041228892545119
2024-03-16,6.615588311967369,7.808739023200172,8.632401220553476,9.44599367359546,5.02780780863681,5.604475218897811,6.513692845087233,6.78859476092158,14.719973227841457,19.073234404185392,21.025436834725824,23.485144820218064,6.913037568637324,7.7677457377301415,8.436968858029342,9.352140436243326
2024-03-17,7.008775641103716,8.085839537439742,8.934672777897212,9.7918130679986,5.262517859352743,5.799432226408281,6.736766584396866,7.032636157545907,15.518659478402753,19.736715025965538,21.745492711919702,24.329406076589265,7.328842071002447,8.037954170274142,8.725908824398653,9.688338057969952
2024-03-18,6.699959253347796,7.993938012821736,8.833123638015104,9.671729361087271,5.084621171313276,5.738377012357183,6.66584330953736,6.952316312517593,14.869788693721404,19.528931002714327,21.51656069576006,24.051539557985738,6.998478275080877,7.953332263639164,8.634044274514263,9.57768740095237
2024-03-19,6.009339353409587,7.18115698783084,7.935365859462704,8.684093211151666,4.614672096934414,5.162075032462762,5.996597621406523,6.251623737770885,13.35092625944765,17.567651432227773,19.356314077235467,21.627493467165028,6.280905695587864,7.154583572080011,7.767192679970789,8.6123955265005
2024-03-20,6.848528406019103,7.894243790996087,8.717332491806179,9.562306252394855,5.1704070724558555,5.6823135919542045,6.595757628139338,6.895028389233193,15.13260675028343,19.338135126725657,21.290332333094135,23.853351976878596,7.173579649466791,7.875628932306842,8.543264631474315,9.498766103876198
2024-03-21,6.897953853308065,7.9025017684892,8.728651807096877,9.574699564794804,5.187331735638961,5.7061571296022375,6.6243795910243515,6.9272922439873765,15.224728953464389,19.41927981286014,21.38272067363104,23.964968788316845,7.237496974936651,7.908675833346463,8.58033770434705,9.543213609037739
2024-03-22,6.736927589307082,7.710453617901279,8.519023093690349,9.358811540793754,5.09894406637673,5.569221899895894,6.467305797754468,6.774393431571577,14.849140791320844,18.953259778446693,20.87570488438062,23.436015318727662,7.069782693608229,7.718884995604881,8.376885264425807,9.332576324502984
2024-03-23,6.9971895269494695,7.874829909173044,8.70577572703472,9.580944331651637,5.175700350446656,5.695177003383758,6.617114861416018,6.945667849580799,15.339493182153333,19.38191208207842,21.35927097817655,24.028539199236782,7.351735240236471,7.893457489915175,8.570927942645783,9.568528309673571
2024-03-24,7.463864910850437,8.194974340571376,9.065080281415595,9.995137592001951,5.430626360920288,5.925437870999223,6.889216575290203,7.24601194178686,16.268951248659288,20.165539331839827,22.237583409195963,25.067579641297094,7.848697423751083,8.212596714040037,8.923372207484643,9.982289953788234
2024-03-25,7.52345144168124,8.365375554216687,9.25357393832651,10.190209888230138,5.561659770133782,6.038673149665909,7.020869691174885,7.374371030165579,16.45184910315826,20.550903336225186,22.66254423218226,25.511637931080198,7.902155463057247,8.36953966032303,9.093898092754063,10.159120691674698
2024-03-26,7.70142311646631,8.442312058533632,9.338028271962944,10.28237840649998,5.717063117207769,6.101912026751998,7.09403223833968,7.450585785722422,16.824254457761683,20.766118834378048,22.89870435680976,25.775302891904428,8.09778109751983,8.457188101748544,9.188663097288938,10.264116073249777
2024-03-27,7.844967956925645,8.401254014398834,9.287958305308978,10.297968329088391,5.690004801561864,6.08366582152804,7.06901830072526,7.4802959657359915,17.014741930669906,20.704023074180917,22.817962298839305,25.878085265109263,8.262111826387843,8.431899046605567,9.156263379081667,10.305045571276738
2024-03-28,8.612680503743558,8.63908768289321,9.5585440430005,10.659369121248885,5.998036147444543,6.2672716378171875,7.288470635957811,7.761009976456066,18.45178412131988,21.32887315117767,23.52632870824793,26.849215436669276,9.097327996512167,8.68637484339265,9.440512661664174,10.691764316927546
2024-03-29,8.50786059692701,8.862528544187253,9.806568499786332,10.958661284369636,5.913392903689514,6.439347230175917,7.4887870236694765,7.992144023338969,18.241568293710483,21.914483396581264,24.172926522568982,27.64882371424323,8.980488341704332,8.924869866906159,9.699975790348686,11.010180446063632
2024-03-30,8.120820987249957,8.660147340795898,9.566353661949902,10.655954655470708,5.755750427273073,6.288845812700187,7.300496378186998,7.7641571222010555,17.505588245038876,21.402294707799573,23.565146394258587,26.860102987951155,8.563357168559962,8.716276430686209,9.456089204048862,10.696099904779969
2024-03-31,8.716284010447966,8.978887016818913,9.940063479948966,11.15311973938561,6.027865567874624,6.528691716997702,7.596361591415527,8.142686768668282,18.652691057001878,22.21854189863825,24.520164615147053,28.169626369314685,9.206405129674085,9.048700418312556,9.839313536167317,11.217571952783386
2024-04-01,8.239418323865669,8.608275864243183,9.529778956256969,10.692765293039848,5.741246889410668,6.264357499244575,7.288799466249029,7.813004983908735,17.67437492024323,21.318955710933793,23.527390133875723,27.029092174486,8.701283667300007,8.682335876925238,9.44093858456115,10.763393958820455
2024-04-02,7.508581443399877,8.21929217233256,9.099368599869827,10.209828916271148,5.378005527241798,5.99176257437886,6.97168361613637,7.473082376779897,16.193215527508716,20.391256560472105,22.503777348562572,25.85312985279291,7.922265125146059,8.30452207937062,9.030189012019376,10.29510794805093
2024-04-03,7.326289298584765,8.067515794940002,8.925684976283732,10.014949451513843,5.280633831686488,5.880271613924345,6.837273869350779,7.329005972101122,15.852577056218045,20.011828846075872,22.069918444217183,25.354697504387712,7.72794813431675,8.149996740415457,8.856092554784532,10.09662463632619
2024-04-04,7.523276177899474,8.313429183581322,9.194540873089299,10.316615735211238,5.369853979471419,6.072173843710263,7.057310128073638,7.564867089422688,16.234320200684422,20.66491340233384,22.780169690192984,26.17065908301101,7.941045509444838,8.415971282055704,9.141098173967546,10.421552897670972
2024-04-05,7.441225270089035,8.230176417225312,9.103079547631515,10.21399273723831,5.280709287936464,6.012459617481398,6.988354458036677,7.490952174331082,16.051796253295738,20.46169304901918,22.557588871717364,25.91495042069798,7.854728385264308,8.33320797092408,9.051782196913887,10.319725834690436
2024-04-06,7.6964230552492445,8.405842598684284,9.296314642024395,10.430809677086097,5.414458803727023,6.145605825931858,7.141922149176492,7.65556434973782,16.552947120682685,20.91481822927532,23.053287374349416,26.48442627170217,8.12982978484165,8.517747263684017,9.2506932998105,10.546499745365043
2024-04-07,8.052123200531405,8.521421754782464,9.416456276200659,10.565613044726181,5.609417205857293,6.2238095175851305,7.2268616231264176,7.746612613086856,17.25718417759095,21.180962209561997,23.32746203790543,26.79940775545348,8.511203805012423,8.626136786126038,9.360712564393019,10.671930143747028
2024-04-08,8.267296060108249,8.781154062628632,9.703469170378499,10.886002958246833,5.7256139496377205,6.408796635229158,7.441661947187927,7.975846340110646,17.761926639871362,21.810513152116265,24.02081230065848,27.592441876126372,8.735344926676882,8.882527052563324,9.63893625223062,10.987728344015345
2024-04-09,7.802248301385362,8.451465544411361,9.337610180419336,10.476181057896042,5.439165451294278,6.171078000318204,7.164370275111975,7.678967324450698,16.799112494618488,21.001505516466253,23.125747293037545,26.565388867012725,8.240076093334487,8.55305143870349,9.279769607819347,10.578740277293772
2024-04-10,8.063379035429115,8.435643315082674,9.318089457519664,10.451340461019392,5.568830412429416,6.174096672469081,7.166223344259291,7.677695614662877,17.30064140397672,21.01177870695676,23.13172878299015,26.560989386768565,8.532505364536615,8.557235287648796,9.28216982641416,10.57698833761425
2024-04-11,7.91074339593993,8.407246129717539,9.286170622707267,10.416193226252837,5.518117306702465,6.154053925097984,7.142477132564037,7.652731784564889,17.01461255135533,20.943568927489135,23.055078795657828,26.474627011967012,8.367230720019617,8.529456243334481,9.251412151262171,10.5425975316927
2024-04-12,7.138791420173155,7.517593966585576,8.308179851427743,9.323223936816548,4.929223526301794,5.519634953755434,6.409559739901643,6.869622507973286,15.3390910437822,18.784504737129783,20.689307379813805,23.765460326001318,7.560785335974715,7.650157991829251,8.302088723759063,9.46376631705479
2024-04-13,6.368487417994263,6.783167907615993,7.505530424568713,8.425587089635318,4.400130838946269,4.988415606706283,5.799658107254546,6.21788584020455,13.724462617348188,16.976651061170564,18.720616414858434,21.51077720434784,6.746255840217225,6.913893371561677,7.512103502858476,8.565917342549932
2024-04-14,6.713937961451596,7.132797003549632,7.883073655277534,8.849190807398005,4.6349132505514445,5.2370177482503495,6.081693903675267,6.520615510726303,14.451240860444788,17.82269761037539,19.63099489966033,22.558070555028724,7.108961891196772,7.258453415088692,7.877415053133037,8.98296541989794
2024-04-15,6.629575229365171,6.972332436075174,7.705730320841702,8.650401229406167,4.530319239778672,5.119359834019156,5.945058999213074,6.374327402092704,14.252104921970371,17.422282426082642,19.18995344721368,22.051986816386258,7.021845516634773,7.095380740826906,7.700436423454974,8.781435208672296
2024-04-16,6.492378921988425,6.940327075405298,7.670309466986263,8.613611180536783,4.46407274706473,5.094589468622475,5.9162527823054685,6.345984248926399,13.988517274536497,17.337983545806544,19.096970356293898,21.9539336728102,6.872568157158206,7.061049265939962,7.663124692498792,8.742388961525078
2024-04-17,6.214567828074799,6.757112383944182,7.469663699908831,8.38780641451103,4.297432189360099,4.956197352832564,5.757076749606701,6.17538585024941,13.410865473409173,16.867005414749475,18.58316878463484,21.3637484813049,6.573276326139119,6.86923919888181,7.45694929203651,8.507368277743852
2024-04-18,6.400117193018044,6.946200944383121,7.6759462231278,8.61507838868009,4.470014224829127,5.093398712085274,5.914117251564728,6.340591002592267,13.819639284169615,17.33393114523998,19.09007711343368,21.93527573612832,6.769239576188839,7.059398889472005,7.660358610833063,8.734959088495328
2024-04-19,6.498283054811106,6.974149133658498,7.706935230423027,8.649067928087051,4.521901062022323,5.1224333496385945,5.948075009775088,6.375174958799527,14.026373578214923,17.43274226069067,19.19968877570899,22.054918938968925,6.879397394263521,7.0996406022626815,7.704342961235059,8.782602824302485
2024-04-20,6.780047856856252,7.336610875735312,8.106429794647104,9.082719631494532,4.748081237370204,5.374798298599985,6.240305109562856,6.678596244803949,14.644491119370912,18.291594452722933,20.142973276593533,23.104604933538923,7.169642694353279,7.449415858657311,8.082858852285673,9.200603688692523
2024-04-21,6.64865062751133,7.2583908874684315,8.020230811043657,8.989847892316629,4.71113565636969,5.318987406488257,6.1757449574638565,6.612246303283676,14.39857051775061,18.101657984815233,19.934580674688522,22.875067298683096,7.029410963529252,7.372062528972137,7.999236242856107,9.10919832530184
2024-04-22,6.7999705286874645,7.482148602280729,8.267474111434748,9.264271258604587,4.817434697040517,5.474627401560984,6.356454713154874,6.804489154802954,14.719115316313585,18.631334358203176,20.5178905795401,23.54013147876519,7.183738858797169,7.587777981557236,8.23330355572566,9.374036956651826
2024-04-23,6.743363598684523,7.387388764613456,8.161653092568303,9.151855283785574,4.768431470688771,5.414518129758136,6.28592213298771,6.732866961593626,14.598890901645412,18.42676957984627,20.290219680042064,23.292354488224312,7.129299876139526,7.504467141271915,8.141945059631444,9.275368405525281
2024-04-24,6.438308864936437,7.113608551074651,7.859593382611459,8.821243320955993,4.564534420164063,5.216975111888552,6.0569267108281055,6.49368850920679,13.963647607714497,17.75448820869628,19.551049304870087,22.46491658833442,6.80636942910853,7.23067452463214,7.845334935184289,8.945870099201077
2024-04-25,6.452881912964926,7.132030322636699,7.880907280886382,8.849690538244047,4.582731018065066,5.236352427294622,6.0801647015022775,6.521549138613965,14.000421179500732,17.820433380086737,19.626058814330495,22.561300440877286,6.824392185917135,7.257531287000651,7.875434328616548,8.984251609371329
2024-04-26,6.371300890481238,7.147363311363885,7.899961025740947,8.874467853641201,4.531362970000944,5.255858230782296,6.104365666213107,6.549278642599328,13.829389141652625,17.886815824050075,19.704176691081585,22.657230664999346,6.738659576146746,7.28456613254542,7.906781030165967,9.022452477832548
2024-04-27,6.391786618803913,7.139389164757869,7.889216208199729,8.863736337935677,4.513754015007827,5.246603756818159,6.092159407288588,6.5376286823594905,13.902808795770655,17.855320858988897,19.66477631834228,22.616927625413403,6.759740651759956,7.2717395256139685,7.890970670533046,9.006403196931766
2024-04-28,6.359742326065427,7.084586343157581,7.831456825710317,8.802578045766774,4.449002587760223,5.207932668677027,6.049543982998636,6.494678814342693,13.823997237363514,17.723714829883146,19.527218724991954,22.46834254913367,6.7271351796664485,7.218141790170554,7.835772334327001,8.947234368690106
2024-04-29,6.261475739265789,7.041818227577897,7.7841800145521365,8.749803621338096,4.442806028581118,5.182921358028705,6.020490799429367,6.462770112641686,13.637013603351386,17.638595961100787,19.43343845464284,22.357954389748006,6.6240691067497215,7.18347636761173,7.798140715699879,8.903276131388354
2024-04-30,5.887129150756295,6.706479412026891,7.413255351405626,8.342973274382038,4.166135828717337,4.925782786532089,5.721779600394348,6.151760817532877,12.82957173000063,16.763498105020542,18.469233725236094,21.282017676289982,6.221004189885329,6.827084918861304,7.411230073190253,8.47482183307349
2024-05-01,5.814027371116029,6.7572384182741905,7.471845597982327,8.406118332547127,4.142852703396122,4.934323359548567,5.733461485335724,6.162427053686388,12.6816151151864,16.79256351163347,18.506941480235728,21.318917522218896,6.126811896320793,6.838922066329245,7.426361228711011,8.489515910706167
2024-05-02,5.898632084107794,6.850131829788363,7.576231728724122,8.523283536520767,4.207121371472749,4.982119851200482,5.788539133040953,6.221660970514948,12.847398839099444,16.95522525129122,18.684725669692096,21.5238372683489,6.2065041131040335,6.905167518366524,7.497701466808514,8.571118057877824
2024-05-03,6.324219267305638,7.096019146475112,7.838847749821827,8.822877196879208,4.460364739390315,5.179078111634908,6.01229851763987,6.4652651025368915,13.705885079396424,17.62551656713813,19.406994729494325,22.36658580774797,6.671721923117341,7.178149667139615,7.78752952662818,8.90671329279049
2024-05-04,6.6671304222654895,7.162478227898213,7.9103869660032675,8.907048541530264,4.636427025957659,5.240302663119772,6.083057168914961,6.544121650013227,14.353939660349585,17.83387688209222,19.63539536002404,22.639390048202106,7.049820541595131,7.263006273738105,7.879180845080257,9.015348073962176
2024-05-05,6.702168450762135,7.195934637451712,7.947409629185846,8.950217892625037,4.655258398122102,5.254992485784216,6.099555280620837,6.563196228301854,14.406550045559579,17.883869507644405,19.6886493303622,22.705378555289276,7.082410012782041,7.283366218770066,7.900550298321171,9.041625697122752
2024-05-06,6.55365935094347,7.122118072812586,7.865884364412991,8.856644116306887,4.6043906011651705,5.208250008662983,6.045300526893712,6.5039945950192966,14.112727590339505,17.724794806098863,19.513521346190572,22.500570494092592,6.926184319688652,7.218581620168377,7.830275927318085,8.960068024583421
2024-05-07,6.368800555561387,7.014994377330241,7.747164589245838,8.719155095188102,4.467204438207337,5.131135800781513,5.9554268569873,6.4043302770060295,13.721455922843823,17.46235857337954,19.223419676575084,22.155781767650467,6.72845496388755,7.111702111169937,7.713865563459878,8.822767930621714
2024-05-08,6.193234803479617,6.957206037444908,7.6839143869646085,8.642593606542285,4.375856494650905,5.0854650397793355,5.902972276492755,6.343321378178881,13.402164917513755,17.306931152258144,19.05410244054485,21.944721470970876,6.537136204492144,7.048402900225558,7.6459228967393775,8.738720523200005
2024-05-09,6.463465393859934,7.111168383054433,7.851976379426312,8.834628142012805,4.537311150560311,5.204268553680223,6.0391307046034015,6.492567309951545,13.95338325042824,17.71124505858641,19.493605883191076,22.461037799305306,6.8300523581981265,7.213063363995523,7.822284362508242,8.944325506651168
2024-05-10,6.175642156110423,6.849793233030647,7.565858647552287,8.508033987269114,4.335451994554348,5.015735820343086,5.822354048186826,6.2559958210953255,13.35112483094512,17.06962762334897,18.793876251302247,21.642618690227618,6.525472454552969,6.951758910214716,7.541500797358436,8.618418619451116
2024-05-11,6.140166281811106,6.824825423403838,7.538152220946948,8.475790941125922,4.289117976518981,5.001920478478674,5.806042242094597,6.237960960718387,13.262828123986674,17.022611044015125,18.741223653642365,21.580227087446588,6.489615748518381,6.932610986690901,7.520372659558364,8.593573338073579
2024-05-12,6.110980210952217,6.8343748800238,7.549188629679608,8.487313574411418,4.3104974262658144,5.0122083029989,5.818230807491628,6.250612637489906,13.224149330476425,17.057622723239213,18.780566913749336,21.623995565557568,6.458994198043808,6.946869806999008,7.536160101355894,8.611002609091832
2024-05-13,6.289459923162948,6.861818892309532,7.579503037235126,8.521675993793345,4.370914852288277,5.0310596186842975,5.840113638182624,6.274324491530102,13.548526767096194,17.121777804464745,18.85120212566381,21.706026728957617,6.652284994917609,6.9729975390964025,7.564504201309074,8.643668661021188
2024-05-14,6.160893983358767,6.716901505509241,7.4195728096080185,8.341860028653457,4.267483924246331,4.927951111668615,5.720556411436955,6.145931010404772,13.270575368214795,16.770877381755326,18.465285414689028,21.261849457461306,6.5178804828939345,6.830090195480331,7.40964571737452,8.46679054281411
2024-05-15,6.551426497220241,7.108292426498077,7.851936297167196,8.827430172083112,4.547582091696854,5.207698135128693,6.0453613573858425,6.494321963127103,14.089699357782308,17.722916661782072,19.513717699887366,22.4671080222879,6.92872583434549,7.217816729054346,7.830354719023487,8.94674276139867
2024-05-16,6.389417650503875,7.109533612442002,7.849907538209521,8.826457388797655,4.66864427083675,5.204227091253963,6.038410955704404,6.4878230538777215,13.8322902725215,17.71110395303341,19.491282618128903,22.444625044547973,6.7499311235758555,7.213005897493793,7.821352095790905,8.937789699075303
2024-05-17,6.620408048664528,7.332842164589073,8.0987031681057,9.10493993711606,4.857582513289837,5.371268011260286,6.2341991082134225,6.697234537767051,14.3602740680568,18.279580125722767,20.123263820108793,23.169084111462436,6.996665913723628,7.444522916255955,8.074949952609646,9.22628027411579
2024-05-18,6.565780606530303,7.331138058760631,8.097572672365878,9.10269376080997,4.840596673101085,5.372267649816211,6.236029168837472,6.698458385302132,14.269907906000256,18.282982110699404,20.129171041245833,23.17331801223446,6.938163310831896,7.445908405142743,8.077320369032499,9.2279662775412
2024-05-19,6.418209019407305,7.212115958511159,7.969364612418579,8.958087859449959,4.814093856829626,5.292422573007836,6.146164892437456,6.6016811351629014,13.978314478164949,18.01125214375241,19.83909969276769,22.838517097631957,6.784210983039003,7.335243939544665,7.9609221722694885,9.094643481556147
2024-05-20,7.11224019395238,7.841420028508107,8.664743557340586,9.736169534432719,5.202210594307583,5.751991245163724,6.679868465707368,7.172049638593563,15.496112029796137,19.57526316467603,21.56183225555922,24.811707039837565,7.521352281198773,7.972201452051118,8.652210591018518,9.880397607756095
2024-05-21,7.226996259139482,7.8229899887642995,8.64780772143248,9.712382065940705,5.185765733016545,5.734576287009958,6.662508373717839,7.149551133002945,15.715558484189412,19.515996317017244,21.505795913924512,24.733873455621318,7.645329717489848,7.9480644969057845,8.629724643496653,9.849403095445494
2024-05-22,7.05277213728214,7.636408366283665,8.441645434759856,9.479659279770278,5.067292734058793,5.596270544705899,6.501877839748871,6.976213425442613,15.350248090985286,19.045312133507025,20.987299382691837,24.13421162453179,7.460257204156388,7.756374142621867,8.421665276103093,9.610608670223295
2024-05-23,6.88329398284153,7.569071525892952,8.370663027873627,9.402631113049987,5.0229915054702365,5.559751540853989,6.4625903420962265,6.9363446956950545,15.035001102774556,18.921030110040107,20.86048394635865,23.99628574665947,7.283324606934496,7.705759174148047,8.370777492154966,9.555684496260202
2024-05-24,6.9741584070192655,7.606344944529674,8.407118977537818,9.449276952728523,5.1415056733042395,5.586564666303445,6.489757229385765,6.970076739110243,15.203845223417126,19.01228094206839,20.948175473467288,24.112981757039684,7.381085313059887,7.742921893723101,8.40596585419207,9.60215461538357
2024-05-25,7.2340778387792675,7.684636358530649,8.496483800554385,9.552943109675022,5.27456113262821,5.636405314519559,6.550136149266268,7.037455388357016,15.693228050440325,19.181899386107013,21.143071547981144,24.34607820646397,7.658870715694245,7.8120005259991405,8.484172653135232,9.69497715264674
2024-05-26,7.0455454007818386,7.600714166119848,8.405403074769435,9.44729339287495,5.147429762117699,5.56104020144641,6.463914828754981,6.942100766797519,15.339853121153949,18.92541569916071,20.864759234009508,24.01619887569392,7.449465642417008,7.707545244642284,8.372493055501065,9.563614205899245
2024-05-27,7.1582938931429405,7.749726713925058,8.570191606495072,9.644536937666564,5.4068784760112525,5.67454653858368,6.595849731075671,7.093703198311943,15.649938389303676,19.311702173812197,21.29062963057443,24.54066751531708,7.569923093749745,7.8648638752128,8.543383929332544,9.772465563202298
2024-05-28,7.00302225330054,7.589236828248358,8.39306132245914,9.445499923614824,5.312949787505172,5.564013643781161,6.467588323202104,6.956346606655892,15.332321340199075,18.935534962860334,20.87661684340215,24.06548236129619,7.4087242787575995,7.7116664055217665,8.377251210204951,9.583239636445589
2024-05-29,6.929766116500359,7.504150907422536,8.299444365765824,9.335444715264469,5.274416040600918,5.509327002091633,6.404205826716753,6.884769494481329,15.172588262473283,18.749424560907805,20.67202557574895,23.817861328603353,7.334910241108275,7.635871275504554,8.295153978771268,9.484633190096687
2024-05-30,6.814521860473059,7.444551353041612,8.232845902915487,9.252770235396904,5.170680895880029,5.473782527752749,6.361925807146582,6.8334678202136985,14.93626255515206,18.62845907094487,20.53555062951103,23.64038317706741,7.214661245946441,7.586606995039054,8.240390081100003,9.41395870159619
2024-05-31,6.796712952481,7.424233252570681,8.211851541022495,9.233290285579484,5.220149017090326,5.458246846316434,6.34514713388711,6.818731226772976,14.930645976995873,18.575587806091306,20.481391039371065,23.589401929357013,7.195569170927982,7.565074698339309,8.218657225846323,9.393657196459543
2024-06-01,6.840960230469828,7.46199680629172,8.252888381711019,9.280255654508416,5.23892114656277,5.483459104215141,6.374009888694095,6.850227715493963,15.029595683738135,18.66139054158014,20.574556628001506,23.69836403786271,7.241598707891814,7.600018631746468,8.25604218845584,9.43704755869811
2024-06-02,6.752577001782411,7.403873984169877,8.189151112875534,9.20799032880375,5.173055670365953,5.441777929627355,6.325955674739649,6.79818087520913,14.84664997609796,18.519540540981694,20.419443259261122,23.518307984353616,7.147361519654283,7.542248947056606,8.19379916959189,9.365346510580103
2024-06-03,6.783450220771154,7.415701467215832,8.2022330543234,9.22298252169337,5.121745721916318,5.449760040233422,6.335234715255054,6.808377397740843,14.890629658436682,18.546705379915462,20.449394914164632,23.553582855921793,7.180376546791062,7.553312071295125,8.205818000955716,9.379393498806126
2024-06-04,6.913253830832856,7.542396093913573,8.342548342829486,9.380512615359999,5.191281862363561,5.53881146983868,6.4389020581790835,6.919571473869471,15.145871269001484,18.849766545243074,20.784020943102576,23.938258782678197,7.316427159438232,7.676736448375528,8.340094848919826,9.532577280171223
2024-06-05,6.980938112931151,7.61026883699234,8.41810091966737,9.465804454310799,5.222827996320645,5.588889374661983,6.497524746561799,6.982844722996298,15.283350198748778,19.020192424537655,20.973248108243197,24.157152599634735,7.388342269747023,7.746143915899698,8.416026859842319,9.619744114034667
2024-06-06,6.874216380101808,7.518117034503512,8.3169556354987,9.352866731343873,5.121849009193186,5.522541743759714,6.421069907888236,6.901326118977645,15.051350429565291,18.79439716861533,20.726460852615606,23.87513897408431,7.275263728269845,7.654186773255582,8.316997460041708,9.507442016207655
2024-06-07,6.47710175474853,7.184850830768076,7.949499621205883,8.94111165670518,4.845097325130488,5.289521431153402,6.151258556577903,6.612565239748782,14.24865288660733,18.00137893413542,19.85554144342884,22.876170659442604,6.857227518016478,7.33122298639666,7.96751982535941,9.109637700270726
2024-06-08,6.403443830970894,7.096693199176635,7.8528727644280085,8.833163756603334,4.775211838865751,5.238172804244462,6.091993213341073,6.549494693631732,14.093941429934125,17.826628514316475,19.664239863764376,22.657978093585562,6.785316537612477,7.260054310966482,7.89075540506184,9.022750115218127
2024-06-09,6.451257526885079,7.18326588410809,7.947648318757324,8.93986359024098,4.844765506737679,5.2978687972339005,6.160807140492092,6.623537028621035,14.214489747267946,18.02978681599634,19.886363152822195,22.91412756505804,6.833265799878107,7.342792351013427,7.979887787287957,9.12475271508363
2024-06-10,6.383157334141635,7.125002045968611,7.8831845354720596,8.869516715193544,4.7604196113709625,5.25212192679985,6.10760883437843,6.568222277374938,14.054258157235468,17.874100378111056,19.714645257688286,22.72276617297922,6.759454792973167,7.279387653169394,7.910981797605102,9.048549709886258
2024-06-11,6.123315335938513,6.870780172915288,7.602620181789847,8.555704443367175,4.537331969073202,5.057047392474981,5.881303272371873,6.326721619727459,13.461742788709147,17.21021978730754,18.984157435729546,21.887294603564317,6.479989106258923,7.009016329654167,7.617855759203059,8.715852274657744
2024-06-12,6.377026854470118,7.075940266724979,7.828026077365251,8.80284486204027,4.762547461351679,5.195704771830535,6.040848948670708,6.493725491080832,13.997835591384286,17.682100667323034,19.49915217359239,22.46504452713445,6.745423309313969,7.201194049320442,7.824509946678562,8.945921046369348
2024-06-13,6.178809524113179,6.866260438922353,7.595578919682694,8.544914084355945,4.57729154021437,5.054483620923174,5.877051132809545,6.319787412308659,13.563635475782315,17.20149472138138,18.970432027745723,21.863305711727467,6.541149676275289,7.005462968319475,7.6123481048017,8.706299534528377
2024-06-14,6.006161681414269,6.754938776995822,7.472556109886761,8.408608418565613,4.45891931456992,4.979341442766729,5.789959633243321,6.227480476668301,13.227337864213775,16.94576972989845,18.68931087780506,21.543969850953527,6.35899170003827,6.901316672493178,7.499541393291883,8.579135157252939
2024-06-15,6.078728273110189,6.843893233751168,7.570446064483685,8.51713301879103,4.502296224146081,5.046595778153075,5.867737915467348,6.3097431733971145,13.390792846162158,17.17465069616558,18.940370054052238,21.82855766537119,6.436329227921429,6.994530498344282,7.600285005335251,8.692462336082437
2024-06-16,6.112809188204973,6.891342004885283,7.6229001518576505,8.575914756192292,4.551926308668363,5.07244478113305,5.897751300508866,6.342278733755486,13.481412569833978,17.262620412097075,19.037249742179178,21.941114442396948,6.468271714492021,7.030356953967679,7.639160340869427,8.737284149780159
2024-06-17,5.8551436884935795,6.715379639854998,7.4282583044265245,8.365153684138308,4.3754821426538015,4.95382895447201,5.759836216927648,6.200354282453073,12.939089136121213,16.858945245807885,18.59207602162527,21.450126777091874,6.19702986941811,6.865956622806107,7.460523537922102,8.541765423642977
2024-06-18,5.619552164045473,6.4476290999040335,7.133377249334544,8.037601542108144,4.213920568547694,4.76047236450666,5.535983239194913,5.962929785696159,12.45949148256314,16.200911189101255,17.86950485415999,20.628756687025316,5.949370645331597,6.597966352726767,7.170574250041161,8.214683411109704
2024-06-19,5.652237985099789,6.517579985171893,7.210087923686789,8.120987358974771,4.271502285163462,4.815423532593163,5.599171047399328,6.028461221462723,12.558430895249677,16.387921831268713,18.0734676908677,20.855462701076103,5.984446074739035,6.674128113643818,7.252419308244953,8.304961180200515
2024-06-20,5.6920207312527005,6.515940811664433,7.207618904330202,8.118268064870875,4.279108385695439,4.825695307906059,5.609965802730001,6.0398835973206335,12.623671694375291,16.422878891588898,18.10831189549159,20.894978412451042,6.032655422538464,6.688364689913552,7.266401394401137,8.320696935080695
2024-06-21,5.664900997087743,6.450330166959287,7.136303498996153,8.041923140124728,4.221153645371176,4.7749971927843715,5.552267235564075,5.981013370905604,12.550512446462081,16.250342303273587,17.922067685294245,20.691316853373344,6.004001484823367,6.618097617214302,7.191666366835478,8.239595817053132
2024-06-22,5.667075347225834,6.467170443431791,7.153633796891697,8.064937519612625,4.17310310421134,4.778012959812064,5.55541194878242,5.987417141427488,12.539009271763184,16.260605607005157,17.93221845087502,20.713470698668047,6.002084971924975,6.622277439688377,7.195739608869085,8.24841781385089
2024-06-23,5.5822588109258255,6.353614155745313,7.0290670380769935,7.926492012294189,4.09912376216023,4.694271427479488,5.458917679634021,5.885017248872875,12.345275500408516,15.975615163982196,17.620746263109382,20.359218251598517,5.912785895121833,6.506212526303804,7.070753803866416,8.10734912297252
2024-06-24,5.46600741323355,6.2756042501884615,6.9427638974782955,7.821289417910453,4.091207160026483,4.625362994221057,5.378784804830846,5.793183818699239,12.119860096944555,15.741104946945015,17.362086738070545,20.041520483073526,5.783464910297618,6.410706137600008,6.966960366672235,7.980837058845541
2024-06-25,5.698341969801348,6.468453630312699,7.155459283294955,8.054488521378467,4.26140181188841,4.771768709154485,5.54862796407331,5.970604188359741,12.605780004186833,16.239355079200358,17.910320543592405,20.65530628444722,6.033227795705307,6.613622971689806,7.1869525399843,8.225255862994334
2024-06-26,5.591539907485325,6.381881701566747,7.059353659179447,7.950095580152728,4.179678829336591,4.705753289670544,5.47153209676554,5.890868631496889,12.380479739469788,16.01469041017619,17.661464122688173,20.37946111085925,5.918259302039989,6.522126270697756,7.087092837196963,8.115410136182646
2024-06-27,5.746355884674218,6.546789551126791,7.242302226976042,8.146339187414721,4.299349179241564,4.8023562440088305,5.58361346311262,6.005659220949339,12.691846055310466,16.34345103811475,18.02324963277062,20.7765791761189,6.071846831217882,6.656016984369416,7.23226808876703,8.273548565581653
2024-06-28,5.606578339980053,6.441032813159878,7.12353986377231,8.022183460354972,4.161422775658367,4.725152468594348,5.492388329418684,5.91511452038813,12.384828358292959,16.080709987819215,17.728785596495424,20.463339767924413,5.922711454831956,6.549013335679814,7.114107218988561,8.148811888076532
2024-06-29,5.584281053939864,6.430196869449453,7.109857759231188,8.015601676237148,4.127216403418493,4.723594716707812,5.489786727035714,5.918884419590157,12.338752346846688,16.07540862315705,17.720387929016603,20.476381734905104,5.901592730459992,6.5468543073846615,7.110737450286211,8.154005396896766
2024-06-30,5.694794764940588,6.561134950426756,7.254196315847712,8.168828567268777,4.267618293362078,4.818891514855715,5.600096803266218,6.03024231763006,12.595724267620175,16.399724120692742,18.07645592226985,20.861624403593606,6.017882637868052,6.6789347018409835,7.253618408909482,8.307414863484615
2024-07-01,5.688121871172454,6.575306664101139,7.269865006387185,8.186472816378899,4.2743139797699214,4.821662718826328,5.6033172556148925,6.033710134119155,12.604668402151232,16.409155123748135,18.08685116488363,20.873621315373512,6.006789795847161,6.682775562401581,7.257789753309768,8.312192215492695
2024-07-02,5.739942829264686,6.645968419826691,7.348859541833871,8.275427235272318,4.296967911262211,4.865406915273902,5.654706228510236,6.089046313099544,12.71184706734421,16.5580260313853,18.252728744516112,21.065056836703043,6.057535079711914,6.743404574438305,7.324352174086353,8.388424740080662
2024-07-03,5.496086228919075,6.399721028145844,7.076237209046353,7.968431807634805,4.099111191828053,4.698990069000607,5.461644288875473,5.881155214211706,12.196573992545074,15.991673715815587,17.629547438071505,20.345857541980028,5.805474452763572,6.512752515532403,7.074285489778733,8.102028686005388
2024-07-04,4.993229554225889,5.913672316675451,6.541401547166794,7.366162356501914,3.7602382377712877,4.345580004007265,5.053068703503697,5.441196786453394,11.109906142648862,14.788943264320782,16.31071335013558,18.82382128047593,5.27289899244281,6.022929754470603,6.545071175884168,7.495930789841385
2024-07-05,4.97036327949615,5.8186260305000115,6.43701269381417,7.2486118229564624,3.720356279776535,4.261806192426644,4.956409087734999,5.33711270971488,11.009654573657096,14.503842968075121,15.998707442864953,18.46374239791337,5.244609949355496,5.90682010237605,6.419871202924948,7.352541924086912
2024-07-06,5.2678843274962635,6.141068059697166,6.791531512117685,7.647829506694278,3.9488315675760584,4.480076147798112,5.207760805310962,5.6077708460263,11.629606362070884,15.2466625648419,16.81004131857559,19.400084270112725,5.551130740995603,6.209340043903188,6.7454386903756385,7.725407441935656
2024-07-07,4.907366869661812,5.7611128408454055,6.373180770113141,7.176731766347909,3.6939142277880284,4.199563518315905,4.882929702558093,5.257989345685033,10.858705564538235,14.292017762879384,15.761524602280637,18.190015105543438,5.16834692935578,5.820552388157535,6.324695808691818,7.24353956965934
2024-07-08,5.057402671187767,5.9597913552049535,6.592967141623459,7.418229392170991,3.848743012041494,4.35506817624829,5.06373856752525,5.44907122063198,11.228077975216026,14.821233554874686,16.345154420255962,18.85106288696067,5.330815730349899,6.036080264840522,6.558891494497617,7.506778810217859
2024-07-09,5.098426460163105,6.029523696795105,6.668660849028101,7.508306402160188,3.8342899180669,4.399380018233467,5.114278774338849,5.506660184700439,11.312613066543985,14.972036282347664,16.508292282486412,19.050291918715466,5.370261111238834,6.097496027827698,6.624354536907776,7.586114828718524
2024-07-10,5.13886144335375,6.095195002994127,6.742178784704732,7.588307813914336,3.845632769260658,4.452646680421224,5.176868880319732,5.57242824432506,11.420509075403402,15.153314188691134,16.71032580649152,19.27781653304659,5.414848452315832,6.17132308067591,6.70542541137797,7.676718576841676
2024-07-11,5.110731345576149,6.095978829764328,6.744786780275209,7.591752960028194,3.7798275460089465,4.4661464138412725,5.1936284271903075,5.592331374193948,11.3746773400642,15.199256684617673,16.764423658890518,19.3466714144776,5.390242028954526,6.1900335741009656,6.72713349285872,7.704137633687744
2024-07-12,5.202559501608918,6.290054262617823,6.961939646703963,7.834284894869569,3.85878038833913,4.607898706672107,5.360524834621249,5.770487369940856,11.59332044420083,15.68167022074621,17.30314569504372,19.963002114432104,5.484326989181317,6.386500812413911,6.9433088369377485,7.949569855003259
2024-07-13,5.398220868443395,6.554126981825666,7.256969090542275,8.169057169583684,3.969464533236152,4.808991664905724,5.596233477903983,6.0272975603928804,12.0158485610404,16.366032802364536,18.063985560939127,20.851437015391607,5.693236687373867,6.665213610347188,7.248614372559475,8.303358091177143
2024-07-14,5.493647540984008,6.615685409901715,7.3198343599590965,8.238271899148518,4.066072044615995,4.852379139914575,5.642459022077202,6.075613752967287,12.210664106929434,16.513689710233297,18.21319619802004,21.018586892462405,5.794703169933916,6.725348210092489,7.308488776512841,8.369919704325943
2024-07-15,5.855032186214343,6.916858091354978,7.65306274150866,8.598019755498278,4.352526326414454,5.081476835512242,5.908859136781534,6.350269638743488,13.004994926651527,17.293358435479682,19.073104535378036,21.968758979668223,6.183596933479452,7.042875289613155,7.653547950316391,8.748292623299697
2024-07-16,5.826465372061226,6.8983629749115005,7.631377739958437,8.580093892717134,4.31470901429565,5.077625052939157,5.9031339840017205,6.349461118867979,12.921643259980206,17.280249991063215,19.054624413425106,21.96596190501064,6.157271061386249,7.0375367580832355,7.646132351076524,8.747178785799072
2024-07-17,5.730993050010585,6.853433307941014,7.58394150524572,8.542068295525471,4.211389886341223,5.047685696563724,5.870082153985133,6.326287682142439,12.711351476650583,17.178359922902402,18.94793698114773,21.885793396409372,6.055763942154388,6.996041114192888,7.60332141921609,8.715254471227343
2024-07-18,5.650318252190117,6.739126938295989,7.448263519007598,8.37512920179756,4.16836150872916,4.968033093212472,5.769466762631194,6.206532690599991,12.556249993160025,16.90728498452114,18.623162294065427,21.471500981209058,5.972967714872636,6.88564341485174,7.4729976622198,8.550276955513315
2024-07-19,5.864871982547105,6.927125042445944,7.655704499235435,8.603844770034414,4.321580772270377,5.100503801272953,5.923435896126459,6.36841912185643,13.007488457552013,17.358111291684807,19.120156605555533,22.031547119825472,6.19910924259716,7.069246470931138,7.672428739995761,8.77329581186746
2024-07-20,6.096275795091187,7.0102885517005875,7.750929413447935,8.707427516552062,4.442708628184651,5.167962521202414,6.004242569088379,6.452630558678927,13.44529093591161,17.58768782250475,19.380991072054304,22.32287660095457,6.4518320481759925,7.162743571683394,7.7770949254476704,8.88930762450877
2024-07-21,6.2604294543602155,7.109225002510172,7.862834413438141,8.828101266395889,4.578267766344425,5.241404076896531,6.09164945646149,6.542515968954739,13.784062263553233,17.837625230031986,19.663130256859347,22.633835194285833,6.628319119737537,7.264532822047399,7.890310148253335,9.013136046984032
2024-07-22,6.135490883562454,6.918452082142836,7.651838716595412,8.599543418231855,4.421677295351404,5.111169889659213,5.9402890567941835,6.386058924471225,13.471148756124206,17.39441028419011,19.174556632316385,22.092572020205928,6.501822007724497,7.084029561116151,7.694258076302306,8.797596851645356
2024-07-23,5.940332543049062,6.822726568444991,7.545799346489798,8.474088730122753,4.339634111300756,5.048344776056595,5.866907508124758,6.3016517870522035,13.108233935457317,17.18060291215074,18.937689596507806,21.80056551282727,6.29482337712611,6.996954591676797,7.599209406430674,8.681315436895417
2024-07-24,5.833126752396419,6.727012357097083,7.440748044396856,8.367738526997805,4.227585951072559,4.984303697265979,5.792827797496498,6.231060282542722,12.848348261500258,16.96265734908506,18.69856897574903,21.556354190032508,6.183215816125773,6.908194306835483,7.5032564306845355,8.584066788680518
2024-07-25,5.709322752495468,6.599755562372012,7.300194101686659,8.210038479180497,4.122769063910009,4.880999896166335,5.673551445279476,6.103566996051888,12.532753269984791,16.61109229861021,18.313558894822823,21.1152911420393,6.047980915735554,6.7650162876023305,7.3487617541488826,8.408428801448737
2024-07-26,6.010721810832494,6.8261172556224965,7.545682691530178,8.483120413375875,4.326138119305777,5.054682796886355,5.871022703709982,6.3132382879222275,13.177436398214702,17.202172560016606,18.950972965388935,21.84064901471171,6.373142917066722,7.005739024181736,7.604539681870883,8.697277294557756
2024-07-27,5.9368416525741186,6.809792339471768,7.526802273941641,8.458066757690323,4.296929042240214,5.044543526818074,5.858424444779609,6.29650045453876,13.033174592829845,17.167666443538906,18.910307262589047,21.782744477052425,6.293766975513394,6.9916860988353955,7.58822157771878,8.674218830484792
2024-07-28,5.905832203018972,6.806540566266135,7.526333486499193,8.455460539558599,4.254597086331481,5.050539909004371,5.867487648913304,6.304084187407528,12.960237320024646,17.18807342163218,18.939562222957182,21.808980402302538,6.263375937778547,6.999997023649971,7.599960843423889,8.6846663733589
2024-07-29,5.877778218554187,6.844075691018978,7.567837957617363,8.497219277095702,4.26750292045008,5.086328913637954,5.909065687387975,6.3436606058353595,12.92814573567731,17.309871100773858,19.07377125651951,21.945895029110662,6.23488309934405,7.049600220620621,7.65381548842044,8.739187851829115
2024-07-30,5.767152998241767,6.767680455543975,7.482409794159824,8.414729720879322,4.167538647909792,5.0351791959389285,5.8487084471053485,6.288876927523344,12.69351886644846,17.135797611771387,18.87894516120587,21.75637088394468,6.1183355683602265,6.978707231335383,7.575636770336552,8.66371646618429
2024-07-31,5.619054345973891,6.606515305099201,7.304746262873865,8.216534305369116,4.064357224911521,4.915714131950462,5.710369283807024,6.141350850813934,12.375191057631895,16.7292323082297,18.4324025610445,21.24600439451694,5.961062994750412,6.8131298658623365,7.39645067109116,8.46048079871795
2024-08-01,5.538290242793844,6.552775773879223,7.24348133088681,8.149698359120329,4.04340476369119,4.875609897735407,5.662216705483252,6.091247413895778,12.227447473587477,16.592748974838404,18.27697168365223,21.072671545311223,5.874285230717546,6.757545804514629,7.334080244143888,8.391457032401187
2024-08-02,5.193003746887141,6.157122729077807,6.805268098269461,7.657292694411229,3.770539802440073,4.5727735524608795,5.310111363879733,5.712631566838221,11.445607753524047,15.562131767351879,17.14041692199533,19.76284995298964,5.50452889081084,6.337817705386981,6.878009951530192,7.869866232276772
2024-08-03,5.078766638061946,6.0574155207937785,6.694895435990258,7.534174109411742,3.695631290662862,4.498364765855193,5.223564824334813,5.620384011317957,11.206968766027977,15.308902665030972,16.861054839112004,19.443719517752054,5.382368407227699,6.234687882802154,6.765909108540425,7.742783658561834
2024-08-04,4.851581614061691,5.741869152139421,6.346611904829395,7.144938884548389,3.4977723980216533,4.271905145824688,4.960907624301726,5.340310079331895,10.674983918810486,14.538211878253964,16.013228191491244,18.474803698689726,5.145809628134556,5.920817149226871,6.42569800713921,7.356946701620111
2024-08-05,4.453649856566808,5.306582320758823,5.865479974989748,6.607075503931506,3.154789883512947,3.958045369141902,4.596426366886848,4.9510459801842535,9.77449934789472,13.470079563112183,14.836725424554999,17.12814447630995,4.726609912364463,5.485810686114683,5.953597603991706,6.820686599165228
2024-08-06,4.566969958721101,5.499276946331637,6.07755133324008,6.846136673483896,3.270092365879193,4.08930119505019,4.748507716381598,5.115011178651729,10.033611085647154,13.916771365053288,15.327626190616359,17.69538211047412,4.8408698136042965,5.667729927868751,6.150583498182591,7.046569217988122
2024-08-07,4.543671286265998,5.549178717049174,6.140990363290571,6.9163250410793005,3.1754426433023526,4.124525023157193,4.796467144359967,5.165634762092704,9.915585888916846,14.03664562693462,15.482433601338732,17.87051440667091,4.813455292046842,5.716549795913153,6.212703743936517,7.116309551355967
2024-08-08,5.03174214581893,6.042553737002318,6.666080877616007,7.499804639588474,3.5538609361123648,4.499122873327503,5.214353601841702,5.60923549574393,11.003907885704258,15.311482667789154,16.83132209283343,19.405151226079425,5.33617172542548,6.235738612059893,6.753978119596516,7.727425180559269
2024-08-09,4.903922098482229,5.916617044337053,6.5229414677653,7.3426116939666315,3.4782571613337887,4.40464038618517,5.101270482218228,5.490725837329504,10.735374700048716,14.98993844572182,16.466303040620932,18.99516704106386,5.199653603487428,6.104786844387641,6.607505330454848,7.564163267368786
2024-08-10,4.940364075574856,5.943701301912757,6.553622158933242,7.3763985568267,3.495075526399519,4.429279143461625,5.1304751671391555,5.5215511235994486,10.805829150595159,15.073789435262656,16.560572339571088,19.1018071245671,5.240399025942738,6.138935911756485,6.645333183724328,7.606628964075772
2024-08-11,4.743931673416709,5.694895193631986,6.277989850846578,7.070213961033887,3.3480912250055628,4.249002962943165,4.920447730340777,5.298820806471537,10.3897972477846,14.460270824826898,15.882628397327288,18.331271551621512,5.034251537918771,5.889074956333806,6.373291657397812,7.299790026335663
2024-08-12,4.98874739670034,5.900026122756701,6.50412393187053,7.313226429902163,3.517924171882887,4.408153396772555,5.104747764430691,5.487541750026992,10.927877935258415,15.00189397621853,16.47752729992413,18.984151690456958,5.298472411416987,6.109655841385746,6.612009338002465,7.55977678788915
2024-08-13,4.971020653433629,5.927380324112097,6.53297574096353,7.349347514050469,3.5172151592991026,4.433749518093027,5.133175257668973,5.520911444357982,10.894465057548492,15.089003081480904,16.569287915241123,19.099594154113948,5.280318538012797,6.1451318055971855,6.648830520834891,7.605747725717757
2024-08-14,4.842402111835852,5.818646679309776,6.4129426917860055,7.217463094211784,3.439364576362029,4.3594764049046955,5.046776794359294,5.430289062478947,10.640163773732668,14.836235704975627,16.290403805084605,18.786086007386196,5.1451218250250665,6.042190024990995,6.536921476048548,7.480904032457658
2024-08-15,4.742950011310634,5.7276587097752385,6.313505662845443,7.108288825198848,3.3663059122569465,4.294479741585672,4.9720751150082805,5.352022298531006,10.406495796081257,14.615038082262709,16.049275542208765,18.51532212315669,5.039879861670276,5.9521053096976475,6.440162884982598,7.373081752043312
2024-08-16,4.782099830563712,5.785155701565464,6.377680495665053,7.1823231344516465,3.3846537086129813,4.340362786676422,5.025694667955279,5.411085527274256,10.495411775389513,14.771187951788903,16.22235317273346,18.71965137382426,5.082194650640712,6.015698744232959,6.509614501623761,7.454448754976604
2024-08-17,4.857726017271063,5.841668620496499,6.439836450126605,7.251811310639135,3.418372545482635,4.3802263270334105,5.071918572107471,5.46053379915387,10.64970335841049,14.906852152220337,16.371558516018773,18.890717679459005,5.1625154096006876,6.070949206337729,6.5694867813126505,7.522569949308273
2024-08-18,4.780354678297294,5.78283327733242,6.37457353359396,7.1784806654854725,3.377146096341444,4.329697195171441,5.013498243035432,5.398010978981121,10.500020279684426,14.734890650277455,16.182984543008292,18.67441997160671,5.077284853944867,6.000916342720356,6.493816879648748,7.436436925417751
2024-08-19,4.8704659012973694,5.907353615441237,6.511835670272538,7.33959372218965,3.4283649118745094,4.423089841606911,5.121640648314681,5.519765886268313,10.68452875814393,15.05272591005067,16.532055548569918,19.09563109569268,5.172680844698199,6.13035760224066,6.633890126464732,7.6041695758193235
2024-08-20,4.948313858325872,5.965681639683719,6.578857221219285,7.430505570295037,3.4730086687078106,4.466260725128321,5.17396787960597,5.588724332209532,10.844174605904746,15.199645710509984,16.700961716302537,19.334192852071087,5.2560426682967005,6.1901920083839395,6.701667842014287,7.699168481103783
2024-08-21,5.065270849288874,6.128592799776319,6.751587321409683,7.60707704409536,3.6383858140703476,4.587122027173388,5.3080377140825385,5.718585749752466,11.139184727888255,15.61096271241725,17.13372342356592,19.783448449873276,5.379364866937408,6.357704545624084,6.87532402218451,7.878068865775777
2024-08-22,5.047957181767721,6.1394549225876425,6.765667528477175,7.622912560358069,3.6586587332598564,4.593859109579129,5.317640097915408,5.729022596075527,11.12828909064502,15.633890452643797,17.164718792789245,19.819554721641687,5.359728795315289,6.367042073420705,6.887761669351411,7.892446930156145
2024-08-23,5.340661692831695,6.416097191460607,7.0689783161282325,7.957464001935147,3.864070360116189,4.801436917765296,5.556599292913058,5.980560803762011,11.752646406132955,16.340322373208238,17.936051058523788,20.68975119725709,5.6726172376362545,6.654742807531999,7.197277536077535,8.238972349070027
2024-08-24,5.343475891147645,6.450643008434994,7.107956349885902,8.0000300818822,3.898942043750106,4.821774476150567,5.580880377927249,6.006118183468392,11.770886084151641,16.409535457955787,18.014427554220777,20.77816695703772,5.672920452264921,6.682930456918038,7.2287280147807795,8.274180843996305
2024-08-25,5.265918650415118,6.361563882613848,7.011505089626251,7.901799933902707,3.847132285270199,4.763412855119678,5.514986141606691,5.942861720267007,11.616582705236132,16.21091831100562,17.801728684857398,20.559331210993324,5.593404196653973,6.602041842854567,7.143377410602463,8.187037134849774
2024-08-26,5.080454185300952,6.151980958194917,6.780509729306408,7.642742454908983,3.7380087377993125,4.615731296340503,5.344003324284307,5.7587914246725695,11.22181062665067,15.70832620777483,17.24981619666774,19.9225399896318,5.3992922380339605,6.397356702151263,6.9219090762312625,7.93345722396019
2024-08-27,4.801225458366858,5.85319994322219,6.450982708707402,7.280507723827668,3.5262076080041007,4.387887157789268,5.080122938470457,5.482261007350327,10.588311616357638,14.932923606733079,16.39804124875371,18.96588296019872,5.1003730326948675,6.081567039966583,6.580113623128899,7.552501902753256
2024-08-28,4.82708658598732,5.864770197780754,6.463562174681281,7.293105960925102,3.540006189758406,4.408464646975346,5.103602708407238,5.50518884213334,10.664400713884824,15.002953227592538,16.473831193327474,19.04520180883478,5.132411781756699,6.110087231005946,6.610526185167301,7.584087869855615
2024-08-29,4.854548264268072,5.872172139194771,6.471675937123818,7.305096179230026,3.52401726534254,4.415293049160579,5.111402659061554,5.5158012974250346,10.71935751528769,15.026191748666884,16.49900851956876,19.081915599862377,5.162622692970141,6.119551327089555,6.620629200819054,7.598707857608103
2024-08-30,4.893319665007745,5.906423055237724,6.509831606075704,7.344804278402151,3.5611482350111077,4.440766899988569,5.141258743672199,5.545301587297918,10.779528451329993,15.11288474114925,16.59538046034684,19.183971858087023,5.204048794371554,6.1548578256401205,6.659300790357189,7.639348205650271
2024-08-31,4.85992649285394,5.870300924895479,6.470210362784178,7.298375548169411,3.5347552687422708,4.413026699905967,5.109339614695108,5.509517826413532,10.705359303140831,15.018478874778319,16.492349254226415,19.060177930745898,5.168246880446759,6.116410190038337,6.617957008333715,7.59005158846903
2024-09-01,4.643028982122231,5.660148677375135,6.239801162391683,7.0370993300813875,3.362545205780153,4.258096610896168,4.930843050165753,5.316092736267236,10.2377143265752,14.491218464386792,15.91618327096884,18.39102379591685,4.937426111398295,5.901678660047079,6.386756368080126,7.32358427518141
2024-09-02,4.792712621410567,5.825709199098204,6.422316639418492,7.242157043400298,3.475922829796562,4.381142875147517,5.073329675617148,5.4690866375222384,10.561404586606622,14.90997136255499,16.376113392709396,18.92030622536269,5.096486086751039,6.072219532715973,6.571314536573717,7.534352556514393
2024-09-03,4.654503192502315,5.6451566809648215,6.223125570707482,7.017972282458357,3.3590619309602467,4.246805435112963,4.917647025022488,5.3016017562664475,10.227874191492639,14.452792165045546,15.873588048916202,18.340892247946943,4.950279405896786,5.88602920507791,6.369663997311143,7.3036211333532535
2024-09-04,4.707222528783604,5.703309644163885,6.287237890550685,7.090119761617548,3.3836446109718876,4.290060426921377,4.9677394329552405,5.355484021137427,10.338795196256315,14.599998204092902,16.035280468859487,18.527297953148366,5.006316782282272,5.945980184452825,6.434547020782397,7.377850708963957
2024-09-05,4.669179408948335,5.611762962799982,6.1860388918713065,6.976214240264351,3.3231799777508417,4.223848223082775,4.890831538029985,5.27272358272678,10.238173504516018,14.374663835591631,15.787030800768019,18.240988201291135,4.967758501578837,5.854210742343637,6.334930792345965,7.26383782856095
2024-09-06,4.448748992495167,5.409070798341794,5.961906550014151,6.7239487545527306,3.1689356726736855,4.062827548941184,4.703842128114149,5.0716325775138245,9.752500324718925,13.826675854225106,15.183450908309117,17.5453138318833,4.729062793990865,5.631037723212017,6.092729653028954,6.986809756117635
2024-09-07,4.555929314338368,5.509697343448351,6.0717644579276575,6.8469231031085265,3.2681812674503514,4.134351499778408,4.785654159366769,5.159124723321098,9.999493211303063,14.070087240046186,15.447530553501464,17.847992926346805,4.842314093097667,5.730169192718404,6.198698045507127,7.107341156720316
2024-09-08,4.608779782730146,5.591516559343369,6.162071921515911,6.948203766172489,3.328780489895004,4.193263494395842,4.853879436266637,5.232243517387799,10.136041570622066,14.270577426668407,15.667753748562275,18.10094740782819,4.897227127465255,5.811820618983564,6.287067968717239,7.2080714631715
2024-09-09,4.850400472159772,5.760181745131861,6.347947612744585,7.157368538350696,3.461332037211862,4.320096405578302,5.000693882879197,5.3901657347218865,10.61336750614756,14.702217098656115,16.141653569614746,18.64727934765332,5.1569941232695085,5.9876097458440825,6.47723181946025,7.425629117815012
2024-09-10,4.835312913377753,5.784977993641779,6.375346714549018,7.187739670576897,3.4628779926798834,4.343105206299923,5.02738507771696,5.418669792168441,10.596563807455174,14.780520995521053,16.227809617259517,18.745889139616402,5.141465851271464,6.019499709980779,6.511804032947356,7.464897030782428
2024-09-11,4.794256900878877,5.766729186507734,6.355184550141309,7.1657272526065405,3.419299342626828,4.334151362763896,5.0169044139147045,5.408139361428935,10.51439264663612,14.750049140456872,16.19397926326508,18.70945911254214,5.098702316874681,6.007089773769667,6.498228779060799,7.450390042134807
2024-09-12,4.851075527173965,5.85011291630252,6.44561244745685,7.267110131732247,3.488304491492297,4.3930175807872,5.083900102444982,5.4797432207339885,10.639669871206129,14.95038353948508,16.410233491226524,18.957172676937816,5.1575180538139085,6.088677754140243,6.585006057510228,7.549033336009511
2024-09-13,5.001087602749821,5.99579242063909,6.606964837077961,7.447342119126406,3.639302184682988,4.500002682862911,5.208479562468485,5.612549082090184,10.965595609471135,15.314476848839929,16.812361382412544,19.416614578651895,5.317004692985707,6.236958019141159,6.746369672523352,7.731990061208231
2024-09-14,4.94661132645331,5.971052382174807,6.579517344193744,7.415906437600532,3.5929564932625224,4.478486767591699,5.18344937463629,5.585058080747125,10.838073177691724,15.241253562205587,16.731566870644297,19.321509454464614,5.257148799600907,6.207137179077888,6.713948905951572,7.694117760040213
2024-09-15,4.826521739072501,5.801334112578778,6.390544157862153,7.203778476818054,3.486975401018717,4.343039459730092,5.025013078037324,5.414750581422813,10.546941385570895,14.780297245805219,16.220153080388297,18.732330629323243,5.127310629304766,6.019408585902678,6.508731660960481,7.459497826590223
2024-09-16,4.724482364149539,5.722505992593963,6.303709893213966,7.104942873802382,3.4097021461600394,4.296905232115528,4.971634539974779,5.357279838888824,10.336454780901882,14.623292548134048,16.047853417653894,18.533510584988626,5.022370846906111,5.955467014940218,6.439592222851961,7.38032467307589
2024-09-17,4.793013901068074,5.780276083078923,6.367327660385792,7.175498616161989,3.4566362961206427,4.348139092431217,5.0305696736089125,5.420329541071531,10.488979473160487,14.79765239255577,16.23808911943482,18.751631041250988,5.098450575719627,6.026476625037649,6.515928933676451,7.467183542995524
2024-09-18,4.881905116360307,5.872170340023542,6.4684349527174625,7.2895957470650465,3.5238617039012126,4.422350349539402,5.115991240793718,5.512808067661109,10.683270568215404,15.050209259518246,16.513819923432127,19.07156052094522,5.19502752497426,6.129332673744928,6.626572637529609,7.594584308317563
2024-09-19,4.972014940233388,5.995652383543143,6.604686655264079,7.441605704967832,3.6088463759693243,4.515484674714032,5.223920645656681,5.627850955006926,10.903091712795806,15.367165396489211,16.862203388622277,19.469551410813235,5.290626395938206,6.258415902621063,6.7663699920182,7.7530703096977565
2024-09-20,5.009816226301872,6.038334794484812,6.651444076213812,7.4931168720385015,3.6551437587956856,4.542631883602234,5.2555088311283,5.660615017920379,11.011750863531471,15.459553186303705,16.964166347907046,19.582898692470202,5.329290478805827,6.296041658449469,6.807285113968833,7.798206914314723
2024-09-21,5.155777072299237,6.160341139121472,6.785344978336092,7.644911448839906,3.724228081469498,4.6305105563867155,5.357016565585619,5.770488026669467,11.305324107772044,15.758623207970562,17.291821413908227,19.96300438638485,5.484487129499256,6.417840606486085,6.938764693192688,7.9495707597292595
2024-09-22,5.041312460383378,6.069710910578473,6.685789896297272,7.53124779445342,3.634201619985778,4.570520220029697,5.287391235042531,5.6947598867075415,11.063920064508487,15.554463192512706,17.06707900983022,19.701022872300463,5.364381117113607,6.334694609520847,6.848581327244586,7.845245752147974
2024-09-23,5.110181356249809,6.128737899798259,6.750808157290015,7.602970945021052,3.693556297424176,4.605386324009825,5.3277259723830905,5.737190563110766,11.236078921213183,15.673120042262232,17.197274813096996,19.847811805097837,5.435077240301493,6.383018675558231,6.900825565794422,7.903699328845765
2024-09-24,5.185191920738922,6.253488974332055,6.890040690178154,7.759027409984418,3.8141210379783534,4.690236538110696,5.427197269103075,5.84390908893179,11.432990184408935,15.961883567763106,17.51835649683523,20.217004564744414,5.5110974219311375,6.500620210614558,7.029667415211267,8.05071747851826
2024-09-25,5.117125171738773,6.183876944894187,6.813367602801404,7.672274283860582,3.7743236285228443,4.6337669166666675,5.3616394796699085,5.773089452802521,11.269841327458918,15.769705302278796,17.306743638579118,19.97200402056917,5.437008987478569,6.422353888764472,6.94475259945264,7.953154550393993
2024-09-26,5.4256072066974,6.406779057672073,7.0610857772304945,7.95166770454319,3.959932814143308,4.7995494906608585,5.555211165315875,5.981913044797708,11.900831914402309,16.333899052883382,17.931570345384966,20.694429275368044,5.767867693278597,6.65212685273282,7.195479540748778,8.240835230640496
2024-09-27,5.597861676795676,6.523454636186925,7.189564788577013,8.097160819868364,4.050508497857359,4.8880370430402325,5.657612044397287,6.092818176066574,12.243767889909963,16.63504122275033,18.262108377519915,21.078105597329117,5.953406464242358,6.774769701704544,7.328115980383219,8.393620954233404
2024-09-28,5.713025141167296,6.541232871091891,7.209869033551568,8.120176612144016,4.131345275880753,4.910395556618689,5.6847291261946005,6.1219059117909085,12.464647084424358,16.71113205262377,18.349639138338876,21.178734624401205,6.081740176270333,6.805758374464737,7.3632398310291896,8.433692957209963
2024-09-29,5.616875361640788,6.521845893115785,7.1830699406656,8.089945698188664,4.03246340067884,4.89799927023753,5.665783316388093,6.101416872629736,12.260111521086108,16.66894482426526,18.288484285501458,21.107852789666097,5.978024019401829,6.788577247429641,7.338699956164165,8.405466736852548
2024-09-30,5.28236220105534,6.233786574348329,6.865805431862772,7.725200023335902,3.8176845430460427,4.692936119636803,5.428575568208246,5.840011317538003,11.5790168468329,15.971070824237541,17.52280548475412,20.203520223892877,5.623487173596721,6.504361803194423,7.03145268002248,8.045347809721278
2024-10-01,4.993925039605806,5.923313199162397,6.525263622568606,7.340446888683989,3.592433719106546,4.464693996503749,5.165584999513134,5.555980904965693,10.943476575267105,15.194313796077854,16.673902762176688,19.220916959516934,5.317545422713311,6.188020538421033,6.690809777324116,7.6540603047090086
2024-10-02,4.8888120719793395,5.7787463576984335,6.366229768316122,7.1608038009818795,3.509023988049191,4.351207648841715,5.034702735685134,5.41443517369156,10.700204657727626,14.808095349909301,16.25143015925421,18.731239476219137,5.20460706380521,6.030729613060194,6.521282350985912,7.459063312894646
2024-10-03,4.908867433381017,5.798942286809234,6.390451909615503,7.1877825999814045,3.51686981416428,4.365551166662514,5.05302857962753,5.433896592659997,10.735746210307212,14.856909425606206,16.31058383496744,18.798566258709045,5.22575527703396,6.050609583095724,6.545019204767052,7.485873857593692
2024-10-04,5.046936803203151,5.918170319000654,6.518821806639805,7.333251830834895,3.6285631099077325,4.457072305157871,5.156303530034754,5.5459060267659845,11.03308817251662,15.168375541394145,16.643943266865467,19.186062916537633,5.374291520922933,6.177456951616934,6.678787799805647,7.6401808968020735
2024-10-05,5.039874750456411,5.907918284659185,6.507122198040012,7.320297702403262,3.649514132170804,4.454098786913572,5.152328444267967,5.541971243620657,11.02713342895093,15.158256019358003,16.631112156051692,19.172450533524863,5.368355434136207,6.173335685527589,6.673639003935164,7.634760239676818
2024-10-06,5.111262397619026,5.96719644755617,6.572074694552817,7.393837133419225,3.6825580289825264,4.497827471850217,5.202672450261427,5.596475279172941,11.175191700160658,15.307074137987748,16.793616705037433,19.361007254512277,5.444623384579719,6.233943198767689,6.738847913973902,7.709846382358541
2024-10-07,5.027402093154758,5.90021965333743,6.498308647418987,7.310280777025004,3.6336669384487754,4.4479764877694254,5.145009424474254,5.533968467958739,11.005557460025743,15.137420518778912,16.60748721824381,19.14476492965501,5.3548165212122,6.16485024108817,6.664158921969459,7.623735412815619
2024-10-08,4.9951662939914225,5.879938142898113,6.476364278813314,7.286483500951222,3.5830148476925348,4.434928419236763,5.130251604814723,5.5187863930712675,10.933210194007144,15.093015135594026,16.559850706598382,19.0922425387979,5.320814288177659,6.146765750610196,6.645043610909959,7.602820201131674
2024-10-09,4.9782429942894595,5.797051472207791,6.385066037541093,7.18406844491517,3.5355490215805125,4.374027392378437,5.059784187102306,5.4432026646878064,10.866110888558111,14.88575584451755,16.332390143864583,18.830760616595697,5.304678212056981,6.062357545858569,6.553769517567682,7.498694138606028
2024-10-10,4.930330536114144,5.797201288492554,6.384955564281546,7.18252893540108,3.5137338903627438,4.369960420408547,5.05490079328406,5.436859545104933,10.776632749663674,14.871915064307585,16.316627121151274,18.808816593235623,5.25108090277953,6.056720764010009,6.547444220605436,7.489955696081163
2024-10-11,5.097208594943388,5.938391789645494,6.539020472904061,7.356272337499399,3.6330791136838854,4.476136458870209,5.176475083545761,5.567984120036049,11.131167109840083,15.233254956195864,16.70905467667409,19.262442084253845,5.429943852153891,6.203879675058213,6.704915339565031,7.670596238429876
2024-10-12,5.142977757101918,5.994120233164324,6.600513584457265,7.426064791418005,3.6704723610606393,4.518058618967237,5.225067033695006,5.620758865650421,11.237263316024238,15.375925082305846,16.86590379480677,19.445016326383957,5.478620876306577,6.26198336321658,6.767854870167752,7.743300067403992
2024-10-13,5.12065186046853,5.918303953601687,6.517652145318513,7.333203300408665,3.6285182516600223,4.460639964374645,5.159202687434667,5.550210965794752,11.177401152173054,15.180517052928769,16.65330140705345,19.200955853897053,5.4558462559856284,6.182401691060391,6.682542981586445,7.646111490066864
2024-10-14,5.3498044183326225,6.208823200061986,6.837592351971123,7.690650174989553,3.7934028918876335,4.678466548102905,5.411142208476712,5.819180364587927,11.68033225766635,15.921827760647288,17.46653264343817,20.131455538342376,5.699067840933308,6.484307123992659,7.008871831240715,8.016650560250548
2024-10-15,5.364306346262927,6.215255239262812,6.842676046059833,7.697394146878196,3.824382180869833,4.680826450655913,5.412136459126948,5.8211406518648445,11.694708463884014,15.9298590165288,17.4697419679706,20.138237152536327,5.713944612306644,6.487577924965385,7.010159650911157,8.019351101755051
2024-10-16,5.570730338287693,6.264431687726561,6.896827486081959,7.759716411478673,3.890743672751088,4.7295822490897566,5.468649472339815,5.882879532263614,12.068388237606827,16.095785483462986,17.652159349002517,20.351822820596794,5.941843888277671,6.555152966460278,7.083359070025611,8.104404150316656
2024-10-17,5.647695672056844,6.245502669173238,6.879636141848231,7.742706672561112,3.8989413933211456,4.726715330569582,5.4682156038138725,5.884136274379783,12.191001255715655,16.086028743212157,17.650758872267776,20.356170520178125,6.02981037582873,6.551179446506008,7.082797094610294,8.10613547015183
2024-10-18,5.858181723438183,6.3564158717099,7.002882112397172,7.880331319838484,4.0444992450936805,4.806246329611124,5.561399696881463,5.983588969717698,12.616751775979457,16.356689835976645,17.951546199731574,20.700227137936068,6.255751846493607,6.661408603508837,7.203495339058209,8.24314402734502
2024-10-19,6.042071093613885,6.4175103507118605,7.074580073800727,7.961772722660804,4.1120651188713095,4.843699959883769,5.608923996415875,6.035491987802384,12.94990212165946,16.484152594143385,18.104949066851567,20.879785638517383,6.452360255341451,6.713318954710297,7.265051977467081,8.314646942349917
2024-10-20,6.026756750494243,6.5100063792505,7.171842085204081,8.068558612232062,4.172114698057022,4.906172195174868,5.677364719167433,6.107067188078616,12.986924400264117,16.696759045402686,18.325867695862634,21.127400056997594,6.431333479362479,6.799904838393505,7.353700960495415,8.413250754819154
2024-10-21,6.01594805769804,6.385571799068369,7.034756941655012,7.914727888723628,4.134974210582496,4.822862851585386,5.580960127307186,6.003499708755655,12.93952663929661,16.413239433614034,18.014684975869333,20.769108343288867,6.425645271352632,6.6844389342178125,7.228831311489876,8.270573566775518
2024-10-22,5.902053797161339,6.337164444832473,6.981569851764014,7.851229565054268,4.12017737937915,4.788546961049269,5.541304768192319,5.957784924667308,12.735497063118428,16.296455078537083,17.886682125864386,20.61095803935261,6.303139666781715,6.636877458426193,7.177467048872175,8.207595719980503
2024-10-23,5.821846410392706,6.197020282721044,6.8269967485134435,7.68022992571877,3.9979534407011363,4.6858002422386615,5.422137492173135,5.8319394361740535,12.506683417254205,15.946785898891564,17.50202413011664,20.17559554883418,6.219616768901115,6.494471549588255,7.023113655093661,8.034227781091072
2024-10-24,5.9505937830076165,6.319585268284479,6.962748134342285,7.836002135082762,4.100447282142052,4.785877235648782,5.538231781337925,5.9591971505924315,12.766902223724863,16.287369428878648,17.876762884577204,20.615843635199532,6.359752339209373,6.633177246133237,7.173486711602938,8.209541238257051
2024-10-25,5.59827143974636,6.043584436631961,6.659821664405562,7.492399306613537,3.8930039559016842,4.580324894834894,5.301141697876243,5.701809905128745,12.03938635825666,15.587830609355894,17.11146389174502,19.72541241232137,5.982206958651657,6.348283789230497,6.866391842642012,7.854958036453524
2024-10-26,5.780686710098401,6.117149738146225,6.74042983237105,7.58523263768608,3.960571911177857,4.636734761100179,5.365983158128979,5.773312902692929,12.403210041919536,15.779805515116674,17.32076452338956,19.97277704550601,6.179880836236248,6.426467291009682,6.950378821130579,7.953462380634149
2024-10-27,5.9714868883637795,6.208501716597169,6.839701402898832,7.704093457259375,4.038791797194231,4.702320622675717,5.44097045419002,5.859951550901523,12.76667802413183,16.00300830620274,17.562814723519498,20.272503464870383,6.3850437791740795,6.517368629103016,7.047507361984636,8.072817981283238
2024-10-28,6.418038262478286,6.348906554200432,6.994380777821381,7.896793760574673,4.257991960220355,4.817803719294988,5.574593864221615,6.0182616703663285,13.625772905724332,16.39602211847074,17.994135425013575,20.82017735218786,6.872031303133115,6.6774270282408095,7.220585303476849,8.29091001974693
2024-10-29,6.84480891344152,6.5834693292077935,7.2565111401847995,8.206613567117035,4.520144212981668,5.005650288876381,5.794916774992312,6.266625425000789,14.480608344747994,17.03530439088886,18.705311950192538,21.679391806887697,7.33572804323797,6.937780466024419,7.505962213486465,8.633062231569165
2024-10-30,6.663177028475363,6.546287590507126,7.21154731434715,8.14340673549445,4.519978007935834,4.974607056036928,5.755672809829257,6.214276026555459,14.178783746933322,16.929657593733957,18.578637031631967,21.498289053366886,7.137525709208949,6.894754860565244,7.455130815718607,8.560944371650374
2024-10-31,6.410380063025203,6.292007559246322,6.928900197314173,7.827602753652518,4.291186446206032,4.789181361203724,5.538585269762756,5.9819717817314455,13.618107314946778,16.298614078689532,17.877903903769365,20.694632475801086,6.869118691376747,6.637756730597684,7.173944573357076,8.240916148131152
2024-11-01,6.3552601789579475,6.284117409387294,6.918629697640999,7.8177869741605654,4.244529388942559,4.788092319547081,5.535624804045361,5.980611504062293,13.534627643520913,16.294907835735145,17.868347867520374,20.68992659495522,6.810543976830365,6.6362473299212255,7.170109980959653,8.239042195090468
2024-11-02,6.33673950364766,6.237965047117007,6.86755394460366,7.759396033383788,4.2259656019270935,4.750321220753901,5.4919363471770835,5.932660530414768,13.474670991038124,16.166364663921883,17.727326650810188,20.52404019282894,6.79050584195357,6.583896970574323,7.113521781482143,8.172983716804547
2024-11-03,6.106264772012818,6.0809097502571365,6.693235741073553,7.563881428006546,4.081086113247473,4.632346536466718,5.354200308977192,5.7851826101619865,13.004695922843522,15.764871443007662,17.282730867755816,20.01384030067174,6.542618480574071,6.420385256231862,6.935116890039144,7.96981439089506
2024-11-04,6.2309220833375845,6.005210675080356,6.609914038179013,7.469571291634617,4.06778238412942,4.574041975042043,5.286810208012749,5.712250730377432,13.184568899211826,15.566448482168028,17.065203522698038,19.761532449183715,6.679906730800116,6.33957572620314,6.847828742332689,7.869341582302819
2024-11-05,6.5513408519304965,6.169988834393883,6.792289137248826,7.673356704782051,4.2747487235278285,4.6986813761325195,5.431746830466238,5.86693594341413,13.812487920275483,15.99062316760155,17.533041947522246,20.296665972048462,7.025986017158956,6.5123246703521325,7.035560310140699,8.082439857671524
2024-11-06,7.379463226204128,6.6976942323170725,7.377803247995753,8.331499561032366,4.803621555621678,5.108308134371063,5.909316014312272,6.379902556073854,15.526639609016057,17.384671115528214,19.074579282482635,22.07127406260635,7.921245914691271,7.0800631973490304,7.654139728527368,8.789115682293366
2024-11-07,7.368819449030408,6.86722409643352,7.561954005949274,8.541294762870113,4.848595658411781,5.244236912699094,6.064178761465773,6.548559713978795,15.640825999785015,17.84726597946535,19.57445807409373,22.654743531304792,7.908209863942945,7.268459103701183,7.8547282742381785,9.021462063518594
2024-11-08,7.642818642629499,7.052872160732116,7.7754135799132245,8.78062199031179,5.097035424912885,5.379627250274461,6.2288377176211815,6.724954638661952,16.26740934822651,18.30802841373027,20.105957879849626,23.264981805591326,8.201843116108648,7.456108736638221,8.06800552238576,9.264468188640945
2024-11-09,8.150079420317242,7.353655778202162,8.12152225219108,9.16979017445317,5.307216583654572,5.5958975951568455,6.492173745826612,7.007996264907599,17.323191056116602,19.044042905989365,20.95597570522449,24.24416436348887,8.745775944646217,7.755857238334327,8.409095887253372,9.654393516514345
2024-11-10,9.770433123466571,7.977665905835231,8.865068743992907,10.003968221872656,6.0433523276484955,6.045890067995311,7.061449441017074,7.6182917321199755,20.485946204897893,20.575464061288006,22.793530907078864,26.35548164421864,10.494015191979447,8.379542235836922,9.146459687816584,10.49515204136081
2024-11-11,11.646095509090856,8.565887404650475,9.51872158998104,10.79939579538095,6.931339900489022,6.4842126658688075,7.57339934895929,8.218400941472948,24.060579796755746,22.067170122491156,24.44604518860523,28.43155956401597,12.525817620669896,8.987052905150266,9.809571310194844,11.321877718854346
2024-11-12,12.431729003010926,8.646960596790036,9.616457097664751,10.884126207129794,7.165636443485537,6.590016357804635,7.704334518452593,8.34077695812549,25.437721138845514,22.427242839079444,24.868688564812615,28.85491941606526,13.394671583125422,9.13369574769499,9.97916726347486,11.490466025281293
2024-11-13,12.793053530324995,8.487015251037677,9.442347965256173,10.729549637719938,7.26403635430213,6.485983415874911,7.584542490832147,8.247333906553886,26.072721212381026,22.07319636555915,24.482013944142246,28.531653162018845,13.796923032009499,8.989507146676058,9.82400464980692,11.361736505864503
2024-11-14,11.844345358779792,8.427968966116113,9.370471002126873,10.589570921955014,6.78126443397196,6.4724846990105345,7.5596819656681635,8.1729159095646,24.266586060435447,22.027257329190174,24.401767083575635,28.274204087788544,12.771611255279561,8.97079806218684,9.791803641624444,11.259216384493573
2024-11-15,12.483936716377702,9.047527569097129,10.07712789710762,11.403049376792023,7.146424007913506,6.945665497737998,8.128288353248202,8.799992003882416,25.642439262588447,23.637593344104964,26.237161838933584,30.44357395106661,13.45769060881884,9.626621843884967,10.528300510387234,12.123092327130495
2024-11-16,12.396868422582203,10.10303630421384,11.345666898208878,12.742216530218661,7.13754514132043,7.753471216956064,9.154813126821196,9.831215375857923,25.613890997067067,26.38672992405363,29.550663457653393,34.01109139550907,13.343270338611879,10.746232367134668,11.857923775193631,13.543731816670759
2024-11-17,12.344045117142075,9.65964300646494,10.806830717249614,12.157101830198775,7.043024536943211,7.424449441709349,8.728731862547706,9.390807527700675,25.425814290267017,25.26699806723297,28.17532309059892,32.487500364052444,13.296454081327854,10.290211527988966,11.306034939910816,12.937014787558953
2024-11-18,12.62301409961722,10.225729080705069,11.440145672223741,12.909156519256175,7.317912662495393,7.825526703425243,9.200267954370952,9.93663940865976,26.078806577976987,26.631950239936216,29.697386311833043,34.3758058563184,13.582277189605362,10.84610053962899,11.91679989563791,13.688966639905965
2024-11-19,13.055478723293604,10.121425279216362,11.319027482414983,12.825569828633467,7.4397112610740495,7.762260004789991,9.123001330641243,9.894586704816378,26.84543421202374,26.41664005906857,29.447978709218376,34.23032451966111,14.060358703420858,10.758413537818875,11.816719017758581,13.631033767799506
2024-11-20,12.74221439696597,10.096556168349329,11.302263974480367,12.874515438928794,7.255549963429262,7.752209313392272,9.121194719231115,9.947554462831524,26.339192830690095,26.38243539485551,29.442147179394674,34.41356648822709,13.72138955749232,10.744483381610383,11.814378974319581,13.704003495555558
2024-11-21,13.206409624643086,10.727590512189627,12.004553822378401,13.669317134430377,7.529698688980749,8.253535490974507,9.707638301413347,10.579807098684093,27.334676004312165,28.088556186636033,31.33511830768522,36.60084459789384,14.220859297211904,11.43931637257377,12.57397976568855,14.57501077319066
2024-11-22,14.120406045243172,11.713186293632106,13.177872452920472,15.26630070096421,8.050647442332407,8.989173318873657,10.635292658590666,11.811568704014363,29.38046275594093,30.59208991282596,34.3294778139061,40.86212409739935,15.195225428157434,12.458902931348934,13.775539481299527,16.27191682263312
2024-11-23,14.815238224237303,12.824506665949093,14.64930061345648,17.203188832324784,8.389860979174866,9.693199566829492,11.661399900692404,13.172642089586976,30.81523170959627,32.988042634444305,37.64163168998834,45.570757724364874,15.895367524342827,13.434676161350755,15.104621931532071,18.14696606245256
2024-11-24,14.777619610075014,12.804421373019727,14.686525340964613,17.250849782573333,8.444302882887254,9.645025402542498,11.649478992975421,13.170421968056417,30.686032059555874,32.82409559359142,37.60315239749222,45.5630772135228,15.844760837451366,13.36790725887667,15.089181177790746,18.143907566685684
2024-11-25,13.718327844843547,12.244426770148364,14.044217915562061,16.290825871846728,7.932263826536603,9.241476603485756,11.162063661128528,12.448285256147075,28.58097774087112,31.45073224781675,36.02983285115329,43.0648451262558,14.707009854855036,12.808592721581672,14.457848372649364,17.14907370462933
2024-11-26,13.500797341139853,12.033645747202257,13.802750322431008,15.860554978486842,7.836871724054858,9.084873184557575,10.97309935068092,12.112430280715435,28.157807655345493,30.91777713586579,35.41987821131634,41.902954777165036,14.474916688199485,12.591541973316863,14.213089210613054,16.686391366521796
2024-11-27,14.123643402364568,12.84256813559126,14.734320180673992,16.952012158974888,8.256832043080527,9.711569347565169,11.732752786826694,12.969231412966804,29.550973993042252,33.05055894868254,37.8719504409751,44.86705845129841,15.142267122202373,13.460136490898018,15.197042942556495,17.866742351805726
2024-11-28,14.15179937385181,12.843204670329854,14.721147042639089,17.088369755578,8.167513037655132,9.695776664757062,11.702554598230341,13.061407103301566,29.58163641958608,32.996813052892996,37.774474228639626,45.185940268913576,15.168078465463939,13.438247992906922,15.157928237148104,17.993725922217187
2024-11-29,14.909745972098504,13.445154489873559,15.408436298741224,18.148968114274346,8.495233746652213,10.148825864401392,12.247099857936355,13.888217573909321,31.062570171250222,34.53863690685667,39.53220248416114,48.04629124359155,15.981838851564515,14.066169582720175,15.863259530347209,19.132761010862023
2024-11-30,14.870572750499628,13.572664826212128,15.578009113791504,18.24332220852728,8.557431273213675,10.2611209898442,12.402423673544703,13.976704748459904,31.04137875375507,34.92080136764258,40.03356955068854,48.35241264017499,15.941345172005404,14.221809486182499,16.064445282633073,19.254663188315178
2024-12-01,15.548434586301743,14.297529096674435,16.46298866185479,19.217628478726652,8.775866626557702,10.82352762480864,13.127299544842561,14.742760571527652,32.39641718661219,36.83479209115862,42.37338387836058,51.00258290054786,16.670157516651464,15.001299370781425,17.003352796009228,20.31000113256433
2024-12-02,15.388667017426842,15.119490623112,17.409441940510472,20.341433811581457,9.415123830758803,11.43058403209621,13.863567014684286,15.585834292692798,32.3375719172903,38.900735591759116,44.74996895057444,53.91919659351127,16.474588809260368,15.84267338638411,17.957015466627755,21.47144088793608
2024-12-03,15.538546000202956,16.148312486142586,18.58266191808989,21.623352770610587,9.48609553408957,12.295416493689661,14.90422299967767,16.679448855541743,32.821789740138534,41.843946439529546,48.109084463007655,57.70255637422092,16.64300859680521,17.041322395436975,19.304942417763172,22.9780320655034
2024-12-04,15.886302312236934,16.127049506143738,18.24304801265708,21.228267979830424,9.594937783418224,12.198276405356909,14.51918814320942,16.25021120707946,33.354879681762746,41.51335782909793,46.86623708804328,56.217608650657276,17.000469399551843,16.906687219503794,18.80621962402129,22.386703386989502
2024-12-05,15.73877391640269,15.867948904303859,17.933545632699666,20.873859570392664,9.442678623724742,11.984902511139541,14.250475146326934,15.954573978843671,33.020158393611304,40.78720058132941,45.99886303817788,55.19485160536521,16.83965509930699,16.6109531690148,18.458164651156675,21.979426038139845
2024-12-06,16.085481585946788,16.540401627294152,18.69108737472566,21.745641864201986,9.873687443568722,12.520260432574947,14.886265083118504,16.657577240293076,33.89198010443843,42.609138715919485,48.05111841375146,57.6268915172576,17.212215782863733,17.352953811352865,19.281682128036884,22.947901173238257
2024-12-07,16.52682314416083,16.53190034866852,18.631562684136004,21.70057524134964,9.9244440704377,12.521338342308345,14.844251726840463,16.630703843576732,34.6364394215303,42.61280707454517,47.91550422535678,57.53392299638969,17.696066858881956,17.354447783296756,19.227263630424357,22.910879699878723
2024-12-08,16.841093645654425,16.623417863527674,18.750123236876227,21.830056895252827,10.23214773269849,12.62011999130997,14.97511753950829,16.769570373851714,35.25104861933711,42.9489822689482,48.33792372586296,58.01433178333964,18.045687903179267,17.4913581456463,19.396769748124072,23.102185756398903
2024-12-09,14.83529054194814,14.34787836793079,16.183464182577126,18.789534522670056,8.986808871731801,10.944813852310643,12.987188235868555,14.497519612252237,31.020193610408576,37.24755520577545,41.92112099972552,50.15417175696524,15.917081556711597,15.169400850389597,16.821871295639895,19.972150962884825
2024-12-10,14.385673745140048,14.290061479640585,16.106908932426816,18.717189796026,8.768046030073492,10.910353149691694,12.935760021360593,14.453607775657202,30.19748756135236,37.130278024038994,41.75511675276822,50.002258750212704,15.430252334676217,15.121638666521795,16.755258046512715,19.911656902315155
2024-12-11,15.113470975927491,15.092843118528151,16.99828092537015,19.76456218638771,9.302627644113597,11.50691174699032,13.632613075131182,15.242514843665303,31.764931995563064,39.16049521970829,44.004476710873995,52.7314828966469,16.2050851922844,15.948462824089217,17.657868539993295,20.99847530155558
2024-12-12,14.99867422490518,15.408305127645498,17.356850349946477,20.264465922230148,9.890976714722568,11.76262855128775,13.93752969023353,15.652198318562752,31.848480492039098,40.03075449626073,44.98871179581942,54.148782953177395,16.07805517994565,16.30288371794018,18.052816850743703,21.562865654284334
2024-12-13,15.092917857563362,15.54776828395048,17.50423668272631,20.4206469250278,9.892666643515913,11.875677095117316,14.062512904405077,15.77901240608656,32.00358795864206,40.415483001838304,45.392142958058955,54.58749631221963,16.180043856786693,16.45956785163529,18.214703435023935,21.737567959781163
2024-12-14,14.69433732521883,15.129492146962525,17.048357365147695,19.895351012026346,9.752549248094219,11.591156976015071,13.735783175846151,15.416353689928016,31.17890395845228,39.44719985089396,44.33749770025807,53.332878417169205,15.76212423454358,16.065225855973903,17.791501326726316,21.237960108173006
2024-12-15,15.020093950434998,15.505567085545072,17.462194452794915,20.364324045764654,9.898396691890671,11.846581002984042,14.033865911794967,15.740591390654513,31.85277139921409,40.316462743236315,45.299673824503934,54.45457880228729,16.102513736442415,16.41924096342089,18.177597941983993,21.684638193801906
2024-12-16,14.935665127701258,15.406065045497071,17.35013637957631,20.265412730821737,9.82433753667498,11.796801586271162,13.97489550850815,15.697309061704273,31.674880123868096,40.14705268317094,45.10932427641917,54.30484357734734,16.019122800020046,16.3502471973865,18.10121554755599,21.62501135894052
2024-12-17,14.677157702555439,15.252154036355986,17.17396713665004,20.03608695764525,9.592558500097363,11.701863674094586,13.859217380637551,15.544528785025188,31.076596538944433,39.823958551773586,44.73592884182526,53.776300182161066,15.745717143111682,16.218664215241812,17.951381530875967,21.414537372245086
2024-12-18,13.380295737179743,13.895419348678068,15.644861222453455,18.23261524673396,8.706190122936668,10.665165375226268,12.629902581907823,14.148847811945863,28.36280639695103,36.295851300257475,40.76784479712244,48.947941599870155,14.355651467531809,14.781810901091527,16.35909111739418,19.491811841540606
2024-12-19,12.095450286525518,12.937805173895576,14.579655615944569,17.0242746052117,7.938913223250274,9.954627524320758,11.798286000299827,13.241518913913032,25.73379857717914,33.8777381934906,38.08348397091352,45.809037110750644,12.976693984482717,13.79701265552936,15.281925925894654,18.241852523728415
2024-12-20,12.238799703754673,13.195925614144942,14.860317505460456,17.335878582268553,8.040047800459906,10.128697736157902,11.998035870843065,13.455503654706744,26.115859134573356,34.47013655791927,38.72825313423369,46.54931736076441,13.122799863603818,14.038272201383801,15.540655263806215,18.536643333549012
2024-12-21,12.19051898448409,12.872503623191136,14.496927310707596,16.912027145551,7.8795193247176645,9.898562720695887,11.72496557563287,13.146913218167803,25.866737113683463,33.68693761010037,37.84681423621869,45.48174868897239,13.080230062259771,13.719307407065541,15.186956427902565,18.11152131619029
2024-12-22,11.913926907222653,12.676013793567845,14.273731644268201,16.65949330858273,7.751904773226465,9.751909567331202,11.54917896075304,12.955804089851405,25.307781964798394,33.18784539165219,37.279395652713674,44.82060662451855,12.782907325658737,13.516047625822857,14.959265894948109,17.84824453069833
2024-12-23,12.366365832304412,13.28327702634536,14.957535919275802,17.462141044610284,8.221419317735233,10.191782653056604,12.070120316083063,13.550464719284829,26.33562726375811,34.68482809644554,38.96093327224525,46.8778351810851,13.259625399064143,14.125707255553126,15.634023838914398,18.66746410621049
2024-12-24,12.801121111504447,13.69256918300704,15.417411872555302,17.981143908401457,8.525464865762991,10.510706498051047,12.447121112835427,13.957575584172309,27.230826015763515,35.77019452507245,40.177847644364675,48.286235292814375,13.728006140462831,14.567732465917654,16.12234038335369,19.228310366097023
2024-12-25,12.697410650625091,13.525162251919411,15.223208435088976,17.769676851907487,8.372100364274747,10.378484555985521,12.285384505947762,13.789761622471978,26.964245267839463,35.320214822086385,39.655780839427095,47.705682861540396,13.616841925797875,14.384474196980946,15.91284835663896,18.997125593363467
2024-12-26,11.937457983664153,12.744677215599797,14.341879412130389,16.766203203341675,7.8509938622923325,9.796259229250483,11.594280068598492,13.031115688620167,25.365604799151203,33.33877682849405,37.42497674115813,45.0811471142688,12.805508264251442,13.577515806854626,15.017683854069666,17.951995700560154
2024-12-27,11.906715703757435,12.676114850311416,14.263160783743194,16.662116711938307,7.697487904456925,9.742676813764366,11.529471865266451,12.948432022623006,25.292248662357427,33.15642434577397,37.21578345895453,44.7951029565901,12.772924565749436,13.503251123141487,14.933739952160067,17.838088583782437
2024-12-28,12.27833372909979,12.910284604935827,14.524996098242873,16.94688475940683,7.902756585242915,9.912506410471693,11.72885000156098,13.157179008399975,26.029148951732054,33.734390984977736,37.85935270770222,45.51726319216301,13.171853931798312,13.738633219491128,15.191987795111025,18.125663729358468
2024-12-29,11.936210229550126,12.52734218173997,14.096565588661763,16.460634735206238,7.645449047379996,9.622436452040645,11.387866183614124,12.78505666360013,25.302688898491684,32.747220537312565,36.758696920515,44.22990587209268,12.806210604849358,13.336599202880835,14.750322840755777,17.61301854274847
2024-12-30,11.879556552443072,12.439122378633675,13.997295031294902,16.338255343248704,7.578432897315799,9.56961298973913,11.325351193461369,12.706228058280526,25.189372113643596,32.56745093549147,36.55690586159646,43.95719829753488,12.749595126272888,13.263386420574086,14.669349261309732,17.504422255401064
2024-12-31,11.925234742928035,12.406209346951522,13.96061539361528,16.305023403646004,7.531907917310076,9.550010754262171,11.302339676433597,12.687201276873035,25.221042228876467,32.50074031273104,36.48262738251473,43.891375143766766,12.801361127321906,13.236217921271475,14.639543211629979,17.47821047843702
2025-01-01,12.369720781070543,13.187472686890278,14.832805301908806,17.331808998332278,7.877433701080859,10.154603170390947,12.011637358797442,13.490403060753055,26.250431923706845,34.558298321540434,38.77215714270389,46.670051862381065,13.273922569359728,14.074176870150879,15.558272817016523,18.58472164106052
2025-01-02,12.861213323625886,13.573638499013667,15.264701957647265,17.837720462444867,8.127572459952548,10.460521438277475,12.37104894833225,13.895404552503921,27.278371509048302,35.59940397443859,39.93229561609414,48.07115459735743,13.805688440176693,14.498176482720616,16.023806648628963,19.142661974978456
2025-01-03,14.056902105389215,14.346810487403927,16.13468623686342,18.854115875518396,8.773936047680476,11.033797090953913,13.050480823532697,14.657613240343082,29.778140077411624,37.55038430259507,42.12542205224481,50.70801569270155,15.091942061835283,15.292730715489197,16.90385207117941,20.192700008096946
2025-01-04,14.42021972377759,14.382469146479277,16.17340810953982,18.899597845554126,8.961954945742386,11.071880605043532,13.094121427077551,14.707185097822324,30.455362104532803,37.67999069084658,42.26628880403734,50.87950954274087,15.490265715096308,15.345514079264264,16.960378287844854,20.260991457087247
2025-01-05,14.10098578853927,14.309662942193956,16.089257851050107,18.798457339671234,8.826085463623643,11.011427779408155,13.020755483002002,14.62224719449508,29.87714663704853,37.47425672491682,42.0294721380283,50.58566685060539,15.142175622673799,15.261727076855983,16.865349830082653,20.143978845751377
2025-01-06,14.307899472198315,14.502419689800123,16.3059864369919,19.043313368228162,8.94929855714139,11.161826047140213,13.198597912561254,14.8148730272321,30.289032887913486,37.986094372938595,42.60352665029355,51.25205595428049,15.365154853870822,15.47017754857873,17.095703191150232,20.409345081746935
2025-01-07,12.988592557152915,13.298275393329686,14.953875751086802,17.458517470098354,8.1099860356731,10.248977023843343,12.120714396030682,13.600240207463068,27.51020875963727,34.8794728397994,39.12424503063619,47.050033491564946,13.949466590755847,14.204978072632098,15.699556661396295,18.73603608201985
2025-01-08,12.793288127061889,13.110503950103968,14.747247777113575,17.217873171558526,7.904725887005332,10.124839798244178,11.977444292762819,13.44012133704074,27.034779448022853,34.45700716555492,38.66178593435948,46.496102229978256,13.744369186910877,14.032925138614273,15.513983680246396,18.515452262331227
2025-01-09,12.110032601567605,12.633453777529892,14.206105664398878,16.56870082560088,7.522229814981094,9.750689675873275,11.531119827112626,12.924507509301794,25.620727430260924,33.18369383868498,37.22110288658595,44.71233609836839,13.005390070582687,13.514356868650655,14.935874502115993,17.805129567030296
2025-01-10,12.544995238212318,13.04533070144219,14.668509875589583,17.11582175656166,7.774667531425635,10.073325853739949,11.911810005320564,13.35786990453249,26.508303252757962,34.28169413440789,38.4499261494987,46.21155338413371,13.474293204045162,13.961527334675885,15.428969779170771,18.402140601377862
2025-01-11,12.830347104365527,13.291285285709844,14.94864440350837,17.476470040135826,7.853420011192679,10.280457619453063,12.159065841965024,13.663937740737778,27.138729807960686,34.98660807651575,39.24803900176595,47.27039511960889,13.78557354822984,14.248609858449269,15.749232008807324,18.82378742049369
2025-01-12,12.619781295824474,13.062987199355561,14.686821988475145,17.15656832459655,7.7310425620848005,10.102768750415766,11.944521831917255,13.41111594611424,26.675652892224203,34.38189464344797,38.55551609059885,46.39575807474938,13.559242563035987,14.00233489046431,15.471340315953709,18.475493699638065
2025-01-13,12.577541861887735,12.767398811579223,14.354489577298505,16.787028181916916,7.654990368927518,9.88556005896318,11.687715601740914,13.137802595720837,26.49905696787645,33.6426867560204,37.726575687704496,45.45023048894653,13.520443386346024,13.701285849951184,15.138707780451234,18.098970291481017
2025-01-14,13.144543346079068,13.21155189028425,14.856161696355208,17.385468473039733,7.992887258090318,10.223062968225774,12.088897531872526,13.599194626434848,27.673444326048976,34.79128173575268,39.021543923361705,47.046416303806105,14.130587879261375,14.169061454713626,15.658345339578291,18.734595663058673
2025-01-15,14.289811088020798,14.428556403261206,16.2325985410656,19.03621963232561,8.653103145827876,11.180600595519273,13.22811515991401,14.913445765190975,30.066193433446497,38.04998819851195,42.69880486412865,51.5930683593243,15.364283240958729,15.496198881969137,17.133935896101583,20.54514138732156
2025-01-16,14.073598927283376,14.469492483565704,16.28912251522509,19.102945947643384,8.65416349801323,11.217300039097719,13.280682875474957,14.972653376386788,29.661945705808762,38.174884297171566,42.868487286889206,51.79789710111298,15.128878277379114,15.5470639380715,17.20202510289615,20.62670729518591
2025-01-17,15.23282669626466,15.296638784912673,17.219651349004046,20.161703889754687,9.406007268900739,11.865162893131886,14.046918998212083,15.808409030969802,32.008125990919076,40.37970091141799,45.34180765710677,54.68919394139361,16.382134264664863,16.444995274459366,18.19450516899354,21.77806549630259
2025-01-18,14.61669397475526,14.736560442899172,16.58302605946543,19.44578450653879,9.03333432118816,11.458591712651208,13.55894556825273,15.282251070668371,30.744970601728205,38.99605175169891,43.766686635492576,52.86895038125037,15.724695686672534,15.881491747204265,17.5624494780013,21.053216936374955
2025-01-19,13.337580376158611,13.674457426003908,15.38082659758498,17.994702101904537,8.554650105852366,10.67764372554373,12.625226077420603,14.191516489332692,28.19434339601335,36.338317809838955,40.752749588913844,49.09555389711396,14.354729179175948,14.799105767908948,16.353033797274627,19.550593294433842
2025-01-20,13.394263358843414,13.98880926437737,15.734404876124929,18.419200596309484,8.668997990194768,10.923174992937387,12.915541791224088,14.52702838342346,28.38434823681506,37.173913513922905,41.689854676284874,50.256257356243054,14.412088485362528,15.139409611049437,16.7290700480788,20.012802994978834
2025-01-21,13.910832068464869,14.372491449399634,16.164572427246657,18.90718132365014,9.081283460942313,11.210602703584469,13.254149995074087,14.897275316597852,29.39720634618864,38.15209182416768,42.78284225968585,51.53712668945124,14.967687671054279,15.537781499064222,17.16765794881323,20.522864566935922
2025-01-22,13.648676805803108,14.090654599373266,15.849099058303427,18.525736155483628,8.813233057230429,10.999597342172201,13.006165127151945,14.60605813019609,28.810235440131375,37.43399520288446,41.9823761799263,50.52966077969448,14.687574090325054,15.24533021098971,16.846451429304153,20.12167637989687
2025-01-23,13.430771483801507,14.208691008516132,15.982247249783738,18.66458575618421,8.767402455164214,11.113543312759054,13.141320678556482,14.738953835334899,28.464172841890605,37.82177784470741,42.41864245414307,50.98941349599099,14.45256999040954,15.403258169056695,17.021513902360418,20.30475687617074
2025-01-24,13.359419749969456,14.092035826262904,15.843996128778679,18.506880505733502,8.691874945227704,11.020164228384264,13.024655926785522,14.61181900296155,28.286757492955992,37.50398873954319,42.04206231327116,50.54959052008295,14.375946037167429,15.273835706414765,16.870401944684414,20.12961270442872
2025-01-25,13.43141537857774,14.136503896422727,15.892596576495832,18.552702882459084,8.688853254892912,11.056967511534227,13.066860889043323,14.64947429951687,28.409591448518665,37.629238226595234,42.17829498330451,50.679859025420846,14.454262899638936,15.324844683108719,16.925068623125036,20.181487596649553
2025-01-26,12.885016932677654,13.727794631872603,15.431691509885745,18.019936130340028,8.460118693810342,10.730203933747285,12.679589863854858,14.221257992023482,27.337201806787522,36.51719150135228,40.92822951788103,49.19844463112638,13.862524195039903,14.871953682709373,16.42344939470279,19.5915659433759
2025-01-27,12.786347169944927,13.566306588061211,15.250159534688038,17.817926241811648,8.326108752385519,10.630536819922568,12.561815948837548,14.09169661885371,27.08318546298172,36.17800287973833,40.54806912808886,48.75022703688817,13.762442951494753,14.73381607510727,16.27090077490739,19.41307890744746
2025-01-28,12.328587044761765,13.129057175206661,14.76085018007961,17.26153322257239,7.947904078855225,10.30351467413741,12.17681225985023,13.66938126351928,26.11629132649811,35.065076191992766,39.30532235809884,47.289226987669664,13.272081199905063,14.280566702088258,15.772218351362913,18.83128655563334
2025-01-29,12.50865345870526,13.373857290227122,15.032137436130935,17.579171926385197,8.148882772917252,10.495219480006167,12.399863885860192,13.9202472775728,26.531734517734026,35.71748887220491,40.025306856153954,48.15709800928857,13.465133840331541,14.546267616184238,16.061129675113495,19.17688594353827
2025-01-30,12.871531278826717,14.00287196908987,15.736360454201453,18.39703097368788,8.396820087154754,10.97357054620432,12.963375901145314,14.551330360332882,27.31974652869185,37.34542041918099,41.84425757501115,50.3403300498174,13.849611140865173,15.20925733609063,16.79102797353752,20.04628201515007
2025-01-31,12.761181432149346,13.936978045010994,15.655666548201253,18.277156822944693,8.436293079359126,10.88605547665222,12.85535021369502,14.416284163417478,27.118859648417967,37.04758781750628,41.49556332091732,49.87313770682544,13.723226305552233,15.087962338441562,16.651105907428317,19.860238946825575
2025-02-01,12.045445806417877,13.182531136890315,14.805886094138808,17.287764114584686,7.89456938463808,10.305324173951215,12.167584053030675,13.647228053030656,25.59274675716149,35.07123430898946,39.27553478840576,47.21258795192208,12.954858791986554,14.283074650454004,15.760265363188044,18.800767730618787
2025-02-02,10.663944237004648,11.899295822688229,13.371774178095656,15.61008368004002,7.026767330084462,9.3333303904641,11.026269070298497,12.364067209700865,22.71607937335036,31.763330437927873,35.591503832592366,42.773492779132255,11.472010638867088,12.935901137522125,14.281958173162,17.033052786402624
2025-02-03,11.176849834130527,12.13557991952398,13.637297250371807,15.918870847244301,7.395885201113832,9.529312306712876,11.25779942988799,12.62196701603844,23.74372504565674,32.43029904454961,36.338856688590454,43.66569720644762,12.030365111290426,13.207530083169065,14.581851717423639,17.388342105074745
2025-02-04,10.445296195120065,11.3946468979939,12.803444438680682,14.955127150953658,6.911762082097711,8.967388404337,10.592525970851641,11.883063641643782,22.190038801729532,30.517951163843403,34.191431959876375,41.109460847238196,11.245963089762238,12.42870926103555,13.7201452185984,16.37041006324304
2025-02-05,10.183508981121447,11.20906229650948,12.590243793429819,14.709953599153554,6.709576481127979,8.817940488939286,10.411950785226578,11.684043343880072,21.667289247193523,30.009347769187297,33.608556431420624,40.420950090630726,10.96218194405901,12.221575967997003,13.486252209842148,16.096234649936072
2025-02-06,9.927679021520904,10.936493671863259,12.290331451100373,14.368735499854216,6.543760368044907,8.61816665580844,10.181078624819587,11.431894817241721,21.11514246065263,29.329474453969645,32.863328165216,39.54864221648943,10.68936009321175,11.94469146405993,13.187211209005142,15.748868440144287
2025-02-07,9.906231489471116,10.990060351403514,12.34635807150601,14.432674643030644,6.497376979181866,8.647224304734236,10.212506510527067,11.466701818514023,21.04153489070402,29.42836388206943,32.964773695655765,39.66905704377344,10.662908451208384,11.984965070379166,13.227918700023496,15.796819448493897
2025-02-08,10.094904258938337,11.121488782614836,12.492622037264189,14.59974159965141,6.581821881678815,8.733486590598629,10.313894909820464,11.57830124537442,21.383353558787405,29.72193299144556,33.29204356173873,40.05513528146073,10.863873676696327,12.10452372255959,13.359243708393977,15.950561651314825
2025-02-09,9.972551801016303,11.053181508357172,12.418208276631198,14.514250158557685,6.517318418908331,8.670447200694614,10.241692634109494,11.499132119806466,21.109246073895438,29.50739639107273,33.05898308078138,39.78124967704133,10.729550941324948,12.01715176834256,13.265722511410956,15.841496254630938
2025-02-10,10.221953087166137,11.370078971962405,12.77424139726805,14.940792218714472,6.679918320929536,8.930261993455808,10.548590673814047,11.851880874348534,21.65063007813474,30.391602003633846,34.049613972039324,41.00158405806239,10.999467614920343,12.377252432587607,13.663237295291266,16.327451891602777
2025-02-11,10.169941897785352,11.3826445166218,12.788972724921791,14.94060814334019,6.623850689766929,8.946502067805692,10.56821258761686,11.85849274719395,21.637700654273228,30.44687046905096,34.11295120930998,41.02445783338351,10.943751304257763,12.399761010712169,13.688652905088423,16.33656057544304
2025-02-12,10.558626070654068,11.808040146201373,13.262340473361347,15.481130775157746,6.848597248942424,9.24016079976207,10.912108360747174,12.236417525596318,22.435857935316964,31.44625428478337,35.223006446430055,42.33188867356574,11.354595754533806,12.806769030983153,14.134089617766195,16.85719934184884
2025-02-13,10.501366853528282,11.745579111943995,13.197445312200813,15.401377300893484,6.729531565603403,9.202341583693421,10.872547336689703,12.187807206974473,22.293843757826497,31.31754735953414,35.09530809893048,42.163721267379906,11.295155922267519,12.754351981581102,14.082847544198607,16.790232533192214
2025-02-14,10.801079294696251,11.967898096491608,13.441243867260278,15.675472807069339,6.947604138471601,9.383389383912943,11.081161346498737,12.412245460480676,22.87546932363891,31.933691957748312,35.768689664563695,42.940165446539375,11.620390385668168,13.005282394073351,14.353058305738418,17.099424367434246
2025-02-15,10.795649121699658,11.922230029562895,13.393913437511491,15.64137398784421,6.898748785057957,9.371175959218085,11.070429288074166,12.416767999830906,22.82018726174276,31.892127047032425,35.73404783820208,42.95581117225078,11.619584227480795,12.988354711478436,14.339157428791335,17.105654732424547
2025-02-16,10.608418259355835,11.713948771014834,13.150313876914081,15.361370730398345,6.791412457521746,9.216858570793999,10.879196203276065,12.205534776894229,22.454089485281735,31.366951788494447,35.11676986075419,42.22504979876797,11.419820816227197,12.774472378276759,14.091459599090424,16.814654483436946
2025-02-17,10.424929952681866,11.700262501687632,13.134949396415239,15.326123348849679,6.762577148175191,9.203811832508359,10.863796376476937,12.17363608484322,22.205752647650716,31.322550932426246,35.06706102533144,42.114696267768316,11.219414553140354,12.756389731507648,14.071512717618837,16.770710035683077
2025-02-18,10.151719167510528,11.419789170512795,12.814275825350135,14.985602304640098,6.509663837456706,8.98539800227284,10.600755279735983,11.907620858589626,21.543437286531155,30.579241698557016,34.21799520414597,41.19441654376537,10.925445526215471,12.45367038088004,13.730804367629764,16.40424070856641
2025-02-19,10.37734017367038,11.76839609128247,13.204068220984226,15.445120584063947,6.604091672481022,9.26332247252915,10.927397439668145,12.27727893605268,22.008353223143363,31.525078438093917,35.27235780068626,42.473248730532205,11.167687321648687,12.83887087422238,14.153893051208945,16.91349105795048
2025-02-20,10.414968421665712,11.858259069271782,13.300500301596365,15.546175727115076,6.666445486435888,9.311977734509716,10.980934624977923,12.329948732448283,22.149799902419694,31.69066275785738,35.445169558134836,42.65545990082074,11.203554991325,12.906306573214016,14.223237979799771,16.986050306217223
2025-02-21,9.88550088716,11.419540559445283,12.811874994498874,14.98005464380496,6.33887645714999,8.934686105651934,10.53818647732969,11.841017935613094,21.025869514845965,30.406658208836173,34.016030445582,40.964003719515226,10.625681507532681,12.383384207162827,13.649761086968438,16.312486831500948
2025-02-22,10.111690903669242,11.577679644542064,12.985343753824282,15.1695132835046,6.480826869188804,9.07153514996418,10.697104729195104,12.006458256251769,21.520334874892875,30.87238493581946,34.52899993093337,41.53634453910116,10.872799643502852,12.573055592823435,13.855602592524262,16.54040161606528
2025-02-23,10.059270304872317,11.644335818318424,13.06203006113832,15.269413148202712,6.4475107834163,9.142478728449944,10.783628311382971,12.110141597300467,21.440772508123633,31.11382118972029,34.80828791015966,41.89503707647132,10.818291956337081,12.67138267214461,13.967673699615956,16.68323841816285
2025-02-24,8.906520829030459,10.446635308242488,11.718509888674605,13.731593293028677,5.696579899964399,8.208059060967349,9.68147268376066,10.900066592484663,18.999870060275153,27.933790115681294,31.250658761574883,37.70878237542222,9.577849390623642,11.376286502414986,12.540088314780899,15.016208379992047
2025-02-25,8.924899934404994,10.457066234821207,11.724201675115877,13.72072010367003,5.688676595931973,8.179760929313044,9.643057154976319,10.84502251663691,19.0033819114438,27.837485488189483,31.126657938518427,37.5183573849336,9.590994628091565,11.33706557932084,12.490329962993915,14.940378264093136
2025-02-26,8.63116937148552,10.277768794373511,11.523303476574949,13.499872078130407,5.544729926629081,8.009686913377761,9.441091924081512,10.632921939827064,18.33367428567668,27.25868703779099,30.474737851713552,36.78459540056752,9.267226134459898,11.101344720403427,12.228731142787131,14.648183126396537
2025-02-27,8.672479310979462,10.330691460055933,11.588287541998131,13.578774061442672,5.547980677782085,8.02614656005117,9.462898433248467,10.662284639521804,18.387864070203687,27.31470275504377,30.545126706696404,36.88617566554564,9.306468649830201,11.124157623538549,12.256976386018502,14.688633926717275
2025-02-28,8.543805401134042,10.322404779535834,11.58300630447525,13.577793844815496,5.461533451738676,8.0506870042361,9.500266416193769,10.705642111974322,18.114755902111852,27.39821916399205,30.665746174599334,37.0361708494455,9.172777057459378,11.158170429960945,12.30537788665645,14.74836428117453
2025-03-01,8.698326744314969,10.412486529216032,11.670282140815193,13.696284782970025,5.521162921506754,8.135168380242847,9.588845773800342,10.817983751411987,18.45131032220265,27.68572745414053,30.951669955856886,37.42481677167994,9.342927879603474,11.275260759164516,12.420111771008175,14.903128974879154
2025-03-02,10.234245856977394,12.238299115413048,13.660275736572116,16.12913557341366,6.390108649816722,9.606606317957535,11.275482823108337,12.800280182530654,22.193804041281904,32.69334718678033,36.395936608694214,44.28257163862436,11.001730944753307,13.314658797802913,14.604756426235154,17.63399084879796
2025-03-03,8.630712016854261,10.556173362942454,11.782702604420276,13.795565257857037,5.4117587066082615,8.287641713314123,9.727385373112424,10.942339216818139,18.58327441823428,28.204626995751454,31.398859539971426,37.85502452705532,9.275080456261074,11.486587250374306,12.599557488329875,15.07444422014721
2025-03-04,8.748570798762202,10.70328846782536,11.93757278177396,14.037269358995907,5.5080917862308745,8.43814253472094,9.895536946358783,11.18028338254265,18.982084791056835,28.716813655982453,31.941633104220408,38.67819241201057,9.408214262858829,11.695179860448794,12.817358606781166,15.402242141839368
2025-03-05,9.01702153192743,11.28019507402782,12.598347715622431,14.787377858903838,5.808952436704504,8.898600121861028,10.450799817629914,11.783883685688366,19.601660685540036,30.28384984575718,33.73395655333498,40.76634777142405,9.694754365591772,12.333369400096062,13.536572064392667,16.23377723874526
2025-03-06,8.898825266012363,11.177729693218353,12.490654012823883,14.635859805251114,5.831419283662057,8.82749467478871,10.372685057325688,11.673299805056757,19.283056321432415,30.04186271824671,33.48181126529381,40.38378281610148,9.568810085077532,12.234817972557765,13.435392623526608,16.081434078183538
2025-03-07,8.650403610635825,10.83485445363556,12.119644378324741,14.13096340998488,5.608955435110393,8.537681534954764,10.044693541620516,11.245388540941779,18.62617688537221,29.055566279495945,32.42309310651751,38.903423719430556,9.298772102322856,11.833139903914963,13.010556164467982,15.491932660409942
2025-03-08,8.478268373906475,10.682541948003625,11.95461156508655,13.929824934071462,5.462029617977435,8.426839165256247,9.918567912603287,11.095914391429046,18.286517635743056,28.678345858920874,32.01597436309351,38.38631787178251,9.114560710709291,11.679513505160916,12.847189848381968,15.286013278407925
2025-03-09,7.601126672785824,9.80883385134673,10.984809284573293,12.783922077758184,4.919981946817556,7.723704523797409,9.099129202353097,10.166625034801587,16.42073128778276,26.285427465950487,29.37092227788672,35.17144117212805,8.166233421474013,10.704976032709315,11.785798247048026,14.005800675482371
2025-03-10,7.100738476180257,9.231594577714423,10.338365127345988,12.03613746349231,4.589076704606656,7.25170037184038,8.543071322423671,9.551592073610575,15.330210874873998,24.67909583303167,27.57603263403046,33.043734530110484,7.6246317229159635,10.050783071485698,11.0655550412658,13.158515658693993
2025-03-11,7.477958292322854,9.626428531105315,10.778029268532617,12.54884314675834,4.787582880492604,7.563252740775251,8.907887324286703,9.960024114321783,16.122838238590237,25.739375543402605,28.75361591679971,34.456705249844205,8.031200182530743,10.482591490891915,11.538089027720291,13.721182003926556
2025-03-12,7.715622804164186,9.783318444119608,10.952938878735665,12.758754942349254,4.927437246874583,7.708737061830858,9.07926348494981,10.153935270342359,16.59394257827651,26.234489974147305,29.30679807117741,35.12754092965446,8.292498062607722,10.684231282424172,11.760066846587478,13.988318933898869
2025-03-13,7.495085683423649,9.59564692022955,10.741979190048832,12.500594666222511,4.773214585260137,7.54604474639997,8.887027511233434,9.930271317865055,16.113219157718447,25.680813037989264,28.686282885880626,34.35377544504645,8.05166794593137,10.458741385441764,11.511070008355958,13.6801937964059
2025-03-14,7.749915665296258,9.880543915323038,11.061604937238517,12.868758902630738,4.953745858778117,7.755991975371189,9.134665179547607,10.20564655907005,16.663104234752986,26.395308607025747,29.48562824601154,35.3064361424901,8.323394995749704,10.749726112698736,11.8318268118054,14.059557717675505
2025-03-15,7.885298648208285,10.028048474189015,11.225625428945207,13.059907274089625,5.049197971159632,7.853444403496127,9.247635516815656,10.33472222712769,16.939027817800856,26.72696017693839,29.8502832500034,35.75297343980383,8.465720938552574,10.884794188411954,11.97815351772775,14.237375633914343
2025-03-16,7.5668442587566105,9.6856770517447,10.841913834835077,12.604975367320371,4.838809698833627,7.568610249004136,8.910525140813473,9.953067384132456,16.231130734320477,25.757608296029883,28.76213047928895,34.4326384404786,8.119781464622019,10.490016942889534,11.54150570339396,13.711598235856888
2025-03-17,7.778075133888659,9.933699271704073,11.119543939943698,12.92279374522148,5.010856922310863,7.768751574783761,9.146151531445721,10.211852040048674,16.689725149967984,26.438732267760095,29.522704843271935,35.327904005073535,8.34800106885161,10.767410787905781,11.846704699903828,14.068106545765907
2025-03-18,7.658826179302738,9.894756300616319,11.07699465089911,12.870960039601286,4.956329867417108,7.722800359481171,9.09316627557547,10.150983829570258,16.46154142181786,26.282350400343102,29.351674649345615,35.11733041976218,8.215439438565108,10.703722870149155,11.778074667087775,13.984252954184063
2025-03-19,8.077035763544897,10.396801280913722,11.631428006311603,13.525038020248763,5.248258507876438,8.13649184220414,9.573812551705982,10.69553853320985,17.365982524977596,27.69023147980338,30.903144477440176,37.00121751685717,8.668928430506705,11.277095064002584,12.400639740370194,14.73444533464116
2025-03-20,7.766068093596842,10.06690122593651,11.261293126559451,13.087439695239269,5.027384000876867,7.87848528231019,9.26927572330253,10.349120552828513,16.706600026462997,26.812179672547355,29.92013529943237,35.80278445020602,8.334241995977338,10.919500592148216,12.006183354650252,14.257211132827317
2025-03-21,7.670742489532056,9.944735173413548,11.124901372283984,12.92616640581237,4.961873742335379,7.758486509634386,9.128857553086132,10.190500627071675,16.490869377384325,26.40379804356938,29.46688190868347,35.25403878796445,8.227229396537375,10.753183511854544,11.82430438715937,14.038692297352881
2025-03-22,7.68258619625616,9.953387038784669,11.135809920233871,12.93415606091828,5.00342696134561,7.773474741900541,9.147777366223385,10.207403740214298,16.528560714766968,26.45480622116874,29.527952847320403,35.31251511098084,8.241672486790767,10.773957049564011,11.848810589406709,14.061978455016838
2025-03-23,7.836107252668503,10.083406553728649,11.277888162726326,13.103920447352774,5.0903511001633674,7.876114013118743,9.265533122864444,10.34285905698588,16.8315995513955,26.804109733550856,29.908054624002926,35.781122804190275,8.407545960928017,10.916214037130048,12.001335689263636,14.248585137238607
2025-03-24,8.151558824169765,10.346849749425253,11.572538872530234,13.436416927252504,5.301642320266693,8.081433117916445,9.50707241027081,10.60400756350899,17.49238358010449,27.502854800753465,30.68771512554124,36.68456611039321,8.747903180415687,11.20078423128296,12.31419346354065,14.608349947737883
2025-03-25,8.359164322951635,10.45408890644387,11.69445885077344,13.574640836993282,5.429547706221799,8.169050322218704,9.611921291366729,10.71802581308891,17.91047823037377,27.8010349889469,31.026155021173803,37.07901226572223,8.973641962191154,11.322220786658532,12.450000718448699,14.765424382126614
2025-03-26,8.39567786675934,10.333518973551385,11.560938605905394,13.413350575686124,5.431827083898934,8.057634653871908,9.482146078820046,10.568152388029599,17.929840505806663,27.42186350978469,30.60725584999607,36.56052512424757,9.011783823109715,11.167799801800046,12.281907218672101,14.558954947998071
2025-03-27,8.301216016801055,10.30682644941093,11.529110828578075,13.379338272957485,5.426131473990345,8.04506641072456,9.465790655329165,10.552311253868043,17.78709899858602,27.379091075571782,30.554462460487066,36.50572271771091,8.910770839823536,11.1503803444333,12.260722584711887,14.537131799531313
2025-03-28,7.900240451361022,9.793729867611207,10.953302545044924,12.715391894165993,5.112691750386337,7.6632992092859356,9.015106198862556,10.053290438143803,16.928573531850624,26.07985519059257,29.09970587352606,34.77936011420854,8.484283161476808,10.621254880236272,11.676966056051723,13.849668058710195
2025-03-29,7.553404640689007,9.47830168554612,10.599023266971882,12.306493950425637,4.887230849916543,7.430988940304716,8.740099052228398,9.748441814806275,16.199133358961145,25.289253387262704,28.212015046192118,33.724736245872926,8.113030663105969,10.299275206630954,11.320758481167706,13.429700858184447
2025-03-30,7.454255300542063,9.406593267347883,10.518275514082903,12.209651019402383,4.826958527539486,7.3718938915724745,8.670240942722778,9.667911992573456,15.981467642574419,25.088140228122274,27.986521258914205,33.44614331109191,8.00528811403143,10.217370069221657,11.230273604401642,13.318760931240744
2025-03-31,7.477365181784167,9.42207761669744,10.535589822035421,12.2382925616582,4.860551598608474,7.387930883048016,8.689102388931097,9.696031596973437,16.04719823822183,25.142717558845327,28.047403795947513,33.54342308766988,8.031027719795642,10.239597176544766,11.254704205914733,13.357499211933836
2025-04-01,7.729586610159098,9.66991184167416,10.811974282623945,12.560203277685613,5.033525538698605,7.574419639337651,8.907829585221396,9.940782245306329,16.579104996087903,25.777378900635817,28.753429541866268,34.39013800045691,8.301389561124465,10.498068698895132,11.538014240236839,13.694673916814889
2025-04-02,7.343977818961551,9.207457288264324,10.29356309057715,11.957715399522199,4.742300719708558,7.213212661511713,8.481838983035976,9.46518311874198,15.735996560314735,24.54811387805688,27.378381821402805,32.744802734897966,7.88718124120902,9.997439495828088,10.986242836529604,13.039476489419675
2025-04-03,7.337477546491857,9.304625486197317,10.401958281217736,12.084025598425143,4.730970759036717,7.282681437979627,8.56327926831681,9.556347346957113,15.73949956650246,24.784531063536928,27.641261514181945,33.060185399124805,7.877514310797456,10.09372251452972,11.091729718862664,13.165066643944368
2025-04-04,7.590051338296527,9.404465424890992,10.512159968322726,12.212909170742833,4.841246264921554,7.370994490057384,8.666036660550525,9.671850588188981,16.224015633227896,25.085079371351437,27.97295032897471,33.45976888334604,8.153637299838698,10.21612350785552,11.224827938079747,13.324186840521707
2025-04-05,7.517900993934054,9.313485501878889,10.411367749702205,12.095340820126834,4.8000571014153035,7.305887523899187,8.590294939050072,9.5869635495048,16.072892353736396,24.863506364356347,27.72846493197564,33.166102157452556,8.07732068262923,10.125885913947249,11.12672221514336,13.207244301609055
2025-04-06,6.727260910179001,8.355313648244357,9.344235508260248,10.852347975065161,4.286534117606698,6.532848801204309,7.68522794196823,8.573900222122507,14.35392888971647,22.232689350168318,24.807014775987454,29.66140939061029,7.223566212600812,9.054462094806086,9.954419152899815,11.81162255039983
2025-04-07,6.754423536888793,8.410284367265412,9.405712475638854,10.919842383444214,4.323414308353513,6.593553100639394,7.756640336838003,8.650979807579311,14.431130751421945,22.43927913551756,25.037525614195516,29.928066230632023,7.255879691222373,9.138597637346948,10.046917243602387,11.917809343594362
2025-04-08,6.470284216421376,8.08017117285412,9.036948863369057,10.49486859292091,4.142817564131984,6.347851802297753,7.467478656911473,8.331770462673202,13.828873075928406,21.603104779552716,24.10414561287968,28.823761443396613,6.952789548323073,8.798058133039286,9.672375774347259,11.478058448562605
2025-04-09,7.20305332822196,8.953818910905966,10.011049154038222,11.617171562536868,4.654960887638888,7.0508364778084145,8.290666033425675,9.243185663040617,15.421673199175086,23.995512806151496,26.761297953290843,31.976802496191915,7.743793074678317,9.772387754209678,10.738622897929607,12.733647160180706
2025-04-10,6.917455683060565,8.585345137090732,9.599343522989946,11.142803092195818,4.462926614277478,6.76550190803965,7.954937149357242,8.872014346560633,14.794662689360546,23.02445790444255,25.677604476571606,30.692735258768533,7.437785841045158,9.376916938195567,10.303764483971285,12.222312134321115
2025-04-11,7.177423396599522,8.893985197451046,9.946592990666487,11.54707969990897,4.651556287484515,7.013586617665521,8.248055166240635,9.200159042665474,15.336264582639107,23.86874352155677,26.6237550697409,31.82795189511441,7.718344270425998,9.720759826338687,10.6834304643894,12.674372595942225
2025-04-12,7.488632113901105,9.296750547760517,10.400179577397317,12.07225683181096,4.829716731721054,7.33257028577181,8.625854796696718,9.620426805168172,16.0021970661105,24.954313541098163,27.843247983400197,33.281868296556084,8.053032286925593,10.162867950928709,11.172781711453043,13.253344131903729
2025-04-13,7.337720705663139,9.131644529699232,10.214089561142693,11.862890406454637,4.707523382079549,7.198949378948333,8.467822713335435,9.44977404961757,15.665632482604716,24.499572860195446,27.333138946085242,32.69149505743655,7.889875352371047,9.97767073104452,10.96808803037254,13.018248564713844
2025-04-14,7.233075838528012,9.080136868651685,10.156476295392636,11.784735830907602,4.6671983276686095,7.153606094726611,8.414487306761703,9.380942069899055,15.47330707914267,24.345259912981348,27.160978506739966,32.453370810978775,7.775533715831285,9.914825399592198,10.899004459041372,12.923423882507475
2025-04-15,7.051521256256112,8.87151853738536,9.922961027525993,11.518451215117029,4.54873697374509,7.000617267183048,8.234487463174256,9.183340703932279,15.077053067509834,23.824606032824885,26.5799601149282,31.769768849182984,7.582130215992361,9.702784438278865,10.665856671616478,12.65120322565626
2025-04-16,7.071129268356998,8.876371274146997,9.927631890546976,11.524495376162765,4.571329068810961,6.998607374332076,8.231518954012955,9.181059206372886,15.111871168981567,23.817765935228483,26.570378115385292,31.76187600795791,7.602447076093607,9.699998747198675,10.662011660814722,12.648060176714347
2025-04-17,7.115208652440296,8.971479383060908,10.033247782707186,11.648658256550682,4.6105405713245355,7.067328872595759,8.311675546374381,9.272342421150473,15.208350367540332,24.051639972278437,26.829114197921502,32.077670306219375,7.648240474793609,9.795246045898148,10.765835818570205,12.773814250147337
2025-04-18,7.149490524299784,9.017358436242219,10.084191913743103,11.701962001443583,4.622104845400436,7.098248138141947,8.347653780624817,9.307878158758431,15.280403824227795,24.156864882075375,26.945247719972368,32.20060619699022,7.684131869953497,9.838099833947796,10.812437224125697,12.822769184168175
2025-04-19,7.190178689802882,9.16479758365085,10.250692909077278,11.887959666026287,4.683281198613216,7.189641736099459,8.456077477490975,9.424642852104393,15.374921561629508,24.46789694998562,27.295226701797745,32.60455367503147,7.722225622559312,9.964770432578778,10.952874818542224,12.983627189193367
2025-04-20,7.1289699866953935,9.16368907859782,10.250085819889852,11.887486008967485,4.699889698183896,7.188736700303824,8.455582799140503,9.424290209161592,15.25226353216825,24.464816918546436,27.293629938078805,32.60333370670619,7.655460608367992,9.963516062157025,10.95223407819156,12.983141379325335
2025-04-21,7.256856864657308,9.211648127963084,10.303730631233618,11.95380361853194,4.742333876072183,7.245614098552505,8.522483503720638,9.50220278672274,15.497277047525586,24.658382936188783,27.509577568985165,32.87287228306564,7.797919755576029,10.042347558517223,11.038888327101768,13.090475723584035
2025-04-22,7.924831363824138,9.8657894536055,11.03536840832394,12.789972996110128,5.151032242100598,7.766479310431318,9.134851845472094,10.173980376683135,16.908375910065104,26.430999263521585,29.486230781730967,35.196886978716016,8.519334930242936,10.76426145258905,11.83206859394484,14.015933581135956
2025-04-23,7.945506329095294,9.96239527839187,11.143422529774284,12.910123136569483,5.26305140771824,7.836138825911065,9.217091518051978,10.26123822733268,17.01522969379846,26.668065574877048,29.7516908029908,35.4987555290384,8.539516528356843,10.860808833624052,11.9385908959558,14.136142210782971
2025-04-24,8.060977359912673,10.078885981133551,11.275010366691061,13.057533178139131,5.31000150635446,7.906267353487809,9.301546156638102,10.351087235103149,17.25891547480288,26.906728035258965,30.02430047483485,35.809588187895756,8.66011221018306,10.95800626066249,12.047982169479646,14.259920484242981
2025-04-25,8.04784870124053,10.147126720113263,11.349087807257442,13.14744213946672,5.291773032784156,7.966182493796956,9.369994887529845,10.43076870466902,17.219047413743613,27.11063214239511,30.245244953183555,36.08524624646991,8.64607237967949,11.041048036669023,12.13664152518458,14.369691699021622
2025-04-26,8.084150333004397,10.173625275203506,11.375799104200325,13.169742194741705,5.30693350104552,7.986878688281458,9.391706194322191,10.447469640661051,17.302130441728725,27.181065742912512,30.315326506062753,36.14302313759675,8.685306093502623,11.069732752046503,12.164763455958811,14.392699332311693
2025-04-27,7.9929717084886835,10.008805572343345,11.191273595862285,12.955504632342263,5.226581485934995,7.874931593199084,9.259665386214529,10.299921217766915,17.102769223083868,26.80008570428658,29.889114258033946,35.63257934153885,8.591219693761412,10.914575215129354,11.993735405897533,14.18943288017413
2025-04-28,8.021426046249465,10.159930681296665,11.36025304393694,13.153477017244215,5.2894906544487,7.979714111147039,9.38287293958058,10.439772675351225,17.167315108542727,27.156683146192147,30.286813795372865,36.11639548469603,8.617789570399639,11.059802720897311,12.15332203602354,14.382095797552958
2025-04-29,7.86587374094503,10.015071164983748,11.198292887989691,12.966015943255256,5.178059271102336,7.871339271764327,9.255588376573959,10.297904797503978,16.848767584616887,26.78786026192058,29.875954148905215,35.62560353526948,8.450979257576591,10.909596294102226,11.988454591436453,14.18665500844344
2025-04-30,7.781119477546569,9.896685778964715,11.067126583331795,12.815203080101433,5.112644602548315,7.783317419488611,9.153250961743787,10.184675489371019,16.66178994113688,26.488302969654512,29.54562097193268,35.23388672302089,8.360968814014312,10.787598900744802,11.855900354927648,14.030667439815268
2025-05-01,8.041663744947876,10.12492604429815,11.318713178174638,13.110751046019594,5.2796471102901394,7.960258852882565,9.35802949183455,10.416208007270049,17.204340518577524,27.09047271849304,30.206622058709236,36.03487351114819,8.641796567856433,11.032837930518593,12.121143147650345,14.349632512736308
2025-05-02,8.077781668576801,10.188173254197675,11.390897803618238,13.189254655031172,5.286093620895476,8.016828322913076,9.425941303769216,10.48732170833784,17.26075546212227,27.282990790189444,30.42583342561319,36.280891373032176,8.681618366327234,11.111242641495542,12.209107050157241,14.447600552183212
2025-05-03,7.892807673561593,9.983956788825276,11.15919965366158,12.923399951004328,5.160702639243081,7.864265578354907,9.243504050925477,10.286393409310953,16.90843882372823,26.763786962060806,29.836947362485425,35.58577988570487,8.4839003914702,10.899792226872924,11.972802167904778,14.170796627911287
2025-05-04,7.711981588236528,9.776985061914763,10.928124526743812,12.654928316539968,5.039521592027469,7.706374686732587,9.058075400812042,10.079261140808066,16.520758311795063,26.226450303662556,29.238405419684266,34.86920576483774,8.290165406588056,10.680957054528832,11.732622628647961,13.885445957833332
2025-05-05,7.697898110684544,9.709519760800173,10.852715880096037,12.567804374299048,5.015321923993592,7.648726606175813,8.990315827520812,10.004189128690339,16.467607541460257,26.030261488391652,29.01968546127277,34.60949412515067,8.274865371290439,10.6010574003162,11.644855915772846,13.782024848622648
2025-05-06,7.780568050220008,9.922255186823612,11.08894749760421,12.84301057157206,5.070499786498376,7.822895675736192,9.193685848671524,10.231694067287743,16.641197575568338,26.6229962869117,29.676140046325266,35.39654750194547,8.363522740712952,10.842453961971108,11.908274313893882,14.095441426078361
2025-05-07,7.771809189846526,9.901659655383217,11.065558895390025,12.81484465397101,5.071008901746344,7.805259029645953,9.172627909084493,10.207373036227457,16.61599045897992,26.562974987531426,29.608167486183667,35.312408890532716,8.353981162705303,10.818009749597152,11.880998667845567,14.061936156425302
2025-05-08,8.745164881237583,11.046749482552427,12.340424007770952,14.288825028828791,5.7209965603251645,8.705028413509094,10.22566355678442,11.377210320541018,18.760759030587447,29.62508369492013,33.00724309843459,39.359461190126005,9.400937752908048,12.065080978117548,13.24496058274302,15.673533689604424
2025-05-09,9.006354449869999,11.335324125236017,12.666603022388289,14.66777268291287,5.846324622630206,8.89061593854248,10.446940253141594,11.62592561681016,19.299030397070652,30.25667795293712,33.72149833166432,40.219891803175486,9.67487711811227,12.32230340309911,13.531572899377071,16.016170194104674
2025-05-10,10.277335845945041,12.22039054336906,13.675249594382342,15.833440584578936,6.5285563163736215,9.560378197558405,11.249981194052717,12.518413940132644,21.86849069338911,32.536022951771784,36.31362033992882,43.307455321363264,11.04513241444906,13.250587092394575,14.571725017587518,17.24568475954415
2025-05-11,9.745967828770537,11.775723624902948,13.165388158158912,15.243780158211457,6.287563561935145,9.216753752517299,10.835000021817557,12.057091370681363,20.803795189491897,31.366595069357828,34.97410976859269,41.71150980775484,10.472331504947151,12.774327101209732,14.034213760903496,16.610155079564947
2025-05-12,9.808027198074068,11.905713628117393,13.310718407365792,15.397277343354578,6.253894745651612,9.331061241281985,10.969377230595757,12.194757818605499,20.923384778655368,31.755608035283906,35.407863644064996,42.187766909591986,10.540664434383567,12.932756119799834,14.208268072743772,16.79980787218068
2025-05-13,10.138484343923984,12.184055254310229,13.617918461832431,15.77574770006337,6.48034931130272,9.547473753305939,11.220238406473888,12.49353265631261,21.63503799647325,32.492106352898595,36.217614108686426,43.22137851542543,10.897120329029798,13.23270166371039,14.533200177911844,17.211407671470123
2025-05-14,9.867406717606427,11.891690776268918,13.290729871686812,15.385555448264066,6.3260907701772675,9.333584711021144,10.968255137260684,12.204390800305427,21.057668929891907,31.76419594547478,35.404241658334264,42.22109221154926,10.608168628545306,12.936253623231476,14.206814662712171,16.813078512254243
2025-05-15,9.413250724269627,11.466691567668203,12.81467416297004,14.828298905372286,6.035721920270467,9.006599633848914,10.582799277976937,11.77062083392315,20.109208201862184,30.651395410190563,34.16003533564008,40.72046493331032,10.119524504681698,12.483055626933535,13.707546558080141,16.21550599754416
2025-05-16,9.451887124632274,11.440958921349536,12.786208195349907,14.796057226495705,6.020668070462045,8.986934798013861,10.559928346477804,11.745828413312925,20.164305243443433,30.584471744949422,34.08621065016247,40.634695549663114,10.162108619987846,12.455800364170337,13.677922604141656,16.181351329683302
2025-05-17,9.230046464839646,11.199840135999898,12.519250897715645,14.479118117845461,5.879143900872017,8.805083225484578,10.348130157051076,11.5038508223546,19.694013461316,29.965591736715062,33.40255092603845,39.79757402937189,9.92461872182571,12.203755931419385,13.403587481058896,15.847996859021265
2025-05-18,9.78735514346777,11.582962604660047,12.941986993441477,14.977689621594699,6.18446437210664,9.099910993292182,10.690058668264383,11.891852618580325,20.769959977645183,30.968954032848668,34.50625607233338,41.13986631456183,10.526496968612372,12.61238422350815,13.846476065060031,16.38251798093384
2025-05-19,9.50153720575826,11.359215119800103,12.691987305304037,14.689333866789983,6.058139347118795,8.944012871084116,10.506918407452497,11.689261785872793,20.22910699706532,30.438399197309298,33.9151007819055,40.43900329166148,10.22122535052055,12.396311009334852,13.609260600059,16.103423708068583
2025-05-20,9.54821795603872,11.348830899923872,12.68017445278558,14.674395314094715,6.071642782556363,8.921100691771487,10.480274847749357,11.658307375153742,20.31555975894816,30.360424123877458,33.829098494890516,40.33191650210288,10.269670185992318,12.364554961489791,13.57475008677129,16.060780126243348
2025-05-21,9.814216828694676,11.615411654172242,12.976517499175841,15.017885237108391,6.236529758731796,9.137706720952638,10.73331535361866,11.940363820252486,20.867055779786256,31.097581021993676,34.64588358121752,41.30769082564206,10.55768239100031,12.66476871821498,13.902505005311777,16.449348243565012
2025-05-22,10.20749668315547,12.068981530238181,13.48348449963406,15.607547227103833,6.475114263282856,9.49166541150241,11.149359829608281,12.405705197781767,21.71254053964575,32.30217856423815,35.98882637241068,42.91753940653325,10.980395008514526,13.155351868726484,14.441393523846545,17.090414335549266
2025-05-23,9.505514818918208,11.3661135316243,12.698092166334986,14.692319413920776,6.038388061605639,8.956989132217265,10.52089605880147,11.701388491368077,20.235773384208112,30.482560204471564,33.96021900171185,40.48095563154607,10.226878312183167,12.414295975486334,13.6273653851547,16.120129765333
2025-05-24,9.537428485629626,11.383855251088239,12.716734236251988,14.713997321537292,6.031635129631618,8.973461729661361,10.539074830067257,11.721736377010702,20.292114902275866,30.53861999598204,34.018897944067874,40.55134914565787,10.261907194228995,12.43712682825811,13.650911740608406,16.148161529020808
2025-05-25,9.55882388031706,11.436449721877137,12.776288480880353,14.781264059352877,6.064914557375289,9.022757888368954,10.597326576201649,11.785218159394267,20.368327165990802,30.70638542513149,34.206927751120396,40.770964383454334,10.285958705418054,12.505450803604848,13.726363282421952,16.235615643591277
2025-05-26,9.579791256870699,11.39694422822488,12.73215471596594,14.734654308689787,6.081751098471505,8.99899123687512,10.569412387367258,11.757658445251902,20.418327777264345,30.625502399114,34.11682402223905,40.67562154732526,10.31060210609059,12.472510465994139,13.690206965645281,16.197648681927014
2025-05-27,9.623256318408377,11.516787665164731,12.866338025567657,14.8960837919353,6.148318428008379,9.089629061525311,10.676184838034837,11.881960038227488,20.54583335501894,30.933962407931478,34.4614729749285,41.10564293101721,10.355862320748363,12.59813357049635,13.828505755993872,16.368889711167448
2025-05-28,9.452925271781893,11.422277679145186,12.760768043805598,14.777467038701628,6.045093657988857,9.001418250496465,10.572665502835251,11.770576219890536,20.20221390611291,30.6337620483932,34.12732469757255,40.72031059105631,10.168869670429979,12.47587428222604,13.694420617493439,16.215444536120533
2025-05-29,9.238521132397677,11.149048446326294,12.45541057864428,14.424841192385182,5.880588135858145,8.808313021778728,10.346101743627012,11.518029692285367,19.739084373408083,29.976583428067073,33.39600344531797,39.846625832497324,9.942298098020181,12.20823239628322,13.400960144876944,15.86753003009565
2025-05-30,8.566620559471254,10.560073871360599,11.799782867294736,13.662889188424852,5.467709615003022,8.354692868567835,9.815183029247793,10.924063107968776,18.37143739666773,28.432816496333647,31.68226008052709,37.791798325139716,9.218493201645463,11.579519470624968,12.713278860866007,15.049266588751212
2025-05-31,8.561194332545933,10.625044786322599,11.872316982850373,13.744744487167736,5.472219189014306,8.40453074374265,9.873737600428806,10.987463259389521,18.351228702434227,28.6024255031164,31.871267371326713,38.01113116060533,9.211531454688439,11.648594259493933,12.789122641851485,15.13660824643552
2025-06-01,8.614528784032064,10.668169296775746,11.91972252622526,13.800531111058085,5.511687652886246,8.445028871150333,9.920369240430908,11.040407522493952,18.46325142973637,28.74024933974837,32.021788838132345,38.194291848523385,9.270264633980254,11.704724252806482,12.849523048172964,15.209545607006271
2025-06-02,8.687596706052874,10.782429251333053,12.047387068874938,13.948359393116444,5.543267790217506,8.528371827805012,10.018272150677682,11.149465349301634,18.623321680686438,29.023883344026324,32.337807954213616,38.57157742036226,9.347431275641389,11.820236744349183,12.976333418957557,15.359786437089122
2025-06-03,8.64260999434337,10.778480873800982,12.042889678746622,13.943500522328055,5.522408295189109,8.525788985631245,10.015166530016433,11.146306277262317,18.528674604527286,29.015093376672525,32.327783374823916,38.56064861006297,9.298492977408241,11.816656951326125,12.972310812207906,15.355434419270946
2025-06-04,8.495564129327034,10.632787570241042,11.879548584425626,13.754558204906111,5.4373453024288025,8.423166574783195,9.894248439364757,11.011734712190508,18.23281327906347,28.665847243755838,31.93747395470903,38.095098256020954,9.141947724369622,11.674423332061895,12.815689646693476,15.17004521582028
2025-06-05,7.967067991181636,10.137129437086976,11.327398289872464,13.116564758910165,5.108328484870869,8.031300296965018,9.435412698236611,10.502204653763467,17.118915464650158,27.33224203006526,30.45640597652204,36.332378925461185,8.571406946710706,11.13130065056292,12.22137503117262,14.468103675528656
2025-06-06,8.219101130525276,10.422065620526862,11.63931383006753,13.47702940685189,5.291976817333707,8.26526782688068,9.70430575111195,10.800780142660397,17.66425203819374,28.128483848746594,31.324361226022493,37.365300884049255,8.844331621730205,11.455577270993235,12.569663224552928,14.879428846837751
2025-06-07,8.443067884130391,10.646748561222505,11.889583434005624,13.766369980247665,5.421507113685101,8.433040692937896,9.900955779435378,11.019384707584772,18.121187240828107,28.69945099125108,31.959124462084468,38.121563416490176,9.084339546718947,11.688108759548733,12.824377440337098,15.180584043631244
2025-06-08,8.426361535985185,10.642520273339985,11.883809731121325,13.758882807051547,5.390097538404964,8.43007812477604,9.896519422198965,11.013743966890196,18.07888311603282,28.689368734700295,31.944804421046484,38.102049273022956,9.066228264567965,11.684002670162451,12.818631174933298,15.172813216089176
2025-06-09,8.837905820700184,11.088334214599504,12.381621143957538,14.331368985949398,5.651537116063294,8.789995934677453,10.319046182136825,11.48044893864078,18.973823279786128,29.91424644159838,33.30867126483774,39.71661520837278,9.511017222747114,12.182845099578115,13.36591597943071,15.815757830080527
2025-06-10,8.988932883409042,11.372090973860578,12.699980767168126,14.696513794098845,5.846232728078053,9.010621793427658,10.579466586320317,11.76734790112084,19.356985773178344,30.665083684196613,34.14927779769928,40.70914222168059,9.671734870640167,12.488630299263054,13.703229833851813,16.210997122249115
2025-06-11,8.76647778314715,11.120371073655598,12.418487434663179,14.370388838682203,5.684766752760576,8.811079998737009,10.344836950876811,11.50604575352376,18.87454998360437,29.986000045690474,33.39192084260538,39.80516739415408,9.432015713378119,12.21206739824765,13.39932190105749,15.851020651906948
2025-06-12,8.343319337590906,10.64934745575359,11.88975909302291,13.761947928005457,5.3992529355823216,8.454373261194341,9.923497533094666,11.040033786506907,17.969134059407036,28.772050308565657,32.03188660008807,38.19299890880768,8.978662074280011,11.717675482511497,12.853575021210476,15.20903073882515
2025-06-13,8.261295071470117,10.522342418070583,11.749079801411062,13.599560929421031,5.29741551684037,8.361332603694272,9.81506228626606,10.91962548645352,17.73484551424172,28.45541294283432,31.68187033633804,37.776446372693975,8.8918972570144,11.588722076081073,12.713122466513232,15.043153208725572
2025-06-14,8.176561224719848,10.363409513610785,11.568412177640287,13.392837902742528,5.232154665673875,8.234720039002248,9.663538268517783,10.753152693746275,17.530106747847498,28.024523157338756,31.192768571812387,37.200533715797505,8.80122852825392,11.413238347218591,12.51685846552493,14.813816064435578
2025-06-15,8.147383000568786,10.483988090719746,11.70685573230025,13.553685258741694,5.230830574203604,8.331993827186368,9.781119794287576,10.884454542001938,17.497992438254514,28.35556677711654,31.5723079516694,37.654772483914506,8.768248988514333,11.548058829787996,12.669157889951665,14.99470082301536
2025-06-16,8.114909719350303,10.571313877262515,11.804367325781625,13.669362078374922,5.247703021758361,8.401873379337127,9.863153012858568,10.978133263537758,17.438314385156165,28.593381920582022,31.837101563593322,37.97885403824534,8.731901392259475,11.64491117941446,12.775412778978152,15.123755007356124
2025-06-17,7.952389685978561,10.305890274905579,11.507228771577202,13.330376061869151,5.113639850559297,8.196837202838786,9.62176290728759,10.713479395728825,17.076262042199858,27.895599719225466,31.05792260352947,37.063283934031325,8.558573313527631,11.360733121011217,12.462748234951516,14.759161122183912
2025-06-18,7.980293344531277,10.298225048336429,11.498883128630752,13.321479273656472,5.141060323655032,8.210661648133657,9.637968058357622,10.73076611846238,17.132008303913658,27.942647279490846,31.110230931282004,37.12308735449789,8.592221954001024,11.3798936617972,12.483738226062417,14.782975750156295
2025-06-19,7.998439202675978,10.354780883118384,11.564186017882646,13.410737127292327,5.1431888216388595,8.27520709664767,9.714826112856015,10.826840101194895,17.162942652593692,28.162309321189223,31.35831972031888,37.455455315377904,8.614353357575482,11.469352997953067,12.583289897858046,14.915329707113024
2025-06-20,7.696764136651366,10.013590518993942,11.182531118119696,12.969424392704484,4.950755640853084,8.001122195378048,9.392607783746168,10.46895891579522,16.51012776862283,27.22953946060777,30.318236731020477,36.21736528886383,8.288708458452753,11.089474108233933,12.165931254636728,14.422303503131356
2025-06-21,7.408117288009752,9.709461710591485,10.846630101614622,12.586229578266993,4.768971024673131,7.760994964125513,9.113905752015485,10.163667864191707,15.890457751452841,26.412334853642204,29.418619247785475,35.16121083986092,7.977520506258593,10.756660204304914,11.804937818454862,14.001726802197618
2025-06-22,7.2526478768051215,9.470775261339828,10.581996373327843,12.28040687110297,4.662464514107876,7.588419298428042,8.911625807023992,9.93790918841106,15.543901400763325,25.825022751126827,28.76568330077376,34.38019865960089,7.813161754217859,10.517472084222353,11.542931359586557,13.690715920718178
2025-06-23,7.78804296407247,10.132252965649172,11.32108630787756,13.112342836802918,5.037145675094609,8.108067932619976,9.52188652100548,10.597951232606647,16.708450522215585,27.593498802967908,30.735533338177643,36.663614232526,8.388843618872295,11.237699813974992,12.333381686550297,14.60000659257797
2025-06-24,7.843802570347615,10.198171933238305,11.397338930732264,13.190495791709731,5.126423170801615,8.161838447227426,9.58743945123615,10.661819924359033,16.849278784047964,27.776491427448324,30.947130511497793,36.88456798335484,8.449123267489732,11.312225201160077,12.418290208346173,14.687993723314635
2025-06-25,7.799347342039037,10.13877471543341,11.323814825888794,13.132188927287398,5.0814864950143095,8.127457858424336,9.540701198495233,10.630786627825039,16.71211092777871,27.659486890255597,30.796264911270605,36.777208288304976,8.403164830848093,11.26457405422747,12.357751710103775,14.645241466388622
2025-06-26,7.639588676671395,10.003567304958331,11.172126809317882,12.968608345896314,4.9958837001265755,8.022244803794818,9.416550542069706,10.502613032525938,16.386589815534546,27.301424239436376,30.39552114782566,36.333791711864826,8.230737458477645,11.118749828991135,12.196943510073883,14.46866626847643
2025-06-27,7.69928499683557,10.111828199611804,11.293084486341003,13.113049289493235,5.032483770124697,8.102980548398602,9.511437132297116,10.613113100827125,16.50998115367924,27.57618534042796,30.70180393651958,36.716066718414936,8.29388005118522,11.230648751108564,12.31984694224862,14.620893967044621
2025-06-28,7.791545503800118,10.200874599717975,11.391876193482798,13.215095142014928,5.1100702652951915,8.171227368459482,9.590947428499831,10.691391171564874,16.70853158653768,27.808443945474917,30.958453850827617,36.986869718485856,8.393155595400625,11.325238150639498,12.422833974168762,14.72873182397957
2025-06-29,7.995187103840414,10.430669048937139,11.649683219921545,13.50682163885491,5.2347432942437155,8.340780833954852,9.790989003161737,10.910747651012416,17.131271147044373,28.38547085078277,31.604164600843287,37.74573349935755,8.610820411377748,11.560237531933588,12.681941146685592,15.030922877303666
2025-06-30,7.875570014327478,10.303547887896876,11.507705629632781,13.353652157969973,5.139800535791789,8.261498528733544,9.697921915796599,10.81336257892809,16.891300664786048,28.11565611656978,31.303754954069188,37.40882982462453,8.48496480175294,11.450353062040016,12.561394455817387,14.896762730380615
2025-07-01,7.6025087460838545,9.976606120002225,11.14385834713141,12.929927564084666,4.972049490057716,8.001096493707491,9.39337260229949,10.472525912161885,16.296727391581562,27.229451992295754,30.320705475642818,36.22970531344837,8.190708614358352,11.089438485979551,12.166921898572493,14.427217487855948
2025-07-02,8.023960017349099,10.485810830968862,11.707018433627253,13.5864859975009,5.231359315426775,8.389377576877108,9.844893959692117,10.97782162532008,17.216602891573864,28.550856017606357,31.778163480674248,37.97777592577413,8.642376059753266,11.627592124104687,12.751762437059032,15.123325686638115
2025-07-03,8.13931404493999,10.57284113014223,11.80370356805552,13.69913520391162,5.294348718183406,8.46584816405582,9.934134908298864,11.078019359218885,17.46942737471926,28.811101870664505,32.06622280011504,38.32441000457009,8.76829110600697,11.73357958134533,12.867353258143572,15.26136062786176
2025-07-04,7.82418493188079,10.243636709058956,11.436618246430962,13.270943761016975,5.101993613933564,8.217863020140577,9.643244177826569,10.752399220983644,16.803766509703888,27.967155097075008,31.12726162635239,37.197927076637015,8.430220040205135,11.389874690266007,12.490572207447391,14.812778061234742
2025-07-05,7.86874446606414,10.286359751960125,11.484028514982029,13.326006639239523,5.128606388547238,8.255700898741074,9.687217629715722,10.801622937872994,16.897202572504014,28.09592553493347,31.269202773576975,37.36821653424176,8.478893541839595,11.442317605747675,12.547529551459807,14.880589902912646
2025-07-06,8.121772941958728,10.488736312245605,11.709796392632343,13.588048595234282,5.266484891035969,8.423927312292188,9.884157448562878,11.021516425949942,17.41616064370182,28.668436197094422,31.904901419474328,38.128938096565356,8.753668182659004,11.675477706523763,12.802619123233612,15.183520752953818
2025-07-07,8.00453962308664,10.418821949328137,11.63174285688578,13.496086017334516,5.20524693271481,8.368526786261807,9.81915362057181,10.94778582478173,17.177679441694522,28.479896293210174,31.695076683806544,37.87386706830411,8.626591156181416,11.598693140059906,12.718421835234842,15.081947605512012
2025-07-08,8.135804018005414,10.628795703554706,11.86600130722717,13.768864302994967,5.32355182611146,8.534724415722811,10.014016538753443,11.165969984225892,17.47877921820026,29.045502566825405,32.32407133785265,38.62867520790914,8.767318804276002,11.829041366690207,12.970821266921758,15.382523641046133
2025-07-09,8.519542720464155,11.097664827162115,12.390917025323073,14.381720028872207,5.513865265468693,8.907151116893289,10.452336455776344,11.65813979803844,18.307355327637627,30.312950720731063,33.7389166411153,40.331336769041755,9.180607474124432,12.345220992372058,13.538562420477286,16.06054926775622
2025-07-10,9.052980260900645,11.686161204471095,13.051312209881754,15.150902213265374,5.857497228123452,9.36321851140342,10.990429433811046,12.26110745990886,19.466227350008907,31.865046140881493,35.47581768787116,42.41730350584735,9.754244676340232,12.977325769618352,14.23553628866131,16.89121282198492
2025-07-11,9.360540165292344,12.078995970159315,13.506714722294996,15.687704959561193,5.975041932582418,9.699175708249118,11.400838325581685,12.725541821305796,20.1204060334372,33.008380728855855,36.80056947392468,44.02401426426237,10.088705634103869,13.442959032668297,14.76712522312247,17.531029385525308
2025-07-12,9.280061077761898,12.055068693660527,13.508956035934428,15.697301651729411,5.915077922045733,9.684575612844474,11.410378265504542,12.742189191919405,19.978238581395257,32.95869346446449,36.83136328152745,44.08160584595274,10.00179591790834,13.422723448707204,14.77948198877766,17.553963225790582
2025-07-13,9.451069639904787,12.474029434660352,14.058839829450118,16.346206989235693,6.035820805140299,10.029482879606935,11.89070017687435,13.286979392527494,20.40560911660093,34.13248706506516,38.38178609820318,45.966307644853416,10.18526744037587,13.900761417770282,15.40162692321568,18.30448003284836
2025-07-14,9.461534235468907,12.51593035068693,14.106064206321323,16.386497073019584,6.052187873398675,10.074584523878936,11.944171540847947,13.333129307034527,20.42828254654277,34.28597765956604,38.5543853920955,46.12596328255291,10.197827942224407,13.963271838706243,15.470886595627444,18.368057326351707
2025-07-15,9.50641508302943,12.598148945692806,14.198938088944418,16.47181898819919,6.105674115968085,10.117128111886053,11.995184385165322,13.37151175223317,20.571191332727064,34.43076263849123,38.719048872775836,46.25874735875572,10.242779001122905,14.022236819637147,15.536961829615459,18.420933956998518
2025-07-16,9.979237768806168,12.981955393885327,14.63706038031969,16.966827810233287,6.376161448316745,10.435541660830541,12.377993161893803,13.785932788472472,21.573791899430056,35.51439241992171,39.95471072332715,47.692437009617066,10.75610724847428,14.463554764858696,16.032801256596493,18.99185089447046
2025-07-17,10.370978683648136,13.604206283737735,15.340673452209145,17.85679431057869,6.6565471557279325,10.9563077206417,12.997607876199,14.54055513564638,22.479688813088703,37.28667131144577,41.954754377107406,50.303053158038665,11.180039768957727,15.185331235171681,16.835367507860937,20.031437792148218
2025-07-18,10.823071130863767,13.794042926092526,15.553179412561693,17.999931629109735,6.837242745085064,11.131892446302613,13.203899520596597,14.677899792858728,23.314930682266397,37.88422389211073,42.620639619468,50.778197024849376,11.67441309646412,15.428689881805381,17.102570187024245,20.220647277712384
2025-07-19,10.988527304840062,14.114405093968456,15.922240445608464,18.408384751403844,6.964254908020307,11.369449209079173,13.494025478949125,14.984967385556507,23.65778083935243,38.69268064207703,43.55713219849038,51.840497418093655,11.849083607606934,15.757941142530822,17.478360653928494,20.64367138674595
2025-07-20,11.816213121013115,14.566373211921489,16.449214047494877,18.99560632116815,7.412274395167908,11.748781789078476,13.959595002411339,15.481679911153005,25.313804054931023,39.983630986736415,45.05993603657911,53.55887449147584,12.749625492811493,16.283692246137495,18.08139731287394,21.327955168503006
2025-07-21,11.829099522432495,14.587749942535636,16.47335392173756,19.056708799069167,7.436018402978303,11.764685472230711,13.978491342460675,15.532123808070654,25.400859775550686,40.03775464056749,45.12093120684024,53.733385162112235,12.763300386472425,16.3057345894783,18.105873111214233,21.397447961155898
2025-07-22,11.832289593111678,14.699318257780998,16.59892051938738,19.18615590550468,7.459748690460966,11.852462080866662,14.082390055436486,15.63383589501916,25.423235482229973,40.33647731598815,45.456304071179375,54.08525814556132,12.765410289604906,16.427392077641553,18.240449645081252,21.537569113574882
2025-07-23,10.817953668019628,13.727365118934422,15.49693102987051,17.831660552178377,6.89907852694577,11.099807881707708,13.184163370768148,14.5621422527833,23.32519939402448,37.775033219055125,42.55693364169969,50.37773379373222,11.67239590236606,15.384221001108282,17.07700661111728,20.061176752594086
2025-07-24,10.60593957927205,13.620986452479697,15.383015136679717,17.685340576244617,6.786201793590997,11.034251886642803,13.111290834728969,14.466238142212319,22.941786505953043,37.55193207012749,42.32170963898461,50.04595350562618,11.444723402081234,15.293361057695378,16.982617248310298,19.92905681583842
2025-07-25,10.766340135602576,13.874122202124209,15.664570565835175,17.992431812247098,6.891787780236022,11.23570463936014,13.346880831329685,14.711857793841302,23.276245882961614,38.237519109747204,43.082166527300664,50.89567473547539,11.616924179389812,15.572572527129237,17.287769104846273,20.26742868171535
2025-07-26,10.766034287111292,13.941745049855928,15.741671796805555,18.08042642797,6.904676486790551,11.286467177244765,13.40810469485704,14.779197027441096,23.292970674997257,38.41027494257881,43.27978998084487,51.12863482646173,11.615463786870139,15.64292888912368,17.36707033108357,20.36019691898288
2025-07-27,10.989288004749636,14.27346940277693,16.11647686831671,18.510474366663573,7.095679166275967,11.550851870985404,13.722640348677858,15.125877270188516,23.793714311732252,39.31003291092356,44.2950741950317,52.32797518981643,11.855412393844635,16.009363389717088,17.774477861518115,20.83779242008842
2025-07-28,10.4627119454211,13.64981257065905,15.41229271904183,17.672321024278066,6.74871703136568,11.072412576927345,13.15424501001666,14.46968849089412,22.691556688052156,37.68180110556695,42.46036068084027,50.05788998752355,11.290095909665357,15.346251386892853,17.038254357373233,19.93381010375184
2025-07-29,10.474904419249299,13.659344506400524,15.427133002589905,17.683198588628933,6.736746785063533,11.092445755019043,13.181416502376603,14.492453138769111,22.71922849145584,37.749978318718924,42.548067072576266,50.13664429102139,11.304822927471765,15.3740171682831,17.073448684204276,19.965171260428047
2025-07-30,10.322685971204972,13.552247245392401,15.305161748791908,17.524286654419708,6.660871133858618,11.022427178263223,13.096431694090231,14.37989501064399,22.391617590041186,37.51169004462538,42.27374607509723,49.747249426132996,11.141782500034598,15.27697213196587,16.963370699569417,19.81010832641313
2025-07-31,9.965602639429358,13.137869392219313,14.83970345452591,16.99243712270535,6.421031336768435,10.685858268501027,12.698839321804124,13.944226745732031,21.634951398706058,36.3662736660482,40.99036451132342,48.240054983782535,10.755940048998156,14.810491041025847,16.44838257486871,19.209920667470005
2025-08-01,9.62215870262106,12.708734406572432,14.360489429585877,16.437396648252445,6.171821155712425,10.340927130050778,12.293756073142376,13.49411802396546,20.860331745858698,35.19239882496041,39.682803276843835,46.68290377829562,10.38554012089284,14.33241998604592,15.923691768109805,18.58983946866716
2025-08-02,9.256160700246445,12.363546242557092,13.976922969242791,15.993208141231072,5.979673503662889,10.046676056822095,11.950990573582358,13.112263406413575,20.10965650298224,34.19099914449621,38.576396430294736,45.36187765885502,9.987709783149015,13.924590986786981,15.479719061049188,18.063786856110212
2025-08-03,9.612600116611667,12.868222082203557,14.538446073154994,16.64062275476216,6.192766559280205,10.468689154299472,12.44391261506574,13.658363140455599,20.88138604252017,35.62720046851693,40.16749098973035,47.251109788910526,10.373499390197528,14.50949685418073,16.118184523320437,18.816107709662354
2025-08-04,10.064015763191222,13.457205322282604,15.203876077329667,17.40312669383043,6.470388006910262,10.960780169930915,13.028850949457082,14.30111258902061,21.860708568157047,37.30189201817072,42.05560335462805,49.47470162408076,10.862317495650363,15.191530004467044,16.875835617484245,19.701575662897778
2025-08-05,9.694641392622357,13.058680996619183,14.752534377851308,16.89143902541148,6.240477090071596,10.633782839352659,12.639177654549826,13.877819138073754,21.072883635890978,36.18904978191072,40.79778364419584,48.010317852911705,10.462535742206908,14.738315025072787,16.371104809304086,19.118435861744047
2025-08-06,9.888967175730777,13.249364277681892,14.96589706489104,17.13226887495735,6.359273065759504,10.788414617541418,12.821061537129514,14.074426522271317,21.494132743290766,36.71529497642694,41.38488349298871,48.69048113459464,10.672795640435101,14.952633099295548,16.606692929529878,19.389287184082875
2025-08-07,10.55685033457879,14.026454826539013,15.839779014021131,18.125619595426137,6.831330729338445,11.428127554283668,13.57758775231643,14.898594051492466,22.939411883490347,38.89237566950106,43.82686142002952,51.54168885306102,11.395457967260711,15.83926873308245,17.58659607657938,20.52468128959603
2025-08-08,10.783636416129376,14.302962173386046,16.157801957449703,18.48463227638073,7.097156913328526,11.643002657218897,13.838481160173185,15.180508842182588,23.4557794505834,39.62364185336922,44.66899475329311,52.5169731231476,11.639260002349628,16.137083443609033,17.924522596865444,20.913054260209208
2025-08-09,11.077847412842985,14.575621351337134,16.48657273799943,18.848135133852153,7.476512072526202,11.842358787080169,14.095004919899372,15.450671512560003,24.176920781800305,40.30209363453403,45.49702337469138,53.45160093085741,11.955177901841981,16.413389015056417,18.256789257825176,21.285237211612408
2025-08-10,10.939065976117943,14.562016943763213,16.463050942192062,18.826156608475852,7.45526810845909,11.849969785596095,14.096778435842724,15.456984406300219,23.927898299708314,40.32799549921793,45.50274807622846,53.473440387909264,11.80615044388767,16.42393778170679,18.259086433811078,21.2939340142493
2025-08-11,10.603970474753162,14.233925452750084,16.092127947725814,18.3850725486204,7.208641654877572,11.61164604670939,13.813267422407808,15.130739601823473,23.229842194152283,39.5169285646117,44.587607763860056,52.34479642699916,11.446850755210448,16.093623499881637,17.891864084193717,20.84449089155404
2025-08-12,11.180299847844305,15.124488856121589,17.093819799739677,19.55552949671502,7.7316070435898565,12.326347696374047,14.659101291504264,16.080633709668483,24.607199203240082,41.94921197397485,47.317860327238506,55.63095526726899,12.066642480067753,17.08419272823896,18.98744445347926,22.15308912270263
2025-08-13,11.55711748656048,15.504980384347142,17.52287127709276,20.0474594713882,7.957488613521355,12.628675930976621,15.017894642190424,16.475262630561073,25.48438934120363,42.978099971576256,48.47600319810801,56.99617409145915,12.47354290671529,17.50321659113535,19.452177500953283,22.69673993975179
2025-08-14,10.827334545885163,14.711346020838253,16.636133781264046,19.017410809139445,7.4656851397758475,12.002018797578671,14.281937664339265,15.65378493085445,24.047210622789684,40.84545098491438,46.10042035763743,54.15427183869151,11.68659546264514,16.634676168196798,18.49891700024319,21.565051411645346
2025-08-15,10.900551445083105,14.624191933944177,16.537485836405185,18.894960080541043,7.397031779939712,11.951222869417766,14.220657270963583,15.577801557018763,24.150350301300232,40.672581517792054,45.90261443237043,53.89140734297404,11.769536507144087,16.56427352761852,18.419542552780815,21.46037478740177
2025-08-16,10.950846040958105,14.688599009286715,16.59901452748859,18.9802411178672,7.525421874350013,11.987430072083717,14.254172011082,15.628037488402455,24.227181202877567,40.79580241477076,46.01079608418465,54.06519855680758,11.822021872131602,16.614456342815068,18.462953076640147,21.529581081456946
2025-08-17,11.089600488501581,14.949896129309067,16.906080790043102,19.36839073861765,7.95378276057193,12.195436201659424,14.512733663402647,15.94470687778584,24.689577088683514,41.50369200513371,46.84540278395409,55.160716367446376,11.970580282510507,16.902750726022493,18.797859351834752,21.96583286929688
2025-08-18,10.686784336305085,14.58409914513545,16.492419496767006,18.89982768099527,7.794712776118162,11.908685015008176,14.171495881438934,15.574003798963806,23.83584786339589,40.527816051532255,45.74392723069535,53.87826899828653,11.535592156963851,16.50531649339556,18.355865446368014,21.455142899518684
2025-08-19,10.114707878422722,13.816642280735856,15.62530661932018,17.874011642543334,7.296795666808701,11.280186848072944,13.424316761770516,14.724203712649773,22.495519110814204,38.388901631831416,43.33212063212922,50.938385443857136,10.917759171237929,15.634224416670762,17.388069280055568,20.284436732803613
2025-08-20,10.597507407917101,14.436605007427257,16.320281856824266,18.71949184860865,7.8441804004029425,11.7868317218227,14.021505244729592,15.424411788034545,23.645252359622162,40.11312309044792,45.259775040388874,53.360755409046384,11.439279770879464,16.33642906650887,18.161587582641733,21.24906114863795
2025-08-21,10.320224198377051,14.069040981944795,15.903888607781383,18.218078357563094,7.540578614303974,11.483395887904333,13.659765838918801,15.005339632956952,22.988306638861065,39.08046569418724,44.09212264897431,51.9109752117111,11.139507200116267,15.915870082208903,17.693038608329942,20.671736711809622
2025-08-22,11.360510338193299,15.354811845657547,17.350622015638837,19.883644276425432,8.210138828097689,12.5230717483263,14.890262423047115,16.364998903752518,25.305794457532873,42.61870622799072,48.06402135839055,56.61471670834613,12.26238125570361,17.356850266434236,19.286859748980156,22.544837831222164
2025-08-23,11.18203102385872,15.169811218303426,17.142411693858268,19.64036933350927,8.075129934718449,12.344710148435714,14.678861789149238,16.12986694238884,24.902752447864522,42.01170334715941,47.38164489690401,55.801277644892856,12.066094136184113,17.109642900318466,19.013039566300023,22.220914073630848
2025-08-24,11.027531419754714,14.929870405542728,16.86879937198034,19.330970030001346,7.955047043980613,12.162821019293656,14.460744402927956,15.89316256440991,24.598806577231514,41.39269552569528,46.677587546393546,54.98239880587077,11.90122266136272,16.85754641448361,18.730519398599505,21.89482411500264
2025-08-25,10.15311683327725,13.845155781873279,15.643213826660403,17.895797981091,7.295623428690154,11.299237728485767,13.434004206784092,14.73664203833485,22.636774581182078,38.45373587474049,43.36339056887124,50.981415833845446,10.959015419369289,15.660628743453712,17.400617104129754,20.30157208595036
2025-08-26,10.541460619770302,14.320177065376335,16.177979617295176,18.52008317292506,7.578344905459748,11.680285792049363,13.885391855958485,15.243180462569265,23.51524675815047,39.750524378881416,44.820416979450236,52.73378560536726,11.37788993147846,16.18875748985908,17.985284454825567,20.999392275050962
2025-08-27,10.462566962674392,14.102449924099915,15.931180260008796,18.22962583210631,7.46793312960285,11.501319526758165,13.67189036556346,15.001743330049758,23.274250281853067,39.1414636916594,44.13125919949657,51.898533801144225,11.29351927793574,15.940712063638676,17.7087431028697,20.666782353651
2025-08-28,10.628694924004783,14.326820417762024,16.18203887714212,18.539675023298333,7.711711150420143,11.661039792317059,13.85967770189896,15.229018227456521,23.645486430403622,39.685026102968024,44.73741470488878,52.68479135039783,11.470163078019752,16.162082729680844,17.95197776963632,20.979882020524077
2025-08-29,10.190680111171357,13.7206198877843,15.496217844122318,17.744209122182625,7.31676338782007,11.176997433091694,13.283440959136604,14.58686960157809,22.672418576537943,38.03772586191602,42.87739005758968,50.463278061422,10.998710375907482,15.491204935436066,17.20559755657407,20.095241775870488
2025-08-30,10.248083422732153,13.799606154112908,15.585410712288375,17.841330581564552,7.3496646398569005,11.238245735234022,13.356215961291262,14.662388183741152,22.77468092079145,38.24616700546501,43.11229923236047,50.72453461026279,11.06028997355751,15.576094460204605,17.299860586996967,20.19927809130951
2025-08-31,10.164220018286873,13.649619896357335,15.416728079835229,17.652038203857817,7.288520702338066,11.12326408759159,13.220265100665182,14.516346792577275,22.601754068432104,37.85485973190107,42.67346579321909,50.219304390752065,10.970938458500918,15.416731064256297,17.12376797646044,19.998087764331807
2025-09-01,10.04023758716659,13.52870074506302,15.280154483698212,17.495662459006862,7.149202965199397,11.030061413146418,13.109491495493776,14.394713220490187,22.301216392027257,37.53767098766404,42.31590158288901,49.7985130258131,10.83734303408957,15.287553103985307,16.98028662427668,19.83052226838137
2025-09-02,10.257871065817772,13.929836512154125,15.733393360653176,18.01461757905904,7.3496209016557,11.352085304954382,13.492419449140149,14.815182472004896,22.791739052712096,38.633587542257935,43.551948122558905,51.25312647852876,11.070752891363489,15.733874947751175,17.476280417140284,20.40977138071958
2025-09-03,10.43531806928608,14.064947826830258,15.885525597882559,18.188807851450488,7.457376103154509,11.45939123507009,13.619516701057753,14.954740020296924,23.170039595903095,38.9987726984265,43.96220315079167,51.7359258424354,11.262845939493204,15.882599877157391,17.640905243927858,20.602029401197985
2025-09-04,10.121975457502332,13.677593262054716,15.448291633708612,17.688178236680425,7.163362684782606,11.141444019576438,13.241872112277902,14.540072101512697,22.441608028031837,37.91672995001355,42.74321069348607,50.30138210136461,10.924080460199725,15.4419282653629,17.151754817170787,20.030772352066307
2025-09-05,10.278801138924855,13.833151546112218,15.627209522030853,17.89303787898992,7.212212985181168,11.262958244656145,13.389277344176906,14.70192857329998,22.75927465577375,38.330268989417846,43.21901750017916,50.86132459519198,11.093213955031057,15.610345747298366,17.34268389236973,20.253749935495375
2025-09-06,10.153211352261785,13.684929034098852,15.460440950794982,17.702089113764643,7.1421602692161095,11.132297198682638,13.234460523632837,14.531933899272692,22.47177598062991,37.88560135150136,42.71928695427885,50.273227989223024,10.956323310914811,15.429250864493676,17.142154833862683,20.019560958114027
2025-09-07,10.566437449496833,14.019330260438121,15.836482119815198,18.132653436323487,7.348438822437552,11.384149405565601,13.53173135290286,14.858348416390323,23.293042676642777,38.742708571976294,43.67884233895399,51.402459071045385,11.401795182096338,15.778315465574703,17.527199813507888,20.469237881250653
2025-09-08,10.956221666520888,14.239610465645825,16.085314515251756,18.415250045062585,7.57474345796199,11.566275294658885,13.74821468563337,15.094161189958132,24.090641308921214,39.36252213846933,44.37762515637364,52.2182534044437,11.82544008375558,16.030740098297567,17.80760344628085,20.794099543013303
2025-09-09,10.920132568834415,14.202793904629761,16.043411049591743,18.366382442439292,7.562879350039351,11.509237189589216,13.680231855519578,15.017197293601326,24.023321635016394,39.16840920095539,44.15818455111368,51.95199679088462,11.783125882850324,15.95168586391552,17.71954755629774,20.6880721260591
2025-09-10,11.117421962238216,14.484349176649827,16.36149469235239,18.73034498690356,7.709195668836221,11.739269040008407,13.953747438991824,15.317392986155607,24.45469730884842,39.95125705594806,45.04106078743272,52.99052384432239,11.996010919668633,16.27050767253211,18.073823159219597,21.101629331047107
2025-09-11,11.468380128707071,14.785222128768696,16.70229155863181,19.11770158999389,7.9713677889302454,11.998168961469446,14.262763002027095,15.654985076533356,25.204046746037488,40.832349164732996,46.03852679574253,54.158423742887734,12.377993176322208,16.62934033444602,18.474080700368678,21.566704762792135
2025-09-12,12.074954632503664,15.184252396708597,17.159338905651033,19.63927886725325,8.310418444642082,12.331230376161987,14.664621560507696,16.095215960764513,26.47765283389452,41.96582878330641,47.33567910838196,55.68140256760961,13.037249792089586,17.0909600728395,18.99459467360439,22.17317800190804
2025-09-13,12.4124513349238,15.30466162807259,17.302672383920505,19.812582513246994,8.412866252737109,12.391053204139258,14.742628083927757,16.187013348107403,27.08403297995395,42.16941873172555,47.58747502045081,55.99897564595503,13.399767947489654,17.173873904891522,19.09563391884829,22.29964041251662
2025-09-14,12.044144790717597,14.911048618528234,16.847635571736703,19.291297139116427,8.181516299409015,12.088148905047799,14.373522072109838,15.782407830574869,26.294999728877457,41.13857026278664,46.3960440885105,54.59924278385959,13.003583376302979,16.754051622463706,18.6175432257374,21.74224558273163
2025-09-15,11.722263767384083,14.597669337185625,16.49355585119763,18.878958025972185,7.986873773012836,11.854026092341968,14.095136237980475,15.472165112029858,25.61253584911002,40.341799983377015,45.49744725406136,53.52595804216459,12.657744817394137,16.429559781663176,18.25695934975107,21.314847339746663
2025-09-16,11.780249452606718,14.7129862190338,16.62337429225835,19.030919962856903,7.995177434203368,11.929559989242492,14.18494250706055,15.572313103366154,25.72520584041238,40.598858077984595,45.78733136171155,53.87242003655643,12.717785967336198,16.534248995690707,18.373282411569356,21.452813754353738
2025-09-17,12.16495652283668,15.040835906196898,16.992405297584153,19.466136233370477,8.205775782446949,12.182591352767743,14.48455521259366,15.911608249547173,26.533051268788405,41.45997822208916,46.75444604840098,55.04621165698548,13.13292013728392,16.884947895903142,18.761360745345765,21.920235358996674
2025-09-18,12.120218045510772,15.182042047124318,17.15162217054433,19.64211144556233,8.268139307141757,12.272871428718728,14.591308673173634,16.02115118852833,26.496107999947878,41.767220735149905,47.09903370331404,55.42517547447744,13.079818774801074,17.010075164341334,18.899634938467937,22.071144491921782
2025-09-19,11.65904060238701,14.692082894015128,16.597391956442355,19.001225883845677,7.940845465978717,11.884808617044634,14.129604269222279,15.509330713604479,25.508159323428934,40.446559534677526,45.60870601785746,53.65453244762697,12.582327685433143,16.472224048292357,18.30160463977331,21.3660476157337
2025-09-20,11.7215717961092,14.689211925691794,16.593648965309793,18.9989087513127,7.952100526106707,11.882376508187539,14.126244333663927,15.507396248418765,25.630459692048678,40.438282545215344,45.59786053979594,53.647840164962275,12.650556358051729,16.46885317011545,18.2972526274287,21.3633826473974
2025-09-21,11.522109111063502,14.538623739680165,16.42411414444346,18.79945669572871,7.825149920329481,11.771066131602858,13.994775525347004,15.359163467965514,25.219797910832522,40.05946939656245,45.17349464003004,53.13502883380313,12.435689525089867,16.314578118569976,18.126965469597998,21.1591734069175
2025-09-22,10.841205672480298,13.822037547694109,15.614595057751009,17.866188569317774,7.384302410384748,11.196811746518074,13.312036925133789,14.604485709404534,23.745709942976674,38.10515823154539,42.96969448322056,50.5242209896778,11.700225784486658,15.518667372622843,17.242636956546,20.11951017310658
2025-09-23,10.696588518697315,13.689295857211897,15.464441938073561,17.688739588743605,7.309513419767758,11.09558236249282,13.19145388366458,14.467776871776714,23.43067497076453,37.76065286847508,42.580466562585315,50.05127674083635,11.544460189435183,15.378364474388269,17.08644976905074,19.93117660873907
2025-09-24,10.840642603207778,13.796620292794334,15.586610149590088,17.83452281320417,7.375187021617795,11.184987480276028,13.298570632857702,14.590932214423736,23.707694790044748,38.06491771073239,42.92622687054945,50.47733267130645,11.700931903603776,15.502279059691467,17.225194517783763,20.100838534435198
2025-09-25,10.151274988228097,13.081647189900721,14.780599007483154,16.905177164956502,6.903172652886658,10.602092085977434,12.607190779931274,13.825682497162296,22.200539629158,36.08119933312421,40.69453376308731,47.82995113411832,10.954982015938269,14.694391962726858,16.329673278613164,19.04661110200367
2025-09-26,10.510480995879405,13.476329684304043,15.221154455348263,17.41057685746687,7.171782075766047,10.918795997327056,12.978830489827002,14.234242796490719,23.009766085126827,37.15901085016428,41.89414317537052,49.24336556456181,11.34285702341819,15.133340367603969,16.81104578624717,19.609454139562494
2025-09-27,10.452519046638093,13.41033787374849,15.147552220635164,17.32571956143427,7.127497693005512,10.869340438765567,12.920872141563725,14.170497480078712,22.872461595202363,36.99070294903331,41.70706042224782,49.02283863074564,11.280726402574606,15.064795465678502,16.735974272899885,19.521636973825984
2025-09-28,10.703816583862833,13.715357399976886,15.488389979675132,17.71882930206484,7.325342189318811,11.11254646007842,13.206608849495828,14.486358253668524,23.44084493233475,37.81838534066348,42.629385015511396,50.1155590348983,11.551597567322176,15.401876541364791,17.10607949028624,19.95677479202613
2025-09-29,10.692197344666376,13.786228991897556,15.568423392012573,17.807540288444212,7.338052077225127,11.178538133457883,13.285036077744294,14.570616223880267,23.446427985485485,38.04296919658755,42.88253891344265,50.407049498296026,11.53933744601935,15.493340330497187,17.207663660447555,20.07285071024548
2025-09-30,10.590543628084829,13.645571683901046,15.409521081696168,17.62628611792663,7.244103516333477,11.073506674752473,13.160056312734948,14.434813335939415,23.216628263725116,37.68552455575001,42.479118884694316,49.93723938256277,11.430825018095437,15.347767795367487,17.045781543751957,19.885765205159615
2025-10-01,11.188635615516672,14.408595066927303,16.27053453529839,18.611900262605996,7.649223076497543,11.694028288256094,13.896871272503665,15.243691130925791,24.513847517472552,39.797293048776815,44.857471190204464,52.735552262640304,12.076600157529253,16.207804450041127,18.0001533597929,21.000095784739603
2025-10-02,11.62688606062593,14.781806601361211,16.692224302761,19.095664876929355,7.854488485850013,11.9760200136974,14.232716356303882,15.612816986877613,25.399724396122533,40.7569715323656,45.94153974603458,54.01254322899144,12.548804853366324,16.59864211776529,18.435162283384038,21.508612932262093
2025-10-03,11.559741316452902,14.798000891622511,16.710656758027614,19.115295254749103,7.801339039212778,11.987478207856622,14.246468105848566,15.626560096392362,25.262750038880093,40.79596623115748,45.98592878130154,54.06008751887776,12.47520184650223,16.61452305850748,18.45297446541522,21.52754578872783
2025-10-04,11.301676989503479,14.514709184818924,16.390829879741727,18.748113706680066,7.646619044005196,11.767065383895048,13.984615605371095,15.338379276275468,24.718026136499354,40.04585399175778,45.14069960950286,53.06312591884027,12.197397369899866,16.30903312287613,18.113805664480463,21.13054057694537
2025-10-05,11.363362858558487,14.518092725607621,16.394299137844182,18.751496034795288,7.675258412909139,11.786785026904706,14.00757697464975,15.363463234497553,24.841266999752726,40.11296417760031,45.214816217529794,53.149903876909164,12.26675049147984,16.336364347826745,18.143546759455155,21.16509687441951
2025-10-06,11.80188020540525,14.944085445090456,16.87534387324713,19.2993589662065,8.027528029052673,12.098860851344272,14.378452164346195,15.768387680275236,25.817115532325623,41.175025319622065,46.41195784824252,54.55074007132717,12.737242570946753,16.76889827124657,18.62392900960142,21.722931067849373
2025-10-07,11.125964211104293,14.258492876747313,16.095906858170572,18.409602971366645,7.56148361712547,11.553860629229625,13.726279317423394,15.054565040182965,24.3470483773623,39.32027236225775,44.306820359507434,52.08127051703585,12.007447552696398,16.013533498088453,17.779191296233495,20.73955088213821
2025-10-08,11.403579005227575,14.523390401312456,16.395308980009467,18.751414399568826,7.775647075027334,11.774964046252325,13.98947602664756,15.342621899429576,24.94658700202137,40.072734838355494,45.15638847954462,53.07780327441986,12.308683980721188,16.319980588689276,18.120101205876363,21.136385322279658
2025-10-09,11.128826576488532,14.291772463015908,16.132920833783427,18.457013256124768,7.5836716576307905,11.601358084939774,13.782639404297539,15.120761956919289,24.323082197348594,39.48191641829842,44.48874411224713,52.31027876262355,12.012795645655975,16.07936448934727,17.852192634967423,20.830745434702777
2025-10-10,9.122678002651176,11.80769574390225,13.31955529739551,15.234976030417771,6.216940840946224,9.689563931280519,11.502919281966955,12.615892015609925,20.01533978953621,32.975669784832995,37.13007483310442,43.644680741351245,9.859149223920673,13.429637207401216,14.899347277570412,17.37997303030173
2025-10-11,8.892708977848356,11.719813649238617,13.207322870909376,15.103572362550507,6.084349792490707,9.59962129981318,11.386639213826358,12.485770929120552,19.541499371332485,32.66957566791705,36.75473640589079,43.194526818781235,9.607085899925046,13.304977633590475,14.748733587756702,17.20071491909876
2025-10-12,9.726379401240205,12.666284810168579,14.253484468001584,16.300043061096122,6.658531977736849,10.373596994093251,12.285806524483219,13.47184408276629,21.39526018128267,35.30358139790387,39.657143065781874,46.60584707463276,10.508811997770005,14.377700085833402,15.913394983157259,18.559154321961625
2025-10-13,9.956362742222082,12.9726557849596,14.598246487494828,16.68310872790372,6.843331392900274,10.609532048221205,12.56523249688315,13.770374561553448,21.91664104867445,36.106519124592865,40.559097344621975,47.63861332073782,10.755624126748522,14.704703674840967,16.27532611551651,18.970417486201146
2025-10-14,9.593469019880597,12.567372769797537,14.140288779989094,16.1664688386408,6.601826803880858,10.28403422481136,12.178077509789656,13.351251479927356,21.12813476719309,34.99878003369382,39.309406436564686,46.18865694299866,10.363701300160546,14.253566997154042,15.773857187364309,18.393022891667098
2025-10-15,9.280532449025198,12.167715872352053,13.689522696779616,15.657905188169815,6.347797159116605,9.959485574750534,11.79276161898206,12.934537200011055,20.422980847389965,33.894271183819825,38.06565191570154,44.74703381521623,10.02582852129134,13.803745864089624,15.274770379226064,17.81894672350351
2025-10-16,8.968945575526597,11.77593516615534,13.249700754019804,15.159795546921712,6.137925361187567,9.645310450268207,11.421710851002674,12.531042275056878,19.754411650521817,32.825065672301115,36.867943538876375,43.35114304834926,9.689790316521858,13.368302332129753,14.794160708392248,17.263081874241152
2025-10-17,8.789879270255396,11.45258235496652,12.885984643547534,14.74642672572558,5.965794228661932,9.392220373758775,11.122090486592732,12.203124029840422,19.341711672465838,31.96374571528524,35.90080413023046,42.21670981889327,9.498307911868029,13.017522056317496,14.4060724543284,16.811333377111175
2025-10-18,8.968093218281478,11.61691823273945,13.071186346026668,14.955688633461982,6.064775601832396,9.527245784565977,11.282259988699542,12.376429828868362,19.71629878605245,32.42326622528112,36.417812504663736,42.816261262409135,9.691449335153777,13.204665904459834,14.613534662544193,17.050083844329315
2025-10-19,9.191012569308079,11.850552665593465,13.334149064508066,15.254045452675273,6.218831703674106,9.714019667199416,11.50360994868037,12.61767611760108,20.210492503968307,33.05889791333558,37.13230422428114,43.650852842516784,9.932272270763514,13.46353260902714,14.90024187510378,17.38243085448501
2025-10-20,9.382943722482652,12.122164309787749,13.639764359721925,15.59227190831124,6.463207753030505,9.933502713694722,11.763527824465154,12.893078115913307,20.633289653975133,33.80584592007027,37.971288654388374,44.60360610617779,10.139153309725765,13.7677338825325,15.236904821268842,17.761831637024624
2025-10-21,9.154293663848305,11.844618905291178,13.324584890401256,15.238265532885906,6.2411048027468015,9.70909006460632,11.49506822520602,12.604022439482751,20.104733446002882,33.042121415607376,37.104732542342674,43.60361794056278,9.89225671735147,13.456700229895175,14.889178065885122,17.363621200980734
2025-10-22,8.984806556102889,11.628931298008993,13.081976113637365,14.968265748265324,6.124231880826619,9.541035061385116,11.296129761831587,12.391196777187314,19.72749957812133,32.47019409966065,36.46258250623354,42.867347522826336,9.710011651366804,13.223777702095605,14.631499716587424,17.070427167116616
2025-10-23,9.137050952732741,11.806878460536957,13.280561860565102,15.187269164883999,6.212242373392239,9.67623014597578,11.454829028237624,12.559615220764279,20.046383654112297,32.930292046029756,36.97484513219602,43.44999115926337,9.873554041500151,13.411156716378716,14.837057577589373,17.302444689425087
2025-10-24,9.261912251794287,12.049043203788335,13.554508022084022,15.489317823207982,6.306723992763593,9.870682664434996,11.686475318491501,12.804177839595237,20.320830171891366,33.59205578307884,37.72257219878696,44.29605558395399,10.007406245847482,13.680665932220966,15.137101282969807,17.639360360092116
2025-10-25,9.255063928521778,12.11222610567994,13.629169703179974,15.570690585141385,6.311654272237517,9.923100118132517,11.751914632480402,12.872211689054115,20.305879744808244,33.770443650308984,37.93380263219912,44.531418698632194,9.999500032821485,13.753315990725758,15.221862641441225,17.733085517796372
2025-10-26,9.611090052408668,12.56063987030939,14.137671560619967,16.147705464264458,6.528930765262005,10.293597579505706,12.1944150511644,13.352865929060625,21.087148208683164,35.03132618630424,39.3621421046993,46.19424213007124,10.384639720008295,14.266821709640759,15.795018659216552,18.395246997767586
2025-10-27,9.443428360691216,12.408233332320293,13.96612985573643,15.957084321902386,6.420164197169687,10.173690300943612,12.052365674243646,13.201315429125918,20.726627591801275,34.6232559314709,38.903623369952385,45.66995314775763,10.203486097592073,14.100631439259528,15.611026844145508,18.18646718272677
2025-10-28,9.200534952860199,12.149690748258589,13.675684936014813,15.630538640952222,6.270024866193613,9.968096403179459,11.809287809712744,12.938840853406484,20.185692624784615,33.92357568470963,38.11899652183977,44.761922304926856,9.941242491595741,13.815680384845749,15.296176202290285,17.824875545647185
2025-10-29,9.116682463217385,12.104562446191924,13.624227343053677,15.564996042851112,6.259309071057644,9.919811408733423,11.751643077189927,12.87135484132242,20.007340284276864,33.75925146499167,37.932926083558776,44.52845443374727,9.848933346230694,13.748757872896757,15.221510904940372,17.73190510261451
2025-10-30,8.740164057644856,11.581512859412705,13.036468965929808,14.907330883138933,5.952664875624726,9.5126880937429,11.270237048388045,12.353174982575334,19.17032050781124,32.373723272799865,36.379003862914885,42.73581111739421,9.444661361912612,13.184489092818156,14.597961749389938,17.01804737787125
2025-10-31,8.89710310507995,11.765011322048968,13.241426109231595,15.13886458600427,6.071060219798628,9.67432761317811,11.459887666693811,12.556919928655972,19.507764964032482,32.92381731778236,36.991173824054826,43.440666795720446,9.615577853891594,13.408519825242116,14.84360986307994,17.29873158661054
2025-11-01,8.951497230387618,11.934046627475512,13.433195703927233,15.356374159863366,6.078231527201643,9.80019698394366,11.611047579549611,12.720293723029068,19.610333548256293,33.35217785452335,37.479100300675434,44.00585846731166,9.672270078001919,13.58297349486993,15.039402251158034,17.52379947214326
2025-11-02,8.951299262493247,11.94451189180284,13.441388237942368,15.367090101566557,6.139621103390931,9.80324278577545,11.611445523784935,12.721642549809685,19.639529898001275,33.36254337315219,37.48038481801184,44.01052473380654,9.671393405349306,13.587194945277467,15.039917695039179,17.525657650149277
2025-11-03,8.15768153472117,10.866972500587192,12.22881250188862,13.97741595953063,5.526103621337404,8.95913909268825,10.611647368940767,11.624407377027111,17.88752239806454,30.489876982300178,34.25315359110404,40.2146394523676,8.818309768385795,12.417275798865424,13.744912527103223,16.01407862844681
2025-11-04,7.888506799690573,10.46114838417857,11.771179434730115,13.454548287983924,5.3409262316028565,8.616120611530743,10.205002011468663,11.178891919834333,17.23457410330682,29.322511325293764,32.94055005252718,38.673378646515985,8.526849406027887,11.941855667469444,13.21819837295916,15.400325227497248
2025-11-05,8.134940052813862,10.836065339959578,12.188526554309835,13.932545291870184,5.491648524838155,8.903611832229291,10.542328572712794,11.548658041062744,17.78121713423155,30.300905773901423,34.02940064385695,39.95258461070888,8.790718917356418,12.340315579770593,13.655126204818684,15.90972442071461
2025-11-06,7.865737898013645,10.529763411392471,11.843520214940911,13.53974324756143,5.32597253262512,8.631511292867263,10.2200632309621,11.196441600882668,17.202326284076964,29.37488912362566,32.98916590326568,38.73409177132075,8.49729806581147,11.963186995503403,13.23770666769337,15.424502113517917
2025-11-07,8.512506754956416,11.559337287573195,12.999049663558502,14.870145563292699,5.705274513542389,9.381926968275314,11.104792507573288,12.171316191750995,18.526984244739214,31.92871504284307,35.84496828198102,42.10667059719036,9.18474309012051,13.003255500851017,14.383666959662808,16.767514092080642
2025-11-08,8.39990149463002,11.394908514266051,12.811270480077622,14.656505534963086,5.62965605282497,9.2343645550969,10.925179731982192,11.975030815663914,18.28352671079406,31.426528417713754,35.265199300281395,41.42762130262468,9.06166572238178,12.798735494740395,14.151020528489864,16.497106376287334
2025-11-09,8.563919055558634,11.598854362818896,13.032441106983976,14.909150326141395,5.755021058640782,9.418969637251664,11.139493927183059,12.21023476633054,18.67425297793166,32.05477921134188,35.95698039606633,42.241309413084714,9.24111615274844,13.054596263869284,14.42861454984552,16.821129308169475
2025-11-10,8.716488790625036,11.804076254046617,13.26302786388495,15.151777506269731,5.858737998189692,9.593325264465987,11.345698376854783,12.41864126038246,18.996205951763333,32.64814890567725,36.62258418407457,42.962291717472375,9.406674479210622,13.296251392537991,14.695704288591731,17.108235383703445
2025-11-11,8.323686648729899,11.266417778529295,12.657753322319271,14.458839597566085,5.574262782249536,9.17243593102118,10.84665937343318,11.874261392676033,18.132055490156613,31.215771992323194,35.01174478865863,41.07900946532024,8.98470302930498,12.712903050681115,14.04931572975976,16.35828386166519
2025-11-12,8.237986190275967,11.115122619566685,12.490379487118478,14.258709811773286,5.518002639490556,9.073300364936594,10.730995524885273,11.744258366614366,17.952177053353566,30.878392341977488,34.63839544604425,40.62926397282153,8.895255012950807,12.575502162848759,13.899500208609647,16.179188393503786
2025-11-13,8.006346890391876,10.870955690255904,12.217536362765209,13.952831997397048,5.347170948088276,8.873356331432635,10.495997904903415,11.492032631159978,17.420484545658685,30.197939798288782,33.87985068000327,39.75668899476699,8.644500645262841,12.298381762923002,13.595115637729348,15.83171581888748
2025-11-14,7.705791866360052,10.48917508158148,11.786241421480321,13.476103489777593,5.117219247468191,8.547951223777392,10.110002310145505,11.081104622610914,16.744284249744176,29.090516239041033,32.6339021544774,38.33508347384053,8.31824038778965,11.84737358833039,13.09514843175874,15.265610965014167
2025-11-15,7.891244183340136,10.702510698460019,12.024745732755239,13.753019798950666,5.237854493418214,8.731649349005787,10.325646015859821,11.323137845249345,17.12685903301242,29.71568046320895,33.32997475432714,39.17239745193928,8.519876418438889,12.101977324369836,13.374464523691744,15.599042075290642
2025-11-16,7.709016617664572,10.427378392588137,11.716503907156257,13.394922230001793,5.115109646343259,8.499095365886834,10.051988096992455,11.016514137604029,16.722817119195344,28.924249248258004,32.446639076040135,38.11163267911538,8.322460096551259,11.779659865444632,13.020004558484992,15.176629473571088
2025-11-17,7.465506702996807,10.140679577480247,11.394360827571044,13.027079835632174,4.959815212482102,8.278945443467613,9.79161398604954,10.733355789340006,16.2082418420791,28.175031719343526,31.606181972331736,37.13204632137386,8.060745504252628,11.474534308681115,12.682750666152733,14.786543346482787
2025-11-18,7.777560496034308,10.477258204157746,11.772243035813544,13.45730368637059,5.144814154391429,8.552728728763618,10.115156631854832,11.086249582323964,16.84472451041434,29.106775115904686,32.650539700659365,38.35288246291123,8.398287089430795,11.853995161723844,13.101824652572352,15.272698792093228
2025-11-19,7.489224356229593,10.133273620972265,11.381858542847441,13.012314849617372,4.996286383472511,8.26496766951685,9.771342050464822,10.709641859151027,16.252574974219144,28.12746234868904,31.54074654095803,37.05000797553672,8.085799805749039,11.455161255935177,12.656493104844904,14.753874434398176
2025-11-20,7.189334511677029,9.668985483271516,10.862186186298532,12.421615387081804,4.789039142835011,7.893357730284647,9.333642901694265,10.233948973096679,15.568072550158632,26.862793811302804,30.127905004834698,35.404348349004934,7.763301566081268,10.940113654005236,12.089556011679948,14.098547841549935
2025-11-21,6.906477671478642,9.432936781827948,10.60686901791799,12.134412193840948,4.568121693412077,7.73801192520972,9.158351457812753,10.050984707808608,14.955754860246397,26.33411862974251,29.562084775258114,34.77138343969109,7.460818105230592,10.724805945769472,11.862506857186464,13.8464916260813
2025-11-22,6.900596473546963,9.43030014332405,10.61368645676061,12.141096801225709,4.568992149945428,7.746414903520778,9.176496074357143,10.07124470942639,14.937404644680795,26.36271577198335,29.620653470177793,34.84147291900285,7.455527086760286,10.73645238837303,11.886008973169929,13.874402318506
2025-11-23,7.074486588043309,9.581774921349075,10.774736234514249,12.31333370580162,4.684024511463252,7.898553925692779,9.344859969863563,10.248395213518723,15.299073552403236,26.88047758171097,30.164112385789466,35.45432512039398,7.6469113923619005,10.947315528071487,12.104085105555498,14.118449348998935
2025-11-24,7.369159022490975,9.941240513640526,11.178956431097461,12.761558463200164,4.852214610269142,8.195188540648052,9.695811418071635,10.620850903060708,15.929601705500668,27.889988967247955,31.296942514849004,36.74283564666087,7.9657506096807795,11.358448091957673,12.558660798581156,14.63155375978595
2025-11-25,7.369554206759074,9.863052031438542,11.091484979640724,12.653769206170386,4.867161845762686,8.139167212175357,9.629954806681253,10.541093150004103,15.930348132006387,27.69933633914985,31.084365094349064,36.46691368533654,7.967588671991627,11.280803099613262,12.473358928718646,14.521677454934412
2025-11-26,7.487456967822843,10.071220327162832,11.324358257871369,12.915191828503527,4.972335971997677,8.310453488785216,9.83146553526188,10.757851600900143,16.208901385239255,28.282260373318827,31.734818100969893,37.21678958595792,8.094643424268908,11.51820413951465,12.73436904725315,14.820289398188352
2025-11-27,7.433250509263042,10.007247394192246,11.251923184961164,12.830802863832591,4.944847013138241,8.254989989132989,9.765414117381093,10.684102211480292,16.102277299069957,28.09350615665705,31.521611867958153,36.96165355973668,8.035715709647793,11.441332292250435,12.648814851047968,14.718690367574245
2025-11-28,7.361382269881797,9.925679210348683,11.157790276787278,12.737961193570875,4.892317354808526,8.198554951409042,9.696258366884779,10.62102834878756,15.948701931486935,27.901445587009356,31.29838521321729,36.74344952018546,7.958970942446781,11.36311390308517,12.55923971645575,14.63179821352281
2025-11-29,7.304862203495011,9.839607154180122,11.061749634367924,12.621107164893127,4.851573673074434,8.129044302912492,9.614682409391586,10.52506381565661,15.820343915820814,27.664885902011342,31.035067586442945,36.41146020022213,7.898086084793056,11.266772850177075,12.453577102435949,14.499595037115014
2025-11-30,7.24433541598191,9.795174302521296,11.009333815719428,12.570792650863535,4.825259256148907,8.102646396294308,9.58081063936252,10.49606862875042,15.709405427265786,27.575048148958086,30.925733483935545,36.31115134580338,7.8333653777464045,11.230185619685452,12.409704129654141,14.459650531739207
2025-12-01,6.798103349215531,9.229789364401537,10.373866663640458,11.845196902843474,4.5269753106595445,7.650761090594467,9.046487983174456,9.910701953596167,14.744316290089603,26.03718527638122,29.20100259406587,34.28607522576983,7.352073284556965,10.603877175059456,11.717613833471649,13.653234543521313
2025-12-02,7.251566668445435,9.901896080980235,11.124541360511847,12.702340134266457,4.892845515616985,8.18874116029352,9.678670071897333,10.603276605039607,15.775345013281456,27.86804714540167,31.24161225905996,36.68203735943432,7.840334673200631,11.349512088261983,12.5364581852101,14.607342960798826
2025-12-03,7.508439163869126,10.32248063034443,11.598360892411172,13.243361706428352,5.145180155905201,8.528760272895203,10.08176467383462,11.044878966788623,16.37487979521394,29.025205306202754,32.542754375063105,38.20976081088071,8.11682796862535,11.820775125299365,13.058573164265283,15.215705582151243
2025-12-04,7.3364360914490145,10.065460262404955,11.307477690038453,12.911222406825539,5.030359407946901,8.327495247947606,9.842044475205014,10.782258218792977,16.019290503981004,28.34025714455406,31.768965678825126,37.30122428503358,7.932097260879793,11.541823844647917,12.748071594943664,14.853912574434116
2025-12-05,7.040656425768534,9.67695966245793,10.87026616819648,12.412000975480032,4.827057443428777,8.025743669678441,9.484628837169325,10.390698547380785,15.380522808917407,27.313331632464354,30.61526990286749,35.946623529983654,7.614032106078298,11.123599221573464,12.285123052665659,14.314490033366281
2025-12-06,7.05988387836419,9.75390553979254,10.959552281634705,12.513950579100083,4.873212978134141,8.094741383302509,9.568683509636585,10.482782990335835,15.430355800925714,27.54814568978541,30.886588530972112,36.26518967727198,7.634950835611043,11.219229351957354,12.39399626343012,14.441347899071607
2025-12-07,7.044018895753691,9.737218166820849,10.942615398532276,12.494611530144319,4.835486800741854,8.092613888851634,9.567347913473201,10.48131980423198,15.398817153025783,27.540905368654485,30.882277383142796,36.260127784677394,7.61882082147166,11.21628066625399,12.392266310313605,14.439332176759477
2025-12-08,7.163366112865522,9.860181204875515,11.080800371962589,12.644487729422458,4.893981781818918,8.19007031408284,9.682564027746835,10.600683098929068,15.66082575221238,27.87257054157933,31.254181492012457,36.67306512456936,7.74776757247089,11.351354281915901,12.541501896207551,14.603770080958125
2025-12-09,7.411875517711891,10.251241098692997,11.523778592847211,13.14637834543943,5.081313197188011,8.488402175867954,10.03838999042305,10.988863929386252,16.26647869190129,28.88785802306873,32.40274598228419,38.01597677871587,8.013841700951222,11.764839212672033,13.002391385069737,15.138537844971824
2025-12-10,7.249435523788811,10.048127020979932,11.293336332680724,12.886245218382296,4.983763753074568,8.337807056693885,9.859201285561877,10.793917274389592,15.935629271024679,28.375350447257173,31.824345851182446,37.34155879000798,7.839695510470974,11.556115906849763,12.77029423855406,14.869974385329238
2025-12-11,7.12687483366133,9.851640775639494,11.06592812265236,12.632134684027347,4.932049824725622,8.203802086050956,9.695093678511247,10.61706096701013,15.639121363942236,27.919302714584493,31.29462573569628,36.72972436219897,7.709972700949075,11.370386378412134,12.557731134493027,14.626332647694626
2025-12-12,6.946615549258839,9.61891864728482,10.80154912529062,12.33273318018356,4.794937176168218,8.011923143636437,9.465444146491544,10.367634790141196,15.205860727115459,27.26629741025931,30.553343970584134,35.86683445758416,7.515023500558842,11.104444112832152,12.260273763384012,14.282716816038052
2025-12-13,7.007615261411841,9.668842046474445,10.857715047215889,12.394761019796826,4.830344126796532,8.04764661479341,9.507936353255683,10.4126750973988,15.330360729372927,27.387872064887205,30.690503832207234,36.02265140880078,7.5807334890673195,11.15395648106974,12.315312500042953,14.344765486432907
2025-12-14,6.831501627951892,9.4080212161674,10.56306473702681,12.05981765905144,4.705304135700834,7.841225254303451,9.262145105211262,10.144042386130575,14.958325973442603,26.685375784525363,29.89711850023167,35.093316494909764,7.3912665075093935,10.867858571721206,11.996947303119216,13.974690245528679
2025-12-15,6.643649956725159,9.146291813496324,10.269202238157554,11.72508332316169,4.577375632334219,7.622595491993859,9.003897125188251,9.861960161053394,14.555318926987002,25.941331687372184,29.063524297863868,34.117452985530456,7.1880002494129895,10.564839941431808,11.662447317178607,13.586086613054428
2025-12-16,6.724370866824287,9.233618744594382,10.36708978115266,11.837172053472141,4.622324127587307,7.70322483146212,9.098990827196639,9.96551422381825,14.70236542996466,26.215730668805314,29.37047561910487,34.47569828465395,7.276165595883001,10.676591387111989,11.785619014328036,13.728745318107107
2025-12-17,6.49258938061521,8.905731908575516,10.000296468549784,11.422165518860814,4.441301215018361,7.436815655161278,8.785498671020898,9.624812157788725,14.17598358767613,25.309082950946156,28.358559692976062,33.297039424751006,7.026032520603462,10.307350974249562,11.379563091552056,13.259385504973435
2025-12-18,6.355024373692301,8.754480876104575,9.833759361902416,11.239578821013858,4.350406766489144,7.318884983738108,8.649113870539024,9.481384693464562,13.887257554766496,24.90773951527307,27.918325546855538,32.800852085621585,6.87762949025259,10.143900261289653,11.202908413209034,13.061796189951227
2025-12-19,6.739651402746332,9.2414935787385,10.37869191888359,11.862611966155898,4.579388155691123,7.728844443213716,9.131434425234838,10.010000886748848,14.7027298149238,26.302919717056383,29.47519974986548,34.62959990321978,7.294388772280314,10.712099908822411,11.82764212361498,13.79003127402566
2025-12-20,6.73467823356427,9.20465194405164,10.331693554325016,11.805283599232952,4.582569873176532,7.701365865596223,9.093430060148311,9.964724713259747,14.691649391704644,26.20940420819575,29.352526115020495,34.47296697273204,7.289469468368275,10.674014879300389,11.778416338437523,13.727657668324042
2025-12-21,6.72600304998166,9.156265721083514,10.27968959090395,11.748981955972322,4.572741461277707,7.669732463392213,9.057814226010548,9.927549953342456,14.677805204406603,26.10174893777819,29.237562378045332,34.344360883981516,7.28103391242632,10.63017130509534,11.732284337647883,13.676444775571708
2025-12-22,6.749098918116478,9.177657523306141,10.303706050598022,11.774370812800418,4.598535919919242,7.6959812748096885,9.088813593799175,9.95811579514219,14.734982766490761,26.191079287800726,29.337624702882742,34.45010341929249,7.30677167640569,10.666551891152901,11.772436783713637,13.718553054991867
2025-12-23,6.6268009885715475,9.041030239724755,10.150044716132914,11.597869011675382,4.52385809349165,7.578499718223053,8.949854544835485,9.805569920132449,14.475765585189396,25.791264286497867,28.889081184469344,33.922370936724285,7.173955079193563,10.50372364679549,11.59244776726312,13.508401985985202
2025-12-24,6.583038163751727,8.951815266914146,10.049559229174834,11.485641796296266,4.492946334249891,7.5074309266521215,8.865574392400957,9.714920116951697,14.370059132000193,25.549401905541323,28.617034733465786,33.608767925998215,7.127057364512119,10.405223023409864,11.483282499825558,13.38352051644391
2025-12-25,6.428217959135185,8.826421756751929,9.908393145620515,11.338519866671223,4.402419451075609,7.414028130093632,8.754695920452013,9.60424303603886,14.040335063472849,25.231532102716702,28.259132025472468,33.22588054428564,6.959863052649634,10.275767695922134,11.33966531720623,13.231048960809353
2025-12-26,6.41382590423086,8.901096504720197,9.992042055613194,11.4313220210953,4.408976843514715,7.466515961027549,8.816900724845025,9.671660566528907,14.035202038004922,25.41015947881682,28.45992184112492,33.45911150337816,6.94291539053964,10.348515296561864,11.420237123394402,13.323925061860058
2025-12-27,6.542990818213816,9.220304556454373,10.34999955491376,11.828717508955464,4.49496606222103,7.6830773070981415,9.073302069951758,9.951199378988521,14.320283337406401,26.147164310698766,29.287555322483552,34.426176076340624,7.077814396322812,10.648667122949593,11.75234522478483,13.709024824560888
2025-12-28,6.5262297800983955,9.165232429484542,10.286033423178234,11.760845953787358,4.487837281236624,7.656770391533901,9.041592997850472,9.91737316054216,14.291535360740044,26.057636219769577,29.18520215533104,34.3091542674228,7.061570071756899,10.612206005134688,11.711273522419049,13.662424967524428
2025-12-29,6.461707779146253,9.023784559873771,10.127288129412065,11.57737400334362,4.441605380225885,7.537847834876222,8.901161810733845,9.761664557643593,14.137747443973819,25.652917185339977,28.731906747554305,33.77048032714326,6.992013980301634,10.447380549312737,11.529377694571917,13.44791684430852
2025-12-30,6.497913842936052,9.040602908555721,10.146914960951609,11.601578389250674,4.477917032026827,7.5574597861274375,8.92504963998431,9.788613148237088,14.216732574303624,25.71966087296957,28.809013859751527,33.863708981242965,7.031868767441329,10.474562514579802,11.560318802214734,13.485041906661628
2025-12-31,6.303461566134795,8.838849697544031,9.921987865388376,11.357819397453135,4.371676045730078,7.381682597201157,8.718981691462128,9.575889069088664,13.8134565634556,25.121453298423617,28.14385068145053,33.12778999042224,6.820417330453878,10.230937115814843,11.293405868849918,13.191987816319
2026-01-01,6.60027605654997,9.185743389663616,10.306170513848622,11.803573770480284,4.541183185438998,7.620150583579743,8.995428304592497,9.885241707057157,14.419840747865194,25.93301113826493,29.036187937870338,34.19799549819956,7.137731468937497,10.561451323198858,11.651477936624458,13.618159861711636
2026-01-02,7.09043048769502,9.668902496496388,10.850419450097853,12.434012534654913,4.818826520665537,8.000074885020831,9.44388848260877,10.384728152005442,15.445097168540293,27.225975238239553,30.483764814769383,35.925968946087906,7.6672677950777794,11.08802254671468,12.232353431673829,14.306265065169406
2026-01-03,7.164678645802577,9.761289398124687,10.946302405223419,12.543095873243779,4.84766292123114,8.095633288301443,9.551909513823542,10.502651301740883,15.58233871953081,27.551181034299653,30.832444039080848,36.333924104220976,7.749399259191902,11.220465523228231,12.372269466716627,14.468718989118207
2026-01-04,7.354679626063655,9.906381455050477,11.110553009454268,12.73574759035611,4.942842840675021,8.221776979753258,9.70282895701026,10.672637706747011,15.962854353978047,27.98047514332827,31.31959430780246,36.921992103509716,7.956208780223876,11.395299398541376,12.567750382461343,14.70289657488614
2026-01-05,7.562167779773499,10.295074087612262,11.546493228196837,13.243678127953647,5.07485614452835,8.549753852404887,10.089886828444932,11.106456408395236,16.41860073873706,29.096650971913057,32.56897173789897,38.422787981410146,8.1804106164547,11.849872013301688,13.069093519943245,15.300536228535485
2026-01-06,7.532448572157823,10.276175009827615,11.522001222124775,13.21159567967813,5.085062579706293,8.523580080312584,10.055951864573554,11.064434825998724,16.386339988123897,29.00757599685118,32.45943365307747,38.27741430940401,8.147183448954825,11.813595430986762,13.025138694287456,15.242646230124091
2026-01-07,7.319610899489682,9.942563053419585,11.143400482767744,12.77114082860198,4.927933469399572,8.253271474995646,9.732774391255724,10.703599763704588,15.912392877540437,28.087657683483688,31.416254658726327,37.0291053452319,7.917849477909282,11.43895044910827,12.606537703598184,14.745550690363627
2026-01-08,7.168207992326464,9.803584884545634,10.987304878314571,12.587686325610706,4.8392175605381444,8.139047112510003,9.597755483933707,10.551027144859448,15.591514065697371,27.698927614161377,30.980429455587696,36.50128034236023,7.7537238653949005,11.280636642696741,12.431652221059629,14.535362778370564
2026-01-09,7.119382550133698,9.749309278445391,10.92665718133659,12.514045383711364,4.809344213384371,8.100303041167482,9.552216496544036,10.497742055088843,15.488419407157174,27.56707320752637,30.833434943311754,36.31694056452805,7.701390502622622,11.226937753277374,12.372667091184704,14.461955886334357
2026-01-10,7.103381834425204,9.749156948347759,10.927196609590789,12.511652382222803,4.805489268175355,8.096666096826032,9.548656133434362,10.490732071788386,15.457575704735719,27.554695903812807,30.82194250861281,36.29268952601472,7.683625345420841,11.221896985354734,12.3680554717249,14.45229875542724
2026-01-11,7.05491492059593,9.699973147359932,10.872363730418801,12.447082821262102,4.79417774670797,8.060533309094032,9.506282135384277,10.442987468804883,15.383494038556798,27.431728256857152,30.685164210859824,36.12751706323847,7.631502516747985,11.171817308500929,12.31316984686643,14.386524578605735
2026-01-12,6.999008178807183,9.577479751293824,10.735065128002828,12.290539802800133,4.764069739122581,7.954396438087019,9.381108402819805,10.305737927286279,15.2622056656233,27.070521660239947,30.281118077584424,35.652702249187705,7.5709470594197255,11.024712683147108,12.15103649047302,14.19744612683529
2026-01-13,7.468899893214211,10.176801267055117,11.408936593928786,13.073419248735997,5.086025145291463,8.41657927674572,9.927929141747654,10.914188246520983,16.301314245265885,28.643429251945356,32.04619131325549,37.75763624015038,8.076365614125946,11.665293403878563,12.85931513593271,15.035662728998114
2026-01-14,7.4371202356712445,10.097170580437147,11.321581788975582,12.970143648210893,5.093045101234767,8.363399340938244,9.867886985685674,10.846280808188157,16.24686565973007,28.462446494124364,31.852382272865437,37.52271044478593,8.04344164668065,11.591586552912679,12.781544535919547,14.942111718469404
2026-01-15,7.211498704143436,9.803527149234224,10.990090635739605,12.583926957938218,4.96748352743711,8.135297894587193,9.597292438301322,10.544094004177994,15.786999739262075,27.68616821930617,30.97893479857411,36.47729514090143,7.8007261835002115,11.275440264730516,12.431052453512528,14.52581150780564
2026-01-16,7.156693635849816,9.823609862584311,11.007117046699308,12.600200260142406,4.934695357635811,8.152765278876704,9.612679276896097,10.558068491650191,15.673448660688155,27.74561348437906,31.02860170959595,36.52563988287397,7.740874861137166,11.299649881967584,12.450982511796678,14.545063116417902
2026-01-17,7.180490577580813,9.877746856592246,11.069852975597577,12.673156780927096,4.9482794317488725,8.181492422861224,9.648259004936497,10.596949811463645,15.735628296614028,27.84337813308908,31.14344890032193,36.660149815898194,7.765016966982771,11.339465411794622,12.497067745563944,14.598627009395443
2026-01-18,6.955792428814068,9.568879927093537,10.723061318221774,12.268828511702932,4.810871598063715,7.939756551448538,9.36320066982869,10.278256502463979,15.265073679701263,27.020698977722784,30.223314015002348,35.55763025497575,7.523318606090345,11.004421948940012,12.12784120184686,14.159587018525322
2026-01-19,6.830948111290514,9.397477278099828,10.530984384529551,12.048625432246958,4.696541701585325,7.798292717374128,9.19637511826686,10.094799996118574,14.971096860027142,26.539267128775,29.684820693287456,34.9229624376338,7.388353860147096,10.808354511534057,11.911757635009302,13.906852679283093
2026-01-20,6.497725896974534,8.930657610051387,10.0084884190865,11.446657950417666,4.447667314138539,7.4217118320331705,8.752866507605496,9.605200831830171,14.203434664094653,25.257681392785912,28.253226895285366,33.229194039001335,7.028966193330965,10.286417228779305,11.337295739827988,13.232368444600198
2026-01-21,6.6372651737018185,9.125102540180405,10.226509850042994,11.697384948725775,4.536749265499898,7.579298370435899,8.938909860122422,9.810235926985435,14.509032962324023,25.793982271727174,28.853753025376914,33.93851298828781,7.179543286159016,10.50483057065187,11.578271482583887,13.514829995448496
2026-01-22,6.584568744375617,9.08398392397062,10.181015039504567,11.641681975276892,4.501547083796928,7.550913040896225,8.905906817220371,9.771216633524126,14.393955806631439,25.697380891079668,28.747223072185434,33.80352573540353,7.122843177703016,10.465488792174128,11.53552374304397,13.461076026471916
2026-01-23,6.573936472599722,9.071779843981828,10.166770370595637,11.625473302055019,4.489688601769879,7.539891324834332,8.892389730144552,9.756369913757933,14.367190119844526,25.659871621116974,28.703591499856003,33.752163505649975,7.111248285632279,10.450212805642229,11.518015511473616,13.44062280851431
2026-01-24,6.544926398541279,9.043166446024339,10.13455253906582,11.588127563961798,4.473854326758296,7.5130745892769815,8.860691205265342,9.720828375685352,14.305526457415349,25.568608503115183,28.601272377899786,33.629207548170704,7.079524098426898,10.413045082494296,11.476957470572428,13.391659883626193
2026-01-25,6.325129918954319,8.705143401026655,9.755957453737349,11.151192705037262,4.298386745661716,7.243943932091504,8.543286446013546,9.370051919086594,13.80615786968405,24.652699000555085,27.576727027757382,32.415696332246185,6.843038164482731,10.04003272476348,11.065833683669052,12.908421334357707
2026-01-26,6.478309196011535,8.942762804116498,10.022260336979176,11.453122546544508,4.416262457163198,7.440589893189861,8.775204692463838,9.622095999125216,14.158914143644552,25.32192749460183,28.325331937066043,33.287642873356575,7.008489771952471,10.3125820298283,11.366229644830417,13.255643655862865
2026-01-27,6.604158965746975,9.064417593498572,10.158828083587295,11.608151746375809,4.481703965063058,7.550794434449511,8.90541275926451,9.76439261914275,14.435070401557967,25.696977247835353,28.745628311027563,33.77991805639986,7.145761588570921,10.465324404843477,11.534883806269734,13.45167509106759
2026-01-28,6.569853212764872,9.020141440812033,10.108473260414865,11.552423519852109,4.444111140735515,7.513166899552118,8.860345716482223,9.716602455968722,14.35790353983678,25.56892265483266,28.60015718061319,33.61458797813613,7.108560449578432,10.413173023598187,11.476509970487102,13.385838149371306
2026-01-29,6.2262691447968646,8.521464576434774,9.54770371698508,10.913209815594415,4.206274586479376,7.109486011803899,8.382286719197344,9.194470576133458,13.605380933177956,24.195109782835406,27.057038785298225,31.808272644103845,6.737980061840687,9.85367541271821,10.857296113107365,12.666536020075226
2026-01-30,6.121784967082103,8.332131191069443,9.335384206133114,10.669896543198233,4.1264310025706985,6.954345443848337,8.199093356737253,8.993091721148634,13.341989778050817,23.667133067328255,26.465712088975607,31.111602458357442,6.625441138891702,9.638652161045622,10.620011867314412,12.389111398480596
2026-01-31,5.641877625734361,7.716293874126671,8.646336562074433,9.886917784389496,3.8142844776291307,6.447051642097442,7.601619914547304,8.342303811027364,12.300100511276181,21.940703167172853,24.537137865727484,28.86020156395934,6.106374636349212,8.935548103588054,9.84612446655094,11.492569456590228
2026-02-01,5.564962974929369,7.526163126010363,8.435559004933348,9.643302506695946,3.707826254551851,6.291652832947987,7.42036647103323,8.141222115119797,12.066292344448351,21.411847601348487,23.952073000325363,28.1645594000952,6.023945887782646,8.720166932243272,9.611352932997251,11.215554208882287
2026-02-02,5.707703166173776,7.743369030414951,8.679010175489637,9.921393237603612,3.8163860108447785,6.472190557100065,7.633292408084182,8.374642865855288,12.38464177722539,22.02625630101403,24.639372961562582,28.972078530066486,6.178222937331271,8.970390384486068,9.88714878992356,11.537120559281925
2026-02-03,5.584117411956251,7.540976075988199,8.451135508848278,9.662787926860727,3.714928488985735,6.3066522542998005,7.437080148407347,8.161082944640533,12.099974624546885,21.462893857812542,24.006022791367556,28.23326794346402,6.044964486712692,8.740955977911831,9.633001601250763,11.242914991695164
2026-02-04,5.467898420982742,7.391554218763624,8.284851170175223,9.475001289516392,3.6345034707779162,6.1827136500390925,7.2920451408200995,8.004071283583567,11.84242752611191,21.041104134696067,23.537866790866307,27.690086073246555,5.9191911717206125,8.56917833105203,9.445142598463955,11.026611742488807
2026-02-05,4.726362624735895,6.351264604271544,7.120911126238389,8.145738857827858,3.148877272549573,5.316808781528108,6.272729264696677,6.8869176344076175,10.255801878897158,18.09424365556572,20.247634647938295,23.825292819072313,5.117033781532147,7.369042976902178,8.124856777827745,9.487592522178645
2026-02-06,5.240156796641436,7.097875043987864,7.945457751613125,9.087458270317036,3.486055870396473,5.950957230029174,7.00867929266873,7.693475016920395,11.358975553178336,20.252387198519955,22.62319505501393,26.61557823177195,5.673689725607973,8.247966286496379,9.07810827659148,10.598726442643258
2026-02-07,5.226681453295506,7.071687387300998,7.916670572540491,9.054474274802482,3.4873195587599564,5.924843591213364,6.978593464784305,7.660431660265738,11.34491022627568,20.16351686992956,22.526081529883328,26.501264733366074,5.6588181652501675,8.211773048291995,9.039139108261665,10.553205075879973
2026-02-08,5.1918869415729825,7.028219525346771,7.8681076137525485,8.999060027255565,3.4667151641060783,5.898910616388613,6.947831524940353,7.6266883559382235,11.2742054895721,20.075261379752266,22.42678559461514,26.3845297658576,5.621962334563844,8.175830208544506,8.999294194685222,10.506719443437984
2026-02-09,5.1794695551507015,7.019006355394729,7.857793449207029,8.988712219589717,3.4613103506149483,5.897894534653976,6.946634767578374,7.626250154480752,11.255271958443572,20.071803435102392,22.42292260215921,26.383013807835127,5.608996015216832,8.174421929579012,8.997744074832509,10.50611576598868
2026-02-10,5.045019207834802,6.853667260016084,7.672649303351088,8.779535928144659,3.3698484457554625,5.761104727872504,6.785442142420365,7.451549819759448,10.959392981266486,19.606278306175273,21.902611706468218,25.778637967832353,5.463461591695568,7.984832646534475,8.78895664948932,10.265444151006236
2026-02-11,4.953215458693522,6.701591476358757,7.502889094751229,8.587919800756046,3.2972508918208536,5.632949768924391,6.634977827297431,7.288759209865117,10.747409377626447,19.170139421336593,21.41693053777701,25.215463823052353,5.364179235345948,7.807211174896679,8.594065245929453,10.041179675212602
2026-02-12,5.006141963459808,6.757127766610543,7.564194172053509,8.655277454018016,3.3281805739788086,5.672886937314473,6.681318274838129,7.337538990921526,10.867616737676673,19.306054193798246,21.566512069456806,25.38421748456164,5.421073437680334,7.862563684707594,8.654088480378235,10.108379939620018
2026-02-13,5.189976897064533,7.057237777408917,7.898528221322047,9.04433071861183,3.4519610802556335,5.928493123601894,6.980786136241481,7.672154321181368,11.265105387395435,20.175937013474382,22.533159216276985,26.54181928095325,5.62012086577944,8.216831263120055,9.041979202389534,10.56935451107686
2026-02-14,5.618455769361981,7.395845970053971,8.275241110289002,9.469374401551349,3.6619229503320305,6.20162455087328,7.300359589880708,8.0183551770752,12.11470106378363,21.105461996996635,23.564704857643,27.73950120540006,6.0846777119487765,8.595388647560538,9.455912026722906,11.046289596686126
2026-02-15,5.343926174678024,7.154810405217302,8.001990392977495,9.15999856469956,3.5074470686019783,6.006642649244229,7.067504729110815,7.765161006776204,11.535150365981917,20.441896655177516,22.813076667119887,26.863575926823017,5.787206311095529,8.325145712020992,9.154302900305765,10.697482881649144
2026-02-16,5.33395092590812,7.214625692215135,8.06888823160657,9.237005960358855,3.5207457402773303,6.053872746577938,7.123076361344397,7.8268286987731255,11.54002849062552,20.60263083316813,22.99245538071874,27.07691531859424,5.775736053880298,8.390606147285197,9.226282980069309,10.782437859261611
2026-02-17,5.292227741238915,7.117734044020936,7.960602997285252,9.113390568577659,3.488818991698435,5.9768039349427005,7.032501728846923,7.72731502243307,11.44853619751971,20.34034909363713,22.700091086040576,26.732647737048207,5.731130675967032,8.283789557023018,9.10896468277118,10.645345293092184
2026-02-18,5.185333097720459,6.964140338606755,7.788903003468655,8.919105437346767,3.4161549796064916,5.8504734337363455,6.883927928133053,7.565968490446497,11.216724140301796,19.910419230840645,22.220512276216795,26.174469380054898,5.615634479453411,8.10869676528721,8.916521999403418,10.423070215674777
2026-02-19,5.190557410207517,6.932116362697818,7.75398870629622,8.881940263932941,3.421708164171628,5.831187688700164,6.8620325401436135,7.543940927205335,11.229921325626899,19.84478569311099,22.14983653081517,26.09826502098295,5.62211120294572,8.08196691852143,8.888161634400838,10.392724485497236
2026-02-20,5.279773565863069,7.124775448035038,7.9672680387552255,9.122436100941334,3.503098897118995,5.985202445954913,7.04135852777947,7.738166851894349,11.433387026418552,20.36893103269931,22.728679794618472,26.770189643059386,5.717705488776855,8.295429807995744,9.120436598710858,10.660295048775977
2026-02-21,5.2513978857033194,7.1295127282022035,7.9730569881976665,9.127287009749214,3.4846590095308945,5.982430872107101,7.038632636211834,7.734019260234598,11.373681771949526,20.359498770872268,22.71988093622329,26.755841048951943,5.686200530867937,8.291588434789105,9.116905842377475,10.6545812212402
2026-02-22,5.147746105073235,6.9721207890836165,7.7980065381894885,8.931378816407443,3.421764854116539,5.856999762616984,6.892029266027483,7.57657090993111,11.158729512941125,19.932629731499024,22.24666244513435,26.211148452206064,5.574586134620579,8.117742190838323,8.927015391884341,10.437676377844722
2026-02-23,4.959600165573258,6.669034563628119,7.459018095614359,8.526849728716659,3.2864205348537547,5.598757203792963,6.588150941751484,7.227834139356686,10.74559637110636,19.053774769132744,21.26577884124655,25.004693530456738,5.37084368699572,7.75982062686354,8.533411944574045,9.957247751810307
2026-02-24,4.924908213613212,6.615291999673939,7.399620462451633,8.457830789493597,3.265108251242098,5.5594093786193834,6.542588104747117,7.176346807510982,10.676290008496641,18.919865658374256,21.118707345210513,24.826573096495405,5.333766519672506,7.705284940765684,8.474395923089514,9.886317496718293
2026-02-25,5.316779440159637,7.31076387307606,8.180197645665498,9.321815060641692,3.5585012701185463,6.027085150146844,7.096195935858921,7.766902827665351,11.548091923870187,20.51146688187931,22.905688518728667,26.869601756508423,5.7481968722450345,8.353478810670335,9.191465662442399,10.699882458313208
2026-02-26,5.1931209935362626,7.165922107483478,8.015922962373383,9.133800367232027,3.490909695018314,5.913663507013228,6.962119564393886,7.618850479469881,11.294881177366134,20.125468639135587,22.47290571083291,26.357414630778155,5.61489297308267,8.196277565128785,9.017801015129278,10.495921785890973
2026-02-27,5.0335315281582025,6.968404487262687,7.7983454969365456,8.8865881387504,3.3733309741426565,5.737878662082219,6.755239566485865,7.394281314712493,10.937489156400403,19.52723500955913,21.805121332319583,25.58051756412121,5.440985838775025,7.952641555219022,8.74983626130832,10.186549604986798
2026-02-28,5.072816006025847,7.039936014973232,7.88536236835799,8.979204627184005,3.408268963326859,5.7789311612622605,6.805170256051913,7.444587619326092,11.027178070297188,19.66694549254929,21.966291744335102,25.754552234156513,5.48161141182179,8.009539902178195,8.81450981637876,10.255852846989558
2026-03-01,4.974467741770801,6.8556773316030615,7.6699323490931,8.744188794824545,3.3471368372708574,5.655913555660007,6.661206876841621,7.286112752941693,10.823381502143889,19.24829012592696,21.501594834596315,25.20630840484049,5.37850779749361,7.839038750105906,8.628038858048264,10.037533848988181
2026-03-02,5.080713625098441,6.993720267876065,7.824370770166884,8.922286984230853,3.436519865087164,5.789473058903313,6.818505511751193,7.458484772482665,11.066486152953386,19.702821837241604,22.009336386299083,25.802629438049966,5.495285915905328,8.024150865251555,8.83178252783821,10.27499791788588
2026-03-03,4.952132012824809,6.878125877365169,7.694476002270397,8.773064716302507,3.3662081999451554,5.677775160727182,6.687181920190183,7.315028462203994,10.781523906635494,19.322689869277053,21.585439229195977,25.306342306335633,5.354358095340623,7.869338712715765,8.661683464422829,10.077368863944635
2026-03-04,5.299347030020112,7.230090966572102,8.088174081374568,9.223597001712294,3.5907193661730554,5.990689160258539,7.055467268115302,7.71766684431576,11.51813815701891,20.38760350138451,22.774221154305447,26.699269863082215,5.7327626712441635,8.303034338300813,9.138711178994333,10.63205371804835
2026-03-05,5.115814927907633,7.074465648235024,7.912758237542201,9.023050496016646,3.4898554960076082,5.854229175801924,6.89396874946679,7.541109365072914,11.142616789533182,19.923200828756695,22.25292287029025,26.088469231266625,5.53291955273608,8.113902185649053,8.929527540026305,10.388823653638958
2026-03-06,4.987064776100415,6.852040157135338,7.663117899133696,8.738445293964327,3.3809655935068568,5.668238269094025,6.67421819958197,7.300936166759124,10.846253718839892,19.290233776154686,21.543593858946966,25.25759000766003,5.393799037106797,7.856120677763116,8.644891989961737,10.057954960079268
2026-03-07,4.943367581831525,6.784200329846314,7.58831746497724,8.654128996896688,3.3502043437135773,5.621319016480164,6.619616567677667,7.241402204828108,10.75601195169774,19.130557469592418,21.367346192687613,25.051632255443067,5.347423723607134,7.791091070123869,8.57416831923759,9.975939463159367
2026-03-08,4.901847684322598,6.700971053731989,7.495154173763233,8.547534207865858,3.3103342763511305,5.544236088769724,6.529286713397332,7.142869092284258,10.657092291220112,18.86822769002186,21.075772013396428,24.710756934529815,5.301965092100503,7.684254915124813,8.457167074991276,9.840197746562167
2026-03-09,4.966873370869335,6.831938077355738,7.641643096915974,8.712779007584153,3.3839343809232867,5.648342326736523,6.651889623059723,7.275871381443738,10.810424258980131,19.222523605718525,21.47151983174872,25.170878378265378,5.371628852904343,7.82854510370678,8.615970530316243,10.023425075688003
2026-03-10,5.1074767060961905,6.9555038192577925,7.780022644969735,8.86998709039784,3.4612373636435128,5.761885744647647,6.785888261360493,7.420529959367126,11.104389543973687,19.608936274217605,21.90405172610371,25.67132475511707,5.525205401595429,7.985915127853287,8.789534492457108,10.222710404049998
2026-03-11,5.093728325273985,7.004097306614579,7.833056745531661,8.930391632555148,3.459471957770633,5.793203038488696,6.821674213795884,7.460685315438118,11.08873132595358,19.71551575989736,22.019564584998843,25.810242216807865,5.50908682212761,8.029320579077476,8.835886841797624,10.278029441710789
2026-03-12,5.139596718555126,7.024403194120811,7.856216556188278,8.956805945538044,3.487342692174141,5.813368974880765,6.845862249638038,7.486734525640389,11.182873319452444,19.784144778094976,22.097640728877636,25.90035946427921,5.559292088537218,8.057270362123825,8.867216797015127,10.313915494810795
2026-03-13,5.201402003448459,7.087310177166404,7.9265092978130465,9.039414454670057,3.519081245324229,5.8882989001791675,6.933943471711978,7.5825337108907345,11.317169571562268,20.039147427457316,22.381956587037553,26.23177676321927,5.628347431496396,8.161122477644387,8.981305463043567,10.445890883781766
2026-03-14,5.220065272399669,7.082337039196151,7.9218378196158445,9.038450956319025,3.539123010438493,5.902245122451627,6.9501482475897784,7.602115093661409,11.362154319313852,20.08660942096539,22.434263703713547,26.29951856050501,5.650290013393416,8.180451800084613,9.002294968180497,10.472866693659437
2026-03-15,5.307745779192785,7.229747577971439,8.087232776693565,9.226698867982218,3.618361772059184,6.0266051754235495,7.096922272365346,7.762069529458764,11.5711539599864,20.509833424678064,22.908033047815287,26.852880960476462,5.74514375550701,8.35281357057818,9.192406461867686,10.69322398403537
2026-03-16,5.552523398976393,7.627770332131615,8.532463073961729,9.720800827818508,3.77126211345794,6.311722950582512,7.432676586755235,8.127190120703276,12.11218248632217,21.48015052770849,23.991808610630724,28.11601571283822,6.005845942036726,8.747983911464742,9.627297814872305,11.196223377244005
2026-03-17,5.484499972789509,7.54789280348447,8.440982608687166,9.617292278809312,3.73114253721477,6.246726267746939,7.354213245202782,8.041807282744715,11.984207794712152,21.25895283857656,23.738538143188148,27.820633769264116,5.932275946441644,8.657899169121656,9.525666868354117,11.078597812667654
2026-03-18,5.272824398519721,7.2688650103327745,8.1285225542624,9.26060192353587,3.56743186195293,6.01070796173898,7.075432252714884,7.737582103277234,11.511922263702097,20.455731787836708,22.83866578388626,26.768166705111252,5.702780046762284,8.330780193853858,9.164571156939832,10.6594894842402
2026-03-19,5.190232488987911,7.138307262772207,7.98136643068709,9.094763848956218,3.507374368297636,5.910670625176842,6.957479041749941,7.608306535027593,11.320324852149312,20.115283218631458,22.457926647795897,26.320937853046637,5.614283031551994,8.19212946129745,9.011790301089933,10.481396180423422
2026-03-20,5.23618596957666,7.191168777404827,8.039132232956103,9.164161613892741,3.5392306198393535,5.967097161567134,7.023813132158629,7.681047109150606,11.416716139614307,20.307314856412518,22.672045314587006,26.57258388256348,5.665185801334743,8.270336067700601,9.097710633582416,10.581605441481013
2026-03-21,5.114066249890231,7.011133883235549,7.839121773785833,8.936467385902462,3.4493061678158825,5.817045201731481,6.84834741064077,7.489575737053396,11.149092454791077,19.79665576863522,22.105662537232707,25.910188635683493,5.533083977104852,8.062365575205378,8.870435743085489,10.31782961976291
2026-03-22,5.053428014754159,6.895485457535599,7.710070258219729,8.792768683407838,3.4085086456520415,5.731389514251131,6.748404707267243,7.380937744991876,11.01224425848512,19.50515104400809,21.783059208084833,25.53435548222595,5.468583883060823,7.943647662224993,8.74098329637,10.16816716468172
2026-03-23,5.22825039866961,7.160724925439393,8.006643276230552,9.12827877347733,3.537135897979193,5.968831240542105,7.027979644447732,7.681034227234736,11.398833815678033,20.313216300075513,22.685494327771856,26.572539317573167,5.659039184934744,8.272739483549653,9.103107377835757,10.58158769502677
2026-03-24,5.248693772872915,7.203466749567844,8.056150379080131,9.183618430579555,3.5608456548549396,6.015127579647425,7.083700837826119,7.738962569525165,11.454469521878076,20.47077269801157,22.8653558072115,26.7729424283491,5.681950466902913,8.336905739391995,9.175281179156501,10.661391249579394
2026-03-25,5.310790751620658,7.247712328607472,8.107076367501215,9.245947678204503,3.6099062593343487,6.07069522106828,7.149314829686465,7.811170595542674,11.600075761766352,20.65988133150752,23.07715008031334,27.022746107597303,5.7509178278202455,8.413921926089925,9.260268792042524,10.760866858850845
2026-03-26,5.119661337837467,6.9787537513670355,7.804775189760266,8.904771070585262,3.4684475506639187,5.840510269987147,6.877362875650684,7.518151815567079,11.169619887276356,19.876512442038184,22.199321056494366,26.009047584541516,5.543617303569346,8.094887921510683,8.908018506122053,10.357196750780286
2026-03-27,5.016597999905018,6.826833195195627,7.633090465021831,8.712042139873702,3.3756600449742424,5.714747550669389,6.727441222691882,7.3568935307987395,10.928599668508653,19.448514863109267,21.715391537646937,25.45117451881586,5.432195015915027,7.92058206970642,8.713829994744563,10.135043244970419
2026-03-28,5.057373975017279,6.830992479219673,7.639430249920773,8.724242058749955,3.3782605814720044,5.73199695543476,6.748018504209814,7.381464850813939,11.006729773900707,19.50721829698533,21.781812589894123,25.536179004914032,5.477725393510578,7.944489569536697,8.740483060444559,10.168893319040066
2026-03-29,5.037740697910759,6.754633921661753,7.5519463737498,8.625571255186651,3.3722945552746117,5.661766328570426,6.664137076860354,7.291896127970502,10.96388554070363,19.268208370771443,21.5110531767184,25.22631599181314,5.456282161296038,7.84715063392252,8.631834248296743,10.045501173209129
2026-03-30,5.059995133271901,6.811783935843495,7.615842337226881,8.699840298383247,3.408591054428347,5.72045101456477,6.7332114202865965,7.365432769425202,11.031538795364972,19.467924977266897,21.734017058981284,25.48071601640993,5.481052096514228,7.928487012744486,8.721303939029179,10.14680711682693
2026-03-31,5.113576027714192,6.888972954115336,7.702647309665172,8.79754036409355,3.4546846479943256,5.787266120047576,6.812288334961623,7.450024612344733,11.150627487426345,19.69531114971652,21.989268068527853,25.773361512501467,5.53921191918045,8.021092070409836,8.823729626326582,10.263342986562169
2026-04-01,5.131567832963227,6.92369692392482,7.741465486324657,8.84188449609047,3.482669106478399,5.817659643831452,6.8480197458468455,7.489150599563703,11.21627406235026,19.798746847236306,22.10460487369353,25.90871787245994,5.5587327639537545,8.063217185716034,8.870011329818242,10.317243939567176
2026-04-02,5.032652191437584,6.7452324900363765,7.540257979578828,8.613527497616182,3.4024462676875036,5.661936796616229,6.663312757600509,7.288289907444598,10.98114564935181,19.268788510190216,21.508392370791302,25.213840271242503,5.451409823798417,7.847386900902831,8.630766535082474,10.040533152287262
2026-04-03,5.067405754731302,6.793468950924643,7.593955169264983,8.674977533103963,3.4192774219461786,5.705681801397117,6.714512808367811,7.344505357643635,11.055463399223655,19.417662168759477,21.67366013194381,25.408317631514176,5.489290765790948,7.908017033281318,8.697084251334484,10.11797698322182
2026-04-04,5.0980198532907925,6.855695640788773,7.6642706689851865,8.755008249768684,3.438014976122419,5.756675747704555,6.775286868935425,7.410667914583549,11.120954077437535,19.591205534217963,21.86983167426913,25.637207009379892,5.522237787795722,7.978694124999736,8.775802862816398,10.209124200858804
2026-04-05,5.1317160171556075,6.89644276560215,7.711609568829266,8.808324602871835,3.474683275173892,5.7976494725266825,6.825060458150069,7.464644162108572,11.208254222221445,19.730647931127827,22.03049498476885,25.82393784759022,5.5592707740864515,8.035483291498826,8.840272931047052,10.283483249358985
2026-04-06,5.071909445716408,6.827713449838249,7.634756375506532,8.718110929843895,3.4491296051773213,5.734830860258183,6.751109656422355,7.381575055875781,11.083671594714056,19.51686268452656,21.791790466827685,25.536560259345677,5.49404297754703,7.948417332842535,8.74448692669568,10.169045140330246
2026-04-07,5.273691158870258,7.1404159675948575,7.9838840691002915,9.118201387364138,3.5978095063304694,5.989862681313701,7.050723439233643,7.710567726011977,11.54122383146034,20.384790815802123,22.75890863084477,26.67471046200852,5.711815539422355,8.301888846876485,9.132566655834543,10.622273792498415
2026-04-08,5.165571795630458,6.939771221980562,7.758524539656794,8.858802373068707,3.503636187537314,5.826335560980535,6.857402495702986,7.497233180942724,11.292384834679595,19.828272859038048,22.134891290189984,25.936679564222747,5.595390831295522,8.075241918777293,8.882164492428393,10.328378708809712
2026-04-09,5.183249545669481,6.975284310401277,7.798905363014091,8.905598866160876,3.5238538439417915,5.846015388833185,6.881027888490505,7.523811001532262,11.331907665468343,19.895247545339082,22.21115128825302,26.028625539425768,5.613710910483561,8.10251796032463,8.912765674883188,10.364992988995276
2026-04-10,5.235159832212514,7.035509111454837,7.866763769045037,8.983287835123363,3.5677591203827017,5.898786815405313,6.943747070083064,7.592548274310171,11.450125576513887,20.074840058382865,22.41360145319972,26.26642214720515,5.6701646140531805,8.175658621638894,8.99400373668351,10.459687200516617
2026-04-11,5.2205397356283605,7.004648207027082,7.8330639412250775,8.945198735942549,3.5626200572086106,5.877903932364635,6.920133488923358,7.5670345627967235,11.428472058498379,20.003771116561694,22.33737958168646,26.178157457545986,5.654775809307974,8.146715157818448,8.963417853435844,10.424538864001216
2026-04-12,5.105095926477165,6.786055139567493,7.587444996538197,8.66460049541567,3.470889863655595,5.704450255834045,6.715044023294953,7.342562706203605,11.159454896683718,19.413470954366254,21.675374831448664,25.401597028501175,5.530850124111859,7.90631012363773,8.697772316292996,10.115300737293808
2026-04-13,5.285640646505499,7.0652989670174815,7.899665740081202,9.02241972921287,3.6330858780024653,5.957435538389996,7.012847884038856,7.669176716486177,11.591595806802804,20.27443427502265,22.636650779228567,26.531518256964237,5.727579479983761,8.256945156094687,9.083507713809052,10.565252487277567
2026-04-14,5.237973154894896,6.939200333671413,7.75794138880214,8.860635068990954,3.57470337696153,5.87019086670716,6.908612455230213,7.555061890017993,11.468466519935758,19.97752189544571,22.300191035657818,26.136737993872565,5.67762607953385,8.136024927146421,8.948495043166293,10.408045006116456
2026-04-15,5.326105218343234,7.056184069213464,7.888775296850882,9.009804605213574,3.641479480183396,5.9711138206718655,7.02726322141863,7.684554264181569,11.665512485503486,20.320984411122637,22.683181798227768,26.584716886036194,5.773288593868676,8.275903116428994,9.102179419006644,10.586436987262777
2026-04-16,5.478799028940774,7.331115825551974,8.191406144604134,9.348422144625436,3.7334489882568627,6.155760340196103,7.244384944554863,7.915984596353011,11.971635664978418,20.94937622503013,23.38402526503182,27.385350162620174,5.935148744941721,8.531821317331161,9.383409937557067,10.905261286532033
2026-04-17,5.529600035844563,7.40545650781798,8.275016072530455,9.44449993875426,3.767659823913755,6.221641785149449,7.322478900810571,8.001891520240575,12.092145594061707,21.173584949915654,23.63610340004346,27.682545181561768,5.990402855754896,8.623132330984372,9.484562431633703,11.023608845185407
2026-04-18,5.368025337309535,7.206849156569739,8.051298270688008,9.18988078625106,3.6598460443245306,6.066007382076616,7.1376025243028485,7.800412009328922,11.749374983986156,20.643927607305898,23.03934413169266,26.985526776618045,5.816094197859383,8.407424628854335,9.245098233938629,10.746045557431344
2026-04-19,5.263075195557212,7.031326523908859,7.8547510575742985,8.965193238003064,3.585271934423044,5.919377196778147,6.964600671578827,7.611015214711406,11.51059212374168,20.144913554126298,22.480914433939425,26.330308530909466,5.702655895027663,8.204196681118177,9.021014710424803,10.485127726301755
2026-04-20,5.365550944746321,7.191459616724579,8.033637015418805,9.168819743606345,3.658637290244933,6.048926194706172,7.117024990553291,7.777282380866686,11.733050427381729,20.58579665339968,22.972922265271357,26.905509822711707,5.8131820759347566,8.383750276625111,9.218444841531431,10.71418159423499
2026-04-21,5.389947630515875,7.250107040423928,8.099333616525971,9.24339342161356,3.683838809153671,6.1031266151058805,7.1810309077920635,7.846661104279564,11.795257466833554,20.77025233974177,23.179525862026384,27.145525529080384,5.839824821929913,8.458871508872404,9.30134956905177,10.809759484430991
2026-04-22,5.417313894918738,7.272493056666765,8.12399668878908,9.271815459417178,3.6898699982097005,6.1273718747258705,7.209229068513188,7.877520596155298,11.849453883130806,20.852764172136553,23.27054621886507,27.252283946883125,5.869945568836611,8.49247519248551,9.337873705131852,10.852272303648645
2026-04-23,5.445081430184854,7.27315178710506,8.124381055573775,9.2718468246011,3.7063231465941695,6.141085846214658,7.224872477563276,7.893738219622713,11.890157399667517,20.899435766282597,23.321041309236197,27.308388818242438,5.901175236675676,8.511482617698167,9.358136090560198,10.874614113338401
2026-04-24,5.447342507569033,7.257670047377426,8.106885326451781,9.251101301309186,3.7047213775847734,6.121152619628633,7.201510176106654,7.867747517309067,11.883176937686283,20.831598709598858,23.245630539144308,27.218473978822523,5.903246453886283,8.483855368079736,9.327875681522015,10.838808662190687
2026-04-25,5.431978996069272,7.220659478374465,8.065296328112133,9.204826235543182,3.6971822156478007,6.090396217484872,7.165073663843458,7.82901731031305,11.85416827146346,20.726928058983916,23.12801774939704,27.08448682061793,5.8867191035986846,8.44122730705191,9.280680683757936,10.785452946065668
2026-04-26,5.485314432034903,7.289150562437352,8.142117951001035,9.293342489014531,3.741431852554383,6.146429711639846,7.231350054888015,7.902276013396759,11.976843692899235,20.917622089515028,23.34195016940544,27.337925317369308,5.944410001659965,8.518889160908412,9.366526280190572,10.886375994729555
2026-04-27,5.439673957994983,7.173625572207488,8.013074369217033,9.145399342835386,3.6999109820307408,6.052599349567381,7.120957481352532,7.7808104570857415,11.861137030449205,20.598297189299007,22.985615884523753,26.91771520303847,5.895501311027605,8.38884123196041,9.223538465562646,10.71904196157645
2026-04-28,5.423532361178117,7.132534320282077,7.96749495722352,9.092379646910127,3.6800994578517305,6.017033924352614,7.079432128271124,7.734568621213267,11.817653075375143,20.477260398999988,22.851576913234016,26.75774156335838,5.878050941197016,8.3395479137937,9.169752062196888,10.65533803486712
2026-04-29,5.513767579900582,7.095334752830327,7.927067157101653,9.047116605320786,3.702729662337095,5.990746716094623,7.04956271944224,7.702417257722897,11.96629477669628,20.387799376271996,22.7551619634416,26.64651391546792,5.9770491589883585,8.30311411010512,9.131063214243747,10.61104550052562
2026-04-30,5.5852554592500185,7.104429045441778,7.938695526118692,9.062294670786407,3.735744892762702,6.002654575166155,7.06491952552244,7.72068891970714,12.10638738576448,20.42832438146026,22.804731933027426,26.709724733452845,6.055282136092767,8.319618281849246,9.150954372414517,10.63621700580737
2026-05-01,5.66320336977752,7.175045653727145,8.018009600515496,9.152372073043537,3.7728050869698038,6.068060369855904,7.142128943824712,7.8048146657453925,12.264447973259244,20.650914366210866,23.053954883229125,27.000757767298136,6.140338099650818,8.410270049067528,9.250961154013703,10.752110768649487
2026-05-02,5.687738331838073,7.219841516378677,8.067427153930788,9.209210144968617,3.7960755300716644,6.098317941952127,7.177437807047328,7.8435622690849724,12.326015882600535,20.753887390901355,23.167927754079646,27.134805108156478,6.166346857377848,8.452206736715281,9.296695545626337,10.805490450418915
2026-05-03,5.703783372400758,7.206054662948874,8.053175125266142,9.191597341177326,3.802685564663779,6.093183933809332,7.172353603685746,7.83696317584201,12.365636290901845,20.73641525713041,23.15151654170348,27.11197554387239,6.184375664722427,8.44509105356725,9.290110146767391,10.796399372083336
2026-05-04,5.776238370038224,7.272814638310699,8.127783187249287,9.277074866675738,3.8661533674293884,6.14651517029524,7.235130386785347,7.905894432660263,12.518820506556647,20.917912923697095,23.354152637561675,27.350443239474913,6.262852481243624,8.519007605736922,9.37142281787654,10.891360820941943
2026-05-05,5.940982717703811,7.480238363219911,8.359919411147704,9.541225682639165,3.9854910388356193,6.314469347698771,7.433097541028963,8.12155117919852,12.86412866803487,21.489497107703833,23.99316740167339,28.09650779366852,6.440969400101212,8.751790389977126,9.62784306288791,11.188455028311497
2026-05-06,5.903731494565667,7.561341809194132,8.451539292236257,9.645302009756685,3.9961725036673874,6.371646038253877,7.5010870251007455,8.195519693716093,12.806854574832165,21.684081681427326,24.21262948512963,28.352401883205513,6.399108379492134,8.831036702434599,9.715907571520637,11.290355931221592
2026-05-07,5.755151918611302,7.424557773323763,8.298937164198389,9.47140311254657,3.9160319256715366,6.250276863476825,7.3581815808611255,8.039699888934894,12.505908209355539,21.27103627939582,23.75134746544325,27.813343239992612,6.237333474294665,8.66282025874557,9.530806921034502,11.07569461346988
2026-05-08,5.837186484287318,7.6195404381774505,8.520962079519538,9.7236855464241,4.003767800618653,6.401960631988021,7.539925152706168,8.237398994422456,12.697524288516664,21.78724876301408,24.3379944076348,28.49728333167849,6.324849232447722,8.873052421493435,9.766213301450511,11.348049918765547
2026-05-09,5.82063342727245,7.591976943928274,8.487835251858996,9.686146395562794,4.005134604148582,6.387458357552254,7.521403924217053,8.217300687919765,12.671580987433028,21.73789440441606,24.27821005351176,28.42775323664705,6.307586314103819,8.852952416401795,9.742223372589656,11.320361981635196
2026-05-10,5.974540200717835,7.823361768635966,8.747734161878498,9.981724256282744,4.109057049429934,6.5841703223555195,7.754359431486691,8.470841039281968,12.999511044306463,22.407347523264608,25.03016311913619,29.304876128675737,6.47434668087626,9.125593201931325,10.043962863057452,11.66964560449088
2026-05-11,5.9266860209870424,7.732562366530588,8.646206320630036,9.865513058950347,4.074139719205174,6.5092400331186475,7.666111958137598,8.374193684140124,12.89613248131133,22.152343635341392,24.74531062135148,28.97052458584051,6.422752698799106,9.02174058199574,9.929658857303231,11.536501755150946
2026-05-12,5.835088901756757,7.551060928033715,8.443196287739063,9.631724490191495,3.9977288858519926,6.354828787980811,7.48420167235562,8.173385135921325,12.677598092118345,21.626848962222777,24.158125546117144,28.275827376455748,6.323714123590709,8.807728164341956,9.694036537891083,11.259862802631499
2026-05-13,5.875372248437326,7.485084314915384,8.370198019285164,9.546971011783356,4.004489886856887,6.297189921226575,7.417066271556419,8.098567194855066,12.735329080655827,21.430691503503326,23.941420343331565,28.01699469561782,6.367872033488116,8.727841280366071,9.60707829480454,11.156791708149607
2026-05-14,5.996076310918596,7.639182614946976,8.542769890122415,9.745222612529082,4.089493748512348,6.423478236431585,7.566039681985534,8.262341724106209,12.986352345955503,21.86047779826519,24.422289046465675,28.58357270959313,6.498448345678045,8.902875602732431,9.800038579293979,11.38241165622092
2026-05-15,5.88427931788797,7.442289270268705,8.323147825437557,9.493172270384125,3.990894447180408,6.2624048030204165,7.376913236145481,8.05468029958315,12.731212803812145,21.31231026575849,23.811811052590762,27.865167973377186,6.377917448984429,8.679629459788966,9.555069408697337,11.096332007379672
2026-05-16,5.759654222091059,7.282504714742256,8.14540275960485,9.288548798985016,3.8976888451289216,6.1370090953831085,7.230139735696837,7.893221362393911,12.46967773471398,20.885561706503474,23.33804340095486,27.306600750564638,6.24350639344029,8.505832282446658,9.364958594153306,10.873902077702242
2026-05-17,5.714583461735841,7.170300775615234,8.021865594009599,9.147223655169219,3.8580483530552225,6.042483285088051,7.120673378173422,7.773306949450938,12.360321240161888,20.563870046430836,22.984698832770015,26.891756816999976,6.194952848625289,8.374820469324693,9.223170476200597,10.708704939020759
2026-05-18,5.600175794161769,7.09617706300656,7.938938743591004,9.05790770234853,3.815916038287671,5.973810158232051,7.039746566608016,7.689593757413236,12.150626975461652,20.33016062768343,22.723476572944307,26.60215101379524,6.070106741659672,8.279640212905038,9.118348679226871,10.593379521040363
2026-05-19,5.538575163245641,7.014898125258731,7.848820513807118,8.957150033925657,3.775542424310549,5.910232131188923,6.965683081507887,7.610800904519299,12.021884266652494,20.113790929293064,22.48440832628805,26.32956712476059,6.003704307601799,8.191521713083272,9.022416719865571,10.484832487141949
2026-05-20,5.5757589497730535,7.06151814775467,7.900887152479446,9.017426332383025,3.815780843906395,5.942925705054694,7.004104068133114,7.653325479844964,12.106472704010848,20.225054191863975,22.608426766615004,26.476680900897367,6.0435430343334,8.23683467444506,9.072182141011625,10.543415421378436
2026-05-21,5.650893000652752,7.141546570522227,7.989576620563949,9.118351296409474,3.8631561064142117,5.998931521775284,7.0690754228466135,7.723602308461423,12.26011187411927,20.415654030133886,22.818146682349987,26.719803602382516,6.124243133685677,8.31445816765858,9.156337367458203,10.640230564096676
2026-05-22,5.504804189083982,6.9407901186127265,7.766393776111613,8.866441804017262,3.7578916603569072,5.827845625786887,6.8687252102874305,7.507215338145975,11.943366444194714,19.833411934311304,22.171439685386794,25.971212838897813,5.965826974768397,8.077334853263594,8.896830426578072,10.342130381918684
2026-05-23,5.55920569453732,7.046579874672022,7.886305272952068,9.003566406646216,3.800906454111039,5.9102711525958975,6.967029902574039,7.61462291702229,12.071457984986706,20.113923727532487,22.488755706787487,26.34278937771552,6.024097140683846,8.19157579635706,9.024161212223856,10.49009778856822
2026-05-24,5.535558386077172,6.97313460999299,7.804640591897946,8.911297218076548,3.779741688722044,5.862642421297775,6.912346243238352,7.55631140891178,12.017532424800208,19.95183291243531,22.31224326559657,26.141060704714757,5.999775114794787,8.125562858466463,8.953331294106631,10.409766375057156
2026-05-25,5.561731250820454,7.020754388911357,7.857938754103344,8.972348369059308,3.8027871698418028,5.899218954016409,6.955471789768336,7.603383336313633,12.083351581982496,20.076310719007193,22.451447473730685,26.303906046192942,6.027807626339153,8.176257561365336,9.009190374617834,10.474613856924966
2026-05-26,5.508466278205218,6.914093490015765,7.73876698271292,8.839145134538475,3.7646908135572823,5.806892430318896,6.846792595379544,7.4870492226362915,11.968042957547622,19.762103704179392,22.100643775856927,25.901448158594246,5.97010165929084,8.048293937132941,8.868421842790989,10.314349029379317
2026-05-27,5.451934416502027,6.872513703152147,7.692763728720321,8.781789978460907,3.7012828982524684,5.777067460243629,6.812220317289052,7.445150981514893,11.83662140039052,19.660602917196655,21.989048515455227,25.75650118575198,5.909043686025292,8.006956831492987,8.823641525306323,10.256628949038904
2026-05-28,5.390569599892019,6.875304864255531,7.7175490761592815,8.807693010556424,3.6453296369251422,5.7865103883618065,6.8442992133903235,7.478619088730631,11.715273306470165,19.692739232270824,22.09259543112131,25.872284108801797,5.842605126381239,8.020044633968112,8.865192248351319,10.302735462955244
2026-05-29,5.417993766879384,7.0235768872795905,7.956561524351624,9.06082814283511,3.64673386595072,5.931602996010346,7.085655171580212,7.725928156470901,11.78772027598172,20.18652057805387,22.87166416744246,26.727849873997787,5.8731696843152035,8.221141514696178,9.177812562415369,10.643434711344234
2026-05-30,5.4321114992399115,6.992971400772134,7.857894730663954,8.957524589846098,3.677614537136816,5.905671880945994,6.992853586743069,7.6328384676475185,11.812609142659294,20.098271417041154,22.572111531701054,26.40580607844364,5.888727866232645,8.185201252557714,9.057609768106872,10.515191993417693
2026-05-31,5.454802745901875,7.0562824690680515,7.9764635775429396,9.086047442716717,3.679451745240534,5.964346586294581,7.107800491168611,7.75273598173444,11.869571420100373,20.297954057252774,22.943146662743395,26.82059155041269,5.913505996491473,8.266523798306018,9.20649665547317,10.68036585180619
2026-06-01,5.393620927434877,6.900612810587207,7.800493671796664,8.885598848354356,3.6383535568711762,5.834884850586721,6.953519016184182,7.584455577140502,11.731484791660844,19.857367930080223,22.44514414954537,26.23842545986275,5.847727905148798,8.087091147350048,9.006661012194995,10.448538495504147
2026-06-02,5.028639936762952,6.420838405076292,7.2583126665247315,8.26799653768749,3.391542622694489,5.428447765894979,6.469320239994848,7.056322397384123,10.941708992356903,18.474175127168003,20.882207267758147,24.41134862765292,5.452033402135596,7.523773475496619,8.379494504200002,9.720968823124574
2026-06-03,4.947658931867642,6.28474711859397,7.107956309581155,8.096724522310945,3.348575681457556,5.290692219343991,6.308612413730266,6.8810325381969095,10.752019669054569,18.005363378124287,20.363461246057028,23.804933327652236,5.36285336261741,7.332845686939003,8.17133502267663,9.479485064275844
2026-06-04,4.823662501993217,6.065599413089378,6.8587376057773755,7.812837691466663,3.261584049805212,5.118868230121404,6.103127520388177,6.656902706711704,10.463359562083724,17.420609392299877,19.700180101519635,23.029556134530964,5.229701400683167,7.094699382817058,7.905177301219091,9.170718120037646
2026-06-05,4.502646878236838,5.621311168596114,6.359685419698371,7.244363731167818,3.038308386581161,4.751301430549979,5.668272970077306,6.182591065127944,9.744720095126958,16.169700528650598,18.29652059572176,21.38867492349845,4.882396062324019,6.585255531397273,7.341924721461313,8.517294364627881
2026-06-06,4.530624208927758,5.648945115520787,6.387560319713928,7.2761162317014385,3.055648283555745,4.777191497671829,5.695857811516931,6.212678852910557,9.805985372844832,16.25780999468768,18.385561229825687,21.492763630849527,4.912944843098657,6.6211389015042865,7.377654445554049,8.558744064701107
2026-06-07,4.710159698128948,5.876450979307973,6.639769758353676,7.563409830262269,3.1989101260521267,4.974267761791637,5.925883468259872,6.463576185773074,10.201154545978538,16.928502902452465,19.128057081447356,22.360742999893905,5.1079299147910895,6.894284602186942,7.675598998458731,8.904386598192179
2026-06-08,4.714171246335726,5.8566161324520465,6.617358473586852,7.54060984848888,3.2112640594031,4.954624847146555,5.902482712864708,6.440661359838866,10.220575392522735,16.861653839734913,19.05252218655022,22.28146915537267,5.11221687175001,6.867059721970424,7.645288781317887,8.872818552410095
2026-06-09,4.621604788893461,5.726481814056103,6.470737052410301,7.376075706331525,3.1503734009057727,4.841777700224886,5.768429997321655,6.296821773974896,10.01113487152712,16.477610731145017,18.61981573719719,21.783856081700716,5.011726679597691,6.710654722344395,7.471654774730667,8.674661488295062
2026-06-10,4.537959744202479,5.577744332723015,6.303997740828741,7.190054837684246,3.0862248805493664,4.723817745722569,5.629315636101338,6.148529895745382,9.83011239740793,16.076167638856315,18.170770889028297,21.27084030177375,4.921789321649972,6.547163423334172,7.291464587499826,8.470370833218686
2026-06-11,4.658707141751271,5.778926536944681,6.529183990607514,7.440288574985982,3.175355155693218,4.893514883660463,5.829413836288805,6.360958785850984,10.09181087386383,16.653683492382626,18.816664419601672,22.005738086046705,5.052432342026918,6.782361933174547,7.550645105169258,8.763018263644065
2026-06-12,4.645960041426882,5.753431649151292,6.501312259389572,7.4089168732297574,3.167526876486092,4.867192639619026,5.79899167988306,6.328240132433007,10.061040828018436,16.564103235349172,18.7184652654356,21.892547898547665,5.038340839801932,6.745879570245914,7.511240301735372,8.717944216300554
2026-06-13,4.717359611538633,5.8396573181987135,6.598580869563725,7.5188204321359775,3.2144536863206383,4.935862726479754,5.880612261988691,6.416538349785848,10.204419521574085,16.79780230833892,18.98192693522708,22.198015597670874,5.115492428788545,6.841055613262993,7.6169607165257025,8.839586081522393
2026-06-14,4.789810400223749,5.9642111288144894,6.741028985202553,7.676296423996945,3.270223715166295,5.0440298261139205,6.01120512052254,6.554453850634293,10.380355873232652,17.16591820957205,19.403465371790087,22.675134298145334,5.194072331498488,6.990974114876275,7.7861132858492805,9.02958197576758
2026-06-15,4.825429078935501,6.1218791741702425,6.919232747750212,7.866135539206233,3.2957674621746826,5.1822171173131375,6.175889347437163,6.721784367902994,10.472789411131993,17.636199278499756,19.93504674859397,23.254014253319436,5.232434318421586,7.1825002971318,7.999423266367514,9.260100743182369
2026-06-16,4.7779941453131345,6.057292416058921,6.847071774830912,7.787576512848686,3.271659205959819,5.12188635881328,6.104881210660755,6.647783932457788,10.373269025652112,17.43088073328253,19.70584080811583,22.998009733327446,5.180640915503918,7.098882478533709,7.907448797675597,9.158155865192217
2026-06-17,4.735322626947297,5.992669435335719,6.778025748368597,7.705273378248242,3.230013777955222,5.066693714624113,6.042988768928057,6.576877956768434,10.278703050874075,17.243048296008624,19.50605926250929,22.75271049742825,5.13439113158875,7.02238603419065,7.827281584411924,9.06047399349869
2026-06-18,4.642835349234546,5.87962722733984,6.656132453621058,7.566109000513807,3.1785491647653727,4.976053573175603,5.940698618415749,6.464950322389006,10.096326268015083,16.934580402628246,19.175878649213526,22.36549682576869,5.034425107906957,6.8967597186294975,7.694788567795953,8.906279643669682
2026-06-19,4.647828074167392,5.866175036134624,6.632293142873433,7.54896903382994,3.179804309887349,4.969195449010427,5.924077916773323,6.456099649968905,10.09653212812307,16.911240731264485,19.1222289729327,22.334877922908422,5.0402465357230755,6.887254428183526,7.673260327903353,8.894086732714907
2026-06-20,4.670695117712857,5.893447188563752,6.660823317057771,7.582593312078738,3.19774009487817,4.990862089963453,5.947701081053906,6.482931583033857,10.151941872513687,16.984976969807377,19.19848177763662,22.42770300026674,5.064956734131539,6.9172841725111125,7.703858623847522,8.931051084695941
2026-06-21,4.603834242307743,5.774271631673401,6.526821071226743,7.433773174077019,3.1454496724520995,4.893431959173799,5.8321966427299206,6.360464936730621,10.000022986772594,16.653401282521713,18.82564699253571,22.004029614924253,4.992864939002583,6.7822470006781606,7.554249581437943,8.76233792456203
2026-06-22,4.634608443601731,5.789219761130227,6.543717360930032,7.452277667710523,3.1763608550406754,4.91014352029652,5.852114179437873,6.381324092205708,10.074443501769926,16.71027431881934,18.88993846588515,22.076191867115213,5.026628576491276,6.80540905468174,7.58004810171364,8.791074026546994
2026-06-23,4.490064848835867,5.618613037572074,6.351048760843862,7.234328969159474,3.0815296065629605,4.764642457737742,5.678877966927878,6.193824653816192,9.759529692067199,16.215102913139116,18.33075228221928,21.427537525625315,4.869755793854276,6.603746059596105,7.355661019794028,8.532770041511737
2026-06-24,4.369229278573972,5.47000539413816,6.18399148586016,7.046019168243302,3.0024022086610946,4.637934920734247,5.528763816545501,6.03196935169275,9.503005038435733,15.783889916443961,17.846201404257066,20.867599078250212,4.7386437094345135,6.428130700074407,7.1612231729310345,8.309794069441264
2026-06-25,4.291195059492833,5.3631149036827805,6.064436839998739,6.908938865195798,2.943239583473116,4.560331735686194,5.437412473410395,5.930935331371893,9.322672660002468,15.519789589272927,17.55132997870264,20.51807186642382,4.654917093867208,6.32057347368884,7.042898828277396,8.170607038817765
2026-06-26,4.316433178292155,5.42982263296499,6.14036414047743,6.991120116080771,2.9649603313404445,4.617842752449372,5.506430181586117,6.002162736822026,9.378614311175573,15.715511946978854,17.774111049016796,20.76448308863937,4.682171569931085,6.400283158875485,7.132295161260814,8.268731720307585
2026-06-27,4.2792709789197945,5.371699487665237,6.075951306860288,6.920880328281366,2.9444632087944607,4.581538888497881,5.463756344249297,5.957993950904442,9.301998319386648,15.591962090858585,17.63636490519956,20.611681165658357,4.642750236002801,6.349966372118814,7.077021164585501,8.207883679829834
2026-06-28,4.243440074637643,5.339722461917337,6.039535815757338,6.883304116193006,2.9254567540968393,4.554522603663683,5.431274692105524,5.926197823435325,9.23304954876152,15.500019863754899,17.531517940247642,20.50168245684856,4.603829808747925,6.312522075699673,7.034948765086185,8.164080527647053
2026-06-29,4.268908159363387,5.419083436449686,6.129297681000316,6.980352319394214,2.950178807424999,4.62111921181509,5.51069124218299,6.008113296309144,9.298080093184023,15.726662442798236,17.78786525305423,20.785069050276196,4.6311689241478575,6.40482429828263,7.137814370780358,8.276929362081418
2026-06-30,4.199478056801988,5.360121801425482,6.062645377919081,6.892104354580541,2.8895710361750404,4.567844208245107,5.447186602199332,5.92780492572053,9.149723545537174,15.54535614893725,17.58287972050867,20.50724222749891,4.555523823734086,6.330985684363363,7.0555589309515385,8.166294512543185
2026-07-01,4.247687469686677,5.496108093552618,6.2186984744704965,7.06695704465998,2.9313793330651787,4.690713835020511,5.596000090653662,6.08725589331395,9.27673733176609,15.963507911789176,18.06323221425753,21.058862879126526,4.60789588575796,6.501281739284423,7.248312073846639,8.385958212343423
2026-07-02,4.348644119113985,5.652895073920157,6.396775302802644,7.269569813324172,3.025580202226354,4.830156133799029,5.762965907953754,6.26903479881211,9.518426708188578,16.438060041396803,18.602178297330692,21.687727036029816,4.7176328697296785,6.694547349299761,7.4645773222116665,8.636381446081213
2026-07-03,4.504701097348589,5.874392540557658,6.650608744686671,7.557782169292277,3.118076495103826,5.015564875477238,5.987409023706657,6.512995233946033,9.8682300409061,17.069045861209027,19.32665436113694,22.531708206110117,4.886613619229493,6.951521982366663,7.755290996166145,8.972467533203867
2026-07-04,4.540621719310586,5.959361726402567,6.753139426473708,7.673301919907108,3.137082782181426,5.093189838160193,6.086208745319118,6.619460627989521,9.964513028904632,17.33322030235489,19.645568279163953,22.900025256325893,4.925707905735591,7.059109392333046,7.883262976769283,9.119136962115178
2026-07-05,4.558391786755414,5.979124203734775,6.773884927215672,7.697539355060096,3.1551883228469055,5.113802118918602,6.109106004144221,6.644942282049226,9.998867629143135,17.403368326416867,19.71947794616317,22.988179043217958,4.945224244694882,7.0876778041383375,7.91292103161406,9.15424113546869
2026-07-06,4.525927013162869,5.932535044016852,6.721103015345074,7.635162059243146,3.1417484836648706,5.067633334659613,6.053951348066079,6.583061583009199,9.933272177674636,17.246246025053363,19.541445182707548,22.774102753542056,4.909648038871318,7.023688338017641,7.841481047142338,9.06899271394755
2026-07-07,4.434229713034139,5.785061536889888,6.554696436425225,7.443698130965905,3.0877969500801963,4.947854035105588,5.9116287517799115,6.425663370807228,9.733208090938072,16.83861131030618,19.08204452788147,22.22958360956757,4.810676660083652,6.857675445241918,7.6571353401497335,8.85215694207322
2026-07-08,4.345576093621852,5.658401897923486,6.41251976444144,7.279704031995832,3.0208847614700516,4.843159369978627,5.787851237011147,6.2885353006871485,9.534445904042638,16.482312850443076,18.682505221957207,21.755189025842277,4.714762910050743,6.712569702591678,7.496810458049103,8.663245832384312
2026-07-09,4.384714969348875,5.7111342481840515,6.47223341791462,7.34573787114819,3.053745953291737,4.892416068210383,5.846622545703161,6.350516244190395,9.617708971454643,16.649943987107335,18.87221211603191,21.96961211125707,4.757460962159273,6.780838986119642,7.572934971895981,8.748632353222174
2026-07-10,4.438023597772748,5.8252567669237125,6.601303898565806,7.491700944527722,3.1058796581167316,4.971414711921322,5.941212644027995,6.453784954734198,9.738335724362933,16.91879336019954,19.177537863625197,22.326870234319518,4.814007817162464,6.8903303040405355,7.695454368008812,8.890897949812933
2026-07-11,4.406927014370668,5.777460938689105,6.547255660466951,7.431695457440114,3.0880270732745294,4.938395623881036,5.902095274666928,6.412100610699259,9.675096163365287,16.806422302891402,19.05127158147128,22.182663238487077,4.7807820583556255,6.844566183338596,7.64478694555639,8.833472539527504
2026-07-12,4.390637655457459,5.735795425897366,6.501418559221287,7.377477529340076,3.093023822556476,4.904761835180592,5.863268344607478,6.367748589216598,9.650727664257733,16.69195928704626,18.925942803331704,22.029227412035077,4.763323062246613,6.797950093764206,7.594495719433941,8.772372069084808
2026-07-13,4.315996516473815,5.639223050664478,6.391955549119432,7.252364401240745,3.0404754542279337,4.819240134415892,5.761033680066994,6.256034806836303,9.479825849343689,16.40091054802614,18.59594129224778,21.642753561405733,4.682167360775428,6.679417885011025,7.462074571944665,8.61847232719734
2026-07-14,4.454991542361228,5.837921247375615,6.617150724016585,7.508955333428964,3.1641988364127718,4.996003624784949,5.972376690275244,6.486168348610852,9.805523398645436,17.00247471848455,19.278131751220037,22.438900591373876,4.833291353094443,6.92441028755939,7.735820116583606,8.935510135103476
2026-07-15,4.444823520564482,5.8251714131458465,6.603933162372,7.490544266674294,3.1835996956347374,4.986933195572694,5.962726811504953,6.472381906436394,9.805147019077232,16.971606097292586,19.246983073907057,22.39120639214335,4.822365482265249,6.911838764784999,7.723320950810061,8.916517582465943
2026-07-16,4.3665364506888125,5.737888448096012,6.503563118437022,7.375902815212674,3.1235460214630346,4.899876763863319,5.857448603507703,6.358024021246538,9.625560601685402,16.675334338826072,18.90715736137153,21.995585267359484,4.73663715076292,6.791179434528298,7.586957603101418,8.75897525744106
2026-07-17,4.370785488546324,5.750191567897091,6.517374580652624,7.390606782915703,3.114570542538663,4.915430354713644,5.876006391099413,6.376988992242564,9.632381637991626,16.728266553266906,18.96705972399154,22.0611945879978,4.741519196924897,6.812736553493982,7.610994885747202,8.785101882813532
2026-07-18,4.394428078988985,5.789680923437156,6.562580639335674,7.44235754048215,3.1400341905642577,4.95906476838836,5.928648537489948,6.434039474825915,9.691096480680482,16.876763846519406,19.136982400743694,22.258560742956124,4.767716589812686,6.873213407722412,7.679180500310182,8.863696075553726
2026-07-19,4.394481342149155,5.769117554785562,6.5406592311985206,7.416815125086719,3.144387324333194,4.949421607457305,5.918287497979435,6.421728125122043,9.69773609176647,16.84394609612324,19.10353817993818,22.215969626398074,4.768331043318507,6.859848084602083,7.665760191774612,8.846735647741317
2026-07-20,4.409399622358873,5.827602397407861,6.606965632853557,7.495345581040872,3.1770084126919365,4.999797808648444,5.9785250096224125,6.490204655987586,9.748184103850413,17.01538714210577,19.29797780524009,22.452864197483816,4.784356978831025,6.929668987862756,7.743783829349155,8.94107065458659
2026-07-21,4.475126303216175,5.911280431516942,6.701953562944079,7.601751800648509,3.2154067539319366,5.067291734252297,6.059351129515198,6.577123834854183,9.888222684476386,17.2450834854066,19.558875044151726,22.75356111271099,4.855442089589413,7.023214883322191,7.848475203761306,9.060812721389972
2026-07-22,4.458175841620402,5.879222466420776,6.6655040994663315,7.56301368172216,3.204702541024915,5.043644019089003,6.031015861182411,6.548410509946053,9.856459830848149,17.164605225299024,19.467412120017165,22.65422735992621,4.837315086699701,6.990439390257764,7.81177347676969,9.02125651625631
2026-07-23,4.324458049938384,5.73991110288984,6.5070047965501026,7.383835866125319,3.1284284353933813,4.923633845598785,5.886962154270079,6.392676987626744,9.575654127766851,16.756184796897873,19.00242364304627,22.11546721090604,4.692032339725472,6.824106508551094,7.625185519982675,8.806714063413933
2026-07-24,4.313288461303428,5.662093350928415,6.418642334936635,7.283328162699304,3.108081575010838,4.854681338654611,5.80437101997929,6.302998538416921,9.539453033376246,16.52152458763013,18.735829144589218,21.805224599420516,4.6800681415745835,6.728539034166445,7.518207981352456,8.683170755755821
2026-07-25,4.376280809867105,5.704529498610692,6.466142195933107,7.335711196543988,3.1402004244356303,4.89131616131661,5.847576009029323,6.348470976193958,9.66360200925507,16.646200767414445,18.87528978386416,21.96253650624836,4.7486115242968845,6.779314526334863,7.574169961107389,8.74581474012166
2026-07-26,4.460161247145879,5.854202576982035,6.635138726838203,7.529160230945265,3.2322291916529693,5.024686778862163,6.006410439196461,6.522007672039744,9.86459843130414,17.10008966008004,19.387988702600804,22.562886737347903,4.839736902855483,6.964164847821636,7.77990289521614,8.984883296656195
2026-07-27,4.303457834449879,5.601351732614446,6.3485582049796605,7.206452394698067,3.1085917607960405,4.825902077176964,5.768787168353515,6.264303936327767,9.512616927084322,16.423582571883205,18.620968643413104,21.67136061639774,4.670939954244283,6.6886512700232075,7.4721174064427345,8.629864089854143
2026-07-28,4.326036066118268,5.645833543923239,6.398566875254714,7.2653500339087635,3.1257298164952103,4.86566209128522,5.81583580174721,6.3172448477930745,9.57633554315067,16.55889445022703,18.772836115998242,21.854509709319633,4.695459939424883,6.743758245798583,7.533057930381444,8.702796833121774
2026-07-29,4.307427531712035,5.615165399852084,6.363736455973182,7.225427164189899,3.1059274482296786,4.835811769502014,5.780282643608693,6.278637017810307,9.534799157678012,16.457307385930324,18.658074689800475,21.720945914414813,4.675104862890277,6.702386002948882,7.487007111720952,8.649609706676118
2026-07-30,4.347302839115832,5.689659226927256,6.448759338278486,7.323709641748427,3.1409382741022642,4.9026949969550495,5.860686899774773,6.367317647570919,9.630905473999896,16.68492539209417,18.91761020206186,22.027736569332824,4.718436426456237,6.795085476973164,7.591152060133413,8.771778392936477
2026-07-31,4.274460615237671,5.5727453543756855,6.316006996031452,7.1690076318904765,3.0673900845954516,4.798588554949782,5.736190134540982,6.228721904695894,9.463183823329107,16.330628782010717,18.51574923996184,21.548264571442676,4.639285213824965,6.650795005595952,7.429895556920323,8.580845380011025
2026-08-01,4.266613097581,5.577708372035794,6.322740194521605,7.175392260869546,3.050867756757603,4.79030543366565,5.727969292457544,6.217970147509189,9.449485573526845,16.302439539007583,18.48921332553291,21.511068865483743,4.6300191315196235,6.639314683614518,7.419247374653478,8.566033486432508
