cohort,frequency,date,risky_traded_notional
full_common_12,buyhold,2020-08-21,1.0
full_common_12,daily,2020-08-21,1.0
full_common_12,daily,2020-08-22,0.030631628415795725
full_common_12,daily,2020-08-23,0.08823339257210612
full_common_12,daily,2020-08-24,0.023835720564065896
full_common_12,daily,2020-08-25,0.02356325164700794
full_common_12,daily,2020-08-26,0.040726883963966856
full_common_12,daily,2020-08-27,0.02358095994301046
full_common_12,daily,2020-08-28,0.016488548092017552
full_common_12,daily,2020-08-29,0.013366144300659064
full_common_12,daily,2020-08-30,0.023631826455079274
full_common_12,daily,2020-08-31,0.028361843397629163
full_common_12,daily,2020-09-01,0.032078391680865515
full_common_12,daily,2020-09-02,0.03333973365958798
full_common_12,daily,2020-09-03,0.022176289410406183
full_common_12,daily,2020-09-04,0.06603124230779316
full_common_12,daily,2020-09-05,0.05180694630693436
full_common_12,daily,2020-09-06,0.053736768544649996
full_common_12,daily,2020-09-07,0.04360034727902466
full_common_12,daily,2020-09-08,0.015104027740218184
full_common_12,daily,2020-09-09,0.02183248282231398
full_common_12,daily,2020-09-10,0.021929466940557182
full_common_12,daily,2020-09-11,0.015585343359557469
full_common_12,daily,2020-09-12,0.008519747652319026
full_common_12,daily,2020-09-13,0.019403831535064073
full_common_12,daily,2020-09-14,0.020825005538106886
full_common_12,daily,2020-09-15,0.008637850052638882
full_common_12,daily,2020-09-16,0.0308461143607969
full_common_12,daily,2020-09-17,0.015061743378731188
full_common_12,daily,2020-09-18,0.017966138320614083
full_common_12,daily,2020-09-19,0.018187888604218536
full_common_12,daily,2020-09-20,0.0160006401467587
full_common_12,daily,2020-09-21,0.00924533367294593
full_common_12,daily,2020-09-22,0.02158694972637508
full_common_12,daily,2020-09-23,0.008086175975491161
full_common_12,daily,2020-09-24,0.02278440894009358
full_common_12,daily,2020-09-25,0.03715521810001704
full_common_12,daily,2020-09-26,0.03320008151642788
full_common_12,daily,2020-09-27,0.016626033245878677
full_common_12,daily,2020-09-28,0.01803391332898424
full_common_12,daily,2020-09-29,0.008969753091263868
full_common_12,daily,2020-09-30,0.007540238115599715
full_common_12,daily,2020-10-01,0.010078367657249912
full_common_12,daily,2020-10-02,0.0075263830907733725
full_common_12,daily,2020-10-03,0.014563788207397066
full_common_12,daily,2020-10-04,0.010148118836657019
full_common_12,daily,2020-10-05,0.013365198414055743
full_common_12,daily,2020-10-06,0.007612914821326644
full_common_12,daily,2020-10-07,0.02754177628357228
full_common_12,daily,2020-10-08,0.009741221207116957
full_common_12,daily,2020-10-09,0.01657186428563115
full_common_12,daily,2020-10-10,0.017163767789450016
full_common_12,daily,2020-10-11,0.010148399574581163
full_common_12,daily,2020-10-12,0.00928997721433257
full_common_12,daily,2020-10-13,0.013588591620073628
full_common_12,daily,2020-10-14,0.012801253511344868
full_common_12,daily,2020-10-15,0.009980015301112907
full_common_12,daily,2020-10-16,0.007317272461238547
full_common_12,daily,2020-10-17,0.019662970332077576
full_common_12,daily,2020-10-18,0.010794412232082162
full_common_12,daily,2020-10-19,0.009749290154330945
full_common_12,daily,2020-10-20,0.014103875902800711
full_common_12,daily,2020-10-21,0.022365929110130037
full_common_12,daily,2020-10-22,0.022631902361887668
full_common_12,daily,2020-10-23,0.018296607668548362
full_common_12,daily,2020-10-24,0.01167887669643454
full_common_12,daily,2020-10-25,0.013567407745698687
full_common_12,daily,2020-10-26,0.009694508162319329
full_common_12,daily,2020-10-27,0.02393518106643619
full_common_12,daily,2020-10-28,0.011236670555310885
full_common_12,daily,2020-10-29,0.013440200634179902
full_common_12,daily,2020-10-30,0.014975499911822732
full_common_12,daily,2020-10-31,0.010527603416917872
full_common_12,daily,2020-11-01,0.00890429373517454
full_common_12,daily,2020-11-02,0.013893448896103083
full_common_12,daily,2020-11-03,0.013270210493835491
full_common_12,daily,2020-11-04,0.01691329805688603
full_common_12,daily,2020-11-05,0.011931994033071838
full_common_12,daily,2020-11-06,0.018377789670999775
full_common_12,daily,2020-11-07,0.02584844595656008
full_common_12,daily,2020-11-08,0.014013506744129184
full_common_12,daily,2020-11-09,0.015670275371084966
full_common_12,daily,2020-11-10,0.006783954513654003
full_common_12,daily,2020-11-11,0.01372931470208684
full_common_12,daily,2020-11-12,0.009563852039589316
full_common_12,daily,2020-11-13,0.012009859040052487
full_common_12,daily,2020-11-14,0.014957802153796065
full_common_12,daily,2020-11-15,0.006891834498634203
full_common_12,daily,2020-11-16,0.016269387627776924
full_common_12,daily,2020-11-17,0.020641776413960686
full_common_12,daily,2020-11-18,0.01420331585226188
full_common_12,daily,2020-11-19,0.022797829404408
full_common_12,daily,2020-11-20,0.022814425727866794
full_common_12,daily,2020-11-21,0.02622706383996004
full_common_12,daily,2020-11-22,0.06379670897923345
full_common_12,daily,2020-11-23,0.031523970742819235
full_common_12,daily,2020-11-24,0.062101792559073735
full_common_12,daily,2020-11-25,0.0766530105681717
full_common_12,daily,2020-11-26,0.02710702187166758
full_common_12,daily,2020-11-27,0.02044165814778963
full_common_12,daily,2020-11-28,0.0388258670368857
full_common_12,daily,2020-11-29,0.030289712426211812
full_common_12,daily,2020-11-30,0.025830075480067854
full_common_12,daily,2020-12-01,0.022641229760367504
full_common_12,daily,2020-12-02,0.01838253061072305
full_common_12,daily,2020-12-03,0.01343499201671719
full_common_12,daily,2020-12-04,0.01494761790241407
full_common_12,daily,2020-12-05,0.025369597529333626
full_common_12,daily,2020-12-06,0.010748024113513069
full_common_12,daily,2020-12-07,0.013759437016283363
full_common_12,daily,2020-12-08,0.009268668741431063
full_common_12,daily,2020-12-09,0.013940127776017469
full_common_12,daily,2020-12-10,0.02208589625760818
full_common_12,daily,2020-12-11,0.014084246222137234
full_common_12,daily,2020-12-12,0.012828777595430288
full_common_12,daily,2020-12-13,0.017846131654009556
full_common_12,daily,2020-12-14,0.020672219549432935
full_common_12,daily,2020-12-15,0.010920955231587898
full_common_12,daily,2020-12-16,0.022051930246539814
full_common_12,daily,2020-12-17,0.03421648370639546
full_common_12,daily,2020-12-18,0.03246297980948622
full_common_12,daily,2020-12-19,0.014737241358610889
full_common_12,daily,2020-12-20,0.019607509686059107
full_common_12,daily,2020-12-21,0.04489274402714678
full_common_12,daily,2020-12-22,0.02107949353768951
full_common_12,daily,2020-12-23,0.043983663734551356
full_common_12,daily,2020-12-24,0.07143308229175274
full_common_12,daily,2020-12-25,0.0593588119622301
full_common_12,daily,2020-12-26,0.03295235601545586
full_common_12,daily,2020-12-27,0.029182712440992034
full_common_12,daily,2020-12-28,0.03457802009202718
full_common_12,daily,2020-12-29,0.05925976177763273
full_common_12,daily,2020-12-30,0.047968918813162675
full_common_12,daily,2020-12-31,0.030800083250314997
full_common_12,daily,2021-01-01,0.04712410992920171
full_common_12,daily,2021-01-02,0.0476867185387429
full_common_12,daily,2021-01-03,0.11700538502459101
full_common_12,daily,2021-01-04,0.06237282470227129
full_common_12,daily,2021-01-05,0.05578719910661972
full_common_12,daily,2021-01-06,0.0476010328458054
full_common_12,daily,2021-01-07,0.10816983430798598
full_common_12,daily,2021-01-08,0.06785561083463874
full_common_12,daily,2021-01-09,0.02277132544502075
full_common_12,daily,2021-01-10,0.0577236888614209
full_common_12,daily,2021-01-11,0.042726006014953466
full_common_12,daily,2021-01-12,0.04230917425638142
full_common_12,daily,2021-01-13,0.03299183398091092
full_common_12,daily,2021-01-14,0.038919865068035575
full_common_12,daily,2021-01-15,0.05881748048542117
full_common_12,daily,2021-01-16,0.040191589895200136
full_common_12,daily,2021-01-17,0.07034328263468631
full_common_12,daily,2021-01-18,0.039570349647578426
full_common_12,daily,2021-01-19,0.02761370350716537
full_common_12,daily,2021-01-20,0.024552830868498743
full_common_12,daily,2021-01-21,0.022991013945503513
full_common_12,daily,2021-01-22,0.031091471991383665
full_common_12,daily,2021-01-23,0.029648233115109404
full_common_12,daily,2021-01-24,0.03307159933511944
full_common_12,daily,2021-01-25,0.020934974710491272
full_common_12,daily,2021-01-26,0.013181105349052091
full_common_12,daily,2021-01-27,0.009641131849130402
full_common_12,daily,2021-01-28,0.015919338370909822
full_common_12,daily,2021-01-29,0.382107903609328
full_common_12,daily,2021-01-30,0.06565650438541046
full_common_12,daily,2021-01-31,0.10588885123200922
full_common_12,daily,2021-02-01,0.07010064944272965
full_common_12,daily,2021-02-02,0.05364217204840808
full_common_12,daily,2021-02-03,0.03250187953099312
full_common_12,daily,2021-02-04,0.04215052071631602
full_common_12,daily,2021-02-05,0.08801533363872664
full_common_12,daily,2021-02-06,0.04313389668301697
full_common_12,daily,2021-02-07,0.059571518626090655
full_common_12,daily,2021-02-08,0.06440442316822219
full_common_12,daily,2021-02-09,0.04209037879440211
full_common_12,daily,2021-02-10,0.046486658937183956
full_common_12,daily,2021-02-11,0.057728336800303676
full_common_12,daily,2021-02-12,0.0466856596824302
full_common_12,daily,2021-02-13,0.0543282648037971
full_common_12,daily,2021-02-14,0.08042808123647202
full_common_12,daily,2021-02-15,0.03596529625156307
full_common_12,daily,2021-02-16,0.035863998300799754
full_common_12,daily,2021-02-17,0.027608826292255195
full_common_12,daily,2021-02-18,0.03093045081815965
full_common_12,daily,2021-02-19,0.041465591725410006
full_common_12,daily,2021-02-20,0.03612897830458377
full_common_12,daily,2021-02-21,0.05728212670663617
full_common_12,daily,2021-02-22,0.01610560560959222
full_common_12,daily,2021-02-23,0.033799620743529865
full_common_12,daily,2021-02-24,0.03635650381420068
full_common_12,daily,2021-02-25,0.038248917500399576
full_common_12,daily,2021-02-26,0.030067625204112436
full_common_12,daily,2021-02-27,0.03331901980343875
full_common_12,daily,2021-02-28,0.025520539618020546
full_common_12,daily,2021-03-01,0.020280502025534844
full_common_12,daily,2021-03-02,0.022939811340181873
full_common_12,daily,2021-03-03,0.022914477077502188
full_common_12,daily,2021-03-04,0.01793258720600295
full_common_12,daily,2021-03-05,0.03151858147722221
full_common_12,daily,2021-03-06,0.018257959006777263
full_common_12,daily,2021-03-07,0.01701881254182569
full_common_12,daily,2021-03-08,0.012427007995934228
full_common_12,daily,2021-03-09,0.04014631250926533
full_common_12,daily,2021-03-10,0.029005037640349576
full_common_12,daily,2021-03-11,0.018243960192565842
full_common_12,daily,2021-03-12,0.01196356264901735
full_common_12,daily,2021-03-13,0.02418421420074887
full_common_12,daily,2021-03-14,0.02956618156811884
full_common_12,daily,2021-03-15,0.013773087559159097
full_common_12,daily,2021-03-16,0.01892696574790048
full_common_12,daily,2021-03-17,0.02997131052908046
full_common_12,daily,2021-03-18,0.027063142709250157
full_common_12,daily,2021-03-19,0.016468416071491312
full_common_12,daily,2021-03-20,0.024492490990889265
full_common_12,daily,2021-03-21,0.029261633883997495
full_common_12,daily,2021-03-22,0.009610689372987799
full_common_12,daily,2021-03-23,0.023067952905396552
full_common_12,daily,2021-03-24,0.015743587424755234
full_common_12,daily,2021-03-25,0.02400418052297476
full_common_12,daily,2021-03-26,0.01829044605292862
full_common_12,daily,2021-03-27,0.02317388340830219
full_common_12,daily,2021-03-28,0.012732628140505298
full_common_12,daily,2021-03-29,0.009576792175447116
full_common_12,daily,2021-03-30,0.017613124968176352
full_common_12,daily,2021-03-31,0.010775585125020568
full_common_12,daily,2021-04-01,0.06179339657916402
full_common_12,daily,2021-04-02,0.028656427020535072
full_common_12,daily,2021-04-03,0.03156580725237443
full_common_12,daily,2021-04-04,0.04070879881555846
full_common_12,daily,2021-04-05,0.03782570873954323
full_common_12,daily,2021-04-06,0.07634989549877687
full_common_12,daily,2021-04-07,0.05453513826563239
full_common_12,daily,2021-04-08,0.03926947933609254
full_common_12,daily,2021-04-09,0.024934801968990644
full_common_12,daily,2021-04-10,0.014790718198284869
full_common_12,daily,2021-04-11,0.06175564178793139
full_common_12,daily,2021-04-12,0.03567657603709061
full_common_12,daily,2021-04-13,0.03204629705647455
full_common_12,daily,2021-04-14,0.04828557129676844
full_common_12,daily,2021-04-15,0.062473825481852624
full_common_12,daily,2021-04-16,0.10507427670281379
full_common_12,daily,2021-04-17,0.19280062009429616
full_common_12,daily,2021-04-18,0.04131229290842568
full_common_12,daily,2021-04-19,0.046058942601856404
full_common_12,daily,2021-04-20,0.05806954028191212
full_common_12,daily,2021-04-21,0.044693809984790375
full_common_12,daily,2021-04-22,0.019011168046957516
full_common_12,daily,2021-04-23,0.04418055784621018
full_common_12,daily,2021-04-24,0.01435171331420626
full_common_12,daily,2021-04-25,0.036498931290373265
full_common_12,daily,2021-04-26,0.019678453886725303
full_common_12,daily,2021-04-27,0.034581905873585325
full_common_12,daily,2021-04-28,0.014254482727493606
full_common_12,daily,2021-04-29,0.0377914794669047
full_common_12,daily,2021-04-30,0.02130938650385554
full_common_12,daily,2021-05-01,0.031059563616867042
full_common_12,daily,2021-05-02,0.05119776927516484
full_common_12,daily,2021-05-03,0.019015223732457065
full_common_12,daily,2021-05-04,0.052748566525613036
full_common_12,daily,2021-05-05,0.10847934437186489
full_common_12,daily,2021-05-06,0.07213338765490955
full_common_12,daily,2021-05-07,0.07864256907657374
full_common_12,daily,2021-05-08,0.047713160610877256
full_common_12,daily,2021-05-09,0.03626893315635463
full_common_12,daily,2021-05-10,0.043799903326885534
full_common_12,daily,2021-05-11,0.04720874928328139
full_common_12,daily,2021-05-12,0.026448173153851742
full_common_12,daily,2021-05-13,0.04949402225526764
full_common_12,daily,2021-05-14,0.06523691778008908
full_common_12,daily,2021-05-15,0.05042170116614038
full_common_12,daily,2021-05-16,0.05707167900881516
full_common_12,daily,2021-05-17,0.021404506451296296
full_common_12,daily,2021-05-18,0.02980030187859123
full_common_12,daily,2021-05-19,0.032981444278010086
full_common_12,daily,2021-05-20,0.06476155854320487
full_common_12,daily,2021-05-21,0.031079264385824146
full_common_12,daily,2021-05-22,0.022787864702863064
full_common_12,daily,2021-05-23,0.025094833433095556
full_common_12,daily,2021-05-24,0.03387793398384384
full_common_12,daily,2021-05-25,0.05137240346275074
full_common_12,daily,2021-05-26,0.027905218931484052
full_common_12,daily,2021-05-27,0.03984051173001528
full_common_12,daily,2021-05-28,0.017133388526528584
full_common_12,daily,2021-05-29,0.01613460764532469
full_common_12,daily,2021-05-30,0.016838740360367366
full_common_12,daily,2021-05-31,0.022279308242756188
full_common_12,daily,2021-06-01,0.034211600576603135
full_common_12,daily,2021-06-02,0.031051797181956733
full_common_12,daily,2021-06-03,0.0339574989747016
full_common_12,daily,2021-06-04,0.01890938031598277
full_common_12,daily,2021-06-05,0.010608714835641492
full_common_12,daily,2021-06-06,0.010613122341367798
full_common_12,daily,2021-06-07,0.005995756263460522
full_common_12,daily,2021-06-08,0.01699193985857722
full_common_12,daily,2021-06-09,0.011792715672704554
full_common_12,daily,2021-06-10,0.017557302655499596
full_common_12,daily,2021-06-11,0.017549919540357964
full_common_12,daily,2021-06-12,0.02146537660711874
full_common_12,daily,2021-06-13,0.018478152493498295
full_common_12,daily,2021-06-14,0.009953297110932569
full_common_12,daily,2021-06-15,0.006167631924706263
full_common_12,daily,2021-06-16,0.028127455247451888
full_common_12,daily,2021-06-17,0.01259544150218428
full_common_12,daily,2021-06-18,0.013102067868651951
full_common_12,daily,2021-06-19,0.008600022026251042
full_common_12,daily,2021-06-20,0.010147242012281482
full_common_12,daily,2021-06-21,0.01634311417046913
full_common_12,daily,2021-06-22,0.04610270525813853
full_common_12,daily,2021-06-23,0.03512032361455246
full_common_12,daily,2021-06-24,0.027903097307580324
full_common_12,daily,2021-06-25,0.03640082705424047
full_common_12,daily,2021-06-26,0.01272274301965029
full_common_12,daily,2021-06-27,0.008659064672286304
full_common_12,daily,2021-06-28,0.016902158804019476
full_common_12,daily,2021-06-29,0.021140626034172313
full_common_12,daily,2021-06-30,0.040378185349449425
full_common_12,daily,2021-07-01,0.012503385677577875
full_common_12,daily,2021-07-02,0.01256406163329482
full_common_12,daily,2021-07-03,0.012358696135700648
full_common_12,daily,2021-07-04,0.011048517926108253
full_common_12,daily,2021-07-05,0.014539405154303617
full_common_12,daily,2021-07-06,0.005813795439300648
full_common_12,daily,2021-07-07,0.020677420460017554
full_common_12,daily,2021-07-08,0.012015408044076192
full_common_12,daily,2021-07-09,0.01680733798330189
full_common_12,daily,2021-07-10,0.008694813681028368
full_common_12,daily,2021-07-11,0.006486463191843719
full_common_12,daily,2021-07-12,0.0043936044012216485
full_common_12,daily,2021-07-13,0.010197593159587584
full_common_12,daily,2021-07-14,0.01171751851352379
full_common_12,daily,2021-07-15,0.01027254471480911
full_common_12,daily,2021-07-16,0.014558130835780406
full_common_12,daily,2021-07-17,0.016039457096391013
full_common_12,daily,2021-07-18,0.014601884638224025
full_common_12,daily,2021-07-19,0.009497078736787873
full_common_12,daily,2021-07-20,0.015663343538798613
full_common_12,daily,2021-07-21,0.015629519276855047
full_common_12,daily,2021-07-22,0.015267350594235507
full_common_12,daily,2021-07-23,0.026617281246676297
full_common_12,daily,2021-07-24,0.009339657625282716
full_common_12,daily,2021-07-25,0.01340369498079963
full_common_12,daily,2021-07-26,0.0105522122597166
full_common_12,daily,2021-07-27,0.017570247917497284
full_common_12,daily,2021-07-28,0.013343721177284898
full_common_12,daily,2021-07-29,0.022137648564503704
full_common_12,daily,2021-07-30,0.01568971537138264
full_common_12,daily,2021-07-31,0.020808084221684717
full_common_12,daily,2021-08-01,0.015549325427343913
full_common_12,daily,2021-08-02,0.022957167702835124
full_common_12,daily,2021-08-03,0.01820280253081759
full_common_12,daily,2021-08-04,0.020230406801647574
full_common_12,daily,2021-08-05,0.021674958122371815
full_common_12,daily,2021-08-06,0.012900162894987813
full_common_12,daily,2021-08-07,0.012828886806327544
full_common_12,daily,2021-08-08,0.042445996380098924
full_common_12,daily,2021-08-09,0.013417220678260317
full_common_12,daily,2021-08-10,0.013993896042174936
full_common_12,daily,2021-08-11,0.026230732013462862
full_common_12,daily,2021-08-12,0.036336645283854815
full_common_12,daily,2021-08-13,0.01583555184963127
full_common_12,daily,2021-08-14,0.01962885280229118
full_common_12,daily,2021-08-15,0.03826523240721863
full_common_12,daily,2021-08-16,0.03583190276302496
full_common_12,daily,2021-08-17,0.02536836018743037
full_common_12,daily,2021-08-18,0.016730259584679052
full_common_12,daily,2021-08-19,0.02055013047239132
full_common_12,daily,2021-08-20,0.022845524196278638
full_common_12,daily,2021-08-21,0.01268835441364792
full_common_12,daily,2021-08-22,0.009189147759363775
full_common_12,daily,2021-08-23,0.02019185238758041
full_common_12,daily,2021-08-24,0.011149002754435408
full_common_12,daily,2021-08-25,0.017166727028853385
full_common_12,daily,2021-08-26,0.007352303746990779
full_common_12,daily,2021-08-27,0.01342543065778573
full_common_12,daily,2021-08-28,0.02499777909820776
full_common_12,daily,2021-08-29,0.014256063870885433
full_common_12,daily,2021-08-30,0.007100344367613226
full_common_12,daily,2021-08-31,0.012632144562724532
full_common_12,daily,2021-09-01,0.035521437791359634
full_common_12,daily,2021-09-02,0.021528562491134412
full_common_12,daily,2021-09-03,0.016097695450779034
full_common_12,daily,2021-09-04,0.027616696724700476
full_common_12,daily,2021-09-05,0.014813327165486709
full_common_12,daily,2021-09-06,0.02249828921035109
full_common_12,daily,2021-09-07,0.028614323511608558
full_common_12,daily,2021-09-08,0.03516451000962509
full_common_12,daily,2021-09-09,0.021529795827435277
full_common_12,daily,2021-09-10,0.016381424239690134
full_common_12,daily,2021-09-11,0.011792083316904955
full_common_12,daily,2021-09-12,0.022381741824239146
full_common_12,daily,2021-09-13,0.03953682447391049
full_common_12,daily,2021-09-14,0.01658273457089976
full_common_12,daily,2021-09-15,0.030798225226572537
full_common_12,daily,2021-09-16,0.013366807655721888
full_common_12,daily,2021-09-17,0.007440082779417198
full_common_12,daily,2021-09-18,0.02171012133315231
full_common_12,daily,2021-09-19,0.009128139524793438
full_common_12,daily,2021-09-20,0.004563583415584174
full_common_12,daily,2021-09-21,0.017073812764146823
full_common_12,daily,2021-09-22,0.013879392830734527
full_common_12,daily,2021-09-23,0.021948629987147875
full_common_12,daily,2021-09-24,0.015628271442317418
full_common_12,daily,2021-09-25,0.012855437985100956
full_common_12,daily,2021-09-26,0.012660949851630687
full_common_12,daily,2021-09-27,0.018529568413124697
full_common_12,daily,2021-09-28,0.008772773968361333
full_common_12,daily,2021-09-29,0.008660401731776318
full_common_12,daily,2021-09-30,0.011253742780319306
full_common_12,daily,2021-10-01,0.010041414568307594
full_common_12,daily,2021-10-02,0.011999971029108714
full_common_12,daily,2021-10-03,0.017229745517862313
full_common_12,daily,2021-10-04,0.007553594599988708
full_common_12,daily,2021-10-05,0.021105972480632645
full_common_12,daily,2021-10-06,0.011128267879128656
full_common_12,daily,2021-10-07,0.026758642599196594
full_common_12,daily,2021-10-08,0.018342726096461662
full_common_12,daily,2021-10-09,0.010844443444555277
full_common_12,daily,2021-10-10,0.02118626537383536
full_common_12,daily,2021-10-11,0.01569076111951423
full_common_12,daily,2021-10-12,0.01823854478710238
full_common_12,daily,2021-10-13,0.0100580860494357
full_common_12,daily,2021-10-14,0.031266905924621086
full_common_12,daily,2021-10-15,0.015161464800274471
full_common_12,daily,2021-10-16,0.021577203443177817
full_common_12,daily,2021-10-17,0.018763133145183644
full_common_12,daily,2021-10-18,0.014090755857865664
full_common_12,daily,2021-10-19,0.013237096593101572
full_common_12,daily,2021-10-20,0.012122578984788454
full_common_12,daily,2021-10-21,0.015343321313181876
full_common_12,daily,2021-10-22,0.017756121744381764
full_common_12,daily,2021-10-23,0.012691183020217697
full_common_12,daily,2021-10-24,0.017190822249230964
full_common_12,daily,2021-10-25,0.020030693880614153
full_common_12,daily,2021-10-26,0.02164588121609222
full_common_12,daily,2021-10-27,0.0171975555225065
full_common_12,daily,2021-10-28,0.021929728338045254
full_common_12,daily,2021-10-29,0.03336061495790446
full_common_12,daily,2021-10-30,0.014356452344989334
full_common_12,daily,2021-10-31,0.015918088780824458
full_common_12,daily,2021-11-01,0.015011402856075204
full_common_12,daily,2021-11-02,0.03537960504014405
full_common_12,daily,2021-11-03,0.014669819717724908
full_common_12,daily,2021-11-04,0.020447469129749818
full_common_12,daily,2021-11-05,0.009576905419852316
full_common_12,daily,2021-11-06,0.016096291525734344
full_common_12,daily,2021-11-07,0.008542372138761717
full_common_12,daily,2021-11-08,0.008113721616486755
full_common_12,daily,2021-11-09,0.015763178569418806
full_common_12,daily,2021-11-10,0.05570946316016458
full_common_12,daily,2021-11-11,0.026449804608607075
full_common_12,daily,2021-11-12,0.008157253364063963
full_common_12,daily,2021-11-13,0.009300090238140157
full_common_12,daily,2021-11-14,0.011941290021236867
full_common_12,daily,2021-11-15,0.01862400138652459
full_common_12,daily,2021-11-16,0.018188264522820574
full_common_12,daily,2021-11-17,0.01647398770582245
full_common_12,daily,2021-11-18,0.009155984515293092
full_common_12,daily,2021-11-19,0.018137031949286966
full_common_12,daily,2021-11-20,0.013060297229308057
full_common_12,daily,2021-11-21,0.012410649249298453
full_common_12,daily,2021-11-22,0.015238292598556524
full_common_12,daily,2021-11-23,0.013051405975100017
full_common_12,daily,2021-11-24,0.012987859744722843
full_common_12,daily,2021-11-25,0.004392330872457856
full_common_12,daily,2021-11-26,0.022704649240625263
full_common_12,daily,2021-11-27,0.02191358596692665
full_common_12,daily,2021-11-28,0.00626160397381606
full_common_12,daily,2021-11-29,0.011240197455904544
full_common_12,daily,2021-11-30,0.010222943820869176
full_common_12,daily,2021-12-01,0.01416644662220437
full_common_12,daily,2021-12-02,0.009831622113693816
full_common_12,daily,2021-12-03,0.025705919870338073
full_common_12,daily,2021-12-04,0.012576854438821602
full_common_12,daily,2021-12-05,0.02575365946665649
full_common_12,daily,2021-12-06,0.016387910987103793
full_common_12,daily,2021-12-07,0.011259844743780972
full_common_12,daily,2021-12-08,0.024933904334529924
full_common_12,daily,2021-12-09,0.02154375432908688
full_common_12,daily,2021-12-10,0.024065738186955496
full_common_12,daily,2021-12-11,0.021597781156511717
full_common_12,daily,2021-12-12,0.014504912252759739
full_common_12,daily,2021-12-13,0.012690006273551144
full_common_12,daily,2021-12-14,0.01697353533489429
full_common_12,daily,2021-12-15,0.022855543989531907
full_common_12,daily,2021-12-16,0.01816086991455368
full_common_12,daily,2021-12-17,0.013053079893802874
full_common_12,daily,2021-12-18,0.012168904964013946
full_common_12,daily,2021-12-19,0.011164418659141737
full_common_12,daily,2021-12-20,0.010960370418115761
full_common_12,daily,2021-12-21,0.014118173832570857
full_common_12,daily,2021-12-22,0.01272291121745682
full_common_12,daily,2021-12-23,0.016583582777678407
full_common_12,daily,2021-12-24,0.019820446899670108
full_common_12,daily,2021-12-25,0.019774574324542785
full_common_12,daily,2021-12-26,0.01342354394759572
full_common_12,daily,2021-12-27,0.01799091431630742
full_common_12,daily,2021-12-28,0.013936516499213722
full_common_12,daily,2021-12-29,0.014542599343455032
full_common_12,daily,2021-12-30,0.01178773403827088
full_common_12,daily,2021-12-31,0.00599120350023849
full_common_12,daily,2022-01-01,0.009701011567823908
full_common_12,daily,2022-01-02,0.012309054921555096
full_common_12,daily,2022-01-03,0.015812224360400973
full_common_12,daily,2022-01-04,0.019946482776506402
full_common_12,daily,2022-01-05,0.00973181174586854
full_common_12,daily,2022-01-06,0.023446742243465865
full_common_12,daily,2022-01-07,0.010245898836814343
full_common_12,daily,2022-01-08,0.01444355036720077
full_common_12,daily,2022-01-09,0.010390295165240815
full_common_12,daily,2022-01-10,0.014453228263502566
full_common_12,daily,2022-01-11,0.013696648512926624
full_common_12,daily,2022-01-12,0.01984274303086911
full_common_12,daily,2022-01-13,0.018557554542873347
full_common_12,daily,2022-01-14,0.02045490805869886
full_common_12,daily,2022-01-15,0.021822831686177366
full_common_12,daily,2022-01-16,0.010572919772676548
full_common_12,daily,2022-01-17,0.018581160552101295
full_common_12,daily,2022-01-18,0.036751264137709544
full_common_12,daily,2022-01-19,0.024840958287699874
full_common_12,daily,2022-01-20,0.01720527010610652
full_common_12,daily,2022-01-21,0.015156590716818172
full_common_12,daily,2022-01-22,0.016441207470371297
full_common_12,daily,2022-01-23,0.011149946527573798
full_common_12,daily,2022-01-24,0.010268241794104183
full_common_12,daily,2022-01-25,0.013611749629103512
full_common_12,daily,2022-01-26,0.011749140702080413
full_common_12,daily,2022-01-27,0.010122074722881971
full_common_12,daily,2022-01-28,0.010400457473709712
full_common_12,daily,2022-01-29,0.013060888695569428
full_common_12,daily,2022-01-30,0.00809269994348441
full_common_12,daily,2022-01-31,0.02086183996488221
full_common_12,daily,2022-02-01,0.01624105287849112
full_common_12,daily,2022-02-02,0.01532596534017483
full_common_12,daily,2022-02-03,0.011149935209926312
full_common_12,daily,2022-02-04,0.011715294750936162
full_common_12,daily,2022-02-05,0.011777927274079544
full_common_12,daily,2022-02-06,0.014480765271842666
full_common_12,daily,2022-02-07,0.010121829479309966
full_common_12,daily,2022-02-08,0.030616518006184285
full_common_12,daily,2022-02-09,0.01881648425855055
full_common_12,daily,2022-02-10,0.016788430603030785
full_common_12,daily,2022-02-11,0.01845364491507359
full_common_12,daily,2022-02-12,0.013510614486604774
full_common_12,daily,2022-02-13,0.019208087067453014
full_common_12,daily,2022-02-14,0.015552528897020523
full_common_12,daily,2022-02-15,0.011675121283223358
full_common_12,daily,2022-02-16,0.01382611844290764
full_common_12,daily,2022-02-17,0.006140361912814585
full_common_12,daily,2022-02-18,0.010214361142545966
full_common_12,daily,2022-02-19,0.011191274762112832
full_common_12,daily,2022-02-20,0.0107714326781818
full_common_12,daily,2022-02-21,0.009912743873704888
full_common_12,daily,2022-02-22,0.020062261776653115
full_common_12,daily,2022-02-23,0.008306618667209845
full_common_12,daily,2022-02-24,0.00821871912012831
full_common_12,daily,2022-02-25,0.013781263147130282
full_common_12,daily,2022-02-26,0.022199833239742728
full_common_12,daily,2022-02-27,0.015327813516213804
full_common_12,daily,2022-02-28,0.012386304885535562
full_common_12,daily,2022-03-01,0.014880639339094517
full_common_12,daily,2022-03-02,0.00902664684026347
full_common_12,daily,2022-03-03,0.007420202844301643
full_common_12,daily,2022-03-04,0.013425398458700999
full_common_12,daily,2022-03-05,0.014029273774938136
full_common_12,daily,2022-03-06,0.01061186517716739
full_common_12,daily,2022-03-07,0.007633283162544968
full_common_12,daily,2022-03-08,0.010630998107479653
full_common_12,daily,2022-03-09,0.010353115386792691
full_common_12,daily,2022-03-10,0.014919456812824458
full_common_12,daily,2022-03-11,0.009696347868142635
full_common_12,daily,2022-03-12,0.024483394262809363
full_common_12,daily,2022-03-13,0.008519873827447857
full_common_12,daily,2022-03-14,0.01082545303225027
full_common_12,daily,2022-03-15,0.009640434392402975
full_common_12,daily,2022-03-16,0.009139442332013845
full_common_12,daily,2022-03-17,0.012436475210426887
full_common_12,daily,2022-03-18,0.006231954735699985
full_common_12,daily,2022-03-19,0.00958485346174992
full_common_12,daily,2022-03-20,0.03354785267597819
full_common_12,daily,2022-03-21,0.024070775414695794
full_common_12,daily,2022-03-22,0.013963282803133026
full_common_12,daily,2022-03-23,0.03780611093191809
full_common_12,daily,2022-03-24,0.02712407470385722
full_common_12,daily,2022-03-25,0.012594002476350619
full_common_12,daily,2022-03-26,0.012287744350771776
full_common_12,daily,2022-03-27,0.013005742342558399
full_common_12,daily,2022-03-28,0.013784740769263185
full_common_12,daily,2022-03-29,0.010848130555215885
full_common_12,daily,2022-03-30,0.00834126245278552
full_common_12,daily,2022-03-31,0.010605836078066005
full_common_12,daily,2022-04-01,0.017701643699224334
full_common_12,daily,2022-04-02,0.011353620267709003
full_common_12,daily,2022-04-03,0.011127059298729008
full_common_12,daily,2022-04-04,0.009538827120033622
full_common_12,daily,2022-04-05,0.016573111485830516
full_common_12,daily,2022-04-06,0.0299993829901381
full_common_12,daily,2022-04-07,0.023438842094995513
full_common_12,daily,2022-04-08,0.018985818024324183
full_common_12,daily,2022-04-09,0.013215910971823286
full_common_12,daily,2022-04-10,0.005013516693115394
full_common_12,daily,2022-04-11,0.009927403641771651
full_common_12,daily,2022-04-12,0.014270628236598915
full_common_12,daily,2022-04-13,0.006381160864538493
full_common_12,daily,2022-04-14,0.018515274026522824
full_common_12,daily,2022-04-15,0.015426130600599913
full_common_12,daily,2022-04-16,0.015190532035915097
full_common_12,daily,2022-04-17,0.009345185288756053
full_common_12,daily,2022-04-18,0.008307201770733297
full_common_12,daily,2022-04-19,0.00603088414542069
full_common_12,daily,2022-04-20,0.008181114779831203
full_common_12,daily,2022-04-21,0.008694352389184035
full_common_12,daily,2022-04-22,0.027115338074238104
full_common_12,daily,2022-04-23,0.014599058842739862
full_common_12,daily,2022-04-24,0.011888122365484421
full_common_12,daily,2022-04-25,0.008797605152962726
full_common_12,daily,2022-04-26,0.0287750632664866
full_common_12,daily,2022-04-27,0.015938320095237143
full_common_12,daily,2022-04-28,0.005720466756858736
full_common_12,daily,2022-04-29,0.009534592403325798
full_common_12,daily,2022-04-30,0.013316616489144326
full_common_12,daily,2022-05-01,0.023772227213450584
full_common_12,daily,2022-05-02,0.018841290644434378
full_common_12,daily,2022-05-03,0.011658540299577053
full_common_12,daily,2022-05-04,0.011350276477633536
full_common_12,daily,2022-05-05,0.034460257551261114
full_common_12,daily,2022-05-06,0.020563358124545045
full_common_12,daily,2022-05-07,0.025071155743704318
full_common_12,daily,2022-05-08,0.00986203221180229
full_common_12,daily,2022-05-09,0.016073044029865355
full_common_12,daily,2022-05-10,0.027856146670391352
full_common_12,daily,2022-05-11,0.00654347168892698
full_common_12,daily,2022-05-12,0.05080707870288624
full_common_12,daily,2022-05-13,0.023905616333630544
full_common_12,daily,2022-05-14,0.03186303034062195
full_common_12,daily,2022-05-15,0.016941543923407534
full_common_12,daily,2022-05-16,0.017477303796245083
full_common_12,daily,2022-05-17,0.011143856640386682
full_common_12,daily,2022-05-18,0.009444901183406726
full_common_12,daily,2022-05-19,0.02421168473445265
full_common_12,daily,2022-05-20,0.012187228427945437
full_common_12,daily,2022-05-21,0.0059112977541940365
full_common_12,daily,2022-05-22,0.009698375111922966
full_common_12,daily,2022-05-23,0.0081116731751021
full_common_12,daily,2022-05-24,0.013263058445562428
full_common_12,daily,2022-05-25,0.01811757840788722
full_common_12,daily,2022-05-26,0.015008784331246791
full_common_12,daily,2022-05-27,0.015904485089221723
full_common_12,daily,2022-05-28,0.021340857367003863
full_common_12,daily,2022-05-29,0.011602613003040066
full_common_12,daily,2022-05-30,0.013329128812069074
full_common_12,daily,2022-05-31,0.025850030949541025
full_common_12,daily,2022-06-01,0.027006246931940037
full_common_12,daily,2022-06-02,0.020339000385979883
full_common_12,daily,2022-06-03,0.013707419363661905
full_common_12,daily,2022-06-04,0.011838847703317015
full_common_12,daily,2022-06-05,0.014982113750191359
full_common_12,daily,2022-06-06,0.011670554623979992
full_common_12,daily,2022-06-07,0.014405783990318485
full_common_12,daily,2022-06-08,0.023687464604490185
full_common_12,daily,2022-06-09,0.013217896756270053
full_common_12,daily,2022-06-10,0.014150072952289178
full_common_12,daily,2022-06-11,0.02091820200322196
full_common_12,daily,2022-06-12,0.021439636811924512
full_common_12,daily,2022-06-13,0.02264933646255239
full_common_12,daily,2022-06-14,0.03980160757907297
full_common_12,daily,2022-06-15,0.0409366821101597
full_common_12,daily,2022-06-16,0.0339665667716431
full_common_12,daily,2022-06-17,0.024656492935317617
full_common_12,daily,2022-06-18,0.01858504561055116
full_common_12,daily,2022-06-19,0.022999334448309067
full_common_12,daily,2022-06-20,0.0350719998015977
full_common_12,daily,2022-06-21,0.024218957982310593
full_common_12,daily,2022-06-22,0.023458391585732874
full_common_12,daily,2022-06-23,0.014503703184155364
full_common_12,daily,2022-06-24,0.013118846252383187
full_common_12,daily,2022-06-25,0.023790166790297565
full_common_12,daily,2022-06-26,0.012595706609025273
full_common_12,daily,2022-06-27,0.023609947457190264
full_common_12,daily,2022-06-28,0.008050708494198852
full_common_12,daily,2022-06-29,0.01782373253447242
full_common_12,daily,2022-06-30,0.019793898623957168
full_common_12,daily,2022-07-01,0.015259958478533522
full_common_12,daily,2022-07-02,0.013821247047210647
full_common_12,daily,2022-07-03,0.012000437487775586
full_common_12,daily,2022-07-04,0.006570038593472022
full_common_12,daily,2022-07-05,0.01151450212164222
full_common_12,daily,2022-07-06,0.014330724040451617
full_common_12,daily,2022-07-07,0.00842950063431902
full_common_12,daily,2022-07-08,0.009129509560835997
full_common_12,daily,2022-07-09,0.01132242506641011
full_common_12,daily,2022-07-10,0.012320724644080294
full_common_12,daily,2022-07-11,0.007634218450336475
full_common_12,daily,2022-07-12,0.013662580163092075
full_common_12,daily,2022-07-13,0.01236574817602104
full_common_12,daily,2022-07-14,0.008950070127381138
full_common_12,daily,2022-07-15,0.01325398762358769
full_common_12,daily,2022-07-16,0.008118410624086816
full_common_12,daily,2022-07-17,0.025530044862220866
full_common_12,daily,2022-07-18,0.025526583212871504
full_common_12,daily,2022-07-19,0.04407815692760321
full_common_12,daily,2022-07-20,0.01859271973094688
full_common_12,daily,2022-07-21,0.022431044974270883
full_common_12,daily,2022-07-22,0.018370391224431765
full_common_12,daily,2022-07-23,0.009179227424416195
full_common_12,daily,2022-07-24,0.012675565237095926
full_common_12,daily,2022-07-25,0.0189669743664434
full_common_12,daily,2022-07-26,0.01522109475241358
full_common_12,daily,2022-07-27,0.014893326065957821
full_common_12,daily,2022-07-28,0.03971234073895692
full_common_12,daily,2022-07-29,0.05104705181363378
full_common_12,daily,2022-07-30,0.022793080264971538
full_common_12,daily,2022-07-31,0.01769469027952207
full_common_12,daily,2022-08-01,0.015349025709022454
full_common_12,daily,2022-08-02,0.014805494172744807
full_common_12,daily,2022-08-03,0.014783274830591706
full_common_12,daily,2022-08-04,0.007215051171808581
full_common_12,daily,2022-08-05,0.0121743258750477
full_common_12,daily,2022-08-06,0.021851440791259114
full_common_12,daily,2022-08-07,0.010552607173942408
full_common_12,daily,2022-08-08,0.012992968821228912
full_common_12,daily,2022-08-09,0.015514528156818128
full_common_12,daily,2022-08-10,0.016407120629177832
full_common_12,daily,2022-08-11,0.0143959740883194
full_common_12,daily,2022-08-12,0.016355685576868242
full_common_12,daily,2022-08-13,0.010985975670451925
full_common_12,daily,2022-08-14,0.010847879177268621
full_common_12,daily,2022-08-15,0.026843397585816844
full_common_12,daily,2022-08-16,0.013040613867505366
full_common_12,daily,2022-08-17,0.02417532570898759
full_common_12,daily,2022-08-18,0.019421876798426718
full_common_12,daily,2022-08-19,0.017982446443335756
full_common_12,daily,2022-08-20,0.021761055886599462
full_common_12,daily,2022-08-21,0.010212676062920284
full_common_12,daily,2022-08-22,0.008098535296733003
full_common_12,daily,2022-08-23,0.011515827870588163
full_common_12,daily,2022-08-24,0.01594996708602897
full_common_12,daily,2022-08-25,0.008163249852093907
full_common_12,daily,2022-08-26,0.009468228613903215
full_common_12,daily,2022-08-27,0.01895948595413384
full_common_12,daily,2022-08-28,0.014728375322734105
full_common_12,daily,2022-08-29,0.013265886959417134
full_common_12,daily,2022-08-30,0.01694817255848252
full_common_12,daily,2022-08-31,0.014883349050853353
full_common_12,daily,2022-09-01,0.008976696380853647
full_common_12,daily,2022-09-02,0.012083847308459073
full_common_12,daily,2022-09-03,0.013032821453236504
full_common_12,daily,2022-09-04,0.013981616724453569
full_common_12,daily,2022-09-05,0.010219148280030343
full_common_12,daily,2022-09-06,0.03931895837934442
full_common_12,daily,2022-09-07,0.027538304401496752
full_common_12,daily,2022-09-08,0.01250753930329647
full_common_12,daily,2022-09-09,0.016878137912182012
full_common_12,daily,2022-09-10,0.013635280553547499
full_common_12,daily,2022-09-11,0.00995180719513894
full_common_12,daily,2022-09-12,0.007361955550638427
full_common_12,daily,2022-09-13,0.01187355821812415
full_common_12,daily,2022-09-14,0.013146628412193634
full_common_12,daily,2022-09-15,0.01674734123512553
full_common_12,daily,2022-09-16,0.02477984913657122
full_common_12,daily,2022-09-17,0.024328958525038705
full_common_12,daily,2022-09-18,0.013397693364314914
full_common_12,daily,2022-09-19,0.023900692060434853
full_common_12,daily,2022-09-20,0.020713442631600798
full_common_12,daily,2022-09-21,0.027200657429301944
full_common_12,daily,2022-09-22,0.014581789162549041
full_common_12,daily,2022-09-23,0.031502454109654715
full_common_12,daily,2022-09-24,0.019563097341895402
full_common_12,daily,2022-09-25,0.013254657838301487
full_common_12,daily,2022-09-26,0.012172671650484898
full_common_12,daily,2022-09-27,0.01977790754788815
full_common_12,daily,2022-09-28,0.010528893158148672
full_common_12,daily,2022-09-29,0.010898027883801287
full_common_12,daily,2022-09-30,0.018055528936162274
full_common_12,daily,2022-10-01,0.01060917031875265
full_common_12,daily,2022-10-02,0.011191024884611975
full_common_12,daily,2022-10-03,0.008567179887194118
full_common_12,daily,2022-10-04,0.011117764695627821
full_common_12,daily,2022-10-05,0.015388330134079573
full_common_12,daily,2022-10-06,0.010074815812553775
full_common_12,daily,2022-10-07,0.012055590594594323
full_common_12,daily,2022-10-08,0.013782914978712535
full_common_12,daily,2022-10-09,0.008421040026889426
full_common_12,daily,2022-10-10,0.01018262567788382
full_common_12,daily,2022-10-11,0.02003857575073384
full_common_12,daily,2022-10-12,0.013122545177192135
full_common_12,daily,2022-10-13,0.00576544374591946
full_common_12,daily,2022-10-14,0.010004666845290291
full_common_12,daily,2022-10-15,0.015424378846716116
full_common_12,daily,2022-10-16,0.008599794501304367
full_common_12,daily,2022-10-17,0.009124142081772896
full_common_12,daily,2022-10-18,0.006555796850901435
full_common_12,daily,2022-10-19,0.007299250059867229
full_common_12,daily,2022-10-20,0.011336936368571846
full_common_12,daily,2022-10-21,0.012851843078931696
full_common_12,daily,2022-10-22,0.009810476594573472
full_common_12,daily,2022-10-23,0.008021092050985668
full_common_12,daily,2022-10-24,0.009368161306315168
full_common_12,daily,2022-10-25,0.007942921576611126
full_common_12,daily,2022-10-26,0.028166463477183712
full_common_12,daily,2022-10-27,0.027104117401654818
full_common_12,daily,2022-10-28,0.01483108157841971
full_common_12,daily,2022-10-29,0.012498806409410243
full_common_12,daily,2022-10-30,0.0633290171613918
full_common_12,daily,2022-10-31,0.012385570749607902
full_common_12,daily,2022-11-01,0.014683134386195312
full_common_12,daily,2022-11-02,0.020096579392757927
full_common_12,daily,2022-11-03,0.02603884374448187
full_common_12,daily,2022-11-04,0.014905394405403158
full_common_12,daily,2022-11-05,0.021275095768399394
full_common_12,daily,2022-11-06,0.013260774134437284
full_common_12,daily,2022-11-07,0.017967851894855266
full_common_12,daily,2022-11-08,0.020652463426962697
full_common_12,daily,2022-11-09,0.030960079880678032
full_common_12,daily,2022-11-10,0.02536336682200825
full_common_12,daily,2022-11-11,0.028076421777522217
full_common_12,daily,2022-11-12,0.013921281731993113
full_common_12,daily,2022-11-13,0.02669508921619769
full_common_12,daily,2022-11-14,0.013521035583539676
full_common_12,daily,2022-11-15,0.019695946288556948
full_common_12,daily,2022-11-16,0.006337562914790748
full_common_12,daily,2022-11-17,0.011443197486432313
full_common_12,daily,2022-11-18,0.017067384172504044
full_common_12,daily,2022-11-19,0.005744037960382142
full_common_12,daily,2022-11-20,0.007725877522358385
full_common_12,daily,2022-11-21,0.018482175262212422
full_common_12,daily,2022-11-22,0.015843928462219062
full_common_12,daily,2022-11-23,0.02812699414452062
full_common_12,daily,2022-11-24,0.02334854560781885
full_common_12,daily,2022-11-25,0.01362949114322562
full_common_12,daily,2022-11-26,0.020188362351539535
full_common_12,daily,2022-11-27,0.014257225547123178
full_common_12,daily,2022-11-28,0.020721039468930946
full_common_12,daily,2022-11-29,0.013001321801689614
full_common_12,daily,2022-11-30,0.013074491274472522
full_common_12,daily,2022-12-01,0.011640535770264318
full_common_12,daily,2022-12-02,0.010226372165375558
full_common_12,daily,2022-12-03,0.008111517213481204
full_common_12,daily,2022-12-04,0.009374310809528275
full_common_12,daily,2022-12-05,0.009245341149923023
full_common_12,daily,2022-12-06,0.010822086837086548
full_common_12,daily,2022-12-07,0.008284995903240222
full_common_12,daily,2022-12-08,0.009337373417632092
full_common_12,daily,2022-12-09,0.005002028762732369
full_common_12,daily,2022-12-10,0.007740777453956085
full_common_12,daily,2022-12-11,0.002435206002489629
full_common_12,daily,2022-12-12,0.008067022844897465
full_common_12,daily,2022-12-13,0.008441682223196384
full_common_12,daily,2022-12-14,0.010215831338204098
full_common_12,daily,2022-12-15,0.010364675884541166
full_common_12,daily,2022-12-16,0.012567543929383015
full_common_12,daily,2022-12-17,0.022043031919888822
full_common_12,daily,2022-12-18,0.010622190948708018
full_common_12,daily,2022-12-19,0.0056787745171285875
full_common_12,daily,2022-12-20,0.016763659673770845
full_common_12,daily,2022-12-21,0.006901135461104435
full_common_12,daily,2022-12-22,0.010303182988406323
full_common_12,daily,2022-12-23,0.006978478009495415
full_common_12,daily,2022-12-24,0.00789287021502559
full_common_12,daily,2022-12-25,0.00438126469061198
full_common_12,daily,2022-12-26,0.011976662070968397
full_common_12,daily,2022-12-27,0.011424341469311122
full_common_12,daily,2022-12-28,0.007280813770566802
full_common_12,daily,2022-12-29,0.012174235548289253
full_common_12,daily,2022-12-30,0.01333367062666485
full_common_12,daily,2022-12-31,0.012461469456494276
full_common_12,daily,2023-01-01,0.011013147889082156
full_common_12,daily,2023-01-02,0.0055570966645650255
full_common_12,daily,2023-01-03,0.009499927001313122
full_common_12,daily,2023-01-04,0.006872606477850041
full_common_12,daily,2023-01-05,0.03162660899222072
full_common_12,daily,2023-01-06,0.012131013552197742
full_common_12,daily,2023-01-07,0.01940545337504694
full_common_12,daily,2023-01-08,0.006523935865936095
full_common_12,daily,2023-01-09,0.010188561133582824
full_common_12,daily,2023-01-10,0.014669375301141221
full_common_12,daily,2023-01-11,0.007095517652486949
full_common_12,daily,2023-01-12,0.012924634045272637
full_common_12,daily,2023-01-13,0.015183775069014277
full_common_12,daily,2023-01-14,0.01004485137254578
full_common_12,daily,2023-01-15,0.01860838837392309
full_common_12,daily,2023-01-16,0.008604428422908997
full_common_12,daily,2023-01-17,0.011708632406643077
full_common_12,daily,2023-01-18,0.010820307243694954
full_common_12,daily,2023-01-19,0.01318460648471552
full_common_12,daily,2023-01-20,0.005502990725134577
full_common_12,daily,2023-01-21,0.010690144117662712
full_common_12,daily,2023-01-22,0.01368474116876131
full_common_12,daily,2023-01-23,0.013119911452482577
full_common_12,daily,2023-01-24,0.018094804386479646
full_common_12,daily,2023-01-25,0.009975295831915434
full_common_12,daily,2023-01-26,0.005691287174336188
full_common_12,daily,2023-01-27,0.011795181089823109
full_common_12,daily,2023-01-28,0.008683142517870904
full_common_12,daily,2023-01-29,0.009428143581575218
full_common_12,daily,2023-01-30,0.010661541009639341
full_common_12,daily,2023-01-31,0.011730748485174733
full_common_12,daily,2023-02-01,0.01706566766457783
full_common_12,daily,2023-02-02,0.012830943727709043
full_common_12,daily,2023-02-03,0.009988996295968125
full_common_12,daily,2023-02-04,0.013118406530293142
full_common_12,daily,2023-02-05,0.010504311987339518
full_common_12,daily,2023-02-06,0.009371957890637009
full_common_12,daily,2023-02-07,0.007269583019386447
full_common_12,daily,2023-02-08,0.009510132040751226
full_common_12,daily,2023-02-09,0.00861152365753616
full_common_12,daily,2023-02-10,0.01767763688753117
full_common_12,daily,2023-02-11,0.008763049389685404
full_common_12,daily,2023-02-12,0.006144378528094768
full_common_12,daily,2023-02-13,0.006627308996002557
full_common_12,daily,2023-02-14,0.009764136562251002
full_common_12,daily,2023-02-15,0.012077596803831178
full_common_12,daily,2023-02-16,0.009504231348548275
full_common_12,daily,2023-02-17,0.010179838465008695
full_common_12,daily,2023-02-18,0.02199501282849914
full_common_12,daily,2023-02-19,0.010637227584594275
full_common_12,daily,2023-02-20,0.01049305742550817
full_common_12,daily,2023-02-21,0.014418240756808504
full_common_12,daily,2023-02-22,0.012330320140839998
full_common_12,daily,2023-02-23,0.010464340398767202
full_common_12,daily,2023-02-24,0.010262119576105636
full_common_12,daily,2023-02-25,0.012052650203194237
full_common_12,daily,2023-02-26,0.006270626622735476
full_common_12,daily,2023-02-27,0.005135627977312832
full_common_12,daily,2023-02-28,0.005921834310844032
full_common_12,daily,2023-03-01,0.009224269173186098
full_common_12,daily,2023-03-02,0.009046629899400985
full_common_12,daily,2023-03-03,0.00877064534894774
full_common_12,daily,2023-03-04,0.012015425818818856
full_common_12,daily,2023-03-05,0.006744541246802849
full_common_12,daily,2023-03-06,0.007439648743288341
full_common_12,daily,2023-03-07,0.0088231790887532
full_common_12,daily,2023-03-08,0.00876751498135725
full_common_12,daily,2023-03-09,0.017009642743758505
full_common_12,daily,2023-03-10,0.014525338037983351
full_common_12,daily,2023-03-11,0.017997527979543015
full_common_12,daily,2023-03-12,0.018775324565351623
full_common_12,daily,2023-03-13,0.014505615326597207
full_common_12,daily,2023-03-14,0.016512701361401427
full_common_12,daily,2023-03-15,0.011560977426004718
full_common_12,daily,2023-03-16,0.01940729548948332
full_common_12,daily,2023-03-17,0.010027051883487431
full_common_12,daily,2023-03-18,0.016328814947074194
full_common_12,daily,2023-03-19,0.013084943131553783
full_common_12,daily,2023-03-20,0.006675038385823118
full_common_12,daily,2023-03-21,0.017854289911079096
full_common_12,daily,2023-03-22,0.04036734498249399
full_common_12,daily,2023-03-23,0.027356352413356655
full_common_12,daily,2023-03-24,0.014577112051222238
full_common_12,daily,2023-03-25,0.00903814766171715
full_common_12,daily,2023-03-26,0.015005520600963412
full_common_12,daily,2023-03-27,0.006425585282069893
full_common_12,daily,2023-03-28,0.021850135175725205
full_common_12,daily,2023-03-29,0.019894224017882073
full_common_12,daily,2023-03-30,0.013829195062275465
full_common_12,daily,2023-03-31,0.012710621326917582
full_common_12,daily,2023-04-01,0.015340608610083128
full_common_12,daily,2023-04-02,0.02709294390200509
full_common_12,daily,2023-04-03,0.013400008645121017
full_common_12,daily,2023-04-04,0.0349201977867991
full_common_12,daily,2023-04-05,0.010854356774994217
full_common_12,daily,2023-04-06,0.007170230622676688
full_common_12,daily,2023-04-07,0.011248250439608046
full_common_12,daily,2023-04-08,0.009606643084138347
full_common_12,daily,2023-04-09,0.0058724301919210325
full_common_12,daily,2023-04-10,0.004151886041890471
full_common_12,daily,2023-04-11,0.007684813229406562
full_common_12,daily,2023-04-12,0.011084892879671626
full_common_12,daily,2023-04-13,0.01046490779810487
full_common_12,daily,2023-04-14,0.013146461980347135
full_common_12,daily,2023-04-15,0.010090607522333622
full_common_12,daily,2023-04-16,0.011094859816672867
full_common_12,daily,2023-04-17,0.007203899158613511
full_common_12,daily,2023-04-18,0.01016549448697801
full_common_12,daily,2023-04-19,0.010542350939186998
full_common_12,daily,2023-04-20,0.017560420860727427
full_common_12,daily,2023-04-21,0.012706184891956171
full_common_12,daily,2023-04-22,0.012497279744922665
full_common_12,daily,2023-04-23,0.009746292514650548
full_common_12,daily,2023-04-24,0.00728560829547141
full_common_12,daily,2023-04-25,0.0058993618358852695
full_common_12,daily,2023-04-26,0.007443678530168835
full_common_12,daily,2023-04-27,0.011526546580382185
full_common_12,daily,2023-04-28,0.007605890215477959
full_common_12,daily,2023-04-29,0.008815044764000746
full_common_12,daily,2023-04-30,0.007723639638259214
full_common_12,daily,2023-05-01,0.00562284197482768
full_common_12,daily,2023-05-02,0.010252342609473816
full_common_12,daily,2023-05-03,0.005954975382722508
full_common_12,daily,2023-05-04,0.00568751865600832
full_common_12,daily,2023-05-05,0.0071853788996387585
full_common_12,daily,2023-05-06,0.00947064173596704
full_common_12,daily,2023-05-07,0.011662742404145207
full_common_12,daily,2023-05-08,0.0051932778724915335
full_common_12,daily,2023-05-09,0.014916170950857177
full_common_12,daily,2023-05-10,0.01863074225420773
full_common_12,daily,2023-05-11,0.010623149748599015
full_common_12,daily,2023-05-12,0.00926292173210301
full_common_12,daily,2023-05-13,0.011180894156732527
full_common_12,daily,2023-05-14,0.005923292938762037
full_common_12,daily,2023-05-15,0.008204986105880524
full_common_12,daily,2023-05-16,0.009046085212456256
full_common_12,daily,2023-05-17,0.009001351396247192
full_common_12,daily,2023-05-18,0.008272724396124975
full_common_12,daily,2023-05-19,0.010764088626552315
full_common_12,daily,2023-05-20,0.005439472475790089
full_common_12,daily,2023-05-21,0.005814167568666859
full_common_12,daily,2023-05-22,0.010354891943563857
full_common_12,daily,2023-05-23,0.009285362116431689
full_common_12,daily,2023-05-24,0.00513589551202677
full_common_12,daily,2023-05-25,0.006800611095660339
full_common_12,daily,2023-05-26,0.004818454560040361
full_common_12,daily,2023-05-27,0.0073807125483816155
full_common_12,daily,2023-05-28,0.006084105748361587
full_common_12,daily,2023-05-29,0.011477641056599791
full_common_12,daily,2023-05-30,0.007677180663369032
full_common_12,daily,2023-05-31,0.012114676798039029
full_common_12,daily,2023-06-01,0.007069692212402293
full_common_12,daily,2023-06-02,0.011198157817800924
full_common_12,daily,2023-06-03,0.016013557379637097
full_common_12,daily,2023-06-04,0.005395592060738252
full_common_12,daily,2023-06-05,0.007508457064412097
full_common_12,daily,2023-06-06,0.012527541061760392
full_common_12,daily,2023-06-07,0.013649115169167059
full_common_12,daily,2023-06-08,0.013760449204718764
full_common_12,daily,2023-06-09,0.004112615338046799
full_common_12,daily,2023-06-10,0.02345673666610909
full_common_12,daily,2023-06-11,0.0326197546783973
full_common_12,daily,2023-06-12,0.008053496618554604
full_common_12,daily,2023-06-13,0.004936595346311523
full_common_12,daily,2023-06-14,0.00969035476384926
full_common_12,daily,2023-06-15,0.015713494103488282
full_common_12,daily,2023-06-16,0.016920449549709823
full_common_12,daily,2023-06-17,0.010606434337431692
full_common_12,daily,2023-06-18,0.008402362032926672
full_common_12,daily,2023-06-19,0.008984188219319886
full_common_12,daily,2023-06-20,0.006091227946750599
full_common_12,daily,2023-06-21,0.010100495059193346
full_common_12,daily,2023-06-22,0.02731664800652117
full_common_12,daily,2023-06-23,0.006361899058419052
full_common_12,daily,2023-06-24,0.057121709118950814
full_common_12,daily,2023-06-25,0.03165529285864091
full_common_12,daily,2023-06-26,0.022969900766663887
full_common_12,daily,2023-06-27,0.028909768307810946
full_common_12,daily,2023-06-28,0.015295612024034302
full_common_12,daily,2023-06-29,0.017091586343610188
full_common_12,daily,2023-06-30,0.016689261556192603
full_common_12,daily,2023-07-01,0.06104254418512045
full_common_12,daily,2023-07-02,0.01862904861762399
full_common_12,daily,2023-07-03,0.016876645742405383
full_common_12,daily,2023-07-04,0.019445649770181053
full_common_12,daily,2023-07-05,0.010649506941557432
full_common_12,daily,2023-07-06,0.00990750039305649
full_common_12,daily,2023-07-07,0.015842260378638506
full_common_12,daily,2023-07-08,0.005284476407435262
full_common_12,daily,2023-07-09,0.009727054423207107
full_common_12,daily,2023-07-10,0.00951416139915992
full_common_12,daily,2023-07-11,0.006828976536051662
full_common_12,daily,2023-07-12,0.006240263247421621
full_common_12,daily,2023-07-13,0.009105520263012493
full_common_12,daily,2023-07-14,0.14780300348561887
full_common_12,daily,2023-07-15,0.031952731727129424
full_common_12,daily,2023-07-16,0.015147220547492207
full_common_12,daily,2023-07-17,0.019437334126032893
full_common_12,daily,2023-07-18,0.016836233441714143
full_common_12,daily,2023-07-19,0.017953449843796404
full_common_12,daily,2023-07-20,0.03236454301544815
full_common_12,daily,2023-07-21,0.0367672079837571
full_common_12,daily,2023-07-22,0.016618056497307743
full_common_12,daily,2023-07-23,0.01640882724847434
full_common_12,daily,2023-07-24,0.00829400692384509
full_common_12,daily,2023-07-25,0.015332969208324096
full_common_12,daily,2023-07-26,0.016303246760176623
full_common_12,daily,2023-07-27,0.016158685821852523
full_common_12,daily,2023-07-28,0.008357488000309693
full_common_12,daily,2023-07-29,0.009443187956027888
full_common_12,daily,2023-07-30,0.010296612324340107
full_common_12,daily,2023-07-31,0.016206695687522005
full_common_12,daily,2023-08-01,0.009832068251914322
full_common_12,daily,2023-08-02,0.006434652048712672
full_common_12,daily,2023-08-03,0.015464161678349339
full_common_12,daily,2023-08-04,0.014322451168572517
full_common_12,daily,2023-08-05,0.00866996250437467
full_common_12,daily,2023-08-06,0.008996966939352966
full_common_12,daily,2023-08-07,0.005717738060823957
full_common_12,daily,2023-08-08,0.016658479740145032
full_common_12,daily,2023-08-09,0.007026048889696088
full_common_12,daily,2023-08-10,0.007348039475698204
full_common_12,daily,2023-08-11,0.007824856806170039
full_common_12,daily,2023-08-12,0.004956461078274757
full_common_12,daily,2023-08-13,0.005359206213021633
full_common_12,daily,2023-08-14,0.0055479073074210655
full_common_12,daily,2023-08-15,0.0042067524994981315
full_common_12,daily,2023-08-16,0.014417131937905725
full_common_12,daily,2023-08-17,0.016661933947504468
full_common_12,daily,2023-08-18,0.027365254953716014
full_common_12,daily,2023-08-19,0.017642777777707674
full_common_12,daily,2023-08-20,0.011610151027917986
full_common_12,daily,2023-08-21,0.012079567303023717
full_common_12,daily,2023-08-22,0.01353936745982759
full_common_12,daily,2023-08-23,0.010147345446080508
full_common_12,daily,2023-08-24,0.011922789409117993
full_common_12,daily,2023-08-25,0.00811319665173317
full_common_12,daily,2023-08-26,0.008094268122587234
full_common_12,daily,2023-08-27,0.004838108220470053
full_common_12,daily,2023-08-28,0.006636401006482828
full_common_12,daily,2023-08-29,0.010453659351185307
full_common_12,daily,2023-08-30,0.024332145284047937
full_common_12,daily,2023-08-31,0.009973435827883029
full_common_12,daily,2023-09-01,0.01376455963240672
full_common_12,daily,2023-09-02,0.008566250461913533
full_common_12,daily,2023-09-03,0.007400197746160492
full_common_12,daily,2023-09-04,0.009482955147658692
full_common_12,daily,2023-09-05,0.008328021978455544
full_common_12,daily,2023-09-06,0.006956168675341351
full_common_12,daily,2023-09-07,0.007652120515873967
full_common_12,daily,2023-09-08,0.005407494210924846
full_common_12,daily,2023-09-09,0.00711606313135936
full_common_12,daily,2023-09-10,0.007172636798012111
full_common_12,daily,2023-09-11,0.009568963923425017
full_common_12,daily,2023-09-12,0.008880185299924834
full_common_12,daily,2023-09-13,0.017911736774618714
full_common_12,daily,2023-09-14,0.005898724841456787
full_common_12,daily,2023-09-15,0.007943546677915095
full_common_12,daily,2023-09-16,0.014709366975410004
full_common_12,daily,2023-09-17,0.004409035174338327
full_common_12,daily,2023-09-18,0.00819086213977041
full_common_12,daily,2023-09-19,0.012657647384091586
full_common_12,daily,2023-09-20,0.008176956139745534
full_common_12,daily,2023-09-21,0.010082730887511257
full_common_12,daily,2023-09-22,0.006164477511490782
full_common_12,daily,2023-09-23,0.00692702699624663
full_common_12,daily,2023-09-24,0.006563470977826655
full_common_12,daily,2023-09-25,0.005085280359223121
full_common_12,daily,2023-09-26,0.011581021061472158
full_common_12,daily,2023-09-27,0.006531567250190939
full_common_12,daily,2023-09-28,0.014943197491879015
full_common_12,daily,2023-09-29,0.006725273745152263
full_common_12,daily,2023-09-30,0.0099256462616404
full_common_12,daily,2023-10-01,0.010317340595310018
full_common_12,daily,2023-10-02,0.012554250888937649
full_common_12,daily,2023-10-03,0.012914340870665841
full_common_12,daily,2023-10-04,0.02104753322323201
full_common_12,daily,2023-10-05,0.011813437440307828
full_common_12,daily,2023-10-06,0.007292083891241169
full_common_12,daily,2023-10-07,0.007548641104171153
full_common_12,daily,2023-10-08,0.005707506074744448
full_common_12,daily,2023-10-09,0.005511950036065069
full_common_12,daily,2023-10-10,0.008641027715783109
full_common_12,daily,2023-10-11,0.007318438570680388
full_common_12,daily,2023-10-12,0.010322215955408817
full_common_12,daily,2023-10-13,0.005076943571060574
full_common_12,daily,2023-10-14,0.002750788082238595
full_common_12,daily,2023-10-15,0.006583808587056608
full_common_12,daily,2023-10-16,0.006947148813983353
full_common_12,daily,2023-10-17,0.012203965448104023
full_common_12,daily,2023-10-18,0.007455811178530253
full_common_12,daily,2023-10-19,0.007056053354744074
full_common_12,daily,2023-10-20,0.014753909064384965
full_common_12,daily,2023-10-21,0.012476705666965515
full_common_12,daily,2023-10-22,0.025120608151513943
full_common_12,daily,2023-10-23,0.020832017899877667
full_common_12,daily,2023-10-24,0.017418676969671296
full_common_12,daily,2023-10-25,0.014394791212633942
full_common_12,daily,2023-10-26,0.0134383554865979
full_common_12,daily,2023-10-27,0.014813511804778953
full_common_12,daily,2023-10-28,0.016270056829896212
full_common_12,daily,2023-10-29,0.008120001561199144
full_common_12,daily,2023-10-30,0.00579390005832324
full_common_12,daily,2023-10-31,0.013308825518708711
full_common_12,daily,2023-11-01,0.016899032558858662
full_common_12,daily,2023-11-02,0.01235591544468502
full_common_12,daily,2023-11-03,0.015898361446272075
full_common_12,daily,2023-11-04,0.012471311390371331
full_common_12,daily,2023-11-05,0.004662865812651906
full_common_12,daily,2023-11-06,0.01819001693734315
full_common_12,daily,2023-11-07,0.022595920714841178
full_common_12,daily,2023-11-08,0.015048143801683359
full_common_12,daily,2023-11-09,0.02092540314553408
full_common_12,daily,2023-11-10,0.03964153267882402
full_common_12,daily,2023-11-11,0.02418503250677917
full_common_12,daily,2023-11-12,0.0221461198424886
full_common_12,daily,2023-11-13,0.0063713477584301514
full_common_12,daily,2023-11-14,0.02906963422240358
full_common_12,daily,2023-11-15,0.012602149005999833
full_common_12,daily,2023-11-16,0.014439122192232479
full_common_12,daily,2023-11-17,0.02007881341581634
full_common_12,daily,2023-11-18,0.0177031698525702
full_common_12,daily,2023-11-19,0.012768262384892815
full_common_12,daily,2023-11-20,0.012339675831926952
full_common_12,daily,2023-11-21,0.009804458918885942
full_common_12,daily,2023-11-22,0.011436930688178193
full_common_12,daily,2023-11-23,0.00790604957989191
full_common_12,daily,2023-11-24,0.007377301151949123
full_common_12,daily,2023-11-25,0.007608041936701601
full_common_12,daily,2023-11-26,0.008790974929495265
full_common_12,daily,2023-11-27,0.005644838226549348
full_common_12,daily,2023-11-28,0.011687429682890715
full_common_12,daily,2023-11-29,0.005620558259687505
full_common_12,daily,2023-11-30,0.005245490651414136
full_common_12,daily,2023-12-01,0.015189212950615469
full_common_12,daily,2023-12-02,0.008991859025609283
full_common_12,daily,2023-12-03,0.013027194958647445
full_common_12,daily,2023-12-04,0.0074299840811809514
full_common_12,daily,2023-12-05,0.023257130475870136
full_common_12,daily,2023-12-06,0.0167773650878017
full_common_12,daily,2023-12-07,0.020665859721224852
full_common_12,daily,2023-12-08,0.019579251350061527
full_common_12,daily,2023-12-09,0.032960308784336464
full_common_12,daily,2023-12-10,0.02063264952986936
full_common_12,daily,2023-12-11,0.0109530971410675
full_common_12,daily,2023-12-12,0.01375716254620804
full_common_12,daily,2023-12-13,0.01570776977075758
full_common_12,daily,2023-12-14,0.02487457455701228
full_common_12,daily,2023-12-15,0.013398649894859699
full_common_12,daily,2023-12-16,0.013821158224847002
full_common_12,daily,2023-12-17,0.00945965744289709
full_common_12,daily,2023-12-18,0.011415148526214211
full_common_12,daily,2023-12-19,0.014913178980063876
full_common_12,daily,2023-12-20,0.009187325791290266
full_common_12,daily,2023-12-21,0.00823990868557313
full_common_12,daily,2023-12-22,0.03627392509096662
full_common_12,daily,2023-12-23,0.020592296433524296
full_common_12,daily,2023-12-24,0.014676995138135002
full_common_12,daily,2023-12-25,0.011869354082241879
full_common_12,daily,2023-12-26,0.01604476881315188
full_common_12,daily,2023-12-27,0.009087021111369262
full_common_12,daily,2023-12-28,0.033525893077554214
full_common_12,daily,2023-12-29,0.012828190366323614
full_common_12,daily,2023-12-30,0.00934330915883927
full_common_12,daily,2023-12-31,0.014403469614970604
full_common_12,daily,2024-01-01,0.010664825047054557
full_common_12,daily,2024-01-02,0.009418004065978466
full_common_12,daily,2024-01-03,0.013132328071405588
full_common_12,daily,2024-01-04,0.0207501246222008
full_common_12,daily,2024-01-05,0.007359681194248041
full_common_12,daily,2024-01-06,0.01400697486417063
full_common_12,daily,2024-01-07,0.013154121850857806
full_common_12,daily,2024-01-08,0.012278872388537573
full_common_12,daily,2024-01-09,0.01869944939023932
full_common_12,daily,2024-01-10,0.017416300242598923
full_common_12,daily,2024-01-11,0.04323230754386022
full_common_12,daily,2024-01-12,0.024723113175037684
full_common_12,daily,2024-01-13,0.024634410106608412
full_common_12,daily,2024-01-14,0.014165014485148508
full_common_12,daily,2024-01-15,0.018140252203745905
full_common_12,daily,2024-01-16,0.011389211277873512
full_common_12,daily,2024-01-17,0.008577071573383901
full_common_12,daily,2024-01-18,0.013354553016013723
full_common_12,daily,2024-01-19,0.014670921370920728
full_common_12,daily,2024-01-20,0.022748489187649254
full_common_12,daily,2024-01-21,0.021070689464803033
full_common_12,daily,2024-01-22,0.00785600778547109
full_common_12,daily,2024-01-23,0.01924576449617206
full_common_12,daily,2024-01-24,0.012253358784800827
full_common_12,daily,2024-01-25,0.00803573014380167
full_common_12,daily,2024-01-26,0.010601251106226228
full_common_12,daily,2024-01-27,0.006878494992363052
full_common_12,daily,2024-01-28,0.005482648822366723
full_common_12,daily,2024-01-29,0.012520429684413623
full_common_12,daily,2024-01-30,0.012042358049040844
full_common_12,daily,2024-01-31,0.01748170732212305
full_common_12,daily,2024-02-01,0.010277635164014753
full_common_12,daily,2024-02-02,0.0173076654532046
full_common_12,daily,2024-02-03,0.00924479530740574
full_common_12,daily,2024-02-04,0.00958601370891922
full_common_12,daily,2024-02-05,0.015505218624978917
full_common_12,daily,2024-02-06,0.010134133866996839
full_common_12,daily,2024-02-07,0.011960611523323256
full_common_12,daily,2024-02-08,0.006128747233751966
full_common_12,daily,2024-02-09,0.016001187324660895
full_common_12,daily,2024-02-10,0.00573365520306314
full_common_12,daily,2024-02-11,0.009213702593481629
full_common_12,daily,2024-02-12,0.023789795200315808
full_common_12,daily,2024-02-13,0.013076618493124678
full_common_12,daily,2024-02-14,0.015045482215816572
full_common_12,daily,2024-02-15,0.012084987755476867
full_common_12,daily,2024-02-16,0.018328214018252423
full_common_12,daily,2024-02-17,0.010528207552575983
full_common_12,daily,2024-02-18,0.015793192148945825
full_common_12,daily,2024-02-19,0.0064739910948208995
full_common_12,daily,2024-02-20,0.012688778511637286
full_common_12,daily,2024-02-21,0.017304314041629035
full_common_12,daily,2024-02-22,0.012098168084178546
full_common_12,daily,2024-02-23,0.007490636331969142
full_common_12,daily,2024-02-24,0.007977551839140798
full_common_12,daily,2024-02-25,0.007027682725323531
full_common_12,daily,2024-02-26,0.012458319900779904
full_common_12,daily,2024-02-27,0.009425136494246658
full_common_12,daily,2024-02-28,0.021124621291032347
full_common_12,daily,2024-02-29,0.04079359036533449
full_common_12,daily,2024-03-01,0.019516790782867152
full_common_12,daily,2024-03-02,0.029175991414321742
full_common_12,daily,2024-03-03,0.08009287221448542
full_common_12,daily,2024-03-04,0.03114350953078497
full_common_12,daily,2024-03-05,0.040122248401103636
full_common_12,daily,2024-03-06,0.03381651435710992
full_common_12,daily,2024-03-07,0.02193916022103233
full_common_12,daily,2024-03-08,0.011408069970068671
full_common_12,daily,2024-03-09,0.014007862397928311
full_common_12,daily,2024-03-10,0.01843432958016092
full_common_12,daily,2024-03-11,0.021632370568055614
full_common_12,daily,2024-03-12,0.042016877039985995
full_common_12,daily,2024-03-13,0.01452826755955694
full_common_12,daily,2024-03-14,0.011670976578687223
full_common_12,daily,2024-03-15,0.021558858900601885
full_common_12,daily,2024-03-16,0.013677706908326273
full_common_12,daily,2024-03-17,0.023258622031276974
full_common_12,daily,2024-03-18,0.011912744152770174
full_common_12,daily,2024-03-19,0.021421919060307118
full_common_12,daily,2024-03-20,0.009742986991665384
full_common_12,daily,2024-03-21,0.02176228957827285
full_common_12,daily,2024-03-22,0.01696367299257348
full_common_12,daily,2024-03-23,0.015353088899508732
full_common_12,daily,2024-03-24,0.017622439414149885
full_common_12,daily,2024-03-25,0.015025591317411435
full_common_12,daily,2024-03-26,0.014556496354926382
full_common_12,daily,2024-03-27,0.01786496204635807
full_common_12,daily,2024-03-28,0.02964899871134792
full_common_12,daily,2024-03-29,0.025555939886965667
full_common_12,daily,2024-03-30,0.03828863683948
full_common_12,daily,2024-03-31,0.02054230747550284
full_common_12,daily,2024-04-01,0.02854030196917806
full_common_12,daily,2024-04-02,0.010364651622511892
full_common_12,daily,2024-04-03,0.03286128769752841
full_common_12,daily,2024-04-04,0.021818888350963586
full_common_12,daily,2024-04-05,0.02373959094409149
full_common_12,daily,2024-04-06,0.005264963517663479
full_common_12,daily,2024-04-07,0.012323753828297437
full_common_12,daily,2024-04-08,0.014826580965902447
full_common_12,daily,2024-04-09,0.01444249554377662
full_common_12,daily,2024-04-10,0.019907599263887146
full_common_12,daily,2024-04-11,0.022186875279249965
full_common_12,daily,2024-04-12,0.011845844356806606
full_common_12,daily,2024-04-13,0.0313431914750443
full_common_12,daily,2024-04-14,0.026582682761932958
full_common_12,daily,2024-04-15,0.01363082600843181
full_common_12,daily,2024-04-16,0.008575378634591665
full_common_12,daily,2024-04-17,0.012459879267386814
full_common_12,daily,2024-04-18,0.013043231139385741
full_common_12,daily,2024-04-19,0.010468396154043255
full_common_12,daily,2024-04-20,0.008712423258617291
full_common_12,daily,2024-04-21,0.019401936924990343
full_common_12,daily,2024-04-22,0.00843286319656053
full_common_12,daily,2024-04-23,0.011361402571425039
full_common_12,daily,2024-04-24,0.011927175352539829
full_common_12,daily,2024-04-25,0.014625798223583356
full_common_12,daily,2024-04-26,0.007269652768259222
full_common_12,daily,2024-04-27,0.016282014728347505
full_common_12,daily,2024-04-28,0.014959127408473605
full_common_12,daily,2024-04-29,0.009593144926221556
full_common_12,daily,2024-04-30,0.010714491232539453
full_common_12,daily,2024-05-01,0.01942379377389533
full_common_12,daily,2024-05-02,0.02236254623684407
full_common_12,daily,2024-05-03,0.0098815590249038
full_common_12,daily,2024-05-04,0.02152601061572071
full_common_12,daily,2024-05-05,0.018419265751174904
full_common_12,daily,2024-05-06,0.008812829577166087
full_common_12,daily,2024-05-07,0.012343798062791012
full_common_12,daily,2024-05-08,0.013207100188564663
full_common_12,daily,2024-05-09,0.016301679513770748
full_common_12,daily,2024-05-10,0.009276852092676313
full_common_12,daily,2024-05-11,0.012422513012511543
full_common_12,daily,2024-05-12,0.00876291176094629
full_common_12,daily,2024-05-13,0.008709623501054753
full_common_12,daily,2024-05-14,0.014101023728883333
full_common_12,daily,2024-05-15,0.005998162856012498
full_common_12,daily,2024-05-16,0.014806836201344362
full_common_12,daily,2024-05-17,0.024316749219440006
full_common_12,daily,2024-05-18,0.013749177467950069
full_common_12,daily,2024-05-19,0.007727564601632916
full_common_12,daily,2024-05-20,0.012803857760771031
full_common_12,daily,2024-05-21,0.0333329690817729
full_common_12,daily,2024-05-22,0.013200356164912996
full_common_12,daily,2024-05-23,0.006344681252794013
full_common_12,daily,2024-05-24,0.022876354956566078
full_common_12,daily,2024-05-25,0.012922755198087901
full_common_12,daily,2024-05-26,0.011422416571110608
full_common_12,daily,2024-05-27,0.01324931841554311
full_common_12,daily,2024-05-28,0.013614390203097113
full_common_12,daily,2024-05-29,0.007159943019181977
full_common_12,daily,2024-05-30,0.0076808486687358485
full_common_12,daily,2024-05-31,0.011411532440151653
full_common_12,daily,2024-06-01,0.007620342337344668
full_common_12,daily,2024-06-02,0.00484220129305489
full_common_12,daily,2024-06-03,0.006630537907480374
full_common_12,daily,2024-06-04,0.011074857352754763
full_common_12,daily,2024-06-05,0.008285793645083583
full_common_12,daily,2024-06-06,0.007838164088950314
full_common_12,daily,2024-06-07,0.00739162986403849
full_common_12,daily,2024-06-08,0.016671609350496996
full_common_12,daily,2024-06-09,0.012037200939597523
full_common_12,daily,2024-06-10,0.006159319638364205
full_common_12,daily,2024-06-11,0.006736606503120274
full_common_12,daily,2024-06-12,0.01038599541433756
full_common_12,daily,2024-06-13,0.017065191343295052
full_common_12,daily,2024-06-14,0.014955789550657198
full_common_12,daily,2024-06-15,0.011151144645258002
full_common_12,daily,2024-06-16,0.008582054260162092
full_common_12,daily,2024-06-17,0.008384550719128567
full_common_12,daily,2024-06-18,0.019760579004711107
full_common_12,daily,2024-06-19,0.015954577757367583
full_common_12,daily,2024-06-20,0.011228227729041126
full_common_12,daily,2024-06-21,0.009211579901637443
full_common_12,daily,2024-06-22,0.009987233125162406
full_common_12,daily,2024-06-23,0.012643061305466372
full_common_12,daily,2024-06-24,0.005742637203066309
full_common_12,daily,2024-06-25,0.021313567797321478
full_common_12,daily,2024-06-26,0.013686238791708966
full_common_12,daily,2024-06-27,0.009993083431376767
full_common_12,daily,2024-06-28,0.015477383354395968
full_common_12,daily,2024-06-29,0.011203668353051727
full_common_12,daily,2024-06-30,0.011497829100796997
full_common_12,daily,2024-07-01,0.010852842937992713
full_common_12,daily,2024-07-02,0.011839899338306176
full_common_12,daily,2024-07-03,0.012174548049100578
full_common_12,daily,2024-07-04,0.013302343258455654
full_common_12,daily,2024-07-05,0.024757176633779146
full_common_12,daily,2024-07-06,0.013951913384423309
full_common_12,daily,2024-07-07,0.015020665826165333
full_common_12,daily,2024-07-08,0.013496384391577437
full_common_12,daily,2024-07-09,0.016018082425838187
full_common_12,daily,2024-07-10,0.011853130157073372
full_common_12,daily,2024-07-11,0.011072230571946715
full_common_12,daily,2024-07-12,0.01726306946375765
full_common_12,daily,2024-07-13,0.013476963267308004
full_common_12,daily,2024-07-14,0.026751816625210645
full_common_12,daily,2024-07-15,0.01397332265401141
full_common_12,daily,2024-07-16,0.0240572053880993
full_common_12,daily,2024-07-17,0.020300221283954256
full_common_12,daily,2024-07-18,0.021558583875564058
full_common_12,daily,2024-07-19,0.024460557848916112
full_common_12,daily,2024-07-20,0.010608820686645787
full_common_12,daily,2024-07-21,0.014201775598429611
full_common_12,daily,2024-07-22,0.009534047817154015
full_common_12,daily,2024-07-23,0.01622492861934742
full_common_12,daily,2024-07-24,0.024043085981194492
full_common_12,daily,2024-07-25,0.019228297678248976
full_common_12,daily,2024-07-26,0.017052914772124936
full_common_12,daily,2024-07-27,0.014375256308319956
full_common_12,daily,2024-07-28,0.00883964476449188
full_common_12,daily,2024-07-29,0.016313810139338095
full_common_12,daily,2024-07-30,0.01796576239600567
full_common_12,daily,2024-07-31,0.01782337209378604
full_common_12,daily,2024-08-01,0.006634440969736949
full_common_12,daily,2024-08-02,0.009920640520706847
full_common_12,daily,2024-08-03,0.0114331075291087
full_common_12,daily,2024-08-04,0.012282479830070567
full_common_12,daily,2024-08-05,0.019723604832287925
full_common_12,daily,2024-08-06,0.027134683589107922
full_common_12,daily,2024-08-07,0.014731964476635287
full_common_12,daily,2024-08-08,0.045042469304520744
full_common_12,daily,2024-08-09,0.0346544728455188
full_common_12,daily,2024-08-10,0.011867425685861813
full_common_12,daily,2024-08-11,0.006404996640811095
full_common_12,daily,2024-08-12,0.014296472925299411
full_common_12,daily,2024-08-13,0.020640740716519265
full_common_12,daily,2024-08-14,0.010629378544417742
full_common_12,daily,2024-08-15,0.013023578291544644
full_common_12,daily,2024-08-16,0.010029684781380582
full_common_12,daily,2024-08-17,0.008465183175473026
full_common_12,daily,2024-08-18,0.005776663042367319
full_common_12,daily,2024-08-19,0.00899519409563812
full_common_12,daily,2024-08-20,0.013734582889231142
full_common_12,daily,2024-08-21,0.023546917956464047
full_common_12,daily,2024-08-22,0.023880512558761016
full_common_12,daily,2024-08-23,0.009193240048973525
full_common_12,daily,2024-08-24,0.012669639801264468
full_common_12,daily,2024-08-25,0.005611763269437575
full_common_12,daily,2024-08-26,0.014266141994726575
full_common_12,daily,2024-08-27,0.009205468255665483
full_common_12,daily,2024-08-28,0.012969849735949321
full_common_12,daily,2024-08-29,0.01094992424431658
full_common_12,daily,2024-08-30,0.00850664825808746
full_common_12,daily,2024-08-31,0.010172681526421645
full_common_12,daily,2024-09-01,0.003252215576490511
full_common_12,daily,2024-09-02,0.010976006694764368
full_common_12,daily,2024-09-03,0.009701521887923031
full_common_12,daily,2024-09-04,0.011560828296327846
full_common_12,daily,2024-09-05,0.006418740003968415
full_common_12,daily,2024-09-06,0.013798652225981159
full_common_12,daily,2024-09-07,0.013863837841956217
full_common_12,daily,2024-09-08,0.012390116410962757
full_common_12,daily,2024-09-09,0.009498334704511474
full_common_12,daily,2024-09-10,0.014819721360584598
full_common_12,daily,2024-09-11,0.007938680094955297
full_common_12,daily,2024-09-12,0.012873035863126048
full_common_12,daily,2024-09-13,0.01265247089142156
full_common_12,daily,2024-09-14,0.015558469478451978
full_common_12,daily,2024-09-15,0.013896894148997113
full_common_12,daily,2024-09-16,0.014605515596864113
full_common_12,daily,2024-09-17,0.012988451847774751
full_common_12,daily,2024-09-18,0.008897512378130301
full_common_12,daily,2024-09-19,0.008692783742528826
full_common_12,daily,2024-09-20,0.010254784459363994
full_common_12,daily,2024-09-21,0.009862167148827525
full_common_12,daily,2024-09-22,0.00850313007257486
full_common_12,daily,2024-09-23,0.013520135634173883
full_common_12,daily,2024-09-24,0.014196861412338821
full_common_12,daily,2024-09-25,0.018534261626608747
full_common_12,daily,2024-09-26,0.006050001516779258
full_common_12,daily,2024-09-27,0.014646996954978037
full_common_12,daily,2024-09-28,0.010763103182183001
full_common_12,daily,2024-09-29,0.016042952149406306
full_common_12,daily,2024-09-30,0.014370200090558533
full_common_12,daily,2024-10-01,0.016391685525460054
full_common_12,daily,2024-10-02,0.01303125063694327
full_common_12,daily,2024-10-03,0.017213562933328583
full_common_12,daily,2024-10-04,0.010060521998967412
full_common_12,daily,2024-10-05,0.008479482780434769
full_common_12,daily,2024-10-06,0.008971705400163357
full_common_12,daily,2024-10-07,0.003910040506939008
full_common_12,daily,2024-10-08,0.007673364739738703
full_common_12,daily,2024-10-09,0.013487880515832038
full_common_12,daily,2024-10-10,0.009596083921436266
full_common_12,daily,2024-10-11,0.006870997760889161
full_common_12,daily,2024-10-12,0.008866349768298504
full_common_12,daily,2024-10-13,0.0036855620626129043
full_common_12,daily,2024-10-14,0.0072393969877385805
full_common_12,daily,2024-10-15,0.01897170155301703
full_common_12,daily,2024-10-16,0.01672493320725317
full_common_12,daily,2024-10-17,0.018036200281633497
full_common_12,daily,2024-10-18,0.014918461344385084
full_common_12,daily,2024-10-19,0.012929475953591174
full_common_12,daily,2024-10-20,0.015891705855741664
full_common_12,daily,2024-10-21,0.015813140200970355
full_common_12,daily,2024-10-22,0.014819970025388762
full_common_12,daily,2024-10-23,0.01270414649371221
full_common_12,daily,2024-10-24,0.01577954151627646
full_common_12,daily,2024-10-25,0.011917371429583656
full_common_12,daily,2024-10-26,0.014379933475753934
full_common_12,daily,2024-10-27,0.011766298584009502
full_common_12,daily,2024-10-28,0.012032481060356578
full_common_12,daily,2024-10-29,0.020487304724822256
full_common_12,daily,2024-10-30,0.016463121162115776
full_common_12,daily,2024-10-31,0.018826834121682387
full_common_12,daily,2024-11-01,0.01359433712196953
full_common_12,daily,2024-11-02,0.013039295600761253
full_common_12,daily,2024-11-03,0.006855088123038838
full_common_12,daily,2024-11-04,0.012284526698387463
full_common_12,daily,2024-11-05,0.01542498153553834
full_common_12,daily,2024-11-06,0.016981856159012196
full_common_12,daily,2024-11-07,0.026109343461650322
full_common_12,daily,2024-11-08,0.027090415582745817
full_common_12,daily,2024-11-09,0.026409571223881115
full_common_12,daily,2024-11-10,0.03311038854823545
full_common_12,daily,2024-11-11,0.054369001712217355
full_common_12,daily,2024-11-12,0.034254647146027994
full_common_12,daily,2024-11-13,0.08188694531688089
full_common_12,daily,2024-11-14,0.029038510516532737
full_common_12,daily,2024-11-15,0.04923168412276707
full_common_12,daily,2024-11-16,0.03377994033410518
full_common_12,daily,2024-11-17,0.08736364342358587
full_common_12,daily,2024-11-18,0.028691337771693
full_common_12,daily,2024-11-19,0.03528209083046624
full_common_12,daily,2024-11-20,0.019800322288812316
full_common_12,daily,2024-11-21,0.030187992807860706
full_common_12,daily,2024-11-22,0.027393009332358623
full_common_12,daily,2024-11-23,0.07228990382692374
full_common_12,daily,2024-11-24,0.09108815097908883
full_common_12,daily,2024-11-25,0.02197500132796111
full_common_12,daily,2024-11-26,0.03133173271356472
full_common_12,daily,2024-11-27,0.01958099890193518
full_common_12,daily,2024-11-28,0.02647817951422611
full_common_12,daily,2024-11-29,0.021184732320162297
full_common_12,daily,2024-11-30,0.036079186196723526
full_common_12,daily,2024-12-01,0.023731367043537496
full_common_12,daily,2024-12-02,0.04816182117820672
full_common_12,daily,2024-12-03,0.07217723956231038
full_common_12,daily,2024-12-04,0.1377248119260583
full_common_12,daily,2024-12-05,0.055393005280209864
full_common_12,daily,2024-12-06,0.017034940302941476
full_common_12,daily,2024-12-07,0.019738199809771886
full_common_12,daily,2024-12-08,0.023616393859644813
full_common_12,daily,2024-12-09,0.017148230549497184
full_common_12,daily,2024-12-10,0.0413553980375269
full_common_12,daily,2024-12-11,0.030287026305821238
full_common_12,daily,2024-12-12,0.019930839949790363
full_common_12,daily,2024-12-13,0.038893616651359125
full_common_12,daily,2024-12-14,0.013480840051284679
full_common_12,daily,2024-12-15,0.017419990146201436
full_common_12,daily,2024-12-16,0.009711177132842919
full_common_12,daily,2024-12-17,0.01816783582950686
full_common_12,daily,2024-12-18,0.025369104273810214
full_common_12,daily,2024-12-19,0.01573225402548792
full_common_12,daily,2024-12-20,0.02703362646048356
full_common_12,daily,2024-12-21,0.013817444654721997
full_common_12,daily,2024-12-22,0.023325171514215856
full_common_12,daily,2024-12-23,0.00832697715405524
full_common_12,daily,2024-12-24,0.020128217071863325
full_common_12,daily,2024-12-25,0.013573514431422143
full_common_12,daily,2024-12-26,0.013963633245618945
full_common_12,daily,2024-12-27,0.014083506266242718
full_common_12,daily,2024-12-28,0.013001450122112415
full_common_12,daily,2024-12-29,0.008091728736384834
full_common_12,daily,2024-12-30,0.01095969898925131
full_common_12,daily,2024-12-31,0.010131693509404738
full_common_12,daily,2025-01-01,0.014165771514611389
full_common_12,daily,2025-01-02,0.04914806722968082
full_common_12,daily,2025-01-03,0.010017946816853349
full_common_12,daily,2025-01-04,0.029145506566893797
full_common_12,daily,2025-01-05,0.011596736094109633
full_common_12,daily,2025-01-06,0.014341585905790016
full_common_12,daily,2025-01-07,0.008881772233646695
full_common_12,daily,2025-01-08,0.018025059431555537
full_common_12,daily,2025-01-09,0.01772180751342603
full_common_12,daily,2025-01-10,0.015852444645192768
full_common_12,daily,2025-01-11,0.011273412687683865
full_common_12,daily,2025-01-12,0.030734072048840058
full_common_12,daily,2025-01-13,0.012048965247685478
full_common_12,daily,2025-01-14,0.016592832458987183
full_common_12,daily,2025-01-15,0.013859751052631167
full_common_12,daily,2025-01-16,0.02867007345106813
full_common_12,daily,2025-01-17,0.02131304383076231
full_common_12,daily,2025-01-18,0.020781853706017803
full_common_12,daily,2025-01-19,0.021324504023336147
full_common_12,daily,2025-01-20,0.034061326244630055
full_common_12,daily,2025-01-21,0.011506641066332979
full_common_12,daily,2025-01-22,0.018003297007620336
full_common_12,daily,2025-01-23,0.014238362728817636
full_common_12,daily,2025-01-24,0.01729701549462649
full_common_12,daily,2025-01-25,0.012219774061042882
full_common_12,daily,2025-01-26,0.012947473405445567
full_common_12,daily,2025-01-27,0.010750577695596036
full_common_12,daily,2025-01-28,0.011990145715622944
full_common_12,daily,2025-01-29,0.013825657866195745
full_common_12,daily,2025-01-30,0.012063837564697658
full_common_12,daily,2025-01-31,0.022949961767580546
full_common_12,daily,2025-02-01,0.02074764189373461
full_common_12,daily,2025-02-02,0.01363610242266533
full_common_12,daily,2025-02-03,0.022432591458748805
full_common_12,daily,2025-02-04,0.025701102998201553
full_common_12,daily,2025-02-05,0.015392647465357415
full_common_12,daily,2025-02-06,0.018830172197725356
full_common_12,daily,2025-02-07,0.016725078607131613
full_common_12,daily,2025-02-08,0.012580546662234002
full_common_12,daily,2025-02-09,0.008628791850032472
full_common_12,daily,2025-02-10,0.014194755688903354
full_common_12,daily,2025-02-11,0.021218284659725348
full_common_12,daily,2025-02-12,0.019672660386566093
full_common_12,daily,2025-02-13,0.015515414340570535
full_common_12,daily,2025-02-14,0.02024283288833302
full_common_12,daily,2025-02-15,0.018832857621013527
full_common_12,daily,2025-02-16,0.020445972330952675
full_common_12,daily,2025-02-17,0.010637562033546086
full_common_12,daily,2025-02-18,0.021156757458561035
full_common_12,daily,2025-02-19,0.022071670798366264
full_common_12,daily,2025-02-20,0.0166934275044361
full_common_12,daily,2025-02-21,0.01545650030958197
full_common_12,daily,2025-02-22,0.013809578477177412
full_common_12,daily,2025-02-23,0.012660952909363574
full_common_12,daily,2025-02-24,0.015059570503673236
full_common_12,daily,2025-02-25,0.024373863139314805
full_common_12,daily,2025-02-26,0.01499620396223271
full_common_12,daily,2025-02-27,0.031854814482202454
full_common_12,daily,2025-02-28,0.009029286324388167
full_common_12,daily,2025-03-01,0.026208317886858262
full_common_12,daily,2025-03-02,0.024799068182601622
full_common_12,daily,2025-03-03,0.1000237149002571
full_common_12,daily,2025-03-04,0.05035891197919984
full_common_12,daily,2025-03-05,0.025184413190199692
full_common_12,daily,2025-03-06,0.04000144966092581
full_common_12,daily,2025-03-07,0.019282743954136705
full_common_12,daily,2025-03-08,0.030550162436077236
full_common_12,daily,2025-03-09,0.01349390152804758
full_common_12,daily,2025-03-10,0.021413906483154874
full_common_12,daily,2025-03-11,0.020131267109248854
full_common_12,daily,2025-03-12,0.019034120668907556
full_common_12,daily,2025-03-13,0.015387235167420507
full_common_12,daily,2025-03-14,0.02705879271766637
full_common_12,daily,2025-03-15,0.016951237329230665
full_common_12,daily,2025-03-16,0.011605114249331583
full_common_12,daily,2025-03-17,0.011785510166784266
full_common_12,daily,2025-03-18,0.009004362868222732
full_common_12,daily,2025-03-19,0.018505776126015713
full_common_12,daily,2025-03-20,0.021521936199317873
full_common_12,daily,2025-03-21,0.012055464499271265
full_common_12,daily,2025-03-22,0.01018324223411414
full_common_12,daily,2025-03-23,0.007288482865429893
full_common_12,daily,2025-03-24,0.01074360783495644
full_common_12,daily,2025-03-25,0.01155847782253451
full_common_12,daily,2025-03-26,0.009668852398751149
full_common_12,daily,2025-03-27,0.016476550995725495
full_common_12,daily,2025-03-28,0.011714261557284694
full_common_12,daily,2025-03-29,0.014865039366172561
full_common_12,daily,2025-03-30,0.01391739332578247
full_common_12,daily,2025-03-31,0.006421692403150908
full_common_12,daily,2025-04-01,0.012941526690631575
full_common_12,daily,2025-04-02,0.011629183794678255
full_common_12,daily,2025-04-03,0.011340807908160569
full_common_12,daily,2025-04-04,0.007902301919159999
full_common_12,daily,2025-04-05,0.012232873358736407
full_common_12,daily,2025-04-06,0.008739338983356867
full_common_12,daily,2025-04-07,0.02643178336505153
full_common_12,daily,2025-04-08,0.013414900621291595
full_common_12,daily,2025-04-09,0.014922025105199133
full_common_12,daily,2025-04-10,0.025301028368980724
full_common_12,daily,2025-04-11,0.011766595752667822
full_common_12,daily,2025-04-12,0.0115526569686418
full_common_12,daily,2025-04-13,0.016110128284956463
full_common_12,daily,2025-04-14,0.012663691591445897
full_common_12,daily,2025-04-15,0.013006366717219567
full_common_12,daily,2025-04-16,0.008920493551783981
full_common_12,daily,2025-04-17,0.006461978105921876
full_common_12,daily,2025-04-18,0.007430074422169336
full_common_12,daily,2025-04-19,0.009671058739796873
full_common_12,daily,2025-04-20,0.013080028004823233
full_common_12,daily,2025-04-21,0.009712429651414403
full_common_12,daily,2025-04-22,0.015555868462630143
full_common_12,daily,2025-04-23,0.01843747598999748
full_common_12,daily,2025-04-24,0.014562370697082216
full_common_12,daily,2025-04-25,0.017557566678439746
full_common_12,daily,2025-04-26,0.014692845554753808
full_common_12,daily,2025-04-27,0.014483101515585697
full_common_12,daily,2025-04-28,0.011383214012899448
full_common_12,daily,2025-04-29,0.013677567297160215
full_common_12,daily,2025-04-30,0.007872649293004921
full_common_12,daily,2025-05-01,0.010564844501691414
full_common_12,daily,2025-05-02,0.015505589064726932
full_common_12,daily,2025-05-03,0.012124448834245238
full_common_12,daily,2025-05-04,0.012700202653431789
full_common_12,daily,2025-05-05,0.009308451098993725
full_common_12,daily,2025-05-06,0.009682464666169177
full_common_12,daily,2025-05-07,0.018709270469401393
full_common_12,daily,2025-05-08,0.008774048743398308
full_common_12,daily,2025-05-09,0.034260851009875096
full_common_12,daily,2025-05-10,0.023436215845851538
full_common_12,daily,2025-05-11,0.03128957986600385
full_common_12,daily,2025-05-12,0.015610327931500204
full_common_12,daily,2025-05-13,0.020260242947738413
full_common_12,daily,2025-05-14,0.01878840860687843
full_common_12,daily,2025-05-15,0.012051496599666978
full_common_12,daily,2025-05-16,0.01956125063034793
full_common_12,daily,2025-05-17,0.004644051014237663
full_common_12,daily,2025-05-18,0.00890031439467931
full_common_12,daily,2025-05-19,0.014573670750689577
full_common_12,daily,2025-05-20,0.013186963272863492
full_common_12,daily,2025-05-21,0.010260738751445467
full_common_12,daily,2025-05-22,0.009074578243783452
full_common_12,daily,2025-05-23,0.01213738995152204
full_common_12,daily,2025-05-24,0.015064255921275596
full_common_12,daily,2025-05-25,0.005180179422774739
full_common_12,daily,2025-05-26,0.005133711568174007
full_common_12,daily,2025-05-27,0.007115232039381608
full_common_12,daily,2025-05-28,0.010129162416394014
full_common_12,daily,2025-05-29,0.009004625769564956
full_common_12,daily,2025-05-30,0.009518414513339166
full_common_12,daily,2025-05-31,0.02140273132927968
full_common_12,daily,2025-06-01,0.009321097732616399
full_common_12,daily,2025-06-02,0.007889956983861343
full_common_12,daily,2025-06-03,0.008898178326208081
full_common_12,daily,2025-06-04,0.005865337439405552
full_common_12,daily,2025-06-05,0.011614383099338182
full_common_12,daily,2025-06-06,0.019720305025476725
full_common_12,daily,2025-06-07,0.011660403928231533
full_common_12,daily,2025-06-08,0.00980411115219719
full_common_12,daily,2025-06-09,0.01097968039279526
full_common_12,daily,2025-06-10,0.011613082032438438
full_common_12,daily,2025-06-11,0.015029057283194105
full_common_12,daily,2025-06-12,0.0067281486081961495
full_common_12,daily,2025-06-13,0.014910785320506895
full_common_12,daily,2025-06-14,0.017166933611568763
full_common_12,daily,2025-06-15,0.00779609347285927
full_common_12,daily,2025-06-16,0.010230524645524486
full_common_12,daily,2025-06-17,0.009455558938487707
full_common_12,daily,2025-06-18,0.010272484094557333
full_common_12,daily,2025-06-19,0.007813513450856957
full_common_12,daily,2025-06-20,0.014238311837073261
full_common_12,daily,2025-06-21,0.01159279394382251
full_common_12,daily,2025-06-22,0.011765982368549338
full_common_12,daily,2025-06-23,0.008304061265837034
full_common_12,daily,2025-06-24,0.018222846656971242
full_common_12,daily,2025-06-25,0.008277423950226237
full_common_12,daily,2025-06-26,0.016352830017489536
full_common_12,daily,2025-06-27,0.012009389153975314
full_common_12,daily,2025-06-28,0.006076091909000519
full_common_12,daily,2025-06-29,0.008666257769226998
full_common_12,daily,2025-06-30,0.009767079667854617
full_common_12,daily,2025-07-01,0.013072853646479629
full_common_12,daily,2025-07-02,0.012051342241169577
full_common_12,daily,2025-07-03,0.017203382462886913
full_common_12,daily,2025-07-04,0.008784340461594778
full_common_12,daily,2025-07-05,0.012190365966538289
full_common_12,daily,2025-07-06,0.0027387482532455487
full_common_12,daily,2025-07-07,0.010550002226651797
full_common_12,daily,2025-07-08,0.005929459745113844
full_common_12,daily,2025-07-09,0.009131947533035728
full_common_12,daily,2025-07-10,0.0180094309262311
full_common_12,daily,2025-07-11,0.01773501966677342
full_common_12,daily,2025-07-12,0.03406438803266679
full_common_12,daily,2025-07-13,0.01702032471822658
full_common_12,daily,2025-07-14,0.028857201654843734
full_common_12,daily,2025-07-15,0.010677723055779548
full_common_12,daily,2025-07-16,0.01790548443980544
full_common_12,daily,2025-07-17,0.018192089054832133
full_common_12,daily,2025-07-18,0.03384476753820835
full_common_12,daily,2025-07-19,0.03872287898168787
full_common_12,daily,2025-07-20,0.024666889599039357
full_common_12,daily,2025-07-21,0.026694353259674605
full_common_12,daily,2025-07-22,0.015571870793535739
full_common_12,daily,2025-07-23,0.008302873236192276
full_common_12,daily,2025-07-24,0.032198100433960236
full_common_12,daily,2025-07-25,0.01206894739683885
full_common_12,daily,2025-07-26,0.012898552959206527
full_common_12,daily,2025-07-27,0.0030396421023773518
full_common_12,daily,2025-07-28,0.01107856534678163
full_common_12,daily,2025-07-29,0.020471274860558858
full_common_12,daily,2025-07-30,0.010433780225833675
full_common_12,daily,2025-07-31,0.017037243916093098
full_common_12,daily,2025-08-01,0.010184953501697958
full_common_12,daily,2025-08-02,0.015370618767132485
full_common_12,daily,2025-08-03,0.014081347977069072
full_common_12,daily,2025-08-04,0.012637191404509432
full_common_12,daily,2025-08-05,0.016223988935231873
full_common_12,daily,2025-08-06,0.013445111734896653
full_common_12,daily,2025-08-07,0.008377273282404632
full_common_12,daily,2025-08-08,0.02642856452049741
full_common_12,daily,2025-08-09,0.01854178585820461
full_common_12,daily,2025-08-10,0.03448836017186925
full_common_12,daily,2025-08-11,0.013244191916266176
full_common_12,daily,2025-08-12,0.020356941111232082
full_common_12,daily,2025-08-13,0.021595723895890914
full_common_12,daily,2025-08-14,0.015092683739409612
full_common_12,daily,2025-08-15,0.025381146690892212
full_common_12,daily,2025-08-16,0.014694855037115859
full_common_12,daily,2025-08-17,0.013253413470189268
full_common_12,daily,2025-08-18,0.02413029580522294
full_common_12,daily,2025-08-19,0.012732616842685882
full_common_12,daily,2025-08-20,0.01729235048136378
full_common_12,daily,2025-08-21,0.018353817812911316
full_common_12,daily,2025-08-22,0.010912624864846496
full_common_12,daily,2025-08-23,0.025434198742805142
full_common_12,daily,2025-08-24,0.004870727751644752
full_common_12,daily,2025-08-25,0.009345307247136406
full_common_12,daily,2025-08-26,0.01834087166127993
full_common_12,daily,2025-08-27,0.00986019793636922
full_common_12,daily,2025-08-28,0.008773844919256313
full_common_12,daily,2025-08-29,0.012316754008608585
full_common_12,daily,2025-08-30,0.010950917335942792
full_common_12,daily,2025-08-31,0.007501839048075859
full_common_12,daily,2025-09-01,0.00619109824055207
full_common_12,daily,2025-09-02,0.008868020017881104
full_common_12,daily,2025-09-03,0.014388283054420609
full_common_12,daily,2025-09-04,0.010253402103079776
full_common_12,daily,2025-09-05,0.008897226909790293
full_common_12,daily,2025-09-06,0.011044119101638175
full_common_12,daily,2025-09-07,0.00864482665451087
full_common_12,daily,2025-09-08,0.013188951904920199
full_common_12,daily,2025-09-09,0.019528880321383682
full_common_12,daily,2025-09-10,0.00798560904370911
full_common_12,daily,2025-09-11,0.008355957452969631
full_common_12,daily,2025-09-12,0.011011737836805355
full_common_12,daily,2025-09-13,0.013090619763124756
full_common_12,daily,2025-09-14,0.01398265202091592
full_common_12,daily,2025-09-15,0.01488631632511793
full_common_12,daily,2025-09-16,0.010402383380822666
full_common_12,daily,2025-09-17,0.007173810805728445
full_common_12,daily,2025-09-18,0.010632537028112149
full_common_12,daily,2025-09-19,0.009704749990733438
full_common_12,daily,2025-09-20,0.009637249407706827
full_common_12,daily,2025-09-21,0.004098819920398386
full_common_12,daily,2025-09-22,0.0066477197830953905
full_common_12,daily,2025-09-23,0.01757559296388818
full_common_12,daily,2025-09-24,0.006277887680967875
full_common_12,daily,2025-09-25,0.009938117756073131
full_common_12,daily,2025-09-26,0.01698992373334618
full_common_12,daily,2025-09-27,0.009999854914977721
full_common_12,daily,2025-09-28,0.004009785978150687
full_common_12,daily,2025-09-29,0.006821807082035183
full_common_12,daily,2025-09-30,0.006444502476471825
full_common_12,daily,2025-10-01,0.006323815689679282
full_common_12,daily,2025-10-02,0.012364642577714566
full_common_12,daily,2025-10-03,0.011890251371100086
full_common_12,daily,2025-10-04,0.007922675813691868
full_common_12,daily,2025-10-05,0.011343944667601163
full_common_12,daily,2025-10-06,0.005985755995888076
full_common_12,daily,2025-10-07,0.01808513838591691
full_common_12,daily,2025-10-08,0.015051364099621004
full_common_12,daily,2025-10-09,0.007709211310327882
full_common_12,daily,2025-10-10,0.01529810963030763
full_common_12,daily,2025-10-11,0.07464397941667192
full_common_12,daily,2025-10-12,0.020075535824842297
full_common_12,daily,2025-10-13,0.02447334902292249
full_common_12,daily,2025-10-14,0.013620255907773618
full_common_12,daily,2025-10-15,0.009370788857900589
full_common_12,daily,2025-10-16,0.010926402429776466
full_common_12,daily,2025-10-17,0.0068581980889856065
full_common_12,daily,2025-10-18,0.013256656426507848
full_common_12,daily,2025-10-19,0.005890268899658324
full_common_12,daily,2025-10-20,0.006265736647682998
full_common_12,daily,2025-10-21,0.013456496819757316
full_common_12,daily,2025-10-22,0.011158188249420303
full_common_12,daily,2025-10-23,0.007211566124729063
full_common_12,daily,2025-10-24,0.008657147250826933
full_common_12,daily,2025-10-25,0.011564689380023196
full_common_12,daily,2025-10-26,0.008643335977531544
full_common_12,daily,2025-10-27,0.014889746733125667
full_common_12,daily,2025-10-28,0.007318494212794374
full_common_12,daily,2025-10-29,0.010901173492359612
full_common_12,daily,2025-10-30,0.011470447755356675
full_common_12,daily,2025-10-31,0.017327777201106107
full_common_12,daily,2025-11-01,0.00870799975526261
full_common_12,daily,2025-11-02,0.01602817538601385
full_common_12,daily,2025-11-03,0.010012628014781436
full_common_12,daily,2025-11-04,0.025520580159488285
full_common_12,daily,2025-11-05,0.01744483695997731
full_common_12,daily,2025-11-06,0.013094646031201404
full_common_12,daily,2025-11-07,0.01032093903778103
full_common_12,daily,2025-11-08,0.049777342119613044
full_common_12,daily,2025-11-09,0.016262090184212957
full_common_12,daily,2025-11-10,0.01451470175888156
full_common_12,daily,2025-11-11,0.018250516563956348
full_common_12,daily,2025-11-12,0.016008219029145454
full_common_12,daily,2025-11-13,0.008927182191506552
full_common_12,daily,2025-11-14,0.01220042059310908
full_common_12,daily,2025-11-15,0.017422551925940305
full_common_12,daily,2025-11-16,0.014537730912283012
full_common_12,daily,2025-11-17,0.011067298417706137
full_common_12,daily,2025-11-18,0.0136833391768168
full_common_12,daily,2025-11-19,0.014387429043099018
full_common_12,daily,2025-11-20,0.012614897210943637
full_common_12,daily,2025-11-21,0.013794046145333333
full_common_12,daily,2025-11-22,0.03139126931813338
full_common_12,daily,2025-11-23,0.008498364518665258
full_common_12,daily,2025-11-24,0.02086783181675675
full_common_12,daily,2025-11-25,0.015085275890170807
full_common_12,daily,2025-11-26,0.010138046467632333
full_common_12,daily,2025-11-27,0.009304855617814911
full_common_12,daily,2025-11-28,0.007626443476549824
full_common_12,daily,2025-11-29,0.012116620781040088
full_common_12,daily,2025-11-30,0.009396678090570584
full_common_12,daily,2025-12-01,0.011443451739825083
full_common_12,daily,2025-12-02,0.013856336514022793
full_common_12,daily,2025-12-03,0.022477889691979475
full_common_12,daily,2025-12-04,0.019231549395509
full_common_12,daily,2025-12-05,0.010523244036648297
full_common_12,daily,2025-12-06,0.013023775804547194
full_common_12,daily,2025-12-07,0.010140504207548043
full_common_12,daily,2025-12-08,0.011003399036551703
full_common_12,daily,2025-12-09,0.01492221646382244
full_common_12,daily,2025-12-10,0.020552371519133958
full_common_12,daily,2025-12-11,0.010258008899454413
full_common_12,daily,2025-12-12,0.017588064604559736
full_common_12,daily,2025-12-13,0.009562689323496451
full_common_12,daily,2025-12-14,0.007261280575573431
full_common_12,daily,2025-12-15,0.01140960124570245
full_common_12,daily,2025-12-16,0.00970344655075106
full_common_12,daily,2025-12-17,0.009292108619102096
full_common_12,daily,2025-12-18,0.014503188978663664
full_common_12,daily,2025-12-19,0.01610698790760133
full_common_12,daily,2025-12-20,0.016234289635357516
full_common_12,daily,2025-12-21,0.00979846379017213
full_common_12,daily,2025-12-22,0.008829653708348636
full_common_12,daily,2025-12-23,0.007993672292925538
full_common_12,daily,2025-12-24,0.005527417109414928
full_common_12,daily,2025-12-25,0.005506405006970888
full_common_12,daily,2025-12-26,0.014398281286268189
full_common_12,daily,2025-12-27,0.007085995595709438
full_common_12,daily,2025-12-28,0.02009871095462548
full_common_12,daily,2025-12-29,0.006956022387260563
full_common_12,daily,2025-12-30,0.009831513563262659
full_common_12,daily,2025-12-31,0.009227799964596037
full_common_12,daily,2026-01-01,0.01620863024894935
full_common_12,daily,2026-01-02,0.025687758563138346
full_common_12,daily,2026-01-03,0.026189867317682858
full_common_12,daily,2026-01-04,0.01403965329766442
full_common_12,daily,2026-01-05,0.016223431828268034
full_common_12,daily,2026-01-06,0.024075596231325797
full_common_12,daily,2026-01-07,0.011188082795330165
full_common_12,daily,2026-01-08,0.013261376865223357
full_common_12,daily,2026-01-09,0.00701803439764459
full_common_12,daily,2026-01-10,0.006211350571981897
full_common_12,daily,2026-01-11,0.005487096826666427
full_common_12,daily,2026-01-12,0.009884352552213538
full_common_12,daily,2026-01-13,0.009889453209287122
full_common_12,daily,2026-01-14,0.02658971682311334
full_common_12,daily,2026-01-15,0.01008814048751086
full_common_12,daily,2026-01-16,0.01906491487717829
full_common_12,daily,2026-01-17,0.010411661178499843
full_common_12,daily,2026-01-18,0.010106052847248359
full_common_12,daily,2026-01-19,0.01674946800431057
full_common_12,daily,2026-01-20,0.00583079615052727
full_common_12,daily,2026-01-21,0.01044568601659114
full_common_12,daily,2026-01-22,0.007128037523096792
full_common_12,daily,2026-01-23,0.009927355598079474
full_common_12,daily,2026-01-24,0.004963819748497675
full_common_12,daily,2026-01-25,0.0022893079010833234
full_common_12,daily,2026-01-26,0.012326933549044225
full_common_12,daily,2026-01-27,0.009464968467971915
full_common_12,daily,2026-01-28,0.011696734259128053
full_common_12,daily,2026-01-29,0.0054592810670734265
full_common_12,daily,2026-01-30,0.011684984909229021
full_common_12,daily,2026-01-31,0.013717439942057472
full_common_12,daily,2026-02-01,0.017804581580335613
full_common_12,daily,2026-02-02,0.017401133926586154
full_common_12,daily,2026-02-03,0.009994122641248798
full_common_12,daily,2026-02-04,0.010458368950406402
full_common_12,daily,2026-02-05,0.010335023370491123
full_common_12,daily,2026-02-06,0.018867499026697168
full_common_12,daily,2026-02-07,0.02533324939626684
full_common_12,daily,2026-02-08,0.010836841599875663
full_common_12,daily,2026-02-09,0.009626740088383087
full_common_12,daily,2026-02-10,0.005578635937317472
full_common_12,daily,2026-02-11,0.009037736105224362
full_common_12,daily,2026-02-12,0.005765156132738841
full_common_12,daily,2026-02-13,0.011825170069753047
full_common_12,daily,2026-02-14,0.015143835963952579
full_common_12,daily,2026-02-15,0.032420030599784155
full_common_12,daily,2026-02-16,0.01650027915981543
full_common_12,daily,2026-02-17,0.008756208846283628
full_common_12,daily,2026-02-18,0.006292605524758174
full_common_12,daily,2026-02-19,0.006822137496546185
full_common_12,daily,2026-02-20,0.009065367815983064
full_common_12,daily,2026-02-21,0.01637060970189126
full_common_12,daily,2026-02-22,0.009926707157449532
full_common_12,daily,2026-02-23,0.015588378437534786
full_common_12,daily,2026-02-24,0.01787843903322006
full_common_12,daily,2026-02-25,0.0058331871725863516
full_common_12,daily,2026-02-26,0.04555620044754943
full_common_12,daily,2026-02-27,0.010334542308834668
full_common_12,daily,2026-02-28,0.010946977772351235
full_common_12,daily,2026-03-01,0.010419720216419168
full_common_12,daily,2026-03-02,0.011804743680840779
full_common_12,daily,2026-03-03,0.013715244926079576
full_common_12,daily,2026-03-04,0.014207816268116971
full_common_12,daily,2026-03-05,0.015335113548086088
full_common_12,daily,2026-03-06,0.008406912941574196
full_common_12,daily,2026-03-07,0.009113567585058269
full_common_12,daily,2026-03-08,0.00707661510789033
full_common_12,daily,2026-03-09,0.007057444124723977
full_common_12,daily,2026-03-10,0.010093388235001027
full_common_12,daily,2026-03-11,0.013130285345932441
full_common_12,daily,2026-03-12,0.008340222273110862
full_common_12,daily,2026-03-13,0.005571342267633714
full_common_12,daily,2026-03-14,0.00845558950257981
full_common_12,daily,2026-03-15,0.012132328788231603
full_common_12,daily,2026-03-16,0.008030067961089404
full_common_12,daily,2026-03-17,0.025126242573736052
full_common_12,daily,2026-03-18,0.009047475158959858
full_common_12,daily,2026-03-19,0.011208154167292345
full_common_12,daily,2026-03-20,0.007743665107211667
full_common_12,daily,2026-03-21,0.009062771841059455
full_common_12,daily,2026-03-22,0.006225334451296458
full_common_12,daily,2026-03-23,0.010071527249086124
full_common_12,daily,2026-03-24,0.016403609347832984
full_common_12,daily,2026-03-25,0.011724603497883027
full_common_12,daily,2026-03-26,0.010474225667333373
full_common_12,daily,2026-03-27,0.01175839892799041
full_common_12,daily,2026-03-28,0.013281374943379692
full_common_12,daily,2026-03-29,0.008942601818149862
full_common_12,daily,2026-03-30,0.012246340619492493
full_common_12,daily,2026-03-31,0.010388527554862609
full_common_12,daily,2026-04-01,0.010598178562419389
full_common_12,daily,2026-04-02,0.009350921554793334
full_common_12,daily,2026-04-03,0.00981999513031881
full_common_12,daily,2026-04-04,0.009516615880062876
full_common_12,daily,2026-04-05,0.01017054561356838
full_common_12,daily,2026-04-06,0.009454048712810095
full_common_12,daily,2026-04-07,0.012394928881733408
full_common_12,daily,2026-04-08,0.013092208061242727
full_common_12,daily,2026-04-09,0.013332624864404508
full_common_12,daily,2026-04-10,0.006951386134374765
full_common_12,daily,2026-04-11,0.006244647566796685
full_common_12,daily,2026-04-12,0.007273634570587384
full_common_12,daily,2026-04-13,0.01161995725399581
full_common_12,daily,2026-04-14,0.017323601086326315
full_common_12,daily,2026-04-15,0.014827600252680706
full_common_12,daily,2026-04-16,0.00488931420543047
full_common_12,daily,2026-04-17,0.023675535064980352
full_common_12,daily,2026-04-18,0.010668012703765148
full_common_12,daily,2026-04-19,0.011080599583132511
full_common_12,daily,2026-04-20,0.005976839643256349
full_common_12,daily,2026-04-21,0.005933541912677948
full_common_12,daily,2026-04-22,0.005419479676191136
full_common_12,daily,2026-04-23,0.011052525721212333
full_common_12,daily,2026-04-24,0.008834244485997803
full_common_12,daily,2026-04-25,0.007774737650872124
full_common_12,daily,2026-04-26,0.0045083572253567655
full_common_12,daily,2026-04-27,0.004842075002479754
full_common_12,daily,2026-04-28,0.006832874476542503
full_common_12,daily,2026-04-29,0.0068000761987336705
full_common_12,daily,2026-04-30,0.009593278390319121
full_common_12,daily,2026-05-01,0.007161637523615011
full_common_12,daily,2026-05-02,0.007166389028649467
full_common_12,daily,2026-05-03,0.005594047475749847
full_common_12,daily,2026-05-04,0.005454975454681238
full_common_12,daily,2026-05-05,0.008413425132222013
full_common_12,daily,2026-05-06,0.013669421532508746
full_common_12,daily,2026-05-07,0.011269924880975488
full_common_12,daily,2026-05-08,0.009798076866380276
full_common_12,daily,2026-05-09,0.017101185540909558
full_common_12,daily,2026-05-10,0.00656226274086906
full_common_12,daily,2026-05-11,0.009227728575179131
full_common_12,daily,2026-05-12,0.007753166126383104
full_common_12,daily,2026-05-13,0.009405786831181123
full_common_12,daily,2026-05-14,0.008772365950370856
full_common_12,daily,2026-05-15,0.00623365332611224
full_common_12,daily,2026-05-16,0.00959487161448204
full_common_12,daily,2026-05-17,0.008943548794876272
full_common_12,daily,2026-05-18,0.007116184897602101
full_common_12,daily,2026-05-19,0.014401037342731793
full_common_12,daily,2026-05-20,0.008871515900041163
full_common_12,daily,2026-05-21,0.005145459764594559
full_common_12,daily,2026-05-22,0.00872688286982283
full_common_12,daily,2026-05-23,0.006808360961757076
full_common_12,daily,2026-05-24,0.00837366949123422
full_common_12,daily,2026-05-25,0.008418565892537408
full_common_12,daily,2026-05-26,0.005381101435439142
full_common_12,daily,2026-05-27,0.006195707115022306
full_common_12,daily,2026-05-28,0.021070323284212378
full_common_12,daily,2026-05-29,0.041109549662560696
full_common_12,daily,2026-05-30,0.0430206652201795
full_common_12,daily,2026-05-31,0.02015170982268498
full_common_12,daily,2026-06-01,0.02037325198027265
full_common_12,daily,2026-06-02,0.01242167911762923
full_common_12,daily,2026-06-03,0.010531695050797055
full_common_12,daily,2026-06-04,0.029286323567291953
full_common_12,daily,2026-06-05,0.02250385396489417
full_common_12,daily,2026-06-06,0.03433216769044106
full_common_12,daily,2026-06-07,0.014129387615573821
full_common_12,daily,2026-06-08,0.019315461774710385
full_common_12,daily,2026-06-09,0.016724776113085926
full_common_12,daily,2026-06-10,0.009072286145881694
full_common_12,daily,2026-06-11,0.014147394437031571
full_common_12,daily,2026-06-12,0.01159230477646632
full_common_12,daily,2026-06-13,0.006574095105023894
full_common_12,daily,2026-06-14,0.008273109964396008
full_common_12,daily,2026-06-15,0.01028494238599506
full_common_12,daily,2026-06-16,0.027686054516027722
full_common_12,daily,2026-06-17,0.010640685155086302
full_common_12,daily,2026-06-18,0.014149212721023777
full_common_12,daily,2026-06-19,0.015084080435873642
full_common_12,daily,2026-06-20,0.01613187613884476
full_common_12,daily,2026-06-21,0.006743888576071375
full_common_12,daily,2026-06-22,0.008522262751485057
full_common_12,daily,2026-06-23,0.010821892109795506
full_common_12,daily,2026-06-24,0.011751744989824162
full_common_12,daily,2026-06-25,0.00721576631560332
full_common_12,daily,2026-06-26,0.014664139765637893
full_common_12,daily,2026-06-27,0.01034679095017188
full_common_12,daily,2026-06-28,0.010831671902422443
full_common_12,daily,2026-06-29,0.006265045887169196
full_common_12,daily,2026-06-30,0.008057054364789554
full_common_12,daily,2026-07-01,0.017734615043763946
full_common_12,daily,2026-07-02,0.015203805640996229
full_common_12,daily,2026-07-03,0.015094799822727795
full_common_12,daily,2026-07-04,0.015763505060483615
full_common_12,daily,2026-07-05,0.012223944182074842
full_common_12,daily,2026-07-06,0.010313757462472817
full_common_12,daily,2026-07-07,0.0095016199127205
full_common_12,daily,2026-07-08,0.014055642844257255
full_common_12,daily,2026-07-09,0.009898767721940302
full_common_12,daily,2026-07-10,0.007156618725997446
full_common_12,daily,2026-07-11,0.012884683367221775
full_common_12,daily,2026-07-12,0.006127312520817399
full_common_12,daily,2026-07-13,0.009428368215785368
full_common_12,daily,2026-07-14,0.007130945510364417
full_common_12,daily,2026-07-15,0.015466770991385492
full_common_12,daily,2026-07-16,0.011704470898917935
full_common_12,daily,2026-07-17,0.009781976017262689
full_common_12,daily,2026-07-18,0.00849443844416696
full_common_12,daily,2026-07-19,0.0094407752807278
full_common_12,daily,2026-07-20,0.007226511631109614
full_common_12,daily,2026-07-21,0.008741788233433509
full_common_12,daily,2026-07-22,0.007041931303728016
full_common_12,daily,2026-07-23,0.006840500123625429
full_common_12,daily,2026-07-24,0.011279196300360977
full_common_12,daily,2026-07-25,0.009315819316418186
full_common_12,daily,2026-07-26,0.006409228330445854
full_common_12,daily,2026-07-27,0.013677693146774625
full_common_12,daily,2026-07-28,0.014197450653325352
full_common_12,daily,2026-07-29,0.007645607470611174
full_common_12,daily,2026-07-30,0.006688170038552627
full_common_12,daily,2026-07-31,0.008557608643469217
full_common_12,daily,2026-08-01,0.009790705974129621
full_common_12,weekly,2020-08-21,1.0
full_common_12,weekly,2020-08-24,0.06409642548157535
full_common_12,weekly,2020-08-31,0.08652065338324218
full_common_12,weekly,2020-09-07,0.07329566544470002
full_common_12,weekly,2020-09-14,0.0291637870312713
full_common_12,weekly,2020-09-21,0.059135592869269935
full_common_12,weekly,2020-09-28,0.04911405281665279
full_common_12,weekly,2020-10-05,0.027407863442216768
full_common_12,weekly,2020-10-12,0.029350864485431394
full_common_12,weekly,2020-10-19,0.02899995177647864
full_common_12,weekly,2020-10-26,0.041398115806909774
full_common_12,weekly,2020-11-02,0.02487191603086371
full_common_12,weekly,2020-11-09,0.039294499898234234
full_common_12,weekly,2020-11-16,0.034106482933864105
full_common_12,weekly,2020-11-23,0.08075575301294878
full_common_12,weekly,2020-11-30,0.1556587319653618
full_common_12,weekly,2020-12-07,0.03472956966122867
full_common_12,weekly,2020-12-14,0.027254211491558128
full_common_12,weekly,2020-12-21,0.10599629903923288
full_common_12,weekly,2020-12-28,0.11018343573601144
full_common_12,weekly,2021-01-04,0.21117151567690767
full_common_12,weekly,2021-01-11,0.1682914594558773
full_common_12,weekly,2021-01-18,0.21110732598614435
full_common_12,weekly,2021-01-25,0.05473624283071489
full_common_12,weekly,2021-02-01,0.4344437514177456
full_common_12,weekly,2021-02-08,0.1911748962301465
full_common_12,weekly,2021-02-15,0.13338817615587098
full_common_12,weekly,2021-02-22,0.11130269174253908
full_common_12,weekly,2021-03-01,0.1137128103070029
full_common_12,weekly,2021-03-08,0.057514422132654536
full_common_12,weekly,2021-03-15,0.06432708553975706
full_common_12,weekly,2021-03-22,0.07616468477810667
full_common_12,weekly,2021-03-29,0.03858425476994114
full_common_12,weekly,2021-04-05,0.13581370836868542
full_common_12,weekly,2021-04-12,0.17214939250358838
full_common_12,weekly,2021-04-19,0.3966452743145928
full_common_12,weekly,2021-04-26,0.06772484521512472
full_common_12,weekly,2021-05-03,0.08084747654522625
full_common_12,weekly,2021-05-10,0.19233765060726787
full_common_12,weekly,2021-05-17,0.13699039501464472
full_common_12,weekly,2021-05-24,0.10632597202952154
full_common_12,weekly,2021-05-31,0.0664134233990545
full_common_12,weekly,2021-06-07,0.057794302445768844
full_common_12,weekly,2021-06-14,0.03706163541564818
full_common_12,weekly,2021-06-21,0.026432369749950932
full_common_12,weekly,2021-06-28,0.059220543400039696
full_common_12,weekly,2021-07-05,0.05721146701790668
full_common_12,weekly,2021-07-12,0.023390455532511234
full_common_12,weekly,2021-07-19,0.03408046074570972
full_common_12,weekly,2021-07-26,0.03393713810191422
full_common_12,weekly,2021-08-02,0.06880586412254275
full_common_12,weekly,2021-08-09,0.03651710471908785
full_common_12,weekly,2021-08-16,0.09714686141410603
full_common_12,weekly,2021-08-23,0.0769357979733536
full_common_12,weekly,2021-08-30,0.0409825962018005
full_common_12,weekly,2021-09-06,0.06480021152258233
full_common_12,weekly,2021-09-13,0.07040362516598693
full_common_12,weekly,2021-09-20,0.023037198180814775
full_common_12,weekly,2021-09-27,0.03523044432399344
full_common_12,weekly,2021-10-04,0.02150339836390136
full_common_12,weekly,2021-10-11,0.03720847411492441
full_common_12,weekly,2021-10-18,0.05883910376002917
full_common_12,weekly,2021-10-25,0.04250379864550152
full_common_12,weekly,2021-11-01,0.021213519924108373
full_common_12,weekly,2021-11-08,0.04786192700408487
full_common_12,weekly,2021-11-15,0.07319791646078466
full_common_12,weekly,2021-11-22,0.03212646595818877
full_common_12,weekly,2021-11-29,0.04493143462679268
full_common_12,weekly,2021-12-06,0.05030870648634589
full_common_12,weekly,2021-12-13,0.026798885188233215
full_common_12,weekly,2021-12-20,0.03464703380897173
full_common_12,weekly,2021-12-27,0.05559924743628246
full_common_12,weekly,2022-01-03,0.019198884008647332
full_common_12,weekly,2022-01-10,0.07024504020107541
full_common_12,weekly,2022-01-17,0.05512835458152296
full_common_12,weekly,2022-01-24,0.05039473548841267
full_common_12,weekly,2022-01-31,0.03411634019623924
full_common_12,weekly,2022-02-07,0.03229510376118394
full_common_12,weekly,2022-02-14,0.06616528511217384
full_common_12,weekly,2022-02-21,0.025804864601769506
full_common_12,weekly,2022-02-28,0.03935327941890093
full_common_12,weekly,2022-03-07,0.01884141623109585
full_common_12,weekly,2022-03-14,0.027361902975901395
full_common_12,weekly,2022-03-21,0.05954471245044615
full_common_12,weekly,2022-03-28,0.046022539762250514
full_common_12,weekly,2022-04-04,0.027867543061144223
full_common_12,weekly,2022-04-11,0.04086289000527983
full_common_12,weekly,2022-04-18,0.036575054032797885
full_common_12,weekly,2022-04-25,0.03325541541828447
full_common_12,weekly,2022-05-02,0.06286725336493312
full_common_12,weekly,2022-05-09,0.05491071366432733
full_common_12,weekly,2022-05-16,0.05055455663445359
full_common_12,weekly,2022-05-23,0.03727045082805319
full_common_12,weekly,2022-05-30,0.05225618913946506
full_common_12,weekly,2022-06-06,0.057216245100918176
full_common_12,weekly,2022-06-13,0.051589762534690664
full_common_12,weekly,2022-06-20,0.09528924600007371
full_common_12,weekly,2022-06-27,0.03901056877877207
full_common_12,weekly,2022-07-04,0.02592123392937258
full_common_12,weekly,2022-07-11,0.020501085996056767
full_common_12,weekly,2022-07-18,0.059579759506916616
full_common_12,weekly,2022-07-25,0.06265600664011194
full_common_12,weekly,2022-08-01,0.0658619270718462
full_common_12,weekly,2022-08-08,0.01906079274912338
full_common_12,weekly,2022-08-15,0.042700428543616414
full_common_12,weekly,2022-08-22,0.04044805734069769
full_common_12,weekly,2022-08-29,0.021129374059429995
full_common_12,weekly,2022-09-05,0.041998312782247776
full_common_12,weekly,2022-09-12,0.040772337359186034
full_common_12,weekly,2022-09-19,0.06434969053965459
full_common_12,weekly,2022-09-26,0.0703985513917324
full_common_12,weekly,2022-10-03,0.033209151676919305
full_common_12,weekly,2022-10-10,0.03110216201554103
full_common_12,weekly,2022-10-17,0.04136366830536245
full_common_12,weekly,2022-10-24,0.02091296900830178
full_common_12,weekly,2022-10-31,0.12437881930105847
full_common_12,weekly,2022-11-07,0.03734797417342067
full_common_12,weekly,2022-11-14,0.044127868321269206
full_common_12,weekly,2022-11-21,0.04976086787781486
full_common_12,weekly,2022-11-28,0.06361280594265342
full_common_12,weekly,2022-12-05,0.03030295675206429
full_common_12,weekly,2022-12-12,0.031032414714871448
full_common_12,weekly,2022-12-19,0.047279079202336885
full_common_12,weekly,2022-12-26,0.024536829770670995
full_common_12,weekly,2023-01-02,0.01929612686268735
full_common_12,weekly,2023-01-09,0.05108823452333225
full_common_12,weekly,2023-01-16,0.032489819613767
full_common_12,weekly,2023-01-23,0.020851679114825425
full_common_12,weekly,2023-01-30,0.017850047194364435
full_common_12,weekly,2023-02-06,0.019659734969497564
full_common_12,weekly,2023-02-13,0.022124408292349795
full_common_12,weekly,2023-02-20,0.03331136528167006
full_common_12,weekly,2023-02-27,0.02554180560629496
full_common_12,weekly,2023-03-06,0.02203077989817369
full_common_12,weekly,2023-03-13,0.03217548514730799
full_common_12,weekly,2023-03-20,0.04064350714430655
full_common_12,weekly,2023-03-27,0.05090331103531573
full_common_12,weekly,2023-04-03,0.04506734374717447
full_common_12,weekly,2023-04-10,0.019426897585034728
full_common_12,weekly,2023-04-17,0.033895579690326486
full_common_12,weekly,2023-04-24,0.025790427056711904
full_common_12,weekly,2023-05-01,0.013469777913507744
full_common_12,weekly,2023-05-08,0.01796817204824243
full_common_12,weekly,2023-05-15,0.0190009071441314
full_common_12,weekly,2023-05-22,0.03588477015377339
full_common_12,weekly,2023-05-29,0.0166261699068566
full_common_12,weekly,2023-06-05,0.03340882402450175
full_common_12,weekly,2023-06-12,0.06306113839284382
full_common_12,weekly,2023-06-19,0.02332050487459801
full_common_12,weekly,2023-06-26,0.09600450420104026
full_common_12,weekly,2023-07-03,0.10016225430321496
full_common_12,weekly,2023-07-10,0.03891836891817552
full_common_12,weekly,2023-07-17,0.11040869953348892
full_common_12,weekly,2023-07-24,0.050207084246180034
full_common_12,weekly,2023-07-31,0.027362284453604405
full_common_12,weekly,2023-08-07,0.03707242954326076
full_common_12,weekly,2023-08-14,0.010742655877569354
full_common_12,weekly,2023-08-21,0.04783754394215947
full_common_12,weekly,2023-08-28,0.022862891841660196
full_common_12,weekly,2023-09-04,0.0142371401558508
full_common_12,weekly,2023-09-11,0.026037892063320883
full_common_12,weekly,2023-09-18,0.03580712200762955
full_common_12,weekly,2023-09-25,0.02693427114932201
full_common_12,weekly,2023-10-02,0.03176208868175959
full_common_12,weekly,2023-10-09,0.016674160178289252
full_common_12,weekly,2023-10-16,0.012815823026832929
full_common_12,weekly,2023-10-23,0.04979685524595577
full_common_12,weekly,2023-10-30,0.02942678635121028
full_common_12,weekly,2023-11-06,0.04550968490533808
full_common_12,weekly,2023-11-13,0.058921391453917046
full_common_12,weekly,2023-11-20,0.02360053008337623
full_common_12,weekly,2023-11-27,0.016113578870757914
full_common_12,weekly,2023-12-04,0.025207820665651123
full_common_12,weekly,2023-12-11,0.08705859533830532
full_common_12,weekly,2023-12-18,0.02032463426863372
full_common_12,weekly,2023-12-25,0.042571505692439324
full_common_12,weekly,2024-01-01,0.030477269547826327
full_common_12,weekly,2024-01-08,0.04774269510878011
full_common_12,weekly,2024-01-15,0.055849959130547966
full_common_12,weekly,2024-01-22,0.034361014826639114
full_common_12,weekly,2024-01-29,0.029418814216398553
full_common_12,weekly,2024-02-05,0.049545213501623636
full_common_12,weekly,2024-02-12,0.03429085142594643
full_common_12,weekly,2024-02-19,0.042691454202431894
full_common_12,weekly,2024-02-26,0.026316202105590977
full_common_12,weekly,2024-03-04,0.13106831168091693
full_common_12,weekly,2024-03-11,0.057080292368683616
full_common_12,weekly,2024-03-18,0.034979969665365554
full_common_12,weekly,2024-03-25,0.05956518003827842
full_common_12,weekly,2024-04-01,0.08116025366359664
full_common_12,weekly,2024-04-08,0.03029352617563101
full_common_12,weekly,2024-04-15,0.06255823786285833
full_common_12,weekly,2024-04-22,0.03091603892940599
full_common_12,weekly,2024-04-29,0.042114429637801126
full_common_12,weekly,2024-05-06,0.03359893665600279
full_common_12,weekly,2024-05-13,0.03183548899691094
full_common_12,weekly,2024-05-20,0.04231290661371766
full_common_12,weekly,2024-05-27,0.05979569172203078
full_common_12,weekly,2024-06-03,0.029885062531903178
full_common_12,weekly,2024-06-10,0.035154381117422695
full_common_12,weekly,2024-06-17,0.02726345276550554
full_common_12,weekly,2024-06-24,0.03778006566109496
full_common_12,weekly,2024-07-01,0.023451704293970616
full_common_12,weekly,2024-07-08,0.0493017504047199
full_common_12,weekly,2024-07-15,0.05097700827711893
full_common_12,weekly,2024-07-22,0.0465487264435171
full_common_12,weekly,2024-07-29,0.04460372247120652
full_common_12,weekly,2024-08-05,0.03425234523694705
full_common_12,weekly,2024-08-12,0.040049782062060085
full_common_12,weekly,2024-08-19,0.025731428617231974
full_common_12,weekly,2024-08-26,0.04257637880263829
full_common_12,weekly,2024-09-02,0.030074333814207085
full_common_12,weekly,2024-09-09,0.023275823011366728
full_common_12,weekly,2024-09-16,0.027747390390607626
full_common_12,weekly,2024-09-23,0.029448010410547676
full_common_12,weekly,2024-09-30,0.03986126014315132
full_common_12,weekly,2024-10-07,0.031870326366841034
full_common_12,weekly,2024-10-14,0.017314751173864884
full_common_12,weekly,2024-10-21,0.04536615893976689
full_common_12,weekly,2024-10-28,0.03543721034328007
full_common_12,weekly,2024-11-04,0.024165359993980576
full_common_12,weekly,2024-11-11,0.12892158413429716
full_common_12,weekly,2024-11-18,0.17170926403254191
full_common_12,weekly,2024-11-25,0.21378038651802572
full_common_12,weekly,2024-12-02,0.0969984546059442
full_common_12,weekly,2024-12-09,0.09882013875838104
full_common_12,weekly,2024-12-16,0.06218399208760006
full_common_12,weekly,2024-12-23,0.0489011749215536
full_common_12,weekly,2024-12-30,0.023299643931936634
full_common_12,weekly,2025-01-06,0.05978034378685028
full_common_12,weekly,2025-01-13,0.04821372329410592
full_common_12,weekly,2025-01-20,0.06789576628504258
full_common_12,weekly,2025-01-27,0.03035041709454117
full_common_12,weekly,2025-02-03,0.04294654754808569
full_common_12,weekly,2025-02-10,0.039482017273951855
full_common_12,weekly,2025-02-17,0.046830346832420836
full_common_12,weekly,2025-02-24,0.033138538529344744
full_common_12,weekly,2025-03-03,0.08317968780713869
full_common_12,weekly,2025-03-10,0.10629618684640325
full_common_12,weekly,2025-03-17,0.04093844507106549
full_common_12,weekly,2025-03-24,0.02646071682526828
full_common_12,weekly,2025-03-31,0.026576500788778615
full_common_12,weekly,2025-04-07,0.04231676932510961
full_common_12,weekly,2025-04-14,0.038796400527370226
full_common_12,weekly,2025-04-21,0.031082279118009537
full_common_12,weekly,2025-04-28,0.037858137445778706
full_common_12,weekly,2025-05-05,0.02768466690901869
full_common_12,weekly,2025-05-12,0.06876759662749168
full_common_12,weekly,2025-05-19,0.033343676672159706
full_common_12,weekly,2025-05-26,0.02756447399697766
full_common_12,weekly,2025-06-02,0.03277242383415378
full_common_12,weekly,2025-06-09,0.0192927622672288
full_common_12,weekly,2025-06-16,0.030736239792969217
full_common_12,weekly,2025-06-23,0.04606257084644931
full_common_12,weekly,2025-06-30,0.02521097571119557
full_common_12,weekly,2025-07-07,0.022421183526498828
full_common_12,weekly,2025-07-14,0.10984094033165144
full_common_12,weekly,2025-07-21,0.09215361855596031
full_common_12,weekly,2025-07-28,0.04166244916774964
full_common_12,weekly,2025-08-04,0.04891196371712296
full_common_12,weekly,2025-08-11,0.05705161536050672
full_common_12,weekly,2025-08-18,0.05679437089005028
full_common_12,weekly,2025-08-25,0.028386264397678662
full_common_12,weekly,2025-09-01,0.02039527777406905
full_common_12,weekly,2025-09-08,0.03289543300260768
full_common_12,weekly,2025-09-15,0.03236896618236708
full_common_12,weekly,2025-09-22,0.017457620134594662
full_common_12,weekly,2025-09-29,0.01951765752733571
full_common_12,weekly,2025-10-06,0.025865390462747564
full_common_12,weekly,2025-10-13,0.04503661945806217
full_common_12,weekly,2025-10-20,0.02000632942520099
full_common_12,weekly,2025-10-27,0.030500946525640046
full_common_12,weekly,2025-11-03,0.026841757959579604
full_common_12,weekly,2025-11-10,0.046665503067193956
full_common_12,weekly,2025-11-17,0.0411388753410903
full_common_12,weekly,2025-11-24,0.04983350941525326
full_common_12,weekly,2025-12-01,0.019298611725552625
full_common_12,weekly,2025-12-08,0.039623616359805575
full_common_12,weekly,2025-12-15,0.013286197197085847
full_common_12,weekly,2025-12-22,0.0330877636694621
full_common_12,weekly,2025-12-29,0.021470246445934663
full_common_12,weekly,2026-01-05,0.038477999260906365
full_common_12,weekly,2026-01-12,0.020681269768724003
full_common_12,weekly,2026-01-19,0.039190925722622755
full_common_12,weekly,2026-01-26,0.025803728217500363
full_common_12,weekly,2026-02-02,0.03489691004268704
full_common_12,weekly,2026-02-09,0.026847265741254095
full_common_12,weekly,2026-02-16,0.02532320741435279
full_common_12,weekly,2026-02-23,0.027586055159045497
full_common_12,weekly,2026-03-02,0.04603861534172271
full_common_12,weekly,2026-03-09,0.02679176757705469
full_common_12,weekly,2026-03-16,0.028007819859562688
full_common_12,weekly,2026-03-23,0.027893914824857938
full_common_12,weekly,2026-03-30,0.03056539292545679
full_common_12,weekly,2026-04-06,0.032473958529912375
full_common_12,weekly,2026-04-13,0.025642727268389995
full_common_12,weekly,2026-04-20,0.01640180288987264
full_common_12,weekly,2026-04-27,0.015352350897002695
full_common_12,weekly,2026-05-04,0.029410765810229153
full_common_12,weekly,2026-05-11,0.04328259395962472
full_common_12,weekly,2026-05-18,0.03745048974893861
full_common_12,weekly,2026-05-25,0.0300942074382035
full_common_12,weekly,2026-06-01,0.11990321940508294
full_common_12,weekly,2026-06-08,0.05300003212323902
full_common_12,weekly,2026-06-15,0.03676032046735672
full_common_12,weekly,2026-06-22,0.0444757708004178
full_common_12,weekly,2026-06-29,0.038673988487768526
full_common_12,weekly,2026-07-06,0.0621045717178849
full_common_12,weekly,2026-07-13,0.03519123370732963
full_common_12,weekly,2026-07-20,0.02939892143672411
full_common_12,weekly,2026-07-27,0.012531484745892621
full_common_12,monthly,2020-08-21,1.0
full_common_12,monthly,2020-09-01,0.17249984705941357
full_common_12,monthly,2020-10-01,0.07579377454948386
full_common_12,monthly,2020-11-01,0.08646432848324961
full_common_12,monthly,2020-12-01,0.2408667451362637
full_common_12,monthly,2021-01-01,0.29388294906623164
full_common_12,monthly,2021-02-01,0.47335622275110206
full_common_12,monthly,2021-03-01,0.3149192110612612
full_common_12,monthly,2021-04-01,0.1482243099409
full_common_12,monthly,2021-05-01,0.4948657404595802
full_common_12,monthly,2021-06-01,0.29885411021523306
full_common_12,monthly,2021-07-01,0.09279173061076754
full_common_12,monthly,2021-08-01,0.07966220848938653
full_common_12,monthly,2021-09-01,0.16417849555566436
full_common_12,monthly,2021-10-01,0.0853512707333912
full_common_12,monthly,2021-11-01,0.09751227381069548
full_common_12,monthly,2021-12-01,0.07767689424822216
full_common_12,monthly,2022-01-01,0.04967483401802186
full_common_12,monthly,2022-02-01,0.060291776116289594
full_common_12,monthly,2022-03-01,0.0916291916600148
full_common_12,monthly,2022-04-01,0.07236461014589679
full_common_12,monthly,2022-05-01,0.1086760271575841
full_common_12,monthly,2022-06-01,0.15272046217528898
full_common_12,monthly,2022-07-01,0.12256247225199006
full_common_12,monthly,2022-08-01,0.191897422775051
full_common_12,monthly,2022-09-01,0.03132890475229157
full_common_12,monthly,2022-10-01,0.10771882875153453
full_common_12,monthly,2022-11-01,0.1593880719862345
full_common_12,monthly,2022-12-01,0.12435081619573178
full_common_12,monthly,2023-01-01,0.09489015398115916
full_common_12,monthly,2023-02-01,0.06458657985623298
full_common_12,monthly,2023-03-01,0.052228040355465355
full_common_12,monthly,2023-04-01,0.11738089820971973
full_common_12,monthly,2023-05-01,0.054413186631621424
full_common_12,monthly,2023-06-01,0.05879001235996463
full_common_12,monthly,2023-07-01,0.22793381045504324
full_common_12,monthly,2023-08-01,0.15028723016105444
full_common_12,monthly,2023-09-01,0.06703578331967107
full_common_12,monthly,2023-10-01,0.07742805751836922
full_common_12,monthly,2023-11-01,0.06804829139719314
full_common_12,monthly,2023-12-01,0.09196271796851518
full_common_12,monthly,2024-01-01,0.11057946457310955
full_common_12,monthly,2024-02-01,0.0927114209949362
full_common_12,monthly,2024-03-01,0.07507291005686396
full_common_12,monthly,2024-04-01,0.22124711172194786
full_common_12,monthly,2024-05-01,0.10533408703400023
full_common_12,monthly,2024-06-01,0.08856057900706674
full_common_12,monthly,2024-07-01,0.06701813380186922
full_common_12,monthly,2024-08-01,0.08400944298776528
full_common_12,monthly,2024-09-01,0.08437203676665556
full_common_12,monthly,2024-10-01,0.0239491127280915
full_common_12,monthly,2024-11-01,0.1034217991730201
full_common_12,monthly,2024-12-01,0.4244700675112896
full_common_12,monthly,2025-01-01,0.1622016941117388
full_common_12,monthly,2025-02-01,0.10754467856302173
full_common_12,monthly,2025-03-01,0.11638058443010266
full_common_12,monthly,2025-04-01,0.0935013238352588
full_common_12,monthly,2025-05-01,0.042414570405977986
full_common_12,monthly,2025-06-01,0.07520874351010264
full_common_12,monthly,2025-07-01,0.08139897445554632
full_common_12,monthly,2025-08-01,0.09519851706758876
full_common_12,monthly,2025-09-01,0.08782351309128972
full_common_12,monthly,2025-10-01,0.04708067683815824
full_common_12,monthly,2025-11-01,0.06908713039436344
full_common_12,monthly,2025-12-01,0.08067775518853895
full_common_12,monthly,2026-01-01,0.09633297513407742
full_common_12,monthly,2026-02-01,0.047481934103951795
full_common_12,monthly,2026-03-01,0.05656111544228076
full_common_12,monthly,2026-04-01,0.06744436983312656
full_common_12,monthly,2026-05-01,0.04438694972954055
full_common_12,monthly,2026-06-01,0.1173911334516049
full_common_12,monthly,2026-07-01,0.08403527090063242
full_common_12,monthly,2026-08-01,0.06832334160781682
start_2018_no_dot,buyhold,2018-01-02,1.0
start_2018_no_dot,daily,2018-01-02,1.0
start_2018_no_dot,daily,2018-01-03,0.08264102185001249
start_2018_no_dot,daily,2018-01-04,0.14192232048388115
start_2018_no_dot,daily,2018-01-05,0.21675971611665112
start_2018_no_dot,daily,2018-01-06,0.07611262909895454
start_2018_no_dot,daily,2018-01-07,0.07260625781131308
start_2018_no_dot,daily,2018-01-08,0.06959713896478265
start_2018_no_dot,daily,2018-01-09,0.07339194387609303
start_2018_no_dot,daily,2018-01-10,0.078575084481836
start_2018_no_dot,daily,2018-01-11,0.049376705564975795
start_2018_no_dot,daily,2018-01-12,0.043781767013706466
start_2018_no_dot,daily,2018-01-13,0.06141858912768479
start_2018_no_dot,daily,2018-01-14,0.04764233356639282
start_2018_no_dot,daily,2018-01-15,0.037564205064842676
start_2018_no_dot,daily,2018-01-16,0.04213306538759452
start_2018_no_dot,daily,2018-01-17,0.07077419950415587
start_2018_no_dot,daily,2018-01-18,0.08540458712532044
start_2018_no_dot,daily,2018-01-19,0.03633467947799404
start_2018_no_dot,daily,2018-01-20,0.024446814117155352
start_2018_no_dot,daily,2018-01-21,0.06482637763692581
start_2018_no_dot,daily,2018-01-22,0.03680932305814685
start_2018_no_dot,daily,2018-01-23,0.032038860162463864
start_2018_no_dot,daily,2018-01-24,0.009203950606253106
start_2018_no_dot,daily,2018-01-25,0.035790336282422314
start_2018_no_dot,daily,2018-01-26,0.029523969163425826
start_2018_no_dot,daily,2018-01-27,0.0237529606732219
start_2018_no_dot,daily,2018-01-28,0.020779835548423678
start_2018_no_dot,daily,2018-01-29,0.047598476217046506
start_2018_no_dot,daily,2018-01-30,0.014691091219346988
start_2018_no_dot,daily,2018-01-31,0.025579271632455658
start_2018_no_dot,daily,2018-02-01,0.026530785569762988
start_2018_no_dot,daily,2018-02-02,0.028460807483303735
start_2018_no_dot,daily,2018-02-03,0.02454282386731388
start_2018_no_dot,daily,2018-02-04,0.04045780764047492
start_2018_no_dot,daily,2018-02-05,0.024493245140784353
start_2018_no_dot,daily,2018-02-06,0.039654216447377544
start_2018_no_dot,daily,2018-02-07,0.036990571382360074
start_2018_no_dot,daily,2018-02-08,0.030754463015309375
start_2018_no_dot,daily,2018-02-09,0.05082804582699117
start_2018_no_dot,daily,2018-02-10,0.05383692708415379
start_2018_no_dot,daily,2018-02-11,0.037122845508858485
start_2018_no_dot,daily,2018-02-12,0.03101799156277177
start_2018_no_dot,daily,2018-02-13,0.036633394873158254
start_2018_no_dot,daily,2018-02-14,0.0589055149294139
start_2018_no_dot,daily,2018-02-15,0.051594816438230676
start_2018_no_dot,daily,2018-02-16,0.026938882166509207
start_2018_no_dot,daily,2018-02-17,0.050057138218808334
start_2018_no_dot,daily,2018-02-18,0.02399001567230491
start_2018_no_dot,daily,2018-02-19,0.04116974452520358
start_2018_no_dot,daily,2018-02-20,0.021004733492015162
start_2018_no_dot,daily,2018-02-21,0.04742763441964476
start_2018_no_dot,daily,2018-02-22,0.016826287009790025
start_2018_no_dot,daily,2018-02-23,0.013243596729843557
start_2018_no_dot,daily,2018-02-24,0.026206865454973596
start_2018_no_dot,daily,2018-02-25,0.02130574862594871
start_2018_no_dot,daily,2018-02-26,0.029455338738743425
start_2018_no_dot,daily,2018-02-27,0.02069441296665904
start_2018_no_dot,daily,2018-02-28,0.016573766778666746
start_2018_no_dot,daily,2018-03-01,0.023837987067826
start_2018_no_dot,daily,2018-03-02,0.02742651244318353
start_2018_no_dot,daily,2018-03-03,0.03839646951615018
start_2018_no_dot,daily,2018-03-04,0.03193992123758645
start_2018_no_dot,daily,2018-03-05,0.02395948484193003
start_2018_no_dot,daily,2018-03-06,0.020776667539322738
start_2018_no_dot,daily,2018-03-07,0.019338093043784338
start_2018_no_dot,daily,2018-03-08,0.03604989196046199
start_2018_no_dot,daily,2018-03-09,0.023026013819784447
start_2018_no_dot,daily,2018-03-10,0.018269520824959917
start_2018_no_dot,daily,2018-03-11,0.008526853109454627
start_2018_no_dot,daily,2018-03-12,0.024005694747636364
start_2018_no_dot,daily,2018-03-13,0.017497244853934585
start_2018_no_dot,daily,2018-03-14,0.020981512072503858
start_2018_no_dot,daily,2018-03-15,0.02764533745508499
start_2018_no_dot,daily,2018-03-16,0.027295167662377606
start_2018_no_dot,daily,2018-03-17,0.018436948754400537
start_2018_no_dot,daily,2018-03-18,0.024660896961546927
start_2018_no_dot,daily,2018-03-19,0.022144929245988695
start_2018_no_dot,daily,2018-03-20,0.05376766747937875
start_2018_no_dot,daily,2018-03-21,0.03433694944839044
start_2018_no_dot,daily,2018-03-22,0.031234957046867795
start_2018_no_dot,daily,2018-03-23,0.017105186379484008
start_2018_no_dot,daily,2018-03-24,0.03034096330380441
start_2018_no_dot,daily,2018-03-25,0.04017925069599136
start_2018_no_dot,daily,2018-03-26,0.018078629978513228
start_2018_no_dot,daily,2018-03-27,0.018593707524336353
start_2018_no_dot,daily,2018-03-28,0.019453861973718664
start_2018_no_dot,daily,2018-03-29,0.02571317404643364
start_2018_no_dot,daily,2018-03-30,0.029870801501793498
start_2018_no_dot,daily,2018-03-31,0.021063683473950948
start_2018_no_dot,daily,2018-04-01,0.040397811983124435
start_2018_no_dot,daily,2018-04-02,0.01828519785107889
start_2018_no_dot,daily,2018-04-03,0.018989460179454104
start_2018_no_dot,daily,2018-04-04,0.025156221348288002
start_2018_no_dot,daily,2018-04-05,0.02490812572151549
start_2018_no_dot,daily,2018-04-06,0.05487269780223346
start_2018_no_dot,daily,2018-04-07,0.013009497711321136
start_2018_no_dot,daily,2018-04-08,0.015779171168143924
start_2018_no_dot,daily,2018-04-09,0.015875863453687897
start_2018_no_dot,daily,2018-04-10,0.011173207671461696
start_2018_no_dot,daily,2018-04-11,0.0319456541948232
start_2018_no_dot,daily,2018-04-12,0.029856133426735335
start_2018_no_dot,daily,2018-04-13,0.03245784630520848
start_2018_no_dot,daily,2018-04-14,0.022212719118767876
start_2018_no_dot,daily,2018-04-15,0.01177992197709013
start_2018_no_dot,daily,2018-04-16,0.023013184722419894
start_2018_no_dot,daily,2018-04-17,0.03376225877890825
start_2018_no_dot,daily,2018-04-18,0.025379105552576234
start_2018_no_dot,daily,2018-04-19,0.03797618347756923
start_2018_no_dot,daily,2018-04-20,0.023718911321783456
start_2018_no_dot,daily,2018-04-21,0.03483818089978688
start_2018_no_dot,daily,2018-04-22,0.029034744604497523
start_2018_no_dot,daily,2018-04-23,0.018498142301150447
start_2018_no_dot,daily,2018-04-24,0.046281640234833665
start_2018_no_dot,daily,2018-04-25,0.029357213301264118
start_2018_no_dot,daily,2018-04-26,0.03190681570126831
start_2018_no_dot,daily,2018-04-27,0.025423429177513696
start_2018_no_dot,daily,2018-04-28,0.01919369699352974
start_2018_no_dot,daily,2018-04-29,0.03750032334261191
start_2018_no_dot,daily,2018-04-30,0.023780547828230275
start_2018_no_dot,daily,2018-05-01,0.03292400690762304
start_2018_no_dot,daily,2018-05-02,0.013113182008866756
start_2018_no_dot,daily,2018-05-03,0.015628306517069895
start_2018_no_dot,daily,2018-05-04,0.03484076677193425
start_2018_no_dot,daily,2018-05-05,0.02046330089009049
start_2018_no_dot,daily,2018-05-06,0.030514216421342097
start_2018_no_dot,daily,2018-05-07,0.029575561093718186
start_2018_no_dot,daily,2018-05-08,0.02189606480399288
start_2018_no_dot,daily,2018-05-09,0.024542722573652892
start_2018_no_dot,daily,2018-05-10,0.013861052221018272
start_2018_no_dot,daily,2018-05-11,0.020219591713031948
start_2018_no_dot,daily,2018-05-12,0.015492119245629599
start_2018_no_dot,daily,2018-05-13,0.02663399895733279
start_2018_no_dot,daily,2018-05-14,0.027878603147365233
start_2018_no_dot,daily,2018-05-15,0.020832887600192432
start_2018_no_dot,daily,2018-05-16,0.019228363185300926
start_2018_no_dot,daily,2018-05-17,0.022304138789522684
start_2018_no_dot,daily,2018-05-18,0.011112246661572941
start_2018_no_dot,daily,2018-05-19,0.015293404781171804
start_2018_no_dot,daily,2018-05-20,0.01287754015779037
start_2018_no_dot,daily,2018-05-21,0.02262337773504866
start_2018_no_dot,daily,2018-05-22,0.01994615499851876
start_2018_no_dot,daily,2018-05-23,0.020730313675841883
start_2018_no_dot,daily,2018-05-24,0.016460655865631113
start_2018_no_dot,daily,2018-05-25,0.0167149389894915
start_2018_no_dot,daily,2018-05-26,0.012759206780063315
start_2018_no_dot,daily,2018-05-27,0.016279649401209684
start_2018_no_dot,daily,2018-05-28,0.013144049029375604
start_2018_no_dot,daily,2018-05-29,0.025706675927884712
start_2018_no_dot,daily,2018-05-30,0.023486583505820377
start_2018_no_dot,daily,2018-05-31,0.01629698141134442
start_2018_no_dot,daily,2018-06-01,0.020098659599885563
start_2018_no_dot,daily,2018-06-02,0.012794889013134692
start_2018_no_dot,daily,2018-06-03,0.01332618274922484
start_2018_no_dot,daily,2018-06-04,0.018807456365949604
start_2018_no_dot,daily,2018-06-05,0.011866747952431561
start_2018_no_dot,daily,2018-06-06,0.010323306689160386
start_2018_no_dot,daily,2018-06-07,0.013084556866545083
start_2018_no_dot,daily,2018-06-08,0.014514574466195848
start_2018_no_dot,daily,2018-06-09,0.01098198335667186
start_2018_no_dot,daily,2018-06-10,0.007761834391807845
start_2018_no_dot,daily,2018-06-11,0.027803593250224357
start_2018_no_dot,daily,2018-06-12,0.012775971678949338
start_2018_no_dot,daily,2018-06-13,0.04467066865889163
start_2018_no_dot,daily,2018-06-14,0.014405111730124834
start_2018_no_dot,daily,2018-06-15,0.021413873629007915
start_2018_no_dot,daily,2018-06-16,0.014872252017400112
start_2018_no_dot,daily,2018-06-17,0.010050109747346117
start_2018_no_dot,daily,2018-06-18,0.006250407059024812
start_2018_no_dot,daily,2018-06-19,0.016940522503550007
start_2018_no_dot,daily,2018-06-20,0.019659317712495364
start_2018_no_dot,daily,2018-06-21,0.02267283897580659
start_2018_no_dot,daily,2018-06-22,0.01031983448816133
start_2018_no_dot,daily,2018-06-23,0.016279953774530564
start_2018_no_dot,daily,2018-06-24,0.014414843197977284
start_2018_no_dot,daily,2018-06-25,0.014638380409407056
start_2018_no_dot,daily,2018-06-26,0.01505361417584436
start_2018_no_dot,daily,2018-06-27,0.017373279478259812
start_2018_no_dot,daily,2018-06-28,0.011433569994783468
start_2018_no_dot,daily,2018-06-29,0.012349541491394778
start_2018_no_dot,daily,2018-06-30,0.017660676818601548
start_2018_no_dot,daily,2018-07-01,0.03816064432716573
start_2018_no_dot,daily,2018-07-02,0.01201776661528317
start_2018_no_dot,daily,2018-07-03,0.022458999785308173
start_2018_no_dot,daily,2018-07-04,0.011683428904138413
start_2018_no_dot,daily,2018-07-05,0.008579895031379042
start_2018_no_dot,daily,2018-07-06,0.018661653391222735
start_2018_no_dot,daily,2018-07-07,0.020758582171663695
start_2018_no_dot,daily,2018-07-08,0.01237980905375377
start_2018_no_dot,daily,2018-07-09,0.014024817049587135
start_2018_no_dot,daily,2018-07-10,0.013474340915236166
start_2018_no_dot,daily,2018-07-11,0.016212586829887507
start_2018_no_dot,daily,2018-07-12,0.013378619830068536
start_2018_no_dot,daily,2018-07-13,0.010282250986982058
start_2018_no_dot,daily,2018-07-14,0.026806729499233656
start_2018_no_dot,daily,2018-07-15,0.0085138562785574
start_2018_no_dot,daily,2018-07-16,0.01021396746166267
start_2018_no_dot,daily,2018-07-17,0.025249345351754007
start_2018_no_dot,daily,2018-07-18,0.024021867501290525
start_2018_no_dot,daily,2018-07-19,0.058970470825988816
start_2018_no_dot,daily,2018-07-20,0.019127132473482925
start_2018_no_dot,daily,2018-07-21,0.024251358810803064
start_2018_no_dot,daily,2018-07-22,0.01596179511982275
start_2018_no_dot,daily,2018-07-23,0.024350888660971667
start_2018_no_dot,daily,2018-07-24,0.01364051916835024
start_2018_no_dot,daily,2018-07-25,0.02395957593396701
start_2018_no_dot,daily,2018-07-26,0.050213657583642976
start_2018_no_dot,daily,2018-07-27,0.019160380874114355
start_2018_no_dot,daily,2018-07-28,0.010313769348973503
start_2018_no_dot,daily,2018-07-29,0.009927520757834568
start_2018_no_dot,daily,2018-07-30,0.036167441765145386
start_2018_no_dot,daily,2018-07-31,0.018961618107526487
start_2018_no_dot,daily,2018-08-01,0.016746963130189432
start_2018_no_dot,daily,2018-08-02,0.02270987105863194
start_2018_no_dot,daily,2018-08-03,0.025916949159547994
start_2018_no_dot,daily,2018-08-04,0.03029527462005563
start_2018_no_dot,daily,2018-08-05,0.02059750814605546
start_2018_no_dot,daily,2018-08-06,0.017726211819635088
start_2018_no_dot,daily,2018-08-07,0.02074058288472863
start_2018_no_dot,daily,2018-08-08,0.01987682900728563
start_2018_no_dot,daily,2018-08-09,0.02882406837375348
start_2018_no_dot,daily,2018-08-10,0.03560459887666845
start_2018_no_dot,daily,2018-08-11,0.02358982357368898
start_2018_no_dot,daily,2018-08-12,0.022359488091644328
start_2018_no_dot,daily,2018-08-13,0.012538704451911922
start_2018_no_dot,daily,2018-08-14,0.03623735712589296
start_2018_no_dot,daily,2018-08-15,0.02002462337568056
start_2018_no_dot,daily,2018-08-16,0.0213230446929301
start_2018_no_dot,daily,2018-08-17,0.017187668704950795
start_2018_no_dot,daily,2018-08-18,0.04552261330574674
start_2018_no_dot,daily,2018-08-19,0.01882855920189093
start_2018_no_dot,daily,2018-08-20,0.018798545648133658
start_2018_no_dot,daily,2018-08-21,0.02008864316540908
start_2018_no_dot,daily,2018-08-22,0.01682503202376838
start_2018_no_dot,daily,2018-08-23,0.014524965762040487
start_2018_no_dot,daily,2018-08-24,0.012470938732118492
start_2018_no_dot,daily,2018-08-25,0.012847921351721747
start_2018_no_dot,daily,2018-08-26,0.014413979293822987
start_2018_no_dot,daily,2018-08-27,0.013013814156819167
start_2018_no_dot,daily,2018-08-28,0.015445733353703917
start_2018_no_dot,daily,2018-08-29,0.013969381571352121
start_2018_no_dot,daily,2018-08-30,0.01741822295133627
start_2018_no_dot,daily,2018-08-31,0.041506888441462206
start_2018_no_dot,daily,2018-09-01,0.07804671291030528
start_2018_no_dot,daily,2018-09-02,0.05130506931244894
start_2018_no_dot,daily,2018-09-03,0.04013487027409865
start_2018_no_dot,daily,2018-09-04,0.02087483402226613
start_2018_no_dot,daily,2018-09-05,0.013778116148105549
start_2018_no_dot,daily,2018-09-06,0.03532187442851882
start_2018_no_dot,daily,2018-09-07,0.019329603346181126
start_2018_no_dot,daily,2018-09-08,0.02348386393473853
start_2018_no_dot,daily,2018-09-09,0.026099769854704413
start_2018_no_dot,daily,2018-09-10,0.013372113187898604
start_2018_no_dot,daily,2018-09-11,0.03529839058093741
start_2018_no_dot,daily,2018-09-12,0.03509265775850884
start_2018_no_dot,daily,2018-09-13,0.018812856887002932
start_2018_no_dot,daily,2018-09-14,0.025785235327409728
start_2018_no_dot,daily,2018-09-15,0.016395799934807373
start_2018_no_dot,daily,2018-09-16,0.012394869271362435
start_2018_no_dot,daily,2018-09-17,0.013554481531918516
start_2018_no_dot,daily,2018-09-18,0.023669114516730136
start_2018_no_dot,daily,2018-09-19,0.035881159767300386
start_2018_no_dot,daily,2018-09-20,0.02809268866426723
start_2018_no_dot,daily,2018-09-21,0.05709803974386411
start_2018_no_dot,daily,2018-09-22,0.04746358867681198
start_2018_no_dot,daily,2018-09-23,0.021478923314309506
start_2018_no_dot,daily,2018-09-24,0.03306185421565852
start_2018_no_dot,daily,2018-09-25,0.024239454599332355
start_2018_no_dot,daily,2018-09-26,0.021642658421916552
start_2018_no_dot,daily,2018-09-27,0.0365454346748304
start_2018_no_dot,daily,2018-09-28,0.023197544331269193
start_2018_no_dot,daily,2018-09-29,0.009182174432458959
start_2018_no_dot,daily,2018-09-30,0.015884830270813124
start_2018_no_dot,daily,2018-10-01,0.007539590083295675
start_2018_no_dot,daily,2018-10-02,0.005300417907681015
start_2018_no_dot,daily,2018-10-03,0.018433637801673536
start_2018_no_dot,daily,2018-10-04,0.011738860370841028
start_2018_no_dot,daily,2018-10-05,0.012818504130435157
start_2018_no_dot,daily,2018-10-06,0.018977055553237435
start_2018_no_dot,daily,2018-10-07,0.014215744792060253
start_2018_no_dot,daily,2018-10-08,0.024711954583280613
start_2018_no_dot,daily,2018-10-09,0.007921126948680912
start_2018_no_dot,daily,2018-10-10,0.008230907021374037
start_2018_no_dot,daily,2018-10-11,0.009426629249104479
start_2018_no_dot,daily,2018-10-12,0.03302365240731116
start_2018_no_dot,daily,2018-10-13,0.01798983563292869
start_2018_no_dot,daily,2018-10-14,0.011334695923659197
start_2018_no_dot,daily,2018-10-15,0.013525269449142452
start_2018_no_dot,daily,2018-10-16,0.015135323773537462
start_2018_no_dot,daily,2018-10-17,0.022462092661360664
start_2018_no_dot,daily,2018-10-18,0.025112010870420573
start_2018_no_dot,daily,2018-10-19,0.010741154807573233
start_2018_no_dot,daily,2018-10-20,0.010580854385998456
start_2018_no_dot,daily,2018-10-21,0.004977886826321332
start_2018_no_dot,daily,2018-10-22,0.0037964279163136966
start_2018_no_dot,daily,2018-10-23,0.01573872782473014
start_2018_no_dot,daily,2018-10-24,0.024554524019324106
start_2018_no_dot,daily,2018-10-25,0.017550098210500492
start_2018_no_dot,daily,2018-10-26,0.01321014116544017
start_2018_no_dot,daily,2018-10-27,0.014193030843020205
start_2018_no_dot,daily,2018-10-28,0.014358223101891845
start_2018_no_dot,daily,2018-10-29,0.00882373066140546
start_2018_no_dot,daily,2018-10-30,0.00736468349894602
start_2018_no_dot,daily,2018-10-31,0.012772620070478052
start_2018_no_dot,daily,2018-11-01,0.020565495408995327
start_2018_no_dot,daily,2018-11-02,0.005805229985795787
start_2018_no_dot,daily,2018-11-03,0.020210852622139605
start_2018_no_dot,daily,2018-11-04,0.019227641268416945
start_2018_no_dot,daily,2018-11-05,0.03608661472499192
start_2018_no_dot,daily,2018-11-06,0.017868114019126885
start_2018_no_dot,daily,2018-11-07,0.027998073762878745
start_2018_no_dot,daily,2018-11-08,0.010955096854967691
start_2018_no_dot,daily,2018-11-09,0.024594721250544613
start_2018_no_dot,daily,2018-11-10,0.019179036794574486
start_2018_no_dot,daily,2018-11-11,0.013595096894042855
start_2018_no_dot,daily,2018-11-12,0.01832454147716632
start_2018_no_dot,daily,2018-11-13,0.02344962129404167
start_2018_no_dot,daily,2018-11-14,0.013453178105742314
start_2018_no_dot,daily,2018-11-15,0.024431112803741162
start_2018_no_dot,daily,2018-11-16,0.02053742099431581
start_2018_no_dot,daily,2018-11-17,0.015058576624592382
start_2018_no_dot,daily,2018-11-18,0.018163715118889034
start_2018_no_dot,daily,2018-11-19,0.013946936613948371
start_2018_no_dot,daily,2018-11-20,0.03619655555461222
start_2018_no_dot,daily,2018-11-21,0.052148088902010975
start_2018_no_dot,daily,2018-11-22,0.012265083823747636
start_2018_no_dot,daily,2018-11-23,0.016791988699400795
start_2018_no_dot,daily,2018-11-24,0.010456266051132132
start_2018_no_dot,daily,2018-11-25,0.026367428956937833
start_2018_no_dot,daily,2018-11-26,0.027436508675889593
start_2018_no_dot,daily,2018-11-27,0.0324746773669219
start_2018_no_dot,daily,2018-11-28,0.014308002362244485
start_2018_no_dot,daily,2018-11-29,0.029383135908446517
start_2018_no_dot,daily,2018-11-30,0.025972747596048215
start_2018_no_dot,daily,2018-12-01,0.014533569921218
start_2018_no_dot,daily,2018-12-02,0.01431107934379916
start_2018_no_dot,daily,2018-12-03,0.019119406088464824
start_2018_no_dot,daily,2018-12-04,0.025807743868047933
start_2018_no_dot,daily,2018-12-05,0.026419981755619798
start_2018_no_dot,daily,2018-12-06,0.02967525309557832
start_2018_no_dot,daily,2018-12-07,0.03211646927116782
start_2018_no_dot,daily,2018-12-08,0.03161037691046492
start_2018_no_dot,daily,2018-12-09,0.017809435313542246
start_2018_no_dot,daily,2018-12-10,0.013026789858620338
start_2018_no_dot,daily,2018-12-11,0.016869275645911952
start_2018_no_dot,daily,2018-12-12,0.017055043217036034
start_2018_no_dot,daily,2018-12-13,0.009302691421003179
start_2018_no_dot,daily,2018-12-14,0.026446717674166953
start_2018_no_dot,daily,2018-12-15,0.023597385493108025
start_2018_no_dot,daily,2018-12-16,0.012976563341117367
start_2018_no_dot,daily,2018-12-17,0.017346117638828637
start_2018_no_dot,daily,2018-12-18,0.019502517602034294
start_2018_no_dot,daily,2018-12-19,0.03076106179448715
start_2018_no_dot,daily,2018-12-20,0.04668887921084662
start_2018_no_dot,daily,2018-12-21,0.06156933610857142
start_2018_no_dot,daily,2018-12-22,0.052086677140759624
start_2018_no_dot,daily,2018-12-23,0.0149537357743431
start_2018_no_dot,daily,2018-12-24,0.026057368635449912
start_2018_no_dot,daily,2018-12-25,0.034600236354393965
start_2018_no_dot,daily,2018-12-26,0.020625387313125673
start_2018_no_dot,daily,2018-12-27,0.030209585663137348
start_2018_no_dot,daily,2018-12-28,0.02390124695906748
start_2018_no_dot,daily,2018-12-29,0.030728843130630942
start_2018_no_dot,daily,2018-12-30,0.013953120022815069
start_2018_no_dot,daily,2018-12-31,0.012639273931463801
start_2018_no_dot,daily,2019-01-01,0.012345135975330199
start_2018_no_dot,daily,2019-01-02,0.012944012339788716
start_2018_no_dot,daily,2019-01-03,0.016549247698958963
start_2018_no_dot,daily,2019-01-04,0.036384703375889324
start_2018_no_dot,daily,2019-01-05,0.035868295728502655
start_2018_no_dot,daily,2019-01-06,0.026015795461021993
start_2018_no_dot,daily,2019-01-07,0.02897547468792812
start_2018_no_dot,daily,2019-01-08,0.025778448255820943
start_2018_no_dot,daily,2019-01-09,0.03593007284052291
start_2018_no_dot,daily,2019-01-10,0.025775397888506066
start_2018_no_dot,daily,2019-01-11,0.025694614025668513
start_2018_no_dot,daily,2019-01-12,0.04338863130315691
start_2018_no_dot,daily,2019-01-13,0.020633322264132656
start_2018_no_dot,daily,2019-01-14,0.033713127978852106
start_2018_no_dot,daily,2019-01-15,0.032217218654463975
start_2018_no_dot,daily,2019-01-16,0.018845283609672747
start_2018_no_dot,daily,2019-01-17,0.011919655399688076
start_2018_no_dot,daily,2019-01-18,0.013080509949788183
start_2018_no_dot,daily,2019-01-19,0.01313366500594372
start_2018_no_dot,daily,2019-01-20,0.012968994459569977
start_2018_no_dot,daily,2019-01-21,0.010681210713193848
start_2018_no_dot,daily,2019-01-22,0.017052483576581914
start_2018_no_dot,daily,2019-01-23,0.017491944123605524
start_2018_no_dot,daily,2019-01-24,0.013090695289416449
start_2018_no_dot,daily,2019-01-25,0.008020023933546283
start_2018_no_dot,daily,2019-01-26,0.012191057328761495
start_2018_no_dot,daily,2019-01-27,0.014210222248292853
start_2018_no_dot,daily,2019-01-28,0.017456553471525235
start_2018_no_dot,daily,2019-01-29,0.0172038071744431
start_2018_no_dot,daily,2019-01-30,0.021639215831628172
start_2018_no_dot,daily,2019-01-31,0.02512145409721292
start_2018_no_dot,daily,2019-02-01,0.01825811699781897
start_2018_no_dot,daily,2019-02-02,0.017849395665051795
start_2018_no_dot,daily,2019-02-03,0.014216387558831658
start_2018_no_dot,daily,2019-02-04,0.005706391067790792
start_2018_no_dot,daily,2019-02-05,0.013787703046128433
start_2018_no_dot,daily,2019-02-06,0.014482581597960884
start_2018_no_dot,daily,2019-02-07,0.009846877706872134
start_2018_no_dot,daily,2019-02-08,0.007190551815218715
start_2018_no_dot,daily,2019-02-09,0.0437294101531628
start_2018_no_dot,daily,2019-02-10,0.016322692179242343
start_2018_no_dot,daily,2019-02-11,0.02131114722421147
start_2018_no_dot,daily,2019-02-12,0.013915405768568548
start_2018_no_dot,daily,2019-02-13,0.006333177009713836
start_2018_no_dot,daily,2019-02-14,0.012516670260256865
start_2018_no_dot,daily,2019-02-15,0.007402342056831393
start_2018_no_dot,daily,2019-02-16,0.008992956953450648
start_2018_no_dot,daily,2019-02-17,0.00762178896248257
start_2018_no_dot,daily,2019-02-18,0.016312096396991493
start_2018_no_dot,daily,2019-02-19,0.02461827330048763
start_2018_no_dot,daily,2019-02-20,0.020216759243955967
start_2018_no_dot,daily,2019-02-21,0.012433741972864232
start_2018_no_dot,daily,2019-02-22,0.011519774588976767
start_2018_no_dot,daily,2019-02-23,0.007212509277811002
start_2018_no_dot,daily,2019-02-24,0.012881508277492737
start_2018_no_dot,daily,2019-02-25,0.030086502133480866
start_2018_no_dot,daily,2019-02-26,0.024691487295579254
start_2018_no_dot,daily,2019-02-27,0.012926414034005324
start_2018_no_dot,daily,2019-02-28,0.006418565339626439
start_2018_no_dot,daily,2019-03-01,0.007837034007253815
start_2018_no_dot,daily,2019-03-02,0.00565120622396649
start_2018_no_dot,daily,2019-03-03,0.01099415175580809
start_2018_no_dot,daily,2019-03-04,0.008064488242456092
start_2018_no_dot,daily,2019-03-05,0.01327287960209693
start_2018_no_dot,daily,2019-03-06,0.02333583069809872
start_2018_no_dot,daily,2019-03-07,0.010381089325514181
start_2018_no_dot,daily,2019-03-08,0.01412606398557939
start_2018_no_dot,daily,2019-03-09,0.014137585457357785
start_2018_no_dot,daily,2019-03-10,0.01465456045137116
start_2018_no_dot,daily,2019-03-11,0.025876473626145882
start_2018_no_dot,daily,2019-03-12,0.019910222371143066
start_2018_no_dot,daily,2019-03-13,0.013402186340872785
start_2018_no_dot,daily,2019-03-14,0.010465151649828752
start_2018_no_dot,daily,2019-03-15,0.009918475933505186
start_2018_no_dot,daily,2019-03-16,0.01706324274668171
start_2018_no_dot,daily,2019-03-17,0.01757123112528136
start_2018_no_dot,daily,2019-03-18,0.005353742816748663
start_2018_no_dot,daily,2019-03-19,0.015916509307937657
start_2018_no_dot,daily,2019-03-20,0.012613299531504307
start_2018_no_dot,daily,2019-03-21,0.007757906260186631
start_2018_no_dot,daily,2019-03-22,0.013555106545926426
start_2018_no_dot,daily,2019-03-23,0.01630551405645922
start_2018_no_dot,daily,2019-03-24,0.0281351545368054
start_2018_no_dot,daily,2019-03-25,0.009192079361188613
start_2018_no_dot,daily,2019-03-26,0.013815158371576083
start_2018_no_dot,daily,2019-03-27,0.011018651057622508
start_2018_no_dot,daily,2019-03-28,0.01703717623707722
start_2018_no_dot,daily,2019-03-29,0.007118972721974065
start_2018_no_dot,daily,2019-03-30,0.016055675334861824
start_2018_no_dot,daily,2019-03-31,0.00619280844615408
start_2018_no_dot,daily,2019-04-01,0.007905509907842195
start_2018_no_dot,daily,2019-04-02,0.036978446765349435
start_2018_no_dot,daily,2019-04-03,0.0549890476766456
start_2018_no_dot,daily,2019-04-04,0.06931109238062742
start_2018_no_dot,daily,2019-04-05,0.03345781342805358
start_2018_no_dot,daily,2019-04-06,0.02179276349648311
start_2018_no_dot,daily,2019-04-07,0.021832515253002185
start_2018_no_dot,daily,2019-04-08,0.04476967662851576
start_2018_no_dot,daily,2019-04-09,0.036106363862330154
start_2018_no_dot,daily,2019-04-10,0.012557535825354946
start_2018_no_dot,daily,2019-04-11,0.018173727518434962
start_2018_no_dot,daily,2019-04-12,0.01973677457932338
start_2018_no_dot,daily,2019-04-13,0.013749348580489582
start_2018_no_dot,daily,2019-04-14,0.015638658025983423
start_2018_no_dot,daily,2019-04-15,0.01352432114493303
start_2018_no_dot,daily,2019-04-16,0.021755152267517758
start_2018_no_dot,daily,2019-04-17,0.0068652495138632336
start_2018_no_dot,daily,2019-04-18,0.008522848638852526
start_2018_no_dot,daily,2019-04-19,0.018650979559383954
start_2018_no_dot,daily,2019-04-20,0.008931878124318338
start_2018_no_dot,daily,2019-04-21,0.009773514736364078
start_2018_no_dot,daily,2019-04-22,0.012304251579766709
start_2018_no_dot,daily,2019-04-23,0.009356646160080404
start_2018_no_dot,daily,2019-04-24,0.01529728449491792
start_2018_no_dot,daily,2019-04-25,0.0186969150708544
start_2018_no_dot,daily,2019-04-26,0.010967000300148577
start_2018_no_dot,daily,2019-04-27,0.013423837032044583
start_2018_no_dot,daily,2019-04-28,0.008503047440616127
start_2018_no_dot,daily,2019-04-29,0.013962636208386073
start_2018_no_dot,daily,2019-04-30,0.016060146149979776
start_2018_no_dot,daily,2019-05-01,0.026618617881591505
start_2018_no_dot,daily,2019-05-02,0.010534469200719085
start_2018_no_dot,daily,2019-05-03,0.011976747811305893
start_2018_no_dot,daily,2019-05-04,0.022391691089216806
start_2018_no_dot,daily,2019-05-05,0.012446670063777726
start_2018_no_dot,daily,2019-05-06,0.009029507462587433
start_2018_no_dot,daily,2019-05-07,0.032869355438707615
start_2018_no_dot,daily,2019-05-08,0.016316003561955228
start_2018_no_dot,daily,2019-05-09,0.01817607188927757
start_2018_no_dot,daily,2019-05-10,0.025595229669163
start_2018_no_dot,daily,2019-05-11,0.011046036200214715
start_2018_no_dot,daily,2019-05-12,0.04147982332237431
start_2018_no_dot,daily,2019-05-13,0.0131413238190215
start_2018_no_dot,daily,2019-05-14,0.021454958743267638
start_2018_no_dot,daily,2019-05-15,0.05522574436364451
start_2018_no_dot,daily,2019-05-16,0.041298579696431956
start_2018_no_dot,daily,2019-05-17,0.04701425008102614
start_2018_no_dot,daily,2019-05-18,0.011284027820921527
start_2018_no_dot,daily,2019-05-19,0.0219813505861184
start_2018_no_dot,daily,2019-05-20,0.020363926540202762
start_2018_no_dot,daily,2019-05-21,0.028954570633660734
start_2018_no_dot,daily,2019-05-22,0.010798891995205936
start_2018_no_dot,daily,2019-05-23,0.020128282286253643
start_2018_no_dot,daily,2019-05-24,0.01826377595124161
start_2018_no_dot,daily,2019-05-25,0.019648255503163792
start_2018_no_dot,daily,2019-05-26,0.026673487675483012
start_2018_no_dot,daily,2019-05-27,0.02228284691810084
start_2018_no_dot,daily,2019-05-28,0.028258328376683378
start_2018_no_dot,daily,2019-05-29,0.01687202358158023
start_2018_no_dot,daily,2019-05-30,0.01718655019558718
start_2018_no_dot,daily,2019-05-31,0.028330255043727506
start_2018_no_dot,daily,2019-06-01,0.013785097578254274
start_2018_no_dot,daily,2019-06-02,0.026392262867662344
start_2018_no_dot,daily,2019-06-03,0.02079113059848056
start_2018_no_dot,daily,2019-06-04,0.02094929244968881
start_2018_no_dot,daily,2019-06-05,0.023082715366362944
start_2018_no_dot,daily,2019-06-06,0.03614898071391563
start_2018_no_dot,daily,2019-06-07,0.023638543013551783
start_2018_no_dot,daily,2019-06-08,0.012513370553611583
start_2018_no_dot,daily,2019-06-09,0.012984514214044618
start_2018_no_dot,daily,2019-06-10,0.015172871298944832
start_2018_no_dot,daily,2019-06-11,0.025658784654047112
start_2018_no_dot,daily,2019-06-12,0.016607839428189997
start_2018_no_dot,daily,2019-06-13,0.023622381154018296
start_2018_no_dot,daily,2019-06-14,0.09935899977884935
start_2018_no_dot,daily,2019-06-15,0.021071720718904535
start_2018_no_dot,daily,2019-06-16,0.007089500490756698
start_2018_no_dot,daily,2019-06-17,0.011855501194315166
start_2018_no_dot,daily,2019-06-18,0.030104338557750646
start_2018_no_dot,daily,2019-06-19,0.01590856579176793
start_2018_no_dot,daily,2019-06-20,0.005301695057118708
start_2018_no_dot,daily,2019-06-21,0.014500795650372864
start_2018_no_dot,daily,2019-06-22,0.02097706494296618
start_2018_no_dot,daily,2019-06-23,0.02182382617546834
start_2018_no_dot,daily,2019-06-24,0.014252348633132808
start_2018_no_dot,daily,2019-06-25,0.00973272679152283
start_2018_no_dot,daily,2019-06-26,0.036116954963081774
start_2018_no_dot,daily,2019-06-27,0.03239354499621108
start_2018_no_dot,daily,2019-06-28,0.04137972401718486
start_2018_no_dot,daily,2019-06-29,0.04404737116348534
start_2018_no_dot,daily,2019-06-30,0.048885256222367224
start_2018_no_dot,daily,2019-07-01,0.014467906352447296
start_2018_no_dot,daily,2019-07-02,0.015066570252456737
start_2018_no_dot,daily,2019-07-03,0.012382199497248753
start_2018_no_dot,daily,2019-07-04,0.016574392560113754
start_2018_no_dot,daily,2019-07-05,0.018571103069773928
start_2018_no_dot,daily,2019-07-06,0.03592519110065431
start_2018_no_dot,daily,2019-07-07,0.022148321105677424
start_2018_no_dot,daily,2019-07-08,0.019659633058910983
start_2018_no_dot,daily,2019-07-09,0.015739432385000238
start_2018_no_dot,daily,2019-07-10,0.016507269852598316
start_2018_no_dot,daily,2019-07-11,0.02116191837689542
start_2018_no_dot,daily,2019-07-12,0.01954330442153454
start_2018_no_dot,daily,2019-07-13,0.02785411582871032
start_2018_no_dot,daily,2019-07-14,0.00861050709496465
start_2018_no_dot,daily,2019-07-15,0.028103113006702568
start_2018_no_dot,daily,2019-07-16,0.024065222509934037
start_2018_no_dot,daily,2019-07-17,0.034563437171750366
start_2018_no_dot,daily,2019-07-18,0.020155744319078225
start_2018_no_dot,daily,2019-07-19,0.02670889133422928
start_2018_no_dot,daily,2019-07-20,0.029435936052142467
start_2018_no_dot,daily,2019-07-21,0.012869069367389185
start_2018_no_dot,daily,2019-07-22,0.01150672767272827
start_2018_no_dot,daily,2019-07-23,0.015454322100403747
start_2018_no_dot,daily,2019-07-24,0.01320429877089671
start_2018_no_dot,daily,2019-07-25,0.012951994341413739
start_2018_no_dot,daily,2019-07-26,0.009127007720075991
start_2018_no_dot,daily,2019-07-27,0.018080357566499686
start_2018_no_dot,daily,2019-07-28,0.008893737041368852
start_2018_no_dot,daily,2019-07-29,0.009751616541037261
start_2018_no_dot,daily,2019-07-30,0.00864286274960542
start_2018_no_dot,daily,2019-07-31,0.010277671283629775
start_2018_no_dot,daily,2019-08-01,0.01893574957812187
start_2018_no_dot,daily,2019-08-02,0.012465348695484046
start_2018_no_dot,daily,2019-08-03,0.022715712302010138
start_2018_no_dot,daily,2019-08-04,0.007564337239801697
start_2018_no_dot,daily,2019-08-05,0.01395239345268312
start_2018_no_dot,daily,2019-08-06,0.02011381964651511
start_2018_no_dot,daily,2019-08-07,0.011951436689416811
start_2018_no_dot,daily,2019-08-08,0.015407266815424245
start_2018_no_dot,daily,2019-08-09,0.013882613075976963
start_2018_no_dot,daily,2019-08-10,0.021530631507764852
start_2018_no_dot,daily,2019-08-11,0.0305424467509523
start_2018_no_dot,daily,2019-08-12,0.016831177715610143
start_2018_no_dot,daily,2019-08-13,0.012289357116892788
start_2018_no_dot,daily,2019-08-14,0.017043105725342164
start_2018_no_dot,daily,2019-08-15,0.026466904484457515
start_2018_no_dot,daily,2019-08-16,0.012987165854613389
start_2018_no_dot,daily,2019-08-17,0.010900796335072169
start_2018_no_dot,daily,2019-08-18,0.013370896532623078
start_2018_no_dot,daily,2019-08-19,0.013277946898581972
start_2018_no_dot,daily,2019-08-20,0.01547000367353979
start_2018_no_dot,daily,2019-08-21,0.019373330322147428
start_2018_no_dot,daily,2019-08-22,0.015159103222475767
start_2018_no_dot,daily,2019-08-23,0.0331767392230459
start_2018_no_dot,daily,2019-08-24,0.01089889520959754
start_2018_no_dot,daily,2019-08-25,0.008432253812595533
start_2018_no_dot,daily,2019-08-26,0.020462907052297905
start_2018_no_dot,daily,2019-08-27,0.010117969693338641
start_2018_no_dot,daily,2019-08-28,0.008703907815655526
start_2018_no_dot,daily,2019-08-29,0.02327723057273405
start_2018_no_dot,daily,2019-08-30,0.01750444441383109
start_2018_no_dot,daily,2019-08-31,0.011684627565119038
start_2018_no_dot,daily,2019-09-01,0.006633670131972955
start_2018_no_dot,daily,2019-09-02,0.008871720942554784
start_2018_no_dot,daily,2019-09-03,0.015554756787059268
start_2018_no_dot,daily,2019-09-04,0.010848614494786385
start_2018_no_dot,daily,2019-09-05,0.013141529214836717
start_2018_no_dot,daily,2019-09-06,0.01887976130481893
start_2018_no_dot,daily,2019-09-07,0.013589040173193345
start_2018_no_dot,daily,2019-09-08,0.019923827410037967
start_2018_no_dot,daily,2019-09-09,0.010952886800873612
start_2018_no_dot,daily,2019-09-10,0.005880950581757249
start_2018_no_dot,daily,2019-09-11,0.00686441586640156
start_2018_no_dot,daily,2019-09-12,0.014720823244809583
start_2018_no_dot,daily,2019-09-13,0.012286116914002734
start_2018_no_dot,daily,2019-09-14,0.01666863354008183
start_2018_no_dot,daily,2019-09-15,0.009043486078254573
start_2018_no_dot,daily,2019-09-16,0.007467869583502762
start_2018_no_dot,daily,2019-09-17,0.01238250788958506
start_2018_no_dot,daily,2019-09-18,0.023599143194859756
start_2018_no_dot,daily,2019-09-19,0.05244610496360852
start_2018_no_dot,daily,2019-09-20,0.01902979332082376
start_2018_no_dot,daily,2019-09-21,0.014291170980007081
start_2018_no_dot,daily,2019-09-22,0.017972121633285917
start_2018_no_dot,daily,2019-09-23,0.01864641398700065
start_2018_no_dot,daily,2019-09-24,0.017253862254433358
start_2018_no_dot,daily,2019-09-25,0.054497454695103684
start_2018_no_dot,daily,2019-09-26,0.01820626467154282
start_2018_no_dot,daily,2019-09-27,0.015922929423378668
start_2018_no_dot,daily,2019-09-28,0.015454941586598117
start_2018_no_dot,daily,2019-09-29,0.009765800976807446
start_2018_no_dot,daily,2019-09-30,0.011946893008586007
start_2018_no_dot,daily,2019-10-01,0.0167612238382127
start_2018_no_dot,daily,2019-10-02,0.01560748595125705
start_2018_no_dot,daily,2019-10-03,0.01627590750391289
start_2018_no_dot,daily,2019-10-04,0.007925547577953981
start_2018_no_dot,daily,2019-10-05,0.009839998312190873
start_2018_no_dot,daily,2019-10-06,0.005765636049605047
start_2018_no_dot,daily,2019-10-07,0.02385260751144573
start_2018_no_dot,daily,2019-10-08,0.020191546353631865
start_2018_no_dot,daily,2019-10-09,0.018603176028802862
start_2018_no_dot,daily,2019-10-10,0.022751558742069508
start_2018_no_dot,daily,2019-10-11,0.01313334152405378
start_2018_no_dot,daily,2019-10-12,0.019023315899452067
start_2018_no_dot,daily,2019-10-13,0.013547306044553176
start_2018_no_dot,daily,2019-10-14,0.01389593838623926
start_2018_no_dot,daily,2019-10-15,0.019083377100297297
start_2018_no_dot,daily,2019-10-16,0.014853635124375944
start_2018_no_dot,daily,2019-10-17,0.013978722195715707
start_2018_no_dot,daily,2019-10-18,0.015630662190205674
start_2018_no_dot,daily,2019-10-19,0.008351916905267542
start_2018_no_dot,daily,2019-10-20,0.007985099556517161
start_2018_no_dot,daily,2019-10-21,0.012309912863216269
start_2018_no_dot,daily,2019-10-22,0.016890631724957486
start_2018_no_dot,daily,2019-10-23,0.010930886892840289
start_2018_no_dot,daily,2019-10-24,0.017778987102488764
start_2018_no_dot,daily,2019-10-25,0.016585203786167596
start_2018_no_dot,daily,2019-10-26,0.03890967476322446
start_2018_no_dot,daily,2019-10-27,0.0189256856265521
start_2018_no_dot,daily,2019-10-28,0.025711639226344146
start_2018_no_dot,daily,2019-10-29,0.01454989889732261
start_2018_no_dot,daily,2019-10-30,0.021047272047688484
start_2018_no_dot,daily,2019-10-31,0.013116186250094738
start_2018_no_dot,daily,2019-11-01,0.010401353593921095
start_2018_no_dot,daily,2019-11-02,0.014221904267616534
start_2018_no_dot,daily,2019-11-03,0.01005147272633318
start_2018_no_dot,daily,2019-11-04,0.007788927275128893
start_2018_no_dot,daily,2019-11-05,0.0208512329956968
start_2018_no_dot,daily,2019-11-06,0.01528445518834326
start_2018_no_dot,daily,2019-11-07,0.013557452353042385
start_2018_no_dot,daily,2019-11-08,0.02244727857928036
start_2018_no_dot,daily,2019-11-09,0.015737495080685338
start_2018_no_dot,daily,2019-11-10,0.008746235976922048
start_2018_no_dot,daily,2019-11-11,0.013356434652392557
start_2018_no_dot,daily,2019-11-12,0.008944995793280244
start_2018_no_dot,daily,2019-11-13,0.011923914400248675
start_2018_no_dot,daily,2019-11-14,0.015821027057448422
start_2018_no_dot,daily,2019-11-15,0.009488655239586252
start_2018_no_dot,daily,2019-11-16,0.01532351864811668
start_2018_no_dot,daily,2019-11-17,0.006391467782246821
start_2018_no_dot,daily,2019-11-18,0.00878671448121536
start_2018_no_dot,daily,2019-11-19,0.013919907616265187
start_2018_no_dot,daily,2019-11-20,0.00883107774380025
start_2018_no_dot,daily,2019-11-21,0.009204049605009257
start_2018_no_dot,daily,2019-11-22,0.014026491946768527
start_2018_no_dot,daily,2019-11-23,0.016724787250797804
start_2018_no_dot,daily,2019-11-24,0.012071149688248087
start_2018_no_dot,daily,2019-11-25,0.011238275673437048
start_2018_no_dot,daily,2019-11-26,0.01319389859890277
start_2018_no_dot,daily,2019-11-27,0.013453351463721355
start_2018_no_dot,daily,2019-11-28,0.015905152030256414
start_2018_no_dot,daily,2019-11-29,0.008010282881181649
start_2018_no_dot,daily,2019-11-30,0.010911427312782288
start_2018_no_dot,daily,2019-12-01,0.01212966776116807
start_2018_no_dot,daily,2019-12-02,0.011902355449401505
start_2018_no_dot,daily,2019-12-03,0.010939662523699462
start_2018_no_dot,daily,2019-12-04,0.005510650063639849
start_2018_no_dot,daily,2019-12-05,0.010618990976766177
start_2018_no_dot,daily,2019-12-06,0.00883812346134577
start_2018_no_dot,daily,2019-12-07,0.008329656031317967
start_2018_no_dot,daily,2019-12-08,0.0052616921637390485
start_2018_no_dot,daily,2019-12-09,0.004395481552174993
start_2018_no_dot,daily,2019-12-10,0.007848259545433403
start_2018_no_dot,daily,2019-12-11,0.01630209547197678
start_2018_no_dot,daily,2019-12-12,0.008335476648979823
start_2018_no_dot,daily,2019-12-13,0.01001333139820848
start_2018_no_dot,daily,2019-12-14,0.007452492244384226
start_2018_no_dot,daily,2019-12-15,0.005437490154098709
start_2018_no_dot,daily,2019-12-16,0.006865836844703169
start_2018_no_dot,daily,2019-12-17,0.014717479571931702
start_2018_no_dot,daily,2019-12-18,0.020205283603257865
start_2018_no_dot,daily,2019-12-19,0.011074584902131063
start_2018_no_dot,daily,2019-12-20,0.007844330696988755
start_2018_no_dot,daily,2019-12-21,0.020456839592503814
start_2018_no_dot,daily,2019-12-22,0.008348692379952338
start_2018_no_dot,daily,2019-12-23,0.015119598312087673
start_2018_no_dot,daily,2019-12-24,0.011911452266758285
start_2018_no_dot,daily,2019-12-25,0.008339116004433378
start_2018_no_dot,daily,2019-12-26,0.013336568323969511
start_2018_no_dot,daily,2019-12-27,0.022908122748345514
start_2018_no_dot,daily,2019-12-28,0.01712831134341944
start_2018_no_dot,daily,2019-12-29,0.012849958843165726
start_2018_no_dot,daily,2019-12-30,0.011281172707698156
start_2018_no_dot,daily,2019-12-31,0.006652260658959783
start_2018_no_dot,daily,2020-01-01,0.008517222629650475
start_2018_no_dot,daily,2020-01-02,0.007292182278523851
start_2018_no_dot,daily,2020-01-03,0.010554578653513058
start_2018_no_dot,daily,2020-01-04,0.019823084282803854
start_2018_no_dot,daily,2020-01-05,0.009235044253395067
start_2018_no_dot,daily,2020-01-06,0.017818721971826684
start_2018_no_dot,daily,2020-01-07,0.021214225745363066
start_2018_no_dot,daily,2020-01-08,0.027246823325654215
start_2018_no_dot,daily,2020-01-09,0.016530863870967222
start_2018_no_dot,daily,2020-01-10,0.014982142728679329
start_2018_no_dot,daily,2020-01-11,0.02261025834739941
start_2018_no_dot,daily,2020-01-12,0.01785069103087028
start_2018_no_dot,daily,2020-01-13,0.01023030653043032
start_2018_no_dot,daily,2020-01-14,0.006334541975559299
start_2018_no_dot,daily,2020-01-15,0.04975440540178615
start_2018_no_dot,daily,2020-01-16,0.0368487512697028
start_2018_no_dot,daily,2020-01-17,0.0175449773530853
start_2018_no_dot,daily,2020-01-18,0.03127595874703418
start_2018_no_dot,daily,2020-01-19,0.03602054797889151
start_2018_no_dot,daily,2020-01-20,0.02052291116906023
start_2018_no_dot,daily,2020-01-21,0.017190769066759704
start_2018_no_dot,daily,2020-01-22,0.013690509826505048
start_2018_no_dot,daily,2020-01-23,0.014796152097002718
start_2018_no_dot,daily,2020-01-24,0.020626915936078877
start_2018_no_dot,daily,2020-01-25,0.013924365510364578
start_2018_no_dot,daily,2020-01-26,0.007150316000468004
start_2018_no_dot,daily,2020-01-27,0.017319296437838916
start_2018_no_dot,daily,2020-01-28,0.025326632118303397
start_2018_no_dot,daily,2020-01-29,0.02530026186826334
start_2018_no_dot,daily,2020-01-30,0.02069090338904153
start_2018_no_dot,daily,2020-01-31,0.023834269296776733
start_2018_no_dot,daily,2020-02-01,0.017697578562532942
start_2018_no_dot,daily,2020-02-02,0.012081730710170019
start_2018_no_dot,daily,2020-02-03,0.017673101186817974
start_2018_no_dot,daily,2020-02-04,0.012514278528201028
start_2018_no_dot,daily,2020-02-05,0.01983951752153841
start_2018_no_dot,daily,2020-02-06,0.023767193362574282
start_2018_no_dot,daily,2020-02-07,0.017186907622571676
start_2018_no_dot,daily,2020-02-08,0.032808025982588376
start_2018_no_dot,daily,2020-02-09,0.026648412592197412
start_2018_no_dot,daily,2020-02-10,0.007128809405363118
start_2018_no_dot,daily,2020-02-11,0.01707584201470179
start_2018_no_dot,daily,2020-02-12,0.024640815958046583
start_2018_no_dot,daily,2020-02-13,0.030019354632159212
start_2018_no_dot,daily,2020-02-14,0.02078842549908666
start_2018_no_dot,daily,2020-02-15,0.02888395061759501
start_2018_no_dot,daily,2020-02-16,0.02478388753320969
start_2018_no_dot,daily,2020-02-17,0.02585400683314372
start_2018_no_dot,daily,2020-02-18,0.014493341464749954
start_2018_no_dot,daily,2020-02-19,0.008605020679677042
start_2018_no_dot,daily,2020-02-20,0.017064230456562635
start_2018_no_dot,daily,2020-02-21,0.013653535775779033
start_2018_no_dot,daily,2020-02-22,0.015279151794361318
start_2018_no_dot,daily,2020-02-23,0.014344252124147042
start_2018_no_dot,daily,2020-02-24,0.01495922185981545
start_2018_no_dot,daily,2020-02-25,0.013859654197398125
start_2018_no_dot,daily,2020-02-26,0.018032322312279997
start_2018_no_dot,daily,2020-02-27,0.04152330003739836
start_2018_no_dot,daily,2020-02-28,0.018368408009685797
start_2018_no_dot,daily,2020-02-29,0.017957877262627195
start_2018_no_dot,daily,2020-03-01,0.006325755398123287
start_2018_no_dot,daily,2020-03-02,0.018866477172778423
start_2018_no_dot,daily,2020-03-03,0.013604589338903225
start_2018_no_dot,daily,2020-03-04,0.026599245825609255
start_2018_no_dot,daily,2020-03-05,0.020213477674363184
start_2018_no_dot,daily,2020-03-06,0.010970587155999731
start_2018_no_dot,daily,2020-03-07,0.014288991967736697
start_2018_no_dot,daily,2020-03-08,0.01268055941657717
start_2018_no_dot,daily,2020-03-09,0.030388191052967403
start_2018_no_dot,daily,2020-03-10,0.021612969819163566
start_2018_no_dot,daily,2020-03-11,0.0058344150058247946
start_2018_no_dot,daily,2020-03-12,0.013728304519286666
start_2018_no_dot,daily,2020-03-13,0.06403991854017041
start_2018_no_dot,daily,2020-03-14,0.021254977545506495
start_2018_no_dot,daily,2020-03-15,0.01871345544468825
start_2018_no_dot,daily,2020-03-16,0.02182514231451914
start_2018_no_dot,daily,2020-03-17,0.02822939059095253
start_2018_no_dot,daily,2020-03-18,0.011974712294598053
start_2018_no_dot,daily,2020-03-19,0.010306895793444418
start_2018_no_dot,daily,2020-03-20,0.020969925493892705
start_2018_no_dot,daily,2020-03-21,0.013928111480076583
start_2018_no_dot,daily,2020-03-22,0.006800424654197806
start_2018_no_dot,daily,2020-03-23,0.015951475248716804
start_2018_no_dot,daily,2020-03-24,0.01741085403402931
start_2018_no_dot,daily,2020-03-25,0.0068393188364166
start_2018_no_dot,daily,2020-03-26,0.009904513609373305
start_2018_no_dot,daily,2020-03-27,0.01757338892588807
start_2018_no_dot,daily,2020-03-28,0.012541606678991513
start_2018_no_dot,daily,2020-03-29,0.013151734481070515
start_2018_no_dot,daily,2020-03-30,0.013480186623016407
start_2018_no_dot,daily,2020-03-31,0.0102143966671428
start_2018_no_dot,daily,2020-04-01,0.012563162828093527
start_2018_no_dot,daily,2020-04-02,0.009416851243418983
start_2018_no_dot,daily,2020-04-03,0.01170925582837283
start_2018_no_dot,daily,2020-04-04,0.007001658628255553
start_2018_no_dot,daily,2020-04-05,0.0040631482782207545
start_2018_no_dot,daily,2020-04-06,0.018157031444743107
start_2018_no_dot,daily,2020-04-07,0.019664480574831125
start_2018_no_dot,daily,2020-04-08,0.02045239988031354
start_2018_no_dot,daily,2020-04-09,0.02220882446851491
start_2018_no_dot,daily,2020-04-10,0.016613681638210948
start_2018_no_dot,daily,2020-04-11,0.021889775193738054
start_2018_no_dot,daily,2020-04-12,0.008714300100534325
start_2018_no_dot,daily,2020-04-13,0.010316486228983957
start_2018_no_dot,daily,2020-04-14,0.007386741384415085
start_2018_no_dot,daily,2020-04-15,0.009071124318846144
start_2018_no_dot,daily,2020-04-16,0.007054721691925489
start_2018_no_dot,daily,2020-04-17,0.01655952205030732
start_2018_no_dot,daily,2020-04-18,0.003674596209907302
start_2018_no_dot,daily,2020-04-19,0.017806720082881963
start_2018_no_dot,daily,2020-04-20,0.009011142737798836
start_2018_no_dot,daily,2020-04-21,0.01083337911393184
start_2018_no_dot,daily,2020-04-22,0.00597513345506015
start_2018_no_dot,daily,2020-04-23,0.015435819940053802
start_2018_no_dot,daily,2020-04-24,0.02738544939393324
start_2018_no_dot,daily,2020-04-25,0.00992185730293342
start_2018_no_dot,daily,2020-04-26,0.009440884790293966
start_2018_no_dot,daily,2020-04-27,0.03355822493736774
start_2018_no_dot,daily,2020-04-28,0.01979978557599199
start_2018_no_dot,daily,2020-04-29,0.01991664050553313
start_2018_no_dot,daily,2020-04-30,0.018061145574706672
start_2018_no_dot,daily,2020-05-01,0.014576233489170143
start_2018_no_dot,daily,2020-05-02,0.014671939256168998
start_2018_no_dot,daily,2020-05-03,0.01868994647684026
start_2018_no_dot,daily,2020-05-04,0.007589973982406989
start_2018_no_dot,daily,2020-05-05,0.011849236046817285
start_2018_no_dot,daily,2020-05-06,0.007950750874736276
start_2018_no_dot,daily,2020-05-07,0.014150483997329655
start_2018_no_dot,daily,2020-05-08,0.012536462816943733
start_2018_no_dot,daily,2020-05-09,0.010403744345743163
start_2018_no_dot,daily,2020-05-10,0.014846100305653032
start_2018_no_dot,daily,2020-05-11,0.02111738759492178
start_2018_no_dot,daily,2020-05-12,0.010213349359557436
start_2018_no_dot,daily,2020-05-13,0.020027531174343444
start_2018_no_dot,daily,2020-05-14,0.010080209986964461
start_2018_no_dot,daily,2020-05-15,0.011143542994968905
start_2018_no_dot,daily,2020-05-16,0.013263202676195948
start_2018_no_dot,daily,2020-05-17,0.007804942019394176
start_2018_no_dot,daily,2020-05-18,0.008442603425580883
start_2018_no_dot,daily,2020-05-19,0.012054876031494535
start_2018_no_dot,daily,2020-05-20,0.01001613400613656
start_2018_no_dot,daily,2020-05-21,0.017968999803321423
start_2018_no_dot,daily,2020-05-22,0.01259415726345918
start_2018_no_dot,daily,2020-05-23,0.013697547496979892
start_2018_no_dot,daily,2020-05-24,0.009644257671423462
start_2018_no_dot,daily,2020-05-25,0.010874901904243367
start_2018_no_dot,daily,2020-05-26,0.0070298210233405295
start_2018_no_dot,daily,2020-05-27,0.003188328971757498
start_2018_no_dot,daily,2020-05-28,0.010199193187927336
start_2018_no_dot,daily,2020-05-29,0.025224029789485777
start_2018_no_dot,daily,2020-05-30,0.011480302833813114
start_2018_no_dot,daily,2020-05-31,0.029424452810228652
start_2018_no_dot,daily,2020-06-01,0.014147441961919846
start_2018_no_dot,daily,2020-06-02,0.012875682024646423
start_2018_no_dot,daily,2020-06-03,0.02021463700518633
start_2018_no_dot,daily,2020-06-04,0.016767239701545797
start_2018_no_dot,daily,2020-06-05,0.010708612495706746
start_2018_no_dot,daily,2020-06-06,0.008890772705027
start_2018_no_dot,daily,2020-06-07,0.004855501538413923
start_2018_no_dot,daily,2020-06-08,0.01187920301770179
start_2018_no_dot,daily,2020-06-09,0.007254963986683571
start_2018_no_dot,daily,2020-06-10,0.008204851144386738
start_2018_no_dot,daily,2020-06-11,0.004434788655491767
start_2018_no_dot,daily,2020-06-12,0.017110424573251473
start_2018_no_dot,daily,2020-06-13,0.007626382975680246
start_2018_no_dot,daily,2020-06-14,0.0063039288001258825
start_2018_no_dot,daily,2020-06-15,0.009389655577568698
start_2018_no_dot,daily,2020-06-16,0.008685955718473692
start_2018_no_dot,daily,2020-06-17,0.007528841320627658
start_2018_no_dot,daily,2020-06-18,0.011777490533880566
start_2018_no_dot,daily,2020-06-19,0.004004095457204079
start_2018_no_dot,daily,2020-06-20,0.0070479460366407315
start_2018_no_dot,daily,2020-06-21,0.006519227564950464
start_2018_no_dot,daily,2020-06-22,0.004792174346734929
start_2018_no_dot,daily,2020-06-23,0.014661305782521242
start_2018_no_dot,daily,2020-06-24,0.013029389297671043
start_2018_no_dot,daily,2020-06-25,0.006753631555831266
start_2018_no_dot,daily,2020-06-26,0.0059594795387507005
start_2018_no_dot,daily,2020-06-27,0.007847782343136003
start_2018_no_dot,daily,2020-06-28,0.015470266529621454
start_2018_no_dot,daily,2020-06-29,0.009433037806543226
start_2018_no_dot,daily,2020-06-30,0.007711045014795664
start_2018_no_dot,daily,2020-07-01,0.009701788847240267
start_2018_no_dot,daily,2020-07-02,0.023417062586572057
start_2018_no_dot,daily,2020-07-03,0.008188312055985872
start_2018_no_dot,daily,2020-07-04,0.008680300757062456
start_2018_no_dot,daily,2020-07-05,0.007074910994086886
start_2018_no_dot,daily,2020-07-06,0.00478089391399196
start_2018_no_dot,daily,2020-07-07,0.02021016703597016
start_2018_no_dot,daily,2020-07-08,0.05095614389387278
start_2018_no_dot,daily,2020-07-09,0.0788442155824967
start_2018_no_dot,daily,2020-07-10,0.026905198663915816
start_2018_no_dot,daily,2020-07-11,0.03641409502028081
start_2018_no_dot,daily,2020-07-12,0.02455953425188992
start_2018_no_dot,daily,2020-07-13,0.03227894991065226
start_2018_no_dot,daily,2020-07-14,0.02216771933495658
start_2018_no_dot,daily,2020-07-15,0.028574909281712482
start_2018_no_dot,daily,2020-07-16,0.01787491932997881
start_2018_no_dot,daily,2020-07-17,0.017597053671118038
start_2018_no_dot,daily,2020-07-18,0.009711535607292113
start_2018_no_dot,daily,2020-07-19,0.024414330914561203
start_2018_no_dot,daily,2020-07-20,0.007879586484447448
start_2018_no_dot,daily,2020-07-21,0.02261790077794472
start_2018_no_dot,daily,2020-07-22,0.00897308477598141
start_2018_no_dot,daily,2020-07-23,0.012899502917762512
start_2018_no_dot,daily,2020-07-24,0.01539243410348852
start_2018_no_dot,daily,2020-07-25,0.012833285066743555
start_2018_no_dot,daily,2020-07-26,0.03251226595901313
start_2018_no_dot,daily,2020-07-27,0.014325180492058068
start_2018_no_dot,daily,2020-07-28,0.05338030164929104
start_2018_no_dot,daily,2020-07-29,0.02083670327178737
start_2018_no_dot,daily,2020-07-30,0.017691033995081373
start_2018_no_dot,daily,2020-07-31,0.012735121864094659
start_2018_no_dot,daily,2020-08-01,0.01575929605033087
start_2018_no_dot,daily,2020-08-02,0.030343875338971787
start_2018_no_dot,daily,2020-08-03,0.027878676450899004
start_2018_no_dot,daily,2020-08-04,0.02113450773686036
start_2018_no_dot,daily,2020-08-05,0.028110850057823614
start_2018_no_dot,daily,2020-08-06,0.01698791862375776
start_2018_no_dot,daily,2020-08-07,0.018419463658307808
start_2018_no_dot,daily,2020-08-08,0.010298011446791239
start_2018_no_dot,daily,2020-08-09,0.04188980271656037
start_2018_no_dot,daily,2020-08-10,0.019261337132192732
start_2018_no_dot,daily,2020-08-11,0.01324905242520076
start_2018_no_dot,daily,2020-08-12,0.011744836848214882
start_2018_no_dot,daily,2020-08-13,0.04068984196681441
start_2018_no_dot,daily,2020-08-14,0.022806528850269597
start_2018_no_dot,daily,2020-08-15,0.024555947019740648
start_2018_no_dot,daily,2020-08-16,0.027921948278992248
start_2018_no_dot,daily,2020-08-17,0.032236619151307586
start_2018_no_dot,daily,2020-08-18,0.030648421737560105
start_2018_no_dot,daily,2020-08-19,0.010862309192718467
start_2018_no_dot,daily,2020-08-20,0.018189566175549385
start_2018_no_dot,daily,2020-08-21,0.012687575286565791
start_2018_no_dot,daily,2020-08-22,0.029264989116789097
start_2018_no_dot,daily,2020-08-23,0.023076370367407534
start_2018_no_dot,daily,2020-08-24,0.013063096965457363
start_2018_no_dot,daily,2020-08-25,0.010600406011054733
start_2018_no_dot,daily,2020-08-26,0.013995925463113582
start_2018_no_dot,daily,2020-08-27,0.01494006866930081
start_2018_no_dot,daily,2020-08-28,0.014897314757112937
start_2018_no_dot,daily,2020-08-29,0.006972660777351702
start_2018_no_dot,daily,2020-08-30,0.024774953059705215
start_2018_no_dot,daily,2020-08-31,0.025318849423048823
start_2018_no_dot,daily,2020-09-01,0.026410733432228772
start_2018_no_dot,daily,2020-09-02,0.03331623350894458
start_2018_no_dot,daily,2020-09-03,0.019179654396632786
start_2018_no_dot,daily,2020-09-04,0.06720567553467102
start_2018_no_dot,daily,2020-09-05,0.041438909461063184
start_2018_no_dot,daily,2020-09-06,0.044848276162546996
start_2018_no_dot,daily,2020-09-07,0.03353794154299945
start_2018_no_dot,daily,2020-09-08,0.011248307353068254
start_2018_no_dot,daily,2020-09-09,0.02110780543528172
start_2018_no_dot,daily,2020-09-10,0.013649148684921841
start_2018_no_dot,daily,2020-09-11,0.01352810529497328
start_2018_no_dot,daily,2020-09-12,0.008423246791438702
start_2018_no_dot,daily,2020-09-13,0.012699614827394928
start_2018_no_dot,daily,2020-09-14,0.01646959049241002
start_2018_no_dot,daily,2020-09-15,0.008616436146472076
start_2018_no_dot,daily,2020-09-16,0.031121830903592274
start_2018_no_dot,daily,2020-09-17,0.016160692418203518
start_2018_no_dot,daily,2020-09-18,0.016198564798360224
start_2018_no_dot,daily,2020-09-19,0.0192208705072294
start_2018_no_dot,daily,2020-09-20,0.009174076967014971
start_2018_no_dot,daily,2020-09-21,0.00804349781682101
start_2018_no_dot,daily,2020-09-22,0.018662636132111055
start_2018_no_dot,daily,2020-09-23,0.008255915583063989
start_2018_no_dot,daily,2020-09-24,0.02344567485077606
start_2018_no_dot,daily,2020-09-25,0.03877773446271751
start_2018_no_dot,daily,2020-09-26,0.03456916139499672
start_2018_no_dot,daily,2020-09-27,0.016713699643747873
start_2018_no_dot,daily,2020-09-28,0.01853191534636789
start_2018_no_dot,daily,2020-09-29,0.0074542430400482695
start_2018_no_dot,daily,2020-09-30,0.006934466928803687
start_2018_no_dot,daily,2020-10-01,0.0077530549294348855
start_2018_no_dot,daily,2020-10-02,0.0068098572984125055
start_2018_no_dot,daily,2020-10-03,0.013623854437392627
start_2018_no_dot,daily,2020-10-04,0.009685509138382523
start_2018_no_dot,daily,2020-10-05,0.01377878500492112
start_2018_no_dot,daily,2020-10-06,0.007941934387296692
start_2018_no_dot,daily,2020-10-07,0.02147375389941525
start_2018_no_dot,daily,2020-10-08,0.008811294638231604
start_2018_no_dot,daily,2020-10-09,0.014168770255423138
start_2018_no_dot,daily,2020-10-10,0.017691819165733563
start_2018_no_dot,daily,2020-10-11,0.009630786364184768
start_2018_no_dot,daily,2020-10-12,0.00943351853408729
start_2018_no_dot,daily,2020-10-13,0.014684621325122507
start_2018_no_dot,daily,2020-10-14,0.013734485510037517
start_2018_no_dot,daily,2020-10-15,0.009985328864554235
start_2018_no_dot,daily,2020-10-16,0.006401736156756696
start_2018_no_dot,daily,2020-10-17,0.019528819077691953
start_2018_no_dot,daily,2020-10-18,0.010412083898077948
start_2018_no_dot,daily,2020-10-19,0.008658786061505164
start_2018_no_dot,daily,2020-10-20,0.012880404601164464
start_2018_no_dot,daily,2020-10-21,0.023921299248677044
start_2018_no_dot,daily,2020-10-22,0.024470519851565578
start_2018_no_dot,daily,2020-10-23,0.019776282090692043
start_2018_no_dot,daily,2020-10-24,0.012381761486603055
start_2018_no_dot,daily,2020-10-25,0.014510476507219427
start_2018_no_dot,daily,2020-10-26,0.00987398129408594
start_2018_no_dot,daily,2020-10-27,0.013655974036281299
start_2018_no_dot,daily,2020-10-28,0.010121564210708395
start_2018_no_dot,daily,2020-10-29,0.012264377226620063
start_2018_no_dot,daily,2020-10-30,0.011387799654248743
start_2018_no_dot,daily,2020-10-31,0.009252534546227167
start_2018_no_dot,daily,2020-11-01,0.008318461193436322
start_2018_no_dot,daily,2020-11-02,0.01508086589423703
start_2018_no_dot,daily,2020-11-03,0.013661253944249344
start_2018_no_dot,daily,2020-11-04,0.018316112201473667
start_2018_no_dot,daily,2020-11-05,0.011879397824848648
start_2018_no_dot,daily,2020-11-06,0.01917296452761233
start_2018_no_dot,daily,2020-11-07,0.026306656311825577
start_2018_no_dot,daily,2020-11-08,0.012417320633451134
start_2018_no_dot,daily,2020-11-09,0.016619789550794406
start_2018_no_dot,daily,2020-11-10,0.006211680670911837
start_2018_no_dot,daily,2020-11-11,0.014182522651876348
start_2018_no_dot,daily,2020-11-12,0.010315551895687253
start_2018_no_dot,daily,2020-11-13,0.012132714202675754
start_2018_no_dot,daily,2020-11-14,0.015682118246339263
start_2018_no_dot,daily,2020-11-15,0.007479587048993652
start_2018_no_dot,daily,2020-11-16,0.017520750011000577
start_2018_no_dot,daily,2020-11-17,0.021172175695646195
start_2018_no_dot,daily,2020-11-18,0.013660979267595977
start_2018_no_dot,daily,2020-11-19,0.022606611219256972
start_2018_no_dot,daily,2020-11-20,0.023437023435277773
start_2018_no_dot,daily,2020-11-21,0.023835382874110092
start_2018_no_dot,daily,2020-11-22,0.06662535593251022
start_2018_no_dot,daily,2020-11-23,0.03352986724443251
start_2018_no_dot,daily,2020-11-24,0.06573315279533067
start_2018_no_dot,daily,2020-11-25,0.07361549942878318
start_2018_no_dot,daily,2020-11-26,0.028724006821207848
start_2018_no_dot,daily,2020-11-27,0.019592326288262046
start_2018_no_dot,daily,2020-11-28,0.041413517953356904
start_2018_no_dot,daily,2020-11-29,0.031805583628469164
start_2018_no_dot,daily,2020-11-30,0.024642786408798883
start_2018_no_dot,daily,2020-12-01,0.02247305875098768
start_2018_no_dot,daily,2020-12-02,0.019047435167461754
start_2018_no_dot,daily,2020-12-03,0.009486875149556456
start_2018_no_dot,daily,2020-12-04,0.01441621006612559
start_2018_no_dot,daily,2020-12-05,0.02680145313961789
start_2018_no_dot,daily,2020-12-06,0.011130373015775685
start_2018_no_dot,daily,2020-12-07,0.013572743711298407
start_2018_no_dot,daily,2020-12-08,0.009942028705138856
start_2018_no_dot,daily,2020-12-09,0.014673025513759375
start_2018_no_dot,daily,2020-12-10,0.023416931418614548
start_2018_no_dot,daily,2020-12-11,0.014349565643534942
start_2018_no_dot,daily,2020-12-12,0.012594472925239242
start_2018_no_dot,daily,2020-12-13,0.01909803439995611
start_2018_no_dot,daily,2020-12-14,0.02193288084644622
start_2018_no_dot,daily,2020-12-15,0.011336379823180573
start_2018_no_dot,daily,2020-12-16,0.017138162601725848
start_2018_no_dot,daily,2020-12-17,0.033128787584443986
start_2018_no_dot,daily,2020-12-18,0.034368558789515224
start_2018_no_dot,daily,2020-12-19,0.015520274447227131
start_2018_no_dot,daily,2020-12-20,0.0201916651589244
start_2018_no_dot,daily,2020-12-21,0.04729101379245279
start_2018_no_dot,daily,2020-12-22,0.022738538631327077
start_2018_no_dot,daily,2020-12-23,0.044259052292429754
start_2018_no_dot,daily,2020-12-24,0.07316774735212406
start_2018_no_dot,daily,2020-12-25,0.06289511929299028
start_2018_no_dot,daily,2020-12-26,0.03517157924524782
start_2018_no_dot,daily,2020-12-27,0.031814135203221794
start_2018_no_dot,daily,2020-12-28,0.03614047357047352
start_2018_no_dot,daily,2020-12-29,0.03888229619612317
start_2018_no_dot,daily,2020-12-30,0.0353006078610313
start_2018_no_dot,daily,2020-12-31,0.03106868823961466
start_2018_no_dot,daily,2021-01-01,0.018128915971844767
start_2018_no_dot,daily,2021-01-02,0.04358929700392425
start_2018_no_dot,daily,2021-01-03,0.1266263985123326
start_2018_no_dot,daily,2021-01-04,0.06684101673053519
start_2018_no_dot,daily,2021-01-05,0.05198279981699763
start_2018_no_dot,daily,2021-01-06,0.05025930890768773
start_2018_no_dot,daily,2021-01-07,0.11209356746902639
start_2018_no_dot,daily,2021-01-08,0.07010534248209958
start_2018_no_dot,daily,2021-01-09,0.022465991107098404
start_2018_no_dot,daily,2021-01-10,0.06058291468372255
start_2018_no_dot,daily,2021-01-11,0.04522260411798683
start_2018_no_dot,daily,2021-01-12,0.04530379508423721
start_2018_no_dot,daily,2021-01-13,0.03337532636363941
start_2018_no_dot,daily,2021-01-14,0.01839338103853333
start_2018_no_dot,daily,2021-01-15,0.03836899827017415
start_2018_no_dot,daily,2021-01-16,0.039092544464789436
start_2018_no_dot,daily,2021-01-17,0.03344203954806094
start_2018_no_dot,daily,2021-01-18,0.0392788904626815
start_2018_no_dot,daily,2021-01-19,0.02589095131691338
start_2018_no_dot,daily,2021-01-20,0.026441474357243325
start_2018_no_dot,daily,2021-01-21,0.016400575238962045
start_2018_no_dot,daily,2021-01-22,0.03183473098731614
start_2018_no_dot,daily,2021-01-23,0.03185250305899358
start_2018_no_dot,daily,2021-01-24,0.026229792911643332
start_2018_no_dot,daily,2021-01-25,0.01892489015604118
start_2018_no_dot,daily,2021-01-26,0.013140108343948631
start_2018_no_dot,daily,2021-01-27,0.01025406887464575
start_2018_no_dot,daily,2021-01-28,0.01614278844002194
start_2018_no_dot,daily,2021-01-29,0.4056259924924533
start_2018_no_dot,daily,2021-01-30,0.06847343769230525
start_2018_no_dot,daily,2021-01-31,0.11234287213004143
start_2018_no_dot,daily,2021-02-01,0.07525691680463341
start_2018_no_dot,daily,2021-02-02,0.0583150763375036
start_2018_no_dot,daily,2021-02-03,0.03461933380395081
start_2018_no_dot,daily,2021-02-04,0.031218786648471317
start_2018_no_dot,daily,2021-02-05,0.09330384472501722
start_2018_no_dot,daily,2021-02-06,0.04673205923359755
start_2018_no_dot,daily,2021-02-07,0.06188733612851967
start_2018_no_dot,daily,2021-02-08,0.06754144013552357
start_2018_no_dot,daily,2021-02-09,0.038517495425527085
start_2018_no_dot,daily,2021-02-10,0.04723536283075702
start_2018_no_dot,daily,2021-02-11,0.061642296493326004
start_2018_no_dot,daily,2021-02-12,0.05014641561096454
start_2018_no_dot,daily,2021-02-13,0.05262740490692121
start_2018_no_dot,daily,2021-02-14,0.08002650795714113
start_2018_no_dot,daily,2021-02-15,0.03881075909118903
start_2018_no_dot,daily,2021-02-16,0.033894107461631226
start_2018_no_dot,daily,2021-02-17,0.02189506092946257
start_2018_no_dot,daily,2021-02-18,0.03050019635343515
start_2018_no_dot,daily,2021-02-19,0.04226470097633003
start_2018_no_dot,daily,2021-02-20,0.03271680718895216
start_2018_no_dot,daily,2021-02-21,0.0439017605167108
start_2018_no_dot,daily,2021-02-22,0.016645759793048442
start_2018_no_dot,daily,2021-02-23,0.03578000639530142
start_2018_no_dot,daily,2021-02-24,0.03277849161480534
start_2018_no_dot,daily,2021-02-25,0.03690410055768906
start_2018_no_dot,daily,2021-02-26,0.03159093026963242
start_2018_no_dot,daily,2021-02-27,0.03619037549599445
start_2018_no_dot,daily,2021-02-28,0.024478487074263255
start_2018_no_dot,daily,2021-03-01,0.017824156243883657
start_2018_no_dot,daily,2021-03-02,0.02423788968034679
start_2018_no_dot,daily,2021-03-03,0.02252880195569895
start_2018_no_dot,daily,2021-03-04,0.018955442959809776
start_2018_no_dot,daily,2021-03-05,0.03276839734612824
start_2018_no_dot,daily,2021-03-06,0.016092170226997313
start_2018_no_dot,daily,2021-03-07,0.01694211550285077
start_2018_no_dot,daily,2021-03-08,0.011647353731658011
start_2018_no_dot,daily,2021-03-09,0.04144729705611874
start_2018_no_dot,daily,2021-03-10,0.026541876345197696
start_2018_no_dot,daily,2021-03-11,0.01830709863301816
start_2018_no_dot,daily,2021-03-12,0.011078054687464131
start_2018_no_dot,daily,2021-03-13,0.026125492645825296
start_2018_no_dot,daily,2021-03-14,0.029723748692516802
start_2018_no_dot,daily,2021-03-15,0.013160874211786633
start_2018_no_dot,daily,2021-03-16,0.018259316016741883
start_2018_no_dot,daily,2021-03-17,0.03250582738209633
start_2018_no_dot,daily,2021-03-18,0.028539482592635362
start_2018_no_dot,daily,2021-03-19,0.017656251552367497
start_2018_no_dot,daily,2021-03-20,0.019190141946329176
start_2018_no_dot,daily,2021-03-21,0.029971155108503955
start_2018_no_dot,daily,2021-03-22,0.010479486112625433
start_2018_no_dot,daily,2021-03-23,0.025038571740472304
start_2018_no_dot,daily,2021-03-24,0.01378603239608886
start_2018_no_dot,daily,2021-03-25,0.02069375878790837
start_2018_no_dot,daily,2021-03-26,0.01898039758303681
start_2018_no_dot,daily,2021-03-27,0.022037143175384313
start_2018_no_dot,daily,2021-03-28,0.013056302138355402
start_2018_no_dot,daily,2021-03-29,0.009731843400974771
start_2018_no_dot,daily,2021-03-30,0.016772966476793716
start_2018_no_dot,daily,2021-03-31,0.009928436954824649
start_2018_no_dot,daily,2021-04-01,0.06348148602846582
start_2018_no_dot,daily,2021-04-02,0.03035435307241087
start_2018_no_dot,daily,2021-04-03,0.031410055162068976
start_2018_no_dot,daily,2021-04-04,0.03897997686124434
start_2018_no_dot,daily,2021-04-05,0.04045592388309738
start_2018_no_dot,daily,2021-04-06,0.07870722381550141
start_2018_no_dot,daily,2021-04-07,0.051975915097417516
start_2018_no_dot,daily,2021-04-08,0.041702480952376414
start_2018_no_dot,daily,2021-04-09,0.026377033312763323
start_2018_no_dot,daily,2021-04-10,0.015286778705876775
start_2018_no_dot,daily,2021-04-11,0.0634592047206976
start_2018_no_dot,daily,2021-04-12,0.036273036829225086
start_2018_no_dot,daily,2021-04-13,0.03368453835055872
start_2018_no_dot,daily,2021-04-14,0.049912486186364596
start_2018_no_dot,daily,2021-04-15,0.0644188165716311
start_2018_no_dot,daily,2021-04-16,0.11059720567291753
start_2018_no_dot,daily,2021-04-17,0.20059932838270877
start_2018_no_dot,daily,2021-04-18,0.04293920728326721
start_2018_no_dot,daily,2021-04-19,0.04428725463201702
start_2018_no_dot,daily,2021-04-20,0.06148692520220554
start_2018_no_dot,daily,2021-04-21,0.04874168961017006
start_2018_no_dot,daily,2021-04-22,0.020617579981636214
start_2018_no_dot,daily,2021-04-23,0.04605933321614909
start_2018_no_dot,daily,2021-04-24,0.014923488341211738
start_2018_no_dot,daily,2021-04-25,0.036310044902828395
start_2018_no_dot,daily,2021-04-26,0.016593488331109296
start_2018_no_dot,daily,2021-04-27,0.03703510222169619
start_2018_no_dot,daily,2021-04-28,0.015342144308281708
start_2018_no_dot,daily,2021-04-29,0.0381436733575579
start_2018_no_dot,daily,2021-04-30,0.015476442659721437
start_2018_no_dot,daily,2021-05-01,0.02877222345620095
start_2018_no_dot,daily,2021-05-02,0.05305963793391871
start_2018_no_dot,daily,2021-05-03,0.01929740157438839
start_2018_no_dot,daily,2021-05-04,0.054235356394288975
start_2018_no_dot,daily,2021-05-05,0.11288595167756732
start_2018_no_dot,daily,2021-05-06,0.07635584448046258
start_2018_no_dot,daily,2021-05-07,0.08485931606764778
start_2018_no_dot,daily,2021-05-08,0.04938391512936037
start_2018_no_dot,daily,2021-05-09,0.03899535881955436
start_2018_no_dot,daily,2021-05-10,0.04770313494744316
start_2018_no_dot,daily,2021-05-11,0.049662442141938476
start_2018_no_dot,daily,2021-05-12,0.02779768443406816
start_2018_no_dot,daily,2021-05-13,0.049501742112471936
start_2018_no_dot,daily,2021-05-14,0.062263739089585254
start_2018_no_dot,daily,2021-05-15,0.042306077251346524
start_2018_no_dot,daily,2021-05-16,0.05914201898071983
start_2018_no_dot,daily,2021-05-17,0.022216734694402634
start_2018_no_dot,daily,2021-05-18,0.029724754368359224
start_2018_no_dot,daily,2021-05-19,0.03380122587748448
start_2018_no_dot,daily,2021-05-20,0.06209326718477315
start_2018_no_dot,daily,2021-05-21,0.03358647920725577
start_2018_no_dot,daily,2021-05-22,0.022764006183976587
start_2018_no_dot,daily,2021-05-23,0.023506528192595397
start_2018_no_dot,daily,2021-05-24,0.029875013234618067
start_2018_no_dot,daily,2021-05-25,0.05342873089735595
start_2018_no_dot,daily,2021-05-26,0.026662603503029764
start_2018_no_dot,daily,2021-05-27,0.040034942504163604
start_2018_no_dot,daily,2021-05-28,0.016028639482407528
start_2018_no_dot,daily,2021-05-29,0.014946959893131426
start_2018_no_dot,daily,2021-05-30,0.017237645108072366
start_2018_no_dot,daily,2021-05-31,0.023137265667367485
start_2018_no_dot,daily,2021-06-01,0.03328377338539819
start_2018_no_dot,daily,2021-06-02,0.03285539208719147
start_2018_no_dot,daily,2021-06-03,0.021123458623084818
start_2018_no_dot,daily,2021-06-04,0.01992460168672079
start_2018_no_dot,daily,2021-06-05,0.011251547227710462
start_2018_no_dot,daily,2021-06-06,0.00991824942900102
start_2018_no_dot,daily,2021-06-07,0.006525934441324557
start_2018_no_dot,daily,2021-06-08,0.016689515146903255
start_2018_no_dot,daily,2021-06-09,0.012252834974063681
start_2018_no_dot,daily,2021-06-10,0.018363522353121733
start_2018_no_dot,daily,2021-06-11,0.016262512825682418
start_2018_no_dot,daily,2021-06-12,0.02035179446449971
start_2018_no_dot,daily,2021-06-13,0.01974163222318899
start_2018_no_dot,daily,2021-06-14,0.010656740026648182
start_2018_no_dot,daily,2021-06-15,0.006204360920795016
start_2018_no_dot,daily,2021-06-16,0.020206202725097044
start_2018_no_dot,daily,2021-06-17,0.013724143351832044
start_2018_no_dot,daily,2021-06-18,0.012471122566807602
start_2018_no_dot,daily,2021-06-19,0.008470497923705689
start_2018_no_dot,daily,2021-06-20,0.008183399641167502
start_2018_no_dot,daily,2021-06-21,0.017649300711957902
start_2018_no_dot,daily,2021-06-22,0.04588629378400334
start_2018_no_dot,daily,2021-06-23,0.0343335175230413
start_2018_no_dot,daily,2021-06-24,0.03004074329822433
start_2018_no_dot,daily,2021-06-25,0.03589206860075268
start_2018_no_dot,daily,2021-06-26,0.011633157578267841
start_2018_no_dot,daily,2021-06-27,0.008488790279161579
start_2018_no_dot,daily,2021-06-28,0.01679167142100435
start_2018_no_dot,daily,2021-06-29,0.020634545762015247
start_2018_no_dot,daily,2021-06-30,0.04289595131290351
start_2018_no_dot,daily,2021-07-01,0.013449419333514068
start_2018_no_dot,daily,2021-07-02,0.012040193568054955
start_2018_no_dot,daily,2021-07-03,0.013298710944884912
start_2018_no_dot,daily,2021-07-04,0.011608958973775105
start_2018_no_dot,daily,2021-07-05,0.015398123572042913
start_2018_no_dot,daily,2021-07-06,0.006224616604894054
start_2018_no_dot,daily,2021-07-07,0.01796091513699613
start_2018_no_dot,daily,2021-07-08,0.009297409042914415
start_2018_no_dot,daily,2021-07-09,0.014131173342827263
start_2018_no_dot,daily,2021-07-10,0.009396688208108517
start_2018_no_dot,daily,2021-07-11,0.006127493236975409
start_2018_no_dot,daily,2021-07-12,0.004460166594215095
start_2018_no_dot,daily,2021-07-13,0.010353889187083659
start_2018_no_dot,daily,2021-07-14,0.011528725609149582
start_2018_no_dot,daily,2021-07-15,0.00905722953965224
start_2018_no_dot,daily,2021-07-16,0.01472471266531375
start_2018_no_dot,daily,2021-07-17,0.01327125915469654
start_2018_no_dot,daily,2021-07-18,0.014149203865609278
start_2018_no_dot,daily,2021-07-19,0.008125239488269154
start_2018_no_dot,daily,2021-07-20,0.012718865145179475
start_2018_no_dot,daily,2021-07-21,0.01697495977931708
start_2018_no_dot,daily,2021-07-22,0.014160406678318319
start_2018_no_dot,daily,2021-07-23,0.025127619459397302
start_2018_no_dot,daily,2021-07-24,0.009521796402872595
start_2018_no_dot,daily,2021-07-25,0.013729725275547416
start_2018_no_dot,daily,2021-07-26,0.010921340744946065
start_2018_no_dot,daily,2021-07-27,0.01812705620127908
start_2018_no_dot,daily,2021-07-28,0.014551232586064972
start_2018_no_dot,daily,2021-07-29,0.023858353979978514
start_2018_no_dot,daily,2021-07-30,0.01388270300421482
start_2018_no_dot,daily,2021-07-31,0.02269252435245335
start_2018_no_dot,daily,2021-08-01,0.011880422768652268
start_2018_no_dot,daily,2021-08-02,0.012074934758069117
start_2018_no_dot,daily,2021-08-03,0.016724143897591984
start_2018_no_dot,daily,2021-08-04,0.02031556355936945
start_2018_no_dot,daily,2021-08-05,0.01647976907861992
start_2018_no_dot,daily,2021-08-06,0.01321984498359298
start_2018_no_dot,daily,2021-08-07,0.009066454809358554
start_2018_no_dot,daily,2021-08-08,0.04285063702684358
start_2018_no_dot,daily,2021-08-09,0.013090135245591702
start_2018_no_dot,daily,2021-08-10,0.014867638705452157
start_2018_no_dot,daily,2021-08-11,0.02776006228181388
start_2018_no_dot,daily,2021-08-12,0.03823014228516049
start_2018_no_dot,daily,2021-08-13,0.016732354457208082
start_2018_no_dot,daily,2021-08-14,0.021063395062007162
start_2018_no_dot,daily,2021-08-15,0.0394807715928622
start_2018_no_dot,daily,2021-08-16,0.038511728352765645
start_2018_no_dot,daily,2021-08-17,0.017116488926960008
start_2018_no_dot,daily,2021-08-18,0.016091557815763657
start_2018_no_dot,daily,2021-08-19,0.021850352856643843
start_2018_no_dot,daily,2021-08-20,0.01960027705147907
start_2018_no_dot,daily,2021-08-21,0.012389827890762609
start_2018_no_dot,daily,2021-08-22,0.008342339250188638
start_2018_no_dot,daily,2021-08-23,0.02137503990522581
start_2018_no_dot,daily,2021-08-24,0.011366811274687624
start_2018_no_dot,daily,2021-08-25,0.01612619244456545
start_2018_no_dot,daily,2021-08-26,0.007060036927152541
start_2018_no_dot,daily,2021-08-27,0.013361941735858904
start_2018_no_dot,daily,2021-08-28,0.02352760716930559
start_2018_no_dot,daily,2021-08-29,0.014364228637488027
start_2018_no_dot,daily,2021-08-30,0.007235219669851675
start_2018_no_dot,daily,2021-08-31,0.008418292768715682
start_2018_no_dot,daily,2021-09-01,0.019024817270986802
start_2018_no_dot,daily,2021-09-02,0.02302007648553911
start_2018_no_dot,daily,2021-09-03,0.012582198892579638
start_2018_no_dot,daily,2021-09-04,0.02775289417994037
start_2018_no_dot,daily,2021-09-05,0.013718083904745965
start_2018_no_dot,daily,2021-09-06,0.024221481832233646
start_2018_no_dot,daily,2021-09-07,0.030323574443697376
start_2018_no_dot,daily,2021-09-08,0.036630181112128485
start_2018_no_dot,daily,2021-09-09,0.023166666454949816
start_2018_no_dot,daily,2021-09-10,0.010575591730573902
start_2018_no_dot,daily,2021-09-11,0.010393698258367737
start_2018_no_dot,daily,2021-09-12,0.017395699915607937
start_2018_no_dot,daily,2021-09-13,0.03173278277012204
start_2018_no_dot,daily,2021-09-14,0.01616390109985942
start_2018_no_dot,daily,2021-09-15,0.030199284343331856
start_2018_no_dot,daily,2021-09-16,0.009813866108029812
start_2018_no_dot,daily,2021-09-17,0.0079873313020008
start_2018_no_dot,daily,2021-09-18,0.019346865006327582
start_2018_no_dot,daily,2021-09-19,0.004582913924158313
start_2018_no_dot,daily,2021-09-20,0.004869532423454531
start_2018_no_dot,daily,2021-09-21,0.01126226786384689
start_2018_no_dot,daily,2021-09-22,0.014087699275766044
start_2018_no_dot,daily,2021-09-23,0.017542559660124094
start_2018_no_dot,daily,2021-09-24,0.01313998869092882
start_2018_no_dot,daily,2021-09-25,0.013182587806082169
start_2018_no_dot,daily,2021-09-26,0.01225472063323936
start_2018_no_dot,daily,2021-09-27,0.017187012407201496
start_2018_no_dot,daily,2021-09-28,0.009213574812912531
start_2018_no_dot,daily,2021-09-29,0.00787911266129225
start_2018_no_dot,daily,2021-09-30,0.011371839260830782
start_2018_no_dot,daily,2021-10-01,0.010152788156288922
start_2018_no_dot,daily,2021-10-02,0.0109389707139812
start_2018_no_dot,daily,2021-10-03,0.018192592905857327
start_2018_no_dot,daily,2021-10-04,0.007346870270910674
start_2018_no_dot,daily,2021-10-05,0.0222102466660552
start_2018_no_dot,daily,2021-10-06,0.010009065046184429
start_2018_no_dot,daily,2021-10-07,0.028764274204172047
start_2018_no_dot,daily,2021-10-08,0.014551309224688669
start_2018_no_dot,daily,2021-10-09,0.011122182979747694
start_2018_no_dot,daily,2021-10-10,0.01799438717382089
start_2018_no_dot,daily,2021-10-11,0.016449813552679535
start_2018_no_dot,daily,2021-10-12,0.017797548618306278
start_2018_no_dot,daily,2021-10-13,0.004814449301147897
start_2018_no_dot,daily,2021-10-14,0.01368151028619033
start_2018_no_dot,daily,2021-10-15,0.014614831414229978
start_2018_no_dot,daily,2021-10-16,0.019039439387788112
start_2018_no_dot,daily,2021-10-17,0.018656805847981336
start_2018_no_dot,daily,2021-10-18,0.013502504677428626
start_2018_no_dot,daily,2021-10-19,0.01337387056441526
start_2018_no_dot,daily,2021-10-20,0.0127446287538176
start_2018_no_dot,daily,2021-10-21,0.014210152514003371
start_2018_no_dot,daily,2021-10-22,0.01911741378094188
start_2018_no_dot,daily,2021-10-23,0.012670904575923195
start_2018_no_dot,daily,2021-10-24,0.01797850683971962
start_2018_no_dot,daily,2021-10-25,0.020495147380789766
start_2018_no_dot,daily,2021-10-26,0.020947614276116147
start_2018_no_dot,daily,2021-10-27,0.016858514429189564
start_2018_no_dot,daily,2021-10-28,0.023375325969640856
start_2018_no_dot,daily,2021-10-29,0.034967472071841574
start_2018_no_dot,daily,2021-10-30,0.013777699353772072
start_2018_no_dot,daily,2021-10-31,0.016308848024559952
start_2018_no_dot,daily,2021-11-01,0.015240604765596105
start_2018_no_dot,daily,2021-11-02,0.017644580350093586
start_2018_no_dot,daily,2021-11-03,0.015849185919022735
start_2018_no_dot,daily,2021-11-04,0.020038719363759172
start_2018_no_dot,daily,2021-11-05,0.007459502267861393
start_2018_no_dot,daily,2021-11-06,0.015277990199497188
start_2018_no_dot,daily,2021-11-07,0.008693409158460536
start_2018_no_dot,daily,2021-11-08,0.00789380555918133
start_2018_no_dot,daily,2021-11-09,0.014378517169504612
start_2018_no_dot,daily,2021-11-10,0.052677717409940025
start_2018_no_dot,daily,2021-11-11,0.026793350596185275
start_2018_no_dot,daily,2021-11-12,0.008638538631853404
start_2018_no_dot,daily,2021-11-13,0.008247410875729541
start_2018_no_dot,daily,2021-11-14,0.010869688290418747
start_2018_no_dot,daily,2021-11-15,0.018677179077342787
start_2018_no_dot,daily,2021-11-16,0.018315759731583725
start_2018_no_dot,daily,2021-11-17,0.01784646911104916
start_2018_no_dot,daily,2021-11-18,0.005756095824315036
start_2018_no_dot,daily,2021-11-19,0.017598624881942623
start_2018_no_dot,daily,2021-11-20,0.013840238753168616
start_2018_no_dot,daily,2021-11-21,0.013015346159195987
start_2018_no_dot,daily,2021-11-22,0.015317651396996534
start_2018_no_dot,daily,2021-11-23,0.012160617754793976
start_2018_no_dot,daily,2021-11-24,0.013263316859328342
start_2018_no_dot,daily,2021-11-25,0.0034398146428192417
start_2018_no_dot,daily,2021-11-26,0.022974223098912838
start_2018_no_dot,daily,2021-11-27,0.02075814685799776
start_2018_no_dot,daily,2021-11-28,0.005813566379401031
start_2018_no_dot,daily,2021-11-29,0.011839454216949596
start_2018_no_dot,daily,2021-11-30,0.009125479635704231
start_2018_no_dot,daily,2021-12-01,0.013873256753470453
start_2018_no_dot,daily,2021-12-02,0.00832685455497735
start_2018_no_dot,daily,2021-12-03,0.026274136639265575
start_2018_no_dot,daily,2021-12-04,0.013141267182667449
start_2018_no_dot,daily,2021-12-05,0.02534564562782854
start_2018_no_dot,daily,2021-12-06,0.01751570441166868
start_2018_no_dot,daily,2021-12-07,0.008523758973208978
start_2018_no_dot,daily,2021-12-08,0.018006837112251498
start_2018_no_dot,daily,2021-12-09,0.019905851742200775
start_2018_no_dot,daily,2021-12-10,0.02375614891506865
start_2018_no_dot,daily,2021-12-11,0.021938068054907722
start_2018_no_dot,daily,2021-12-12,0.015611729001706154
start_2018_no_dot,daily,2021-12-13,0.007050047051542066
start_2018_no_dot,daily,2021-12-14,0.014086500651060568
start_2018_no_dot,daily,2021-12-15,0.024584058920491314
start_2018_no_dot,daily,2021-12-16,0.018885577204226817
start_2018_no_dot,daily,2021-12-17,0.013468726722307922
start_2018_no_dot,daily,2021-12-18,0.010393652903510908
start_2018_no_dot,daily,2021-12-19,0.011079208483378303
start_2018_no_dot,daily,2021-12-20,0.010365440594893555
start_2018_no_dot,daily,2021-12-21,0.013500218547403381
start_2018_no_dot,daily,2021-12-22,0.012529991820815753
start_2018_no_dot,daily,2021-12-23,0.009770745653807048
start_2018_no_dot,daily,2021-12-24,0.02070762122599322
start_2018_no_dot,daily,2021-12-25,0.02033372560937327
start_2018_no_dot,daily,2021-12-26,0.013768310661885691
start_2018_no_dot,daily,2021-12-27,0.00910692747606763
start_2018_no_dot,daily,2021-12-28,0.014043805250748012
start_2018_no_dot,daily,2021-12-29,0.013179449923301167
start_2018_no_dot,daily,2021-12-30,0.011744562772028927
start_2018_no_dot,daily,2021-12-31,0.005519144841372212
start_2018_no_dot,daily,2022-01-01,0.00884018299960515
start_2018_no_dot,daily,2022-01-02,0.009170199617712413
start_2018_no_dot,daily,2022-01-03,0.01411963979948938
start_2018_no_dot,daily,2022-01-04,0.018771938110207942
start_2018_no_dot,daily,2022-01-05,0.006800087271955399
start_2018_no_dot,daily,2022-01-06,0.024813439292343864
start_2018_no_dot,daily,2022-01-07,0.01116625368829803
start_2018_no_dot,daily,2022-01-08,0.013569571119202178
start_2018_no_dot,daily,2022-01-09,0.00962700199799163
start_2018_no_dot,daily,2022-01-10,0.014508604283239107
start_2018_no_dot,daily,2022-01-11,0.014536063894795767
start_2018_no_dot,daily,2022-01-12,0.01920516746663882
start_2018_no_dot,daily,2022-01-13,0.018348322986712837
start_2018_no_dot,daily,2022-01-14,0.02062248619443728
start_2018_no_dot,daily,2022-01-15,0.02014783545021573
start_2018_no_dot,daily,2022-01-16,0.011029958555255612
start_2018_no_dot,daily,2022-01-17,0.019905153652388097
start_2018_no_dot,daily,2022-01-18,0.03661086446675858
start_2018_no_dot,daily,2022-01-19,0.026949753656451927
start_2018_no_dot,daily,2022-01-20,0.017659912897028354
start_2018_no_dot,daily,2022-01-21,0.016284114035170494
start_2018_no_dot,daily,2022-01-22,0.014973826583725161
start_2018_no_dot,daily,2022-01-23,0.011233900874789385
start_2018_no_dot,daily,2022-01-24,0.010266235488391465
start_2018_no_dot,daily,2022-01-25,0.0139207872444988
start_2018_no_dot,daily,2022-01-26,0.011504381467580774
start_2018_no_dot,daily,2022-01-27,0.009342140433329885
start_2018_no_dot,daily,2022-01-28,0.01033778945512516
start_2018_no_dot,daily,2022-01-29,0.013243270753291153
start_2018_no_dot,daily,2022-01-30,0.008062017280307823
start_2018_no_dot,daily,2022-01-31,0.0217957204359433
start_2018_no_dot,daily,2022-02-01,0.013875986235266466
start_2018_no_dot,daily,2022-02-02,0.016124740642215016
start_2018_no_dot,daily,2022-02-03,0.012074491376710628
start_2018_no_dot,daily,2022-02-04,0.011664183773928902
start_2018_no_dot,daily,2022-02-05,0.012842824859226082
start_2018_no_dot,daily,2022-02-06,0.012108817200688848
start_2018_no_dot,daily,2022-02-07,0.011024889976811655
start_2018_no_dot,daily,2022-02-08,0.029840332061170483
start_2018_no_dot,daily,2022-02-09,0.0186797780172617
start_2018_no_dot,daily,2022-02-10,0.017776362028847165
start_2018_no_dot,daily,2022-02-11,0.017795034192411865
start_2018_no_dot,daily,2022-02-12,0.013382161356813943
start_2018_no_dot,daily,2022-02-13,0.020257951092434445
start_2018_no_dot,daily,2022-02-14,0.01694922161434073
start_2018_no_dot,daily,2022-02-15,0.012570971441784928
start_2018_no_dot,daily,2022-02-16,0.013042199740793084
start_2018_no_dot,daily,2022-02-17,0.006677304026858455
start_2018_no_dot,daily,2022-02-18,0.010427390175760567
start_2018_no_dot,daily,2022-02-19,0.011692731649087976
start_2018_no_dot,daily,2022-02-20,0.011365023420709747
start_2018_no_dot,daily,2022-02-21,0.010026555344808508
start_2018_no_dot,daily,2022-02-22,0.01992226877645839
start_2018_no_dot,daily,2022-02-23,0.008214725598749098
start_2018_no_dot,daily,2022-02-24,0.007994459529901729
start_2018_no_dot,daily,2022-02-25,0.014258855309778579
start_2018_no_dot,daily,2022-02-26,0.02272341669538204
start_2018_no_dot,daily,2022-02-27,0.012806702535318265
start_2018_no_dot,daily,2022-02-28,0.012432397700481573
start_2018_no_dot,daily,2022-03-01,0.014704907819247909
start_2018_no_dot,daily,2022-03-02,0.008945901104633086
start_2018_no_dot,daily,2022-03-03,0.008018373663885484
start_2018_no_dot,daily,2022-03-04,0.014136699639674677
start_2018_no_dot,daily,2022-03-05,0.015203197071762056
start_2018_no_dot,daily,2022-03-06,0.01072980850700582
start_2018_no_dot,daily,2022-03-07,0.00640566734265044
start_2018_no_dot,daily,2022-03-08,0.010753410028641358
start_2018_no_dot,daily,2022-03-09,0.010071990842612843
start_2018_no_dot,daily,2022-03-10,0.015619629031072585
start_2018_no_dot,daily,2022-03-11,0.010318540844556995
start_2018_no_dot,daily,2022-03-12,0.022323157918234887
start_2018_no_dot,daily,2022-03-13,0.007617165224514388
start_2018_no_dot,daily,2022-03-14,0.010376886892949466
start_2018_no_dot,daily,2022-03-15,0.010410969770950407
start_2018_no_dot,daily,2022-03-16,0.009544466160670353
start_2018_no_dot,daily,2022-03-17,0.011366239356735697
start_2018_no_dot,daily,2022-03-18,0.005801891423375435
start_2018_no_dot,daily,2022-03-19,0.009697953761358388
start_2018_no_dot,daily,2022-03-20,0.035467195796278106
start_2018_no_dot,daily,2022-03-21,0.02500188388216061
start_2018_no_dot,daily,2022-03-22,0.014420171218993444
start_2018_no_dot,daily,2022-03-23,0.03898281847188574
start_2018_no_dot,daily,2022-03-24,0.027632807524286054
start_2018_no_dot,daily,2022-03-25,0.012995994314627252
start_2018_no_dot,daily,2022-03-26,0.011946362222415297
start_2018_no_dot,daily,2022-03-27,0.013914471151575875
start_2018_no_dot,daily,2022-03-28,0.012554977214585275
start_2018_no_dot,daily,2022-03-29,0.010648195277543474
start_2018_no_dot,daily,2022-03-30,0.0083809022259448
start_2018_no_dot,daily,2022-03-31,0.010954549038851749
start_2018_no_dot,daily,2022-04-01,0.017741247901343446
start_2018_no_dot,daily,2022-04-02,0.010972173528327286
start_2018_no_dot,daily,2022-04-03,0.008879751478099926
start_2018_no_dot,daily,2022-04-04,0.010340323475132931
start_2018_no_dot,daily,2022-04-05,0.016727188743560842
start_2018_no_dot,daily,2022-04-06,0.03200127771398861
start_2018_no_dot,daily,2022-04-07,0.02509889688253142
start_2018_no_dot,daily,2022-04-08,0.020471199275696947
start_2018_no_dot,daily,2022-04-09,0.013503733314026531
start_2018_no_dot,daily,2022-04-10,0.005300254305741645
start_2018_no_dot,daily,2022-04-11,0.010165361436691903
start_2018_no_dot,daily,2022-04-12,0.012581376732327884
start_2018_no_dot,daily,2022-04-13,0.006332070627141501
start_2018_no_dot,daily,2022-04-14,0.019932163844551765
start_2018_no_dot,daily,2022-04-15,0.016204304200690703
start_2018_no_dot,daily,2022-04-16,0.016214631672141655
start_2018_no_dot,daily,2022-04-17,0.009254402871573739
start_2018_no_dot,daily,2022-04-18,0.008107567916958908
start_2018_no_dot,daily,2022-04-19,0.0065541486897484486
start_2018_no_dot,daily,2022-04-20,0.007136779751682157
start_2018_no_dot,daily,2022-04-21,0.0071896896233057395
start_2018_no_dot,daily,2022-04-22,0.029025590801742773
start_2018_no_dot,daily,2022-04-23,0.015016620302254091
start_2018_no_dot,daily,2022-04-24,0.009051606343653831
start_2018_no_dot,daily,2022-04-25,0.007686766818399082
start_2018_no_dot,daily,2022-04-26,0.030427170193395192
start_2018_no_dot,daily,2022-04-27,0.01667156616106996
start_2018_no_dot,daily,2022-04-28,0.005900593072415888
start_2018_no_dot,daily,2022-04-29,0.010353321280298852
start_2018_no_dot,daily,2022-04-30,0.013805158064027559
start_2018_no_dot,daily,2022-05-01,0.020840468700796394
start_2018_no_dot,daily,2022-05-02,0.01872536261476336
start_2018_no_dot,daily,2022-05-03,0.011047452153494411
start_2018_no_dot,daily,2022-05-04,0.012037994249334077
start_2018_no_dot,daily,2022-05-05,0.036145646894804234
start_2018_no_dot,daily,2022-05-06,0.020031030950187836
start_2018_no_dot,daily,2022-05-07,0.026728743935855045
start_2018_no_dot,daily,2022-05-08,0.009711816254370453
start_2018_no_dot,daily,2022-05-09,0.016700930498288136
start_2018_no_dot,daily,2022-05-10,0.02639817393189367
start_2018_no_dot,daily,2022-05-11,0.0055579906947041124
start_2018_no_dot,daily,2022-05-12,0.051346737134183085
start_2018_no_dot,daily,2022-05-13,0.02443977048354387
start_2018_no_dot,daily,2022-05-14,0.025968048309605793
start_2018_no_dot,daily,2022-05-15,0.012269177041751761
start_2018_no_dot,daily,2022-05-16,0.018586007381091424
start_2018_no_dot,daily,2022-05-17,0.007769125286404027
start_2018_no_dot,daily,2022-05-18,0.010044634910759978
start_2018_no_dot,daily,2022-05-19,0.021810909361968736
start_2018_no_dot,daily,2022-05-20,0.012706616460305492
start_2018_no_dot,daily,2022-05-21,0.00614333515716059
start_2018_no_dot,daily,2022-05-22,0.008893054906815245
start_2018_no_dot,daily,2022-05-23,0.007586284700065948
start_2018_no_dot,daily,2022-05-24,0.01395456855382353
start_2018_no_dot,daily,2022-05-25,0.01972237579218236
start_2018_no_dot,daily,2022-05-26,0.01480422517949384
start_2018_no_dot,daily,2022-05-27,0.01611346526004448
start_2018_no_dot,daily,2022-05-28,0.021216484024527665
start_2018_no_dot,daily,2022-05-29,0.00841550452899116
start_2018_no_dot,daily,2022-05-30,0.013924841590625
start_2018_no_dot,daily,2022-05-31,0.025641575002512032
start_2018_no_dot,daily,2022-06-01,0.027980638351007586
start_2018_no_dot,daily,2022-06-02,0.020848116501423264
start_2018_no_dot,daily,2022-06-03,0.012666013193211215
start_2018_no_dot,daily,2022-06-04,0.010982814778248348
start_2018_no_dot,daily,2022-06-05,0.01574175670363029
start_2018_no_dot,daily,2022-06-06,0.011811073810323633
start_2018_no_dot,daily,2022-06-07,0.014473299645437504
start_2018_no_dot,daily,2022-06-08,0.024267713352360346
start_2018_no_dot,daily,2022-06-09,0.013535675225115631
start_2018_no_dot,daily,2022-06-10,0.012122681366703539
start_2018_no_dot,daily,2022-06-11,0.022420832717265
start_2018_no_dot,daily,2022-06-12,0.02273348450789464
start_2018_no_dot,daily,2022-06-13,0.023932549744154125
start_2018_no_dot,daily,2022-06-14,0.03681218145007263
start_2018_no_dot,daily,2022-06-15,0.04280375272724214
start_2018_no_dot,daily,2022-06-16,0.03146234570088753
start_2018_no_dot,daily,2022-06-17,0.02176469997645443
start_2018_no_dot,daily,2022-06-18,0.01987446807615302
start_2018_no_dot,daily,2022-06-19,0.023925988064830428
start_2018_no_dot,daily,2022-06-20,0.036644567292313135
start_2018_no_dot,daily,2022-06-21,0.021411750160207577
start_2018_no_dot,daily,2022-06-22,0.023751327861047167
start_2018_no_dot,daily,2022-06-23,0.015277421321449547
start_2018_no_dot,daily,2022-06-24,0.014020697932112289
start_2018_no_dot,daily,2022-06-25,0.02477386333926347
start_2018_no_dot,daily,2022-06-26,0.012436421431990974
start_2018_no_dot,daily,2022-06-27,0.024477093535825986
start_2018_no_dot,daily,2022-06-28,0.00865188408772262
start_2018_no_dot,daily,2022-06-29,0.018394402902015716
start_2018_no_dot,daily,2022-06-30,0.01907259650144126
start_2018_no_dot,daily,2022-07-01,0.015401785754849046
start_2018_no_dot,daily,2022-07-02,0.013479685802311556
start_2018_no_dot,daily,2022-07-03,0.01261021119743222
start_2018_no_dot,daily,2022-07-04,0.006949827480879828
start_2018_no_dot,daily,2022-07-05,0.011177333536894762
start_2018_no_dot,daily,2022-07-06,0.013701183382964055
start_2018_no_dot,daily,2022-07-07,0.008885475800683981
start_2018_no_dot,daily,2022-07-08,0.00880836175455428
start_2018_no_dot,daily,2022-07-09,0.01050933592478849
start_2018_no_dot,daily,2022-07-10,0.012203792346277872
start_2018_no_dot,daily,2022-07-11,0.0067036668406282585
start_2018_no_dot,daily,2022-07-12,0.014041077343975264
start_2018_no_dot,daily,2022-07-13,0.012280752534423192
start_2018_no_dot,daily,2022-07-14,0.008473030100857218
start_2018_no_dot,daily,2022-07-15,0.01244677775354193
start_2018_no_dot,daily,2022-07-16,0.008830169643280969
start_2018_no_dot,daily,2022-07-17,0.027263264053626543
start_2018_no_dot,daily,2022-07-18,0.026336380467345877
start_2018_no_dot,daily,2022-07-19,0.047902928410448825
start_2018_no_dot,daily,2022-07-20,0.019891493751295425
start_2018_no_dot,daily,2022-07-21,0.023660850791872787
start_2018_no_dot,daily,2022-07-22,0.019599196647103592
start_2018_no_dot,daily,2022-07-23,0.009572930988034592
start_2018_no_dot,daily,2022-07-24,0.013632817212735612
start_2018_no_dot,daily,2022-07-25,0.02030195701183471
start_2018_no_dot,daily,2022-07-26,0.015379013421651405
start_2018_no_dot,daily,2022-07-27,0.016103685209147553
start_2018_no_dot,daily,2022-07-28,0.0395007249119667
start_2018_no_dot,daily,2022-07-29,0.05341828045552216
start_2018_no_dot,daily,2022-07-30,0.020449087225018245
start_2018_no_dot,daily,2022-07-31,0.018622701174925163
start_2018_no_dot,daily,2022-08-01,0.011590147134021164
start_2018_no_dot,daily,2022-08-02,0.011193505570586529
start_2018_no_dot,daily,2022-08-03,0.01555488431329799
start_2018_no_dot,daily,2022-08-04,0.006337215176755132
start_2018_no_dot,daily,2022-08-05,0.012607691256981218
start_2018_no_dot,daily,2022-08-06,0.019392282550954196
start_2018_no_dot,daily,2022-08-07,0.00993964054723799
start_2018_no_dot,daily,2022-08-08,0.013775886093147324
start_2018_no_dot,daily,2022-08-09,0.01188442968105101
start_2018_no_dot,daily,2022-08-10,0.017530895098314972
start_2018_no_dot,daily,2022-08-11,0.013259295274443847
start_2018_no_dot,daily,2022-08-12,0.016354815671385498
start_2018_no_dot,daily,2022-08-13,0.011011447301327582
start_2018_no_dot,daily,2022-08-14,0.009877954533376976
start_2018_no_dot,daily,2022-08-15,0.027591288204873124
start_2018_no_dot,daily,2022-08-16,0.014093397042555078
start_2018_no_dot,daily,2022-08-17,0.026346472319345726
start_2018_no_dot,daily,2022-08-18,0.01733950274185024
start_2018_no_dot,daily,2022-08-19,0.019056995266938048
start_2018_no_dot,daily,2022-08-20,0.023187583695553127
start_2018_no_dot,daily,2022-08-21,0.00975702318405873
start_2018_no_dot,daily,2022-08-22,0.008383793649386115
start_2018_no_dot,daily,2022-08-23,0.012154843671501686
start_2018_no_dot,daily,2022-08-24,0.01572972302115634
start_2018_no_dot,daily,2022-08-25,0.008853057977178475
start_2018_no_dot,daily,2022-08-26,0.009644093001398318
start_2018_no_dot,daily,2022-08-27,0.019541547810396118
start_2018_no_dot,daily,2022-08-28,0.014699195186358538
start_2018_no_dot,daily,2022-08-29,0.014402322062613826
start_2018_no_dot,daily,2022-08-30,0.01705752418341369
start_2018_no_dot,daily,2022-08-31,0.015051744825010191
start_2018_no_dot,daily,2022-09-01,0.009651039851710994
start_2018_no_dot,daily,2022-09-02,0.012920290151251082
start_2018_no_dot,daily,2022-09-03,0.011989440652344363
start_2018_no_dot,daily,2022-09-04,0.014764384572262479
start_2018_no_dot,daily,2022-09-05,0.011041810066561353
start_2018_no_dot,daily,2022-09-06,0.04138358249685008
start_2018_no_dot,daily,2022-09-07,0.029829318625233886
start_2018_no_dot,daily,2022-09-08,0.013426132895218656
start_2018_no_dot,daily,2022-09-09,0.016673380802659135
start_2018_no_dot,daily,2022-09-10,0.014668896766350692
start_2018_no_dot,daily,2022-09-11,0.009839498600066693
start_2018_no_dot,daily,2022-09-12,0.0077787618773020595
start_2018_no_dot,daily,2022-09-13,0.012821020840165148
start_2018_no_dot,daily,2022-09-14,0.014199068825471728
start_2018_no_dot,daily,2022-09-15,0.01712465745410685
start_2018_no_dot,daily,2022-09-16,0.026908824739157705
start_2018_no_dot,daily,2022-09-17,0.02496353518849795
start_2018_no_dot,daily,2022-09-18,0.014086634514387825
start_2018_no_dot,daily,2022-09-19,0.025039529962383164
start_2018_no_dot,daily,2022-09-20,0.020686306480171487
start_2018_no_dot,daily,2022-09-21,0.029041152996761646
start_2018_no_dot,daily,2022-09-22,0.015198379981141819
start_2018_no_dot,daily,2022-09-23,0.033780023139709625
start_2018_no_dot,daily,2022-09-24,0.019648881387366007
start_2018_no_dot,daily,2022-09-25,0.01368237120811612
start_2018_no_dot,daily,2022-09-26,0.013096350488090505
start_2018_no_dot,daily,2022-09-27,0.01714728325280819
start_2018_no_dot,daily,2022-09-28,0.009921242387864238
start_2018_no_dot,daily,2022-09-29,0.01158915704847717
start_2018_no_dot,daily,2022-09-30,0.018821023291111433
start_2018_no_dot,daily,2022-10-01,0.01072623676669554
start_2018_no_dot,daily,2022-10-02,0.012189781712326209
start_2018_no_dot,daily,2022-10-03,0.00887455484551583
start_2018_no_dot,daily,2022-10-04,0.010958441834482663
start_2018_no_dot,daily,2022-10-05,0.015549391958986067
start_2018_no_dot,daily,2022-10-06,0.010431917433569249
start_2018_no_dot,daily,2022-10-07,0.01253304615784577
start_2018_no_dot,daily,2022-10-08,0.014755623652005903
start_2018_no_dot,daily,2022-10-09,0.009076342403578935
start_2018_no_dot,daily,2022-10-10,0.009517877717487619
start_2018_no_dot,daily,2022-10-11,0.021343572803314434
start_2018_no_dot,daily,2022-10-12,0.013778594148269097
start_2018_no_dot,daily,2022-10-13,0.006003369621032845
start_2018_no_dot,daily,2022-10-14,0.010414463692066403
start_2018_no_dot,daily,2022-10-15,0.01577724882597603
start_2018_no_dot,daily,2022-10-16,0.00847155166464722
start_2018_no_dot,daily,2022-10-17,0.009418290774432125
start_2018_no_dot,daily,2022-10-18,0.006930475017859969
start_2018_no_dot,daily,2022-10-19,0.007880527880330238
start_2018_no_dot,daily,2022-10-20,0.011264979151603002
start_2018_no_dot,daily,2022-10-21,0.010472895267277502
start_2018_no_dot,daily,2022-10-22,0.00920187925004673
start_2018_no_dot,daily,2022-10-23,0.008411707309800023
start_2018_no_dot,daily,2022-10-24,0.01018344696002696
start_2018_no_dot,daily,2022-10-25,0.007769794326107582
start_2018_no_dot,daily,2022-10-26,0.02761824060029186
start_2018_no_dot,daily,2022-10-27,0.028251751892423307
start_2018_no_dot,daily,2022-10-28,0.01602869612703707
start_2018_no_dot,daily,2022-10-29,0.013509123220648206
start_2018_no_dot,daily,2022-10-30,0.06755617952259445
start_2018_no_dot,daily,2022-10-31,0.011435998207774647
start_2018_no_dot,daily,2022-11-01,0.015592062209443883
start_2018_no_dot,daily,2022-11-02,0.021161822784623294
start_2018_no_dot,daily,2022-11-03,0.027486445880841037
start_2018_no_dot,daily,2022-11-04,0.014481085951624062
start_2018_no_dot,daily,2022-11-05,0.020983009001137254
start_2018_no_dot,daily,2022-11-06,0.01407872281124295
start_2018_no_dot,daily,2022-11-07,0.01809977835803872
start_2018_no_dot,daily,2022-11-08,0.018050017852249217
start_2018_no_dot,daily,2022-11-09,0.032914091625946926
start_2018_no_dot,daily,2022-11-10,0.026562469969360958
start_2018_no_dot,daily,2022-11-11,0.025024692949725508
start_2018_no_dot,daily,2022-11-12,0.014237663370208264
start_2018_no_dot,daily,2022-11-13,0.026537844783661224
start_2018_no_dot,daily,2022-11-14,0.01282216745247336
start_2018_no_dot,daily,2022-11-15,0.02117420372562602
start_2018_no_dot,daily,2022-11-16,0.006574045921324115
start_2018_no_dot,daily,2022-11-17,0.011023703429876436
start_2018_no_dot,daily,2022-11-18,0.01787130228586109
start_2018_no_dot,daily,2022-11-19,0.005712848176615576
start_2018_no_dot,daily,2022-11-20,0.007595578060376862
start_2018_no_dot,daily,2022-11-21,0.019514323857516475
start_2018_no_dot,daily,2022-11-22,0.01669263211855647
start_2018_no_dot,daily,2022-11-23,0.02897741330008094
start_2018_no_dot,daily,2022-11-24,0.024492477249155487
start_2018_no_dot,daily,2022-11-25,0.013466310881244573
start_2018_no_dot,daily,2022-11-26,0.020543699324617817
start_2018_no_dot,daily,2022-11-27,0.014822177674462755
start_2018_no_dot,daily,2022-11-28,0.02231444014221938
start_2018_no_dot,daily,2022-11-29,0.012919933763356345
start_2018_no_dot,daily,2022-11-30,0.012787083504492328
start_2018_no_dot,daily,2022-12-01,0.012170923627279354
start_2018_no_dot,daily,2022-12-02,0.0104206925284695
start_2018_no_dot,daily,2022-12-03,0.004764349621440858
start_2018_no_dot,daily,2022-12-04,0.010135131399210962
start_2018_no_dot,daily,2022-12-05,0.009944715332572768
start_2018_no_dot,daily,2022-12-06,0.01092457425888714
start_2018_no_dot,daily,2022-12-07,0.008857030093915766
start_2018_no_dot,daily,2022-12-08,0.009324366383091268
start_2018_no_dot,daily,2022-12-09,0.005368262223101078
start_2018_no_dot,daily,2022-12-10,0.0074284727814850765
start_2018_no_dot,daily,2022-12-11,0.002308454271878882
start_2018_no_dot,daily,2022-12-12,0.008320700702337674
start_2018_no_dot,daily,2022-12-13,0.008945394319912855
start_2018_no_dot,daily,2022-12-14,0.0109879715731485
start_2018_no_dot,daily,2022-12-15,0.011192151384456353
start_2018_no_dot,daily,2022-12-16,0.011047341646090877
start_2018_no_dot,daily,2022-12-17,0.021449556726788777
start_2018_no_dot,daily,2022-12-18,0.011183261785377471
start_2018_no_dot,daily,2022-12-19,0.0059760290128759025
start_2018_no_dot,daily,2022-12-20,0.017726726910950535
start_2018_no_dot,daily,2022-12-21,0.007081001609254012
start_2018_no_dot,daily,2022-12-22,0.009413069315180489
start_2018_no_dot,daily,2022-12-23,0.007575661647886062
start_2018_no_dot,daily,2022-12-24,0.00770075390928443
start_2018_no_dot,daily,2022-12-25,0.004383112166419678
start_2018_no_dot,daily,2022-12-26,0.011966626434756655
start_2018_no_dot,daily,2022-12-27,0.012158510626949184
start_2018_no_dot,daily,2022-12-28,0.007625867038579412
start_2018_no_dot,daily,2022-12-29,0.01235832005180626
start_2018_no_dot,daily,2022-12-30,0.014033935931612063
start_2018_no_dot,daily,2022-12-31,0.01312087111413096
start_2018_no_dot,daily,2023-01-01,0.011561630971374345
start_2018_no_dot,daily,2023-01-02,0.005344819502951764
start_2018_no_dot,daily,2023-01-03,0.009582679411468564
start_2018_no_dot,daily,2023-01-04,0.006469915537153967
start_2018_no_dot,daily,2023-01-05,0.033848726102452195
start_2018_no_dot,daily,2023-01-06,0.012126797987963053
start_2018_no_dot,daily,2023-01-07,0.020661980158742516
start_2018_no_dot,daily,2023-01-08,0.006869235250054506
start_2018_no_dot,daily,2023-01-09,0.010127388980113311
start_2018_no_dot,daily,2023-01-10,0.015405116907698371
start_2018_no_dot,daily,2023-01-11,0.007498452642878045
start_2018_no_dot,daily,2023-01-12,0.012633331117511803
start_2018_no_dot,daily,2023-01-13,0.01625661428573244
start_2018_no_dot,daily,2023-01-14,0.010671577079475553
start_2018_no_dot,daily,2023-01-15,0.011806155216467315
start_2018_no_dot,daily,2023-01-16,0.00838970965393862
start_2018_no_dot,daily,2023-01-17,0.011169210851335085
start_2018_no_dot,daily,2023-01-18,0.0091073196886024
start_2018_no_dot,daily,2023-01-19,0.013645103858424726
start_2018_no_dot,daily,2023-01-20,0.00555830043141281
start_2018_no_dot,daily,2023-01-21,0.010708972221804211
start_2018_no_dot,daily,2023-01-22,0.01396682354692258
start_2018_no_dot,daily,2023-01-23,0.013290072558644755
start_2018_no_dot,daily,2023-01-24,0.015521457840802541
start_2018_no_dot,daily,2023-01-25,0.00912719627571451
start_2018_no_dot,daily,2023-01-26,0.005732164334749032
start_2018_no_dot,daily,2023-01-27,0.011871186903693612
start_2018_no_dot,daily,2023-01-28,0.00913739661302275
start_2018_no_dot,daily,2023-01-29,0.008905120888364565
start_2018_no_dot,daily,2023-01-30,0.011453588276737592
start_2018_no_dot,daily,2023-01-31,0.011151275384858814
start_2018_no_dot,daily,2023-02-01,0.017836380462358553
start_2018_no_dot,daily,2023-02-02,0.013259698480375628
start_2018_no_dot,daily,2023-02-03,0.009331726746032207
start_2018_no_dot,daily,2023-02-04,0.007855564442710808
start_2018_no_dot,daily,2023-02-05,0.009988640865489687
start_2018_no_dot,daily,2023-02-06,0.009237724410814718
start_2018_no_dot,daily,2023-02-07,0.007612346082571206
start_2018_no_dot,daily,2023-02-08,0.0077025562037790485
start_2018_no_dot,daily,2023-02-09,0.007972641709482114
start_2018_no_dot,daily,2023-02-10,0.017938198385414383
start_2018_no_dot,daily,2023-02-11,0.009278817616072091
start_2018_no_dot,daily,2023-02-12,0.006532590677482811
start_2018_no_dot,daily,2023-02-13,0.007078903216966123
start_2018_no_dot,daily,2023-02-14,0.010254456160448178
start_2018_no_dot,daily,2023-02-15,0.012497064482797068
start_2018_no_dot,daily,2023-02-16,0.00984434489290699
start_2018_no_dot,daily,2023-02-17,0.011023079329277485
start_2018_no_dot,daily,2023-02-18,0.012109688031411894
start_2018_no_dot,daily,2023-02-19,0.010542587010523574
start_2018_no_dot,daily,2023-02-20,0.007905123571071662
start_2018_no_dot,daily,2023-02-21,0.015105159394948303
start_2018_no_dot,daily,2023-02-22,0.012040379843174256
start_2018_no_dot,daily,2023-02-23,0.011102541942874022
start_2018_no_dot,daily,2023-02-24,0.01081997996782981
start_2018_no_dot,daily,2023-02-25,0.01021476967552587
start_2018_no_dot,daily,2023-02-26,0.006049201031524856
start_2018_no_dot,daily,2023-02-27,0.005234311532201608
start_2018_no_dot,daily,2023-02-28,0.0057561737288900905
start_2018_no_dot,daily,2023-03-01,0.007855841617343262
start_2018_no_dot,daily,2023-03-02,0.009324948025409174
start_2018_no_dot,daily,2023-03-03,0.008165290872200831
start_2018_no_dot,daily,2023-03-04,0.012313684385636695
start_2018_no_dot,daily,2023-03-05,0.006703126140133131
start_2018_no_dot,daily,2023-03-06,0.007237560122765385
start_2018_no_dot,daily,2023-03-07,0.00899227231925992
start_2018_no_dot,daily,2023-03-08,0.009230024951781629
start_2018_no_dot,daily,2023-03-09,0.01726384140871154
start_2018_no_dot,daily,2023-03-10,0.013193152855243417
start_2018_no_dot,daily,2023-03-11,0.01654212017274828
start_2018_no_dot,daily,2023-03-12,0.01913901702214639
start_2018_no_dot,daily,2023-03-13,0.015399647002288089
start_2018_no_dot,daily,2023-03-14,0.01733987790221375
start_2018_no_dot,daily,2023-03-15,0.01260793295448187
start_2018_no_dot,daily,2023-03-16,0.02083469047458282
start_2018_no_dot,daily,2023-03-17,0.009145375807932288
start_2018_no_dot,daily,2023-03-18,0.016633011040396647
start_2018_no_dot,daily,2023-03-19,0.012885388141170892
start_2018_no_dot,daily,2023-03-20,0.007110930549840383
start_2018_no_dot,daily,2023-03-21,0.017358649300450613
start_2018_no_dot,daily,2023-03-22,0.042576887557215254
start_2018_no_dot,daily,2023-03-23,0.029190358850155335
start_2018_no_dot,daily,2023-03-24,0.01569849636471922
start_2018_no_dot,daily,2023-03-25,0.008761270111215039
start_2018_no_dot,daily,2023-03-26,0.014870493352481418
start_2018_no_dot,daily,2023-03-27,0.006041774868012786
start_2018_no_dot,daily,2023-03-28,0.023341014676198424
start_2018_no_dot,daily,2023-03-29,0.02115400908640394
start_2018_no_dot,daily,2023-03-30,0.014210908041288495
start_2018_no_dot,daily,2023-03-31,0.013785197456748263
start_2018_no_dot,daily,2023-04-01,0.015892050881767456
start_2018_no_dot,daily,2023-04-02,0.028900651455504342
start_2018_no_dot,daily,2023-04-03,0.014166166666716842
start_2018_no_dot,daily,2023-04-04,0.03748080674793318
start_2018_no_dot,daily,2023-04-05,0.0113888836383544
start_2018_no_dot,daily,2023-04-06,0.007250040592354096
start_2018_no_dot,daily,2023-04-07,0.012268061200943856
start_2018_no_dot,daily,2023-04-08,0.009431618520956975
start_2018_no_dot,daily,2023-04-09,0.0063890931292935604
start_2018_no_dot,daily,2023-04-10,0.004276876166351223
start_2018_no_dot,daily,2023-04-11,0.007746785510211171
start_2018_no_dot,daily,2023-04-12,0.01040067114025077
start_2018_no_dot,daily,2023-04-13,0.011187224334414783
start_2018_no_dot,daily,2023-04-14,0.013308413605533614
start_2018_no_dot,daily,2023-04-15,0.010584852877848133
start_2018_no_dot,daily,2023-04-16,0.011214144345030999
start_2018_no_dot,daily,2023-04-17,0.007362847973527181
start_2018_no_dot,daily,2023-04-18,0.01096366850576408
start_2018_no_dot,daily,2023-04-19,0.010705090015647803
start_2018_no_dot,daily,2023-04-20,0.01771038722819754
start_2018_no_dot,daily,2023-04-21,0.012445414906840882
start_2018_no_dot,daily,2023-04-22,0.013504928426220433
start_2018_no_dot,daily,2023-04-23,0.010143787288743378
start_2018_no_dot,daily,2023-04-24,0.007419855142288698
start_2018_no_dot,daily,2023-04-25,0.006369376203623475
start_2018_no_dot,daily,2023-04-26,0.008076171782651992
start_2018_no_dot,daily,2023-04-27,0.011844441939298858
start_2018_no_dot,daily,2023-04-28,0.008069718997044048
start_2018_no_dot,daily,2023-04-29,0.009236271923765027
start_2018_no_dot,daily,2023-04-30,0.007948605454707686
start_2018_no_dot,daily,2023-05-01,0.005377179595876344
start_2018_no_dot,daily,2023-05-02,0.009432154371020324
start_2018_no_dot,daily,2023-05-03,0.006254337061808973
start_2018_no_dot,daily,2023-05-04,0.006025762048448027
start_2018_no_dot,daily,2023-05-05,0.007171714608180335
start_2018_no_dot,daily,2023-05-06,0.009446752306294923
start_2018_no_dot,daily,2023-05-07,0.012538164756977915
start_2018_no_dot,daily,2023-05-08,0.005094497687968283
start_2018_no_dot,daily,2023-05-09,0.015201465632303054
start_2018_no_dot,daily,2023-05-10,0.019294704694365075
start_2018_no_dot,daily,2023-05-11,0.009783787211324613
start_2018_no_dot,daily,2023-05-12,0.009320206106906717
start_2018_no_dot,daily,2023-05-13,0.012168981514994459
start_2018_no_dot,daily,2023-05-14,0.0055983153026358395
start_2018_no_dot,daily,2023-05-15,0.008560729319001398
start_2018_no_dot,daily,2023-05-16,0.008388727927213485
start_2018_no_dot,daily,2023-05-17,0.009294708103492838
start_2018_no_dot,daily,2023-05-18,0.008386701937755453
start_2018_no_dot,daily,2023-05-19,0.0117122214647917
start_2018_no_dot,daily,2023-05-20,0.005719881562255155
start_2018_no_dot,daily,2023-05-21,0.0059945828690003145
start_2018_no_dot,daily,2023-05-22,0.010296808233470248
start_2018_no_dot,daily,2023-05-23,0.00991535720977757
start_2018_no_dot,daily,2023-05-24,0.004790431724990676
start_2018_no_dot,daily,2023-05-25,0.007155246700852852
start_2018_no_dot,daily,2023-05-26,0.005044206093986592
start_2018_no_dot,daily,2023-05-27,0.007206356535267772
start_2018_no_dot,daily,2023-05-28,0.005976286154899146
start_2018_no_dot,daily,2023-05-29,0.011986788115991173
start_2018_no_dot,daily,2023-05-30,0.008194069586476505
start_2018_no_dot,daily,2023-05-31,0.012808622181903623
start_2018_no_dot,daily,2023-06-01,0.00674355296403828
start_2018_no_dot,daily,2023-06-02,0.011245912540497782
start_2018_no_dot,daily,2023-06-03,0.016788041925066374
start_2018_no_dot,daily,2023-06-04,0.004665258173214004
start_2018_no_dot,daily,2023-06-05,0.007874742955552239
start_2018_no_dot,daily,2023-06-06,0.01270789892536485
start_2018_no_dot,daily,2023-06-07,0.01412399721208904
start_2018_no_dot,daily,2023-06-08,0.01493172385757438
start_2018_no_dot,daily,2023-06-09,0.004033644262980196
start_2018_no_dot,daily,2023-06-10,0.025585521640718575
start_2018_no_dot,daily,2023-06-11,0.03382560934914948
start_2018_no_dot,daily,2023-06-12,0.008569844738741436
start_2018_no_dot,daily,2023-06-13,0.0052755283902311545
start_2018_no_dot,daily,2023-06-14,0.009004814295146504
start_2018_no_dot,daily,2023-06-15,0.015157373292710372
start_2018_no_dot,daily,2023-06-16,0.013140521328144542
start_2018_no_dot,daily,2023-06-17,0.011290135600479673
start_2018_no_dot,daily,2023-06-18,0.007557658760422581
start_2018_no_dot,daily,2023-06-19,0.009285289886153666
start_2018_no_dot,daily,2023-06-20,0.006004536587666309
start_2018_no_dot,daily,2023-06-21,0.010769185217607238
start_2018_no_dot,daily,2023-06-22,0.02927689331251558
start_2018_no_dot,daily,2023-06-23,0.006639936785934497
start_2018_no_dot,daily,2023-06-24,0.06157709304735007
start_2018_no_dot,daily,2023-06-25,0.03268934743460325
start_2018_no_dot,daily,2023-06-26,0.023025060066622
start_2018_no_dot,daily,2023-06-27,0.029361298977055264
start_2018_no_dot,daily,2023-06-28,0.01639356046731734
start_2018_no_dot,daily,2023-06-29,0.01838942633445391
start_2018_no_dot,daily,2023-06-30,0.017898763316796754
start_2018_no_dot,daily,2023-07-01,0.06428181754388067
start_2018_no_dot,daily,2023-07-02,0.017265417264449218
start_2018_no_dot,daily,2023-07-03,0.015840930257665337
start_2018_no_dot,daily,2023-07-04,0.019917330980834855
start_2018_no_dot,daily,2023-07-05,0.011480257643032038
start_2018_no_dot,daily,2023-07-06,0.010107820595072856
start_2018_no_dot,daily,2023-07-07,0.016712993886605756
start_2018_no_dot,daily,2023-07-08,0.005438943163790302
start_2018_no_dot,daily,2023-07-09,0.010529745838017843
start_2018_no_dot,daily,2023-07-10,0.010041622887181176
start_2018_no_dot,daily,2023-07-11,0.007416941825116721
start_2018_no_dot,daily,2023-07-12,0.0051279212421375675
start_2018_no_dot,daily,2023-07-13,0.009481742440615115
start_2018_no_dot,daily,2023-07-14,0.15578960477304024
start_2018_no_dot,daily,2023-07-15,0.032116180691508026
start_2018_no_dot,daily,2023-07-16,0.016462606978085076
start_2018_no_dot,daily,2023-07-17,0.020383010372727564
start_2018_no_dot,daily,2023-07-18,0.01823789496994377
start_2018_no_dot,daily,2023-07-19,0.01827189523763534
start_2018_no_dot,daily,2023-07-20,0.03412693229230099
start_2018_no_dot,daily,2023-07-21,0.03864391567722085
start_2018_no_dot,daily,2023-07-22,0.016160059301247115
start_2018_no_dot,daily,2023-07-23,0.016382129104488496
start_2018_no_dot,daily,2023-07-24,0.008613251038730979
start_2018_no_dot,daily,2023-07-25,0.016569733255882374
start_2018_no_dot,daily,2023-07-26,0.017299339262358437
start_2018_no_dot,daily,2023-07-27,0.0175408581004214
start_2018_no_dot,daily,2023-07-28,0.008868823743092752
start_2018_no_dot,daily,2023-07-29,0.00960971797171882
start_2018_no_dot,daily,2023-07-30,0.011178261564482012
start_2018_no_dot,daily,2023-07-31,0.01724749495526809
start_2018_no_dot,daily,2023-08-01,0.010697320428984788
start_2018_no_dot,daily,2023-08-02,0.006215189316886652
start_2018_no_dot,daily,2023-08-03,0.016121182774244736
start_2018_no_dot,daily,2023-08-04,0.015454742602076854
start_2018_no_dot,daily,2023-08-05,0.009065547371103128
start_2018_no_dot,daily,2023-08-06,0.009012020770466422
start_2018_no_dot,daily,2023-08-07,0.00528709573632527
start_2018_no_dot,daily,2023-08-08,0.017408484441156516
start_2018_no_dot,daily,2023-08-09,0.007396468464646408
start_2018_no_dot,daily,2023-08-10,0.007877335062005095
start_2018_no_dot,daily,2023-08-11,0.008408480070010743
start_2018_no_dot,daily,2023-08-12,0.005125604469601683
start_2018_no_dot,daily,2023-08-13,0.005242650263714926
start_2018_no_dot,daily,2023-08-14,0.005880772928123876
start_2018_no_dot,daily,2023-08-15,0.0043601347590526
start_2018_no_dot,daily,2023-08-16,0.015331742582634783
start_2018_no_dot,daily,2023-08-17,0.01775729241094967
start_2018_no_dot,daily,2023-08-18,0.026777819112642015
start_2018_no_dot,daily,2023-08-19,0.01843212857547845
start_2018_no_dot,daily,2023-08-20,0.011972451494379283
start_2018_no_dot,daily,2023-08-21,0.012259025613545416
start_2018_no_dot,daily,2023-08-22,0.013991329523282595
start_2018_no_dot,daily,2023-08-23,0.01028399195692821
start_2018_no_dot,daily,2023-08-24,0.011809108809377744
start_2018_no_dot,daily,2023-08-25,0.008844438436560922
start_2018_no_dot,daily,2023-08-26,0.007301381515584085
start_2018_no_dot,daily,2023-08-27,0.00473602260201067
start_2018_no_dot,daily,2023-08-28,0.006759538000848206
start_2018_no_dot,daily,2023-08-29,0.009035869259288384
start_2018_no_dot,daily,2023-08-30,0.024555363497066787
start_2018_no_dot,daily,2023-08-31,0.010515223939376261
start_2018_no_dot,daily,2023-09-01,0.013098274994088513
start_2018_no_dot,daily,2023-09-02,0.009034867286757994
start_2018_no_dot,daily,2023-09-03,0.00746042513011462
start_2018_no_dot,daily,2023-09-04,0.010014165239928333
start_2018_no_dot,daily,2023-09-05,0.008881520545140353
start_2018_no_dot,daily,2023-09-06,0.00753201691024008
start_2018_no_dot,daily,2023-09-07,0.008206001125002818
start_2018_no_dot,daily,2023-09-08,0.005657068359969347
start_2018_no_dot,daily,2023-09-09,0.007552524260928811
start_2018_no_dot,daily,2023-09-10,0.00770100111906781
start_2018_no_dot,daily,2023-09-11,0.009857976898936499
start_2018_no_dot,daily,2023-09-12,0.008973121697541303
start_2018_no_dot,daily,2023-09-13,0.01759688001462921
start_2018_no_dot,daily,2023-09-14,0.005936228905376539
start_2018_no_dot,daily,2023-09-15,0.008620241797488923
start_2018_no_dot,daily,2023-09-16,0.01587749608182905
start_2018_no_dot,daily,2023-09-17,0.0033261121640927593
start_2018_no_dot,daily,2023-09-18,0.00785303554027944
start_2018_no_dot,daily,2023-09-19,0.013156507800876113
start_2018_no_dot,daily,2023-09-20,0.008764126893941668
start_2018_no_dot,daily,2023-09-21,0.010595706159864063
start_2018_no_dot,daily,2023-09-22,0.0062267271412692615
start_2018_no_dot,daily,2023-09-23,0.0073428204445294964
start_2018_no_dot,daily,2023-09-24,0.007072714587226345
start_2018_no_dot,daily,2023-09-25,0.005339999304245127
start_2018_no_dot,daily,2023-09-26,0.012167587847611808
start_2018_no_dot,daily,2023-09-27,0.006461166576499519
start_2018_no_dot,daily,2023-09-28,0.015476400794219719
start_2018_no_dot,daily,2023-09-29,0.007069486752905224
start_2018_no_dot,daily,2023-09-30,0.010363890239351747
start_2018_no_dot,daily,2023-10-01,0.01111267967876002
start_2018_no_dot,daily,2023-10-02,0.012444856893985723
start_2018_no_dot,daily,2023-10-03,0.013519411914410848
start_2018_no_dot,daily,2023-10-04,0.022286365622548987
start_2018_no_dot,daily,2023-10-05,0.012546964249900011
start_2018_no_dot,daily,2023-10-06,0.007463039454447026
start_2018_no_dot,daily,2023-10-07,0.008121307886750917
start_2018_no_dot,daily,2023-10-08,0.006128325752134428
start_2018_no_dot,daily,2023-10-09,0.005420800753871385
start_2018_no_dot,daily,2023-10-10,0.009269245591920855
start_2018_no_dot,daily,2023-10-11,0.007109066606126549
start_2018_no_dot,daily,2023-10-12,0.010080370346347386
start_2018_no_dot,daily,2023-10-13,0.0048149172947331426
start_2018_no_dot,daily,2023-10-14,0.0025264055306120498
start_2018_no_dot,daily,2023-10-15,0.00715284846527893
start_2018_no_dot,daily,2023-10-16,0.007562408809289017
start_2018_no_dot,daily,2023-10-17,0.012362922283160757
start_2018_no_dot,daily,2023-10-18,0.007126834376486563
start_2018_no_dot,daily,2023-10-19,0.007679157407210646
start_2018_no_dot,daily,2023-10-20,0.015153267948033622
start_2018_no_dot,daily,2023-10-21,0.013351602879641059
start_2018_no_dot,daily,2023-10-22,0.024992336132537235
start_2018_no_dot,daily,2023-10-23,0.022644866573860695
start_2018_no_dot,daily,2023-10-24,0.015676644531902553
start_2018_no_dot,daily,2023-10-25,0.012694124952833188
start_2018_no_dot,daily,2023-10-26,0.013356404896311597
start_2018_no_dot,daily,2023-10-27,0.015181290601791353
start_2018_no_dot,daily,2023-10-28,0.016783864529923517
start_2018_no_dot,daily,2023-10-29,0.008583474124856064
start_2018_no_dot,daily,2023-10-30,0.004769832027919918
start_2018_no_dot,daily,2023-10-31,0.010093007273035512
start_2018_no_dot,daily,2023-11-01,0.016597315364018705
start_2018_no_dot,daily,2023-11-02,0.008764489235604522
start_2018_no_dot,daily,2023-11-03,0.01685513750726929
start_2018_no_dot,daily,2023-11-04,0.012393738140844823
start_2018_no_dot,daily,2023-11-05,0.00451567079247038
start_2018_no_dot,daily,2023-11-06,0.019176230053916873
start_2018_no_dot,daily,2023-11-07,0.024348057112931837
start_2018_no_dot,daily,2023-11-08,0.01579469901191749
start_2018_no_dot,daily,2023-11-09,0.02244116132334875
start_2018_no_dot,daily,2023-11-10,0.04266146939365989
start_2018_no_dot,daily,2023-11-11,0.02401356713299503
start_2018_no_dot,daily,2023-11-12,0.02020472212894646
start_2018_no_dot,daily,2023-11-13,0.004353263538165897
start_2018_no_dot,daily,2023-11-14,0.027908567309834667
start_2018_no_dot,daily,2023-11-15,0.013715729390839745
start_2018_no_dot,daily,2023-11-16,0.013625717776802299
start_2018_no_dot,daily,2023-11-17,0.021255165903353634
start_2018_no_dot,daily,2023-11-18,0.01788603521327381
start_2018_no_dot,daily,2023-11-19,0.012936181639223124
start_2018_no_dot,daily,2023-11-20,0.012700261899923307
start_2018_no_dot,daily,2023-11-21,0.009846967451763722
start_2018_no_dot,daily,2023-11-22,0.009648109779104089
start_2018_no_dot,daily,2023-11-23,0.007938020471101329
start_2018_no_dot,daily,2023-11-24,0.006712610406610503
start_2018_no_dot,daily,2023-11-25,0.0073015308283282815
start_2018_no_dot,daily,2023-11-26,0.009365006974101212
start_2018_no_dot,daily,2023-11-27,0.00548693542751548
start_2018_no_dot,daily,2023-11-28,0.01196541875356219
start_2018_no_dot,daily,2023-11-29,0.005613242635138849
start_2018_no_dot,daily,2023-11-30,0.004093951963365608
start_2018_no_dot,daily,2023-12-01,0.008773583892855069
start_2018_no_dot,daily,2023-12-02,0.008514105931469063
start_2018_no_dot,daily,2023-12-03,0.013684858026774577
start_2018_no_dot,daily,2023-12-04,0.007479810049158181
start_2018_no_dot,daily,2023-12-05,0.024621720754146134
start_2018_no_dot,daily,2023-12-06,0.015233515232142239
start_2018_no_dot,daily,2023-12-07,0.02057399909199563
start_2018_no_dot,daily,2023-12-08,0.020313337041625162
start_2018_no_dot,daily,2023-12-09,0.031731382103525316
start_2018_no_dot,daily,2023-12-10,0.017467830834278122
start_2018_no_dot,daily,2023-12-11,0.009442489047970778
start_2018_no_dot,daily,2023-12-12,0.013473597000791246
start_2018_no_dot,daily,2023-12-13,0.010387726079378531
start_2018_no_dot,daily,2023-12-14,0.022310258301328503
start_2018_no_dot,daily,2023-12-15,0.012957862306373635
start_2018_no_dot,daily,2023-12-16,0.011593828203777135
start_2018_no_dot,daily,2023-12-17,0.009907047329203486
start_2018_no_dot,daily,2023-12-18,0.01006778018483881
start_2018_no_dot,daily,2023-12-19,0.01590169694050872
start_2018_no_dot,daily,2023-12-20,0.009247408990176814
start_2018_no_dot,daily,2023-12-21,0.007960809737696597
start_2018_no_dot,daily,2023-12-22,0.01869243323025195
start_2018_no_dot,daily,2023-12-23,0.01721242518586634
start_2018_no_dot,daily,2023-12-24,0.009800668026153425
start_2018_no_dot,daily,2023-12-25,0.006572348400525008
start_2018_no_dot,daily,2023-12-26,0.013730703729700533
start_2018_no_dot,daily,2023-12-27,0.00869155901274861
start_2018_no_dot,daily,2023-12-28,0.03239584611089402
start_2018_no_dot,daily,2023-12-29,0.01215575929313624
start_2018_no_dot,daily,2023-12-30,0.010165041713013231
start_2018_no_dot,daily,2023-12-31,0.014864287096323703
start_2018_no_dot,daily,2024-01-01,0.010757958506090959
start_2018_no_dot,daily,2024-01-02,0.008226570559432891
start_2018_no_dot,daily,2024-01-03,0.013667709843212333
start_2018_no_dot,daily,2024-01-04,0.020657808635068456
start_2018_no_dot,daily,2024-01-05,0.0073724652300028864
start_2018_no_dot,daily,2024-01-06,0.011788931220776247
start_2018_no_dot,daily,2024-01-07,0.011066163860077416
start_2018_no_dot,daily,2024-01-08,0.012476673337147734
start_2018_no_dot,daily,2024-01-09,0.017771192739989325
start_2018_no_dot,daily,2024-01-10,0.016549682533970322
start_2018_no_dot,daily,2024-01-11,0.04267491447557327
start_2018_no_dot,daily,2024-01-12,0.026791526776683602
start_2018_no_dot,daily,2024-01-13,0.024105503138943496
start_2018_no_dot,daily,2024-01-14,0.015244048728695309
start_2018_no_dot,daily,2024-01-15,0.018755310488561064
start_2018_no_dot,daily,2024-01-16,0.011021327457621882
start_2018_no_dot,daily,2024-01-17,0.008632113996554377
start_2018_no_dot,daily,2024-01-18,0.013545438787008271
start_2018_no_dot,daily,2024-01-19,0.015015372086054288
start_2018_no_dot,daily,2024-01-20,0.022481147917004923
start_2018_no_dot,daily,2024-01-21,0.022483376356827747
start_2018_no_dot,daily,2024-01-22,0.008291003991525839
start_2018_no_dot,daily,2024-01-23,0.019188359692950907
start_2018_no_dot,daily,2024-01-24,0.011485190694449074
start_2018_no_dot,daily,2024-01-25,0.007853402523209166
start_2018_no_dot,daily,2024-01-26,0.011397653278823361
start_2018_no_dot,daily,2024-01-27,0.006931794503233252
start_2018_no_dot,daily,2024-01-28,0.005629853583176761
start_2018_no_dot,daily,2024-01-29,0.011177236216139336
start_2018_no_dot,daily,2024-01-30,0.013089623832290315
start_2018_no_dot,daily,2024-01-31,0.017689734623523495
start_2018_no_dot,daily,2024-02-01,0.01006802658479218
start_2018_no_dot,daily,2024-02-02,0.018833536737707268
start_2018_no_dot,daily,2024-02-03,0.008677236044411077
start_2018_no_dot,daily,2024-02-04,0.009131323514208173
start_2018_no_dot,daily,2024-02-05,0.015568128520262778
start_2018_no_dot,daily,2024-02-06,0.010569485268822301
start_2018_no_dot,daily,2024-02-07,0.012520265639178477
start_2018_no_dot,daily,2024-02-08,0.0065727315452300955
start_2018_no_dot,daily,2024-02-09,0.017301202149551054
start_2018_no_dot,daily,2024-02-10,0.005994663583067453
start_2018_no_dot,daily,2024-02-11,0.009890686200183615
start_2018_no_dot,daily,2024-02-12,0.02495479326386707
start_2018_no_dot,daily,2024-02-13,0.013265858631076446
start_2018_no_dot,daily,2024-02-14,0.014546911093564152
start_2018_no_dot,daily,2024-02-15,0.012714757124419523
start_2018_no_dot,daily,2024-02-16,0.0193257418924776
start_2018_no_dot,daily,2024-02-17,0.00978616683740964
start_2018_no_dot,daily,2024-02-18,0.015782504487845905
start_2018_no_dot,daily,2024-02-19,0.0065314166376481825
start_2018_no_dot,daily,2024-02-20,0.01315503807800017
start_2018_no_dot,daily,2024-02-21,0.01666029157484558
start_2018_no_dot,daily,2024-02-22,0.011865279160989797
start_2018_no_dot,daily,2024-02-23,0.007168401731884516
start_2018_no_dot,daily,2024-02-24,0.0071197672829685504
start_2018_no_dot,daily,2024-02-25,0.00683649937707663
start_2018_no_dot,daily,2024-02-26,0.012696435515427207
start_2018_no_dot,daily,2024-02-27,0.010063377586826558
start_2018_no_dot,daily,2024-02-28,0.022827256599469173
start_2018_no_dot,daily,2024-02-29,0.0420215554067679
start_2018_no_dot,daily,2024-03-01,0.020012232362064897
start_2018_no_dot,daily,2024-03-02,0.031456912145528204
start_2018_no_dot,daily,2024-03-03,0.08686047061741474
start_2018_no_dot,daily,2024-03-04,0.028919581168712974
start_2018_no_dot,daily,2024-03-05,0.04097461629739649
start_2018_no_dot,daily,2024-03-06,0.035050624391530796
start_2018_no_dot,daily,2024-03-07,0.01592664987150552
start_2018_no_dot,daily,2024-03-08,0.010491879042603819
start_2018_no_dot,daily,2024-03-09,0.013748782747638286
start_2018_no_dot,daily,2024-03-10,0.018590299743364944
start_2018_no_dot,daily,2024-03-11,0.023134088510489342
start_2018_no_dot,daily,2024-03-12,0.04579386122000269
start_2018_no_dot,daily,2024-03-13,0.015349164302008611
start_2018_no_dot,daily,2024-03-14,0.007411932777663069
start_2018_no_dot,daily,2024-03-15,0.019075398794975953
start_2018_no_dot,daily,2024-03-16,0.013843489134542322
start_2018_no_dot,daily,2024-03-17,0.02085965389950789
start_2018_no_dot,daily,2024-03-18,0.012143556371432634
start_2018_no_dot,daily,2024-03-19,0.02273367686715691
start_2018_no_dot,daily,2024-03-20,0.009355587994588452
start_2018_no_dot,daily,2024-03-21,0.022730130848589075
start_2018_no_dot,daily,2024-03-22,0.015424490930317253
start_2018_no_dot,daily,2024-03-23,0.016573484971297472
start_2018_no_dot,daily,2024-03-24,0.018046487109435808
start_2018_no_dot,daily,2024-03-25,0.016160953244202525
start_2018_no_dot,daily,2024-03-26,0.013803770023628134
start_2018_no_dot,daily,2024-03-27,0.01831710821209355
start_2018_no_dot,daily,2024-03-28,0.03160041784293069
start_2018_no_dot,daily,2024-03-29,0.026838024342783956
start_2018_no_dot,daily,2024-03-30,0.04057761506876642
start_2018_no_dot,daily,2024-03-31,0.02182276764693944
start_2018_no_dot,daily,2024-04-01,0.03016108538358714
start_2018_no_dot,daily,2024-04-02,0.010401970741175631
start_2018_no_dot,daily,2024-04-03,0.03419690571331743
start_2018_no_dot,daily,2024-04-04,0.023727208608582323
start_2018_no_dot,daily,2024-04-05,0.02433456738199448
start_2018_no_dot,daily,2024-04-06,0.0056102145383544605
start_2018_no_dot,daily,2024-04-07,0.013006176044639564
start_2018_no_dot,daily,2024-04-08,0.014719044502955539
start_2018_no_dot,daily,2024-04-09,0.015098336161308915
start_2018_no_dot,daily,2024-04-10,0.021194574041996525
start_2018_no_dot,daily,2024-04-11,0.021572042968227192
start_2018_no_dot,daily,2024-04-12,0.012789771478661713
start_2018_no_dot,daily,2024-04-13,0.031321332665616486
start_2018_no_dot,daily,2024-04-14,0.027783790368394817
start_2018_no_dot,daily,2024-04-15,0.01295583343041451
start_2018_no_dot,daily,2024-04-16,0.009321037328294327
start_2018_no_dot,daily,2024-04-17,0.013339572464536889
start_2018_no_dot,daily,2024-04-18,0.013381257338840921
start_2018_no_dot,daily,2024-04-19,0.011157282185415146
start_2018_no_dot,daily,2024-04-20,0.007839027169786073
start_2018_no_dot,daily,2024-04-21,0.018594885077675996
start_2018_no_dot,daily,2024-04-22,0.008941722773417066
start_2018_no_dot,daily,2024-04-23,0.010783541233292573
start_2018_no_dot,daily,2024-04-24,0.010820709261548989
start_2018_no_dot,daily,2024-04-25,0.015293107904911382
start_2018_no_dot,daily,2024-04-26,0.006827814346380884
start_2018_no_dot,daily,2024-04-27,0.016573143440387517
start_2018_no_dot,daily,2024-04-28,0.015624590621407572
start_2018_no_dot,daily,2024-04-29,0.010126355907382839
start_2018_no_dot,daily,2024-04-30,0.010619705808391888
start_2018_no_dot,daily,2024-05-01,0.01884974734759373
start_2018_no_dot,daily,2024-05-02,0.019529193153874386
start_2018_no_dot,daily,2024-05-03,0.007167096672880929
start_2018_no_dot,daily,2024-05-04,0.020051096828562723
start_2018_no_dot,daily,2024-05-05,0.01827978309269712
start_2018_no_dot,daily,2024-05-06,0.007477499550588865
start_2018_no_dot,daily,2024-05-07,0.012155273518516835
start_2018_no_dot,daily,2024-05-08,0.014187627238661779
start_2018_no_dot,daily,2024-05-09,0.01718751408789089
start_2018_no_dot,daily,2024-05-10,0.00901405685247958
start_2018_no_dot,daily,2024-05-11,0.012945580215886751
start_2018_no_dot,daily,2024-05-12,0.008576705093925427
start_2018_no_dot,daily,2024-05-13,0.008779316246061694
start_2018_no_dot,daily,2024-05-14,0.01511023384130164
start_2018_no_dot,daily,2024-05-15,0.0058432001234225706
start_2018_no_dot,daily,2024-05-16,0.014873832832558262
start_2018_no_dot,daily,2024-05-17,0.025325408947807146
start_2018_no_dot,daily,2024-05-18,0.014262511754739818
start_2018_no_dot,daily,2024-05-19,0.008046157450370711
start_2018_no_dot,daily,2024-05-20,0.013003773250008968
start_2018_no_dot,daily,2024-05-21,0.03581350707289517
start_2018_no_dot,daily,2024-05-22,0.013545541584010432
start_2018_no_dot,daily,2024-05-23,0.006674228886307615
start_2018_no_dot,daily,2024-05-24,0.022800870901309542
start_2018_no_dot,daily,2024-05-25,0.014006951775093354
start_2018_no_dot,daily,2024-05-26,0.01074778572208207
start_2018_no_dot,daily,2024-05-27,0.01190040116406467
start_2018_no_dot,daily,2024-05-28,0.014553132732944785
start_2018_no_dot,daily,2024-05-29,0.00643214404910622
start_2018_no_dot,daily,2024-05-30,0.00670896356065398
start_2018_no_dot,daily,2024-05-31,0.01079368717189405
start_2018_no_dot,daily,2024-06-01,0.008214690120585164
start_2018_no_dot,daily,2024-06-02,0.0046927051254749275
start_2018_no_dot,daily,2024-06-03,0.007118910835684458
start_2018_no_dot,daily,2024-06-04,0.011940918186960095
start_2018_no_dot,daily,2024-06-05,0.008113713940235523
start_2018_no_dot,daily,2024-06-06,0.008519774247280662
start_2018_no_dot,daily,2024-06-07,0.007843125711573584
start_2018_no_dot,daily,2024-06-08,0.015941526508240975
start_2018_no_dot,daily,2024-06-09,0.010628984958995072
start_2018_no_dot,daily,2024-06-10,0.005714510732270778
start_2018_no_dot,daily,2024-06-11,0.006758707127103913
start_2018_no_dot,daily,2024-06-12,0.009967216401978701
start_2018_no_dot,daily,2024-06-13,0.015636798295185286
start_2018_no_dot,daily,2024-06-14,0.013970841749902763
start_2018_no_dot,daily,2024-06-15,0.010657280848502135
start_2018_no_dot,daily,2024-06-16,0.008995446573979035
start_2018_no_dot,daily,2024-06-17,0.007415150971802467
start_2018_no_dot,daily,2024-06-18,0.019508687004190978
start_2018_no_dot,daily,2024-06-19,0.016595610173044964
start_2018_no_dot,daily,2024-06-20,0.011616743013848033
start_2018_no_dot,daily,2024-06-21,0.00716946407856188
start_2018_no_dot,daily,2024-06-22,0.010418605129052655
start_2018_no_dot,daily,2024-06-23,0.01163088755678128
start_2018_no_dot,daily,2024-06-24,0.006222454023054019
start_2018_no_dot,daily,2024-06-25,0.021092375631089982
start_2018_no_dot,daily,2024-06-26,0.01426655438851357
start_2018_no_dot,daily,2024-06-27,0.010407774180495113
start_2018_no_dot,daily,2024-06-28,0.010673720265554923
start_2018_no_dot,daily,2024-06-29,0.012135006724773384
start_2018_no_dot,daily,2024-06-30,0.011296019708963545
start_2018_no_dot,daily,2024-07-01,0.011673798786716497
start_2018_no_dot,daily,2024-07-02,0.011784736898175108
start_2018_no_dot,daily,2024-07-03,0.011673358473640316
start_2018_no_dot,daily,2024-07-04,0.011003730551019275
start_2018_no_dot,daily,2024-07-05,0.026260167073039603
start_2018_no_dot,daily,2024-07-06,0.011222332215765601
start_2018_no_dot,daily,2024-07-07,0.013072376899514349
start_2018_no_dot,daily,2024-07-08,0.013727315626846037
start_2018_no_dot,daily,2024-07-09,0.01564826890572417
start_2018_no_dot,daily,2024-07-10,0.011465575812906317
start_2018_no_dot,daily,2024-07-11,0.010835410315356064
start_2018_no_dot,daily,2024-07-12,0.015620324001873034
start_2018_no_dot,daily,2024-07-13,0.014583444229845047
start_2018_no_dot,daily,2024-07-14,0.027738948602711783
start_2018_no_dot,daily,2024-07-15,0.01484901763744588
start_2018_no_dot,daily,2024-07-16,0.024441946881449836
start_2018_no_dot,daily,2024-07-17,0.020653793727022016
start_2018_no_dot,daily,2024-07-18,0.023052650259956398
start_2018_no_dot,daily,2024-07-19,0.025497770695298988
start_2018_no_dot,daily,2024-07-20,0.010060007866172546
start_2018_no_dot,daily,2024-07-21,0.014666279518508199
start_2018_no_dot,daily,2024-07-22,0.010329576778786459
start_2018_no_dot,daily,2024-07-23,0.015811119264030934
start_2018_no_dot,daily,2024-07-24,0.02476621085220415
start_2018_no_dot,daily,2024-07-25,0.01946368082290921
start_2018_no_dot,daily,2024-07-26,0.016287040711789838
start_2018_no_dot,daily,2024-07-27,0.014309019235677484
start_2018_no_dot,daily,2024-07-28,0.009257820490916335
start_2018_no_dot,daily,2024-07-29,0.016254335958075045
start_2018_no_dot,daily,2024-07-30,0.018149747784702713
start_2018_no_dot,daily,2024-07-31,0.018609473914716124
start_2018_no_dot,daily,2024-08-01,0.007138741555481221
start_2018_no_dot,daily,2024-08-02,0.010796326428815742
start_2018_no_dot,daily,2024-08-03,0.01014375599688612
start_2018_no_dot,daily,2024-08-04,0.013313265405659414
start_2018_no_dot,daily,2024-08-05,0.019801841977232906
start_2018_no_dot,daily,2024-08-06,0.026773284589535942
start_2018_no_dot,daily,2024-08-07,0.012793544444750421
start_2018_no_dot,daily,2024-08-08,0.048495453837745714
start_2018_no_dot,daily,2024-08-09,0.03550716815715582
start_2018_no_dot,daily,2024-08-10,0.012801134865977781
start_2018_no_dot,daily,2024-08-11,0.005877838030383761
start_2018_no_dot,daily,2024-08-12,0.014478539593109976
start_2018_no_dot,daily,2024-08-13,0.021227855113827215
start_2018_no_dot,daily,2024-08-14,0.010736012415613574
start_2018_no_dot,daily,2024-08-15,0.012123128361212751
start_2018_no_dot,daily,2024-08-16,0.010261529485468823
start_2018_no_dot,daily,2024-08-17,0.008531879855244687
start_2018_no_dot,daily,2024-08-18,0.005568666143076481
start_2018_no_dot,daily,2024-08-19,0.008480969638695199
start_2018_no_dot,daily,2024-08-20,0.01496261255178355
start_2018_no_dot,daily,2024-08-21,0.0255474325515207
start_2018_no_dot,daily,2024-08-22,0.02583902276918365
start_2018_no_dot,daily,2024-08-23,0.009646103679750023
start_2018_no_dot,daily,2024-08-24,0.013688047915341811
start_2018_no_dot,daily,2024-08-25,0.004673340070765045
start_2018_no_dot,daily,2024-08-26,0.014594482133319875
start_2018_no_dot,daily,2024-08-27,0.007717454526255871
start_2018_no_dot,daily,2024-08-28,0.013247448318541633
start_2018_no_dot,daily,2024-08-29,0.00957494880365646
start_2018_no_dot,daily,2024-08-30,0.008964903761277968
start_2018_no_dot,daily,2024-08-31,0.011029519365933493
start_2018_no_dot,daily,2024-09-01,0.003404557210991088
start_2018_no_dot,daily,2024-09-02,0.011052752290535206
start_2018_no_dot,daily,2024-09-03,0.010337455748371041
start_2018_no_dot,daily,2024-09-04,0.012236450723597914
start_2018_no_dot,daily,2024-09-05,0.006898594750327655
start_2018_no_dot,daily,2024-09-06,0.014473340799303985
start_2018_no_dot,daily,2024-09-07,0.012505851754436498
start_2018_no_dot,daily,2024-09-08,0.012637448244330232
start_2018_no_dot,daily,2024-09-09,0.009721911247248485
start_2018_no_dot,daily,2024-09-10,0.01610754634629806
start_2018_no_dot,daily,2024-09-11,0.007614199896917029
start_2018_no_dot,daily,2024-09-12,0.013231458464439308
start_2018_no_dot,daily,2024-09-13,0.012649055959615074
start_2018_no_dot,daily,2024-09-14,0.016397767522961862
start_2018_no_dot,daily,2024-09-15,0.014212808092744056
start_2018_no_dot,daily,2024-09-16,0.013573966947292154
start_2018_no_dot,daily,2024-09-17,0.01115938749186754
start_2018_no_dot,daily,2024-09-18,0.007898210600062752
start_2018_no_dot,daily,2024-09-19,0.008284048451540946
start_2018_no_dot,daily,2024-09-20,0.011158586127166234
start_2018_no_dot,daily,2024-09-21,0.009170196684306214
start_2018_no_dot,daily,2024-09-22,0.008574524085011276
start_2018_no_dot,daily,2024-09-23,0.013105273352322463
start_2018_no_dot,daily,2024-09-24,0.013250074257725966
start_2018_no_dot,daily,2024-09-25,0.017154916458187147
start_2018_no_dot,daily,2024-09-26,0.005688272354260324
start_2018_no_dot,daily,2024-09-27,0.01565260704044376
start_2018_no_dot,daily,2024-09-28,0.011537797868226549
start_2018_no_dot,daily,2024-09-29,0.016465320315514245
start_2018_no_dot,daily,2024-09-30,0.015349368970346833
start_2018_no_dot,daily,2024-10-01,0.015600151704011508
start_2018_no_dot,daily,2024-10-02,0.013304258782972464
start_2018_no_dot,daily,2024-10-03,0.01785375214556635
start_2018_no_dot,daily,2024-10-04,0.010761540457590368
start_2018_no_dot,daily,2024-10-05,0.008814912065402858
start_2018_no_dot,daily,2024-10-06,0.008614123433364429
start_2018_no_dot,daily,2024-10-07,0.0040719097652929526
start_2018_no_dot,daily,2024-10-08,0.008188520937519914
start_2018_no_dot,daily,2024-10-09,0.014155253345092877
start_2018_no_dot,daily,2024-10-10,0.01010650246433041
start_2018_no_dot,daily,2024-10-11,0.006633228094594296
start_2018_no_dot,daily,2024-10-12,0.009600682493557972
start_2018_no_dot,daily,2024-10-13,0.004003817022354764
start_2018_no_dot,daily,2024-10-14,0.00783142262863043
start_2018_no_dot,daily,2024-10-15,0.020435972709026612
start_2018_no_dot,daily,2024-10-16,0.01757891875867107
start_2018_no_dot,daily,2024-10-17,0.017709776158204585
start_2018_no_dot,daily,2024-10-18,0.014843062536792836
start_2018_no_dot,daily,2024-10-19,0.01288166176924034
start_2018_no_dot,daily,2024-10-20,0.014742669107798423
start_2018_no_dot,daily,2024-10-21,0.015449542004515107
start_2018_no_dot,daily,2024-10-22,0.013942192608625434
start_2018_no_dot,daily,2024-10-23,0.013426369915015057
start_2018_no_dot,daily,2024-10-24,0.016469042520679017
start_2018_no_dot,daily,2024-10-25,0.011293656122628351
start_2018_no_dot,daily,2024-10-26,0.014712377081668782
start_2018_no_dot,daily,2024-10-27,0.012705521795151706
start_2018_no_dot,daily,2024-10-28,0.01200505199419856
start_2018_no_dot,daily,2024-10-29,0.020733849761141065
start_2018_no_dot,daily,2024-10-30,0.016135359991019782
start_2018_no_dot,daily,2024-10-31,0.020043127529864757
start_2018_no_dot,daily,2024-11-01,0.01282580552072489
start_2018_no_dot,daily,2024-11-02,0.01346329216670733
start_2018_no_dot,daily,2024-11-03,0.006926488189546498
start_2018_no_dot,daily,2024-11-04,0.013013745826457312
start_2018_no_dot,daily,2024-11-05,0.016652039747926728
start_2018_no_dot,daily,2024-11-06,0.018293798891684587
start_2018_no_dot,daily,2024-11-07,0.026782675649615464
start_2018_no_dot,daily,2024-11-08,0.02836669438256896
start_2018_no_dot,daily,2024-11-09,0.02711905189011994
start_2018_no_dot,daily,2024-11-10,0.03364089954562732
start_2018_no_dot,daily,2024-11-11,0.05357475076935517
start_2018_no_dot,daily,2024-11-12,0.035528530838875416
start_2018_no_dot,daily,2024-11-13,0.0838253039618089
start_2018_no_dot,daily,2024-11-14,0.029224592764821783
start_2018_no_dot,daily,2024-11-15,0.04933246131247972
start_2018_no_dot,daily,2024-11-16,0.03636142826076108
start_2018_no_dot,daily,2024-11-17,0.0949270345278168
start_2018_no_dot,daily,2024-11-18,0.029873960781156728
start_2018_no_dot,daily,2024-11-19,0.03233364500756655
start_2018_no_dot,daily,2024-11-20,0.0200032158552311
start_2018_no_dot,daily,2024-11-21,0.03204765363459544
start_2018_no_dot,daily,2024-11-22,0.027787607439279854
start_2018_no_dot,daily,2024-11-23,0.07585293299742087
start_2018_no_dot,daily,2024-11-24,0.0731753188789418
start_2018_no_dot,daily,2024-11-25,0.020323028930587947
start_2018_no_dot,daily,2024-11-26,0.032674606433806
start_2018_no_dot,daily,2024-11-27,0.020957629445520723
start_2018_no_dot,daily,2024-11-28,0.02763986419116593
start_2018_no_dot,daily,2024-11-29,0.02131835365880147
start_2018_no_dot,daily,2024-11-30,0.03919098894711537
start_2018_no_dot,daily,2024-12-01,0.024426645702477795
start_2018_no_dot,daily,2024-12-02,0.05150272915406032
start_2018_no_dot,daily,2024-12-03,0.07715258528850469
start_2018_no_dot,daily,2024-12-04,0.14660802777071597
start_2018_no_dot,daily,2024-12-05,0.055396985739931126
start_2018_no_dot,daily,2024-12-06,0.01702729570638907
start_2018_no_dot,daily,2024-12-07,0.019092623909662765
start_2018_no_dot,daily,2024-12-08,0.025322383879356036
start_2018_no_dot,daily,2024-12-09,0.01654090820549635
start_2018_no_dot,daily,2024-12-10,0.041428938455817355
start_2018_no_dot,daily,2024-12-11,0.03236839511962057
start_2018_no_dot,daily,2024-12-12,0.02033693953960916
start_2018_no_dot,daily,2024-12-13,0.04166942541277546
start_2018_no_dot,daily,2024-12-14,0.014295071307629595
start_2018_no_dot,daily,2024-12-15,0.016203842988164394
start_2018_no_dot,daily,2024-12-16,0.007405669102977547
start_2018_no_dot,daily,2024-12-17,0.01815753423923666
start_2018_no_dot,daily,2024-12-18,0.026196987070966224
start_2018_no_dot,daily,2024-12-19,0.016795513515434873
start_2018_no_dot,daily,2024-12-20,0.027184923911206457
start_2018_no_dot,daily,2024-12-21,0.012027347555923912
start_2018_no_dot,daily,2024-12-22,0.023403027292737633
start_2018_no_dot,daily,2024-12-23,0.008748599441537414
start_2018_no_dot,daily,2024-12-24,0.01840390962514607
start_2018_no_dot,daily,2024-12-25,0.014462321410230919
start_2018_no_dot,daily,2024-12-26,0.01495959855862869
start_2018_no_dot,daily,2024-12-27,0.0140995678288795
start_2018_no_dot,daily,2024-12-28,0.014102420026994439
start_2018_no_dot,daily,2024-12-29,0.00803360429809788
start_2018_no_dot,daily,2024-12-30,0.011572447714694595
start_2018_no_dot,daily,2024-12-31,0.009332443856269163
start_2018_no_dot,daily,2025-01-01,0.014791109972662059
start_2018_no_dot,daily,2025-01-02,0.05337044641193396
start_2018_no_dot,daily,2025-01-03,0.010175513752644999
start_2018_no_dot,daily,2025-01-04,0.029628725198350192
start_2018_no_dot,daily,2025-01-05,0.011763592921891886
start_2018_no_dot,daily,2025-01-06,0.015142448825797836
start_2018_no_dot,daily,2025-01-07,0.009485092718210256
start_2018_no_dot,daily,2025-01-08,0.01864894322412125
start_2018_no_dot,daily,2025-01-09,0.017613653676323796
start_2018_no_dot,daily,2025-01-10,0.01666168328634139
start_2018_no_dot,daily,2025-01-11,0.011992139524662174
start_2018_no_dot,daily,2025-01-12,0.032254394388285354
start_2018_no_dot,daily,2025-01-13,0.013026301473308119
start_2018_no_dot,daily,2025-01-14,0.01724200458723009
start_2018_no_dot,daily,2025-01-15,0.01444660598091152
start_2018_no_dot,daily,2025-01-16,0.030460251244754058
start_2018_no_dot,daily,2025-01-17,0.02291750525376729
start_2018_no_dot,daily,2025-01-18,0.02215065041350124
start_2018_no_dot,daily,2025-01-19,0.020995757562756012
start_2018_no_dot,daily,2025-01-20,0.03317851263428202
start_2018_no_dot,daily,2025-01-21,0.012546714628829406
start_2018_no_dot,daily,2025-01-22,0.018571587025479022
start_2018_no_dot,daily,2025-01-23,0.015082497207692988
start_2018_no_dot,daily,2025-01-24,0.017310873068016958
start_2018_no_dot,daily,2025-01-25,0.013192316492035311
start_2018_no_dot,daily,2025-01-26,0.013988490686036303
start_2018_no_dot,daily,2025-01-27,0.011255191753795177
start_2018_no_dot,daily,2025-01-28,0.010158258019362598
start_2018_no_dot,daily,2025-01-29,0.013919772244491035
start_2018_no_dot,daily,2025-01-30,0.013118327663821192
start_2018_no_dot,daily,2025-01-31,0.023299878438349145
start_2018_no_dot,daily,2025-02-01,0.018513962799664926
start_2018_no_dot,daily,2025-02-02,0.013957156240814103
start_2018_no_dot,daily,2025-02-03,0.021961858972485815
start_2018_no_dot,daily,2025-02-04,0.02699021362842717
start_2018_no_dot,daily,2025-02-05,0.015142073701016182
start_2018_no_dot,daily,2025-02-06,0.02019979749119083
start_2018_no_dot,daily,2025-02-07,0.0170924257490339
start_2018_no_dot,daily,2025-02-08,0.012085648544230776
start_2018_no_dot,daily,2025-02-09,0.007646676282107093
start_2018_no_dot,daily,2025-02-10,0.014516492112623416
start_2018_no_dot,daily,2025-02-11,0.02243213222982185
start_2018_no_dot,daily,2025-02-12,0.021057379113621016
start_2018_no_dot,daily,2025-02-13,0.011804948893006192
start_2018_no_dot,daily,2025-02-14,0.021182586011894503
start_2018_no_dot,daily,2025-02-15,0.019997669727367898
start_2018_no_dot,daily,2025-02-16,0.019959855893913872
start_2018_no_dot,daily,2025-02-17,0.010480553800879047
start_2018_no_dot,daily,2025-02-18,0.02277080322726581
start_2018_no_dot,daily,2025-02-19,0.023937743970369407
start_2018_no_dot,daily,2025-02-20,0.017918788315300443
start_2018_no_dot,daily,2025-02-21,0.015092901263631955
start_2018_no_dot,daily,2025-02-22,0.011611692765223017
start_2018_no_dot,daily,2025-02-23,0.012046080786936253
start_2018_no_dot,daily,2025-02-24,0.014533944571844884
start_2018_no_dot,daily,2025-02-25,0.026306912517798736
start_2018_no_dot,daily,2025-02-26,0.01292080306797902
start_2018_no_dot,daily,2025-02-27,0.030710276600818237
start_2018_no_dot,daily,2025-02-28,0.006487322693387768
start_2018_no_dot,daily,2025-03-01,0.024982749847465943
start_2018_no_dot,daily,2025-03-02,0.025416662840216916
start_2018_no_dot,daily,2025-03-03,0.10658196626395151
start_2018_no_dot,daily,2025-03-04,0.05480098068801946
start_2018_no_dot,daily,2025-03-05,0.02434326308104122
start_2018_no_dot,daily,2025-03-06,0.04326442745507866
start_2018_no_dot,daily,2025-03-07,0.020211216005141905
start_2018_no_dot,daily,2025-03-08,0.031375319128314816
start_2018_no_dot,daily,2025-03-09,0.013516526975238821
start_2018_no_dot,daily,2025-03-10,0.02176468054073598
start_2018_no_dot,daily,2025-03-11,0.0189477456771016
start_2018_no_dot,daily,2025-03-12,0.0205589826236931
start_2018_no_dot,daily,2025-03-13,0.014089536594795046
start_2018_no_dot,daily,2025-03-14,0.027077572058343574
start_2018_no_dot,daily,2025-03-15,0.016873586197611354
start_2018_no_dot,daily,2025-03-16,0.010373750283157082
start_2018_no_dot,daily,2025-03-17,0.010477260919058387
start_2018_no_dot,daily,2025-03-18,0.009222251923831151
start_2018_no_dot,daily,2025-03-19,0.01731014349943312
start_2018_no_dot,daily,2025-03-20,0.02048610093760876
start_2018_no_dot,daily,2025-03-21,0.013139234709794056
start_2018_no_dot,daily,2025-03-22,0.007459513734999923
start_2018_no_dot,daily,2025-03-23,0.0070245149160031994
start_2018_no_dot,daily,2025-03-24,0.011592210277158246
start_2018_no_dot,daily,2025-03-25,0.012548476169719755
start_2018_no_dot,daily,2025-03-26,0.010183567117943354
start_2018_no_dot,daily,2025-03-27,0.01547355226004142
start_2018_no_dot,daily,2025-03-28,0.011648017009799574
start_2018_no_dot,daily,2025-03-29,0.013954367762572223
start_2018_no_dot,daily,2025-03-30,0.012934758810888236
start_2018_no_dot,daily,2025-03-31,0.0066535950182031595
start_2018_no_dot,daily,2025-04-01,0.013438371519658418
start_2018_no_dot,daily,2025-04-02,0.011570331448514062
start_2018_no_dot,daily,2025-04-03,0.01223987850029852
start_2018_no_dot,daily,2025-04-04,0.0077979877561233785
start_2018_no_dot,daily,2025-04-05,0.01232321337426355
start_2018_no_dot,daily,2025-04-06,0.008445497542785743
start_2018_no_dot,daily,2025-04-07,0.02420960302131564
start_2018_no_dot,daily,2025-04-08,0.011475285022592305
start_2018_no_dot,daily,2025-04-09,0.014394104330051907
start_2018_no_dot,daily,2025-04-10,0.024961510346365165
start_2018_no_dot,daily,2025-04-11,0.012048900366211437
start_2018_no_dot,daily,2025-04-12,0.01208943245442641
start_2018_no_dot,daily,2025-04-13,0.01736721193116114
start_2018_no_dot,daily,2025-04-14,0.013213446165852905
start_2018_no_dot,daily,2025-04-15,0.01371655914649443
start_2018_no_dot,daily,2025-04-16,0.0077031530851992686
start_2018_no_dot,daily,2025-04-17,0.006155440328070083
start_2018_no_dot,daily,2025-04-18,0.0070628466552492275
start_2018_no_dot,daily,2025-04-19,0.0097554239745761
start_2018_no_dot,daily,2025-04-20,0.010351395481272271
start_2018_no_dot,daily,2025-04-21,0.010590053315493314
start_2018_no_dot,daily,2025-04-22,0.014243008258135126
start_2018_no_dot,daily,2025-04-23,0.01950381490297337
start_2018_no_dot,daily,2025-04-24,0.014713089589716122
start_2018_no_dot,daily,2025-04-25,0.015744825742767143
start_2018_no_dot,daily,2025-04-26,0.015141407412190791
start_2018_no_dot,daily,2025-04-27,0.015785348207477498
start_2018_no_dot,daily,2025-04-28,0.010728801469923471
start_2018_no_dot,daily,2025-04-29,0.012694874278520674
start_2018_no_dot,daily,2025-04-30,0.007958866064084219
start_2018_no_dot,daily,2025-05-01,0.011048491352407194
start_2018_no_dot,daily,2025-05-02,0.01668676450348465
start_2018_no_dot,daily,2025-05-03,0.012749705444500548
start_2018_no_dot,daily,2025-05-04,0.012674876376732577
start_2018_no_dot,daily,2025-05-05,0.009299229540621748
start_2018_no_dot,daily,2025-05-06,0.009942076218958706
start_2018_no_dot,daily,2025-05-07,0.019933748425075934
start_2018_no_dot,daily,2025-05-08,0.009410491896297973
start_2018_no_dot,daily,2025-05-09,0.037087115873884274
start_2018_no_dot,daily,2025-05-10,0.019701148711755365
start_2018_no_dot,daily,2025-05-11,0.03189495259622305
start_2018_no_dot,daily,2025-05-12,0.016686090825991318
start_2018_no_dot,daily,2025-05-13,0.02084811211923543
start_2018_no_dot,daily,2025-05-14,0.020268655200923094
start_2018_no_dot,daily,2025-05-15,0.01185144283801512
start_2018_no_dot,daily,2025-05-16,0.020658811737886196
start_2018_no_dot,daily,2025-05-17,0.005010589555518349
start_2018_no_dot,daily,2025-05-18,0.009077624685774083
start_2018_no_dot,daily,2025-05-19,0.015218197622010168
start_2018_no_dot,daily,2025-05-20,0.012332699097879415
start_2018_no_dot,daily,2025-05-21,0.00981744544300607
start_2018_no_dot,daily,2025-05-22,0.008909682494009322
start_2018_no_dot,daily,2025-05-23,0.01286136972493565
start_2018_no_dot,daily,2025-05-24,0.014196653083160357
start_2018_no_dot,daily,2025-05-25,0.005327930065564437
start_2018_no_dot,daily,2025-05-26,0.004728430163606606
start_2018_no_dot,daily,2025-05-27,0.0068584830398426555
start_2018_no_dot,daily,2025-05-28,0.01049614288149639
start_2018_no_dot,daily,2025-05-29,0.007912507232558819
start_2018_no_dot,daily,2025-05-30,0.007613592005770928
start_2018_no_dot,daily,2025-05-31,0.02153345888510408
start_2018_no_dot,daily,2025-06-01,0.009932886717090625
start_2018_no_dot,daily,2025-06-02,0.007638277547566977
start_2018_no_dot,daily,2025-06-03,0.00865467823403715
start_2018_no_dot,daily,2025-06-04,0.00634055134124932
start_2018_no_dot,daily,2025-06-05,0.011561517611501052
start_2018_no_dot,daily,2025-06-06,0.02143957896394051
start_2018_no_dot,daily,2025-06-07,0.011803415258627395
start_2018_no_dot,daily,2025-06-08,0.009137056323099815
start_2018_no_dot,daily,2025-06-09,0.01193559770032876
start_2018_no_dot,daily,2025-06-10,0.011844190842192293
start_2018_no_dot,daily,2025-06-11,0.015880758442449946
start_2018_no_dot,daily,2025-06-12,0.0073322210838563245
start_2018_no_dot,daily,2025-06-13,0.014460046309089328
start_2018_no_dot,daily,2025-06-14,0.01786348445702339
start_2018_no_dot,daily,2025-06-15,0.008462733012560536
start_2018_no_dot,daily,2025-06-16,0.011030949703544735
start_2018_no_dot,daily,2025-06-17,0.010252415114167218
start_2018_no_dot,daily,2025-06-18,0.010541982428194083
start_2018_no_dot,daily,2025-06-19,0.004991681146895327
start_2018_no_dot,daily,2025-06-20,0.014601094450132204
start_2018_no_dot,daily,2025-06-21,0.012455783090188632
start_2018_no_dot,daily,2025-06-22,0.012493540037175024
start_2018_no_dot,daily,2025-06-23,0.006912614363949535
start_2018_no_dot,daily,2025-06-24,0.01897581178178455
start_2018_no_dot,daily,2025-06-25,0.008892374618606341
start_2018_no_dot,daily,2025-06-26,0.01633897231798731
start_2018_no_dot,daily,2025-06-27,0.012664613612032805
start_2018_no_dot,daily,2025-06-28,0.005545975260238964
start_2018_no_dot,daily,2025-06-29,0.009049612275852117
start_2018_no_dot,daily,2025-06-30,0.008979444054202312
start_2018_no_dot,daily,2025-07-01,0.011298476567652621
start_2018_no_dot,daily,2025-07-02,0.012985576966958484
start_2018_no_dot,daily,2025-07-03,0.016677442538741927
start_2018_no_dot,daily,2025-07-04,0.008817662404921336
start_2018_no_dot,daily,2025-07-05,0.011200543137200078
start_2018_no_dot,daily,2025-07-06,0.0025273174375328167
start_2018_no_dot,daily,2025-07-07,0.010942219563290084
start_2018_no_dot,daily,2025-07-08,0.006370084767889347
start_2018_no_dot,daily,2025-07-09,0.009546441887643406
start_2018_no_dot,daily,2025-07-10,0.019074573819335763
start_2018_no_dot,daily,2025-07-11,0.017726854634856085
start_2018_no_dot,daily,2025-07-12,0.03588715395853953
start_2018_no_dot,daily,2025-07-13,0.01821236525461073
start_2018_no_dot,daily,2025-07-14,0.030850368094542238
start_2018_no_dot,daily,2025-07-15,0.010399491950360162
start_2018_no_dot,daily,2025-07-16,0.017454905069157187
start_2018_no_dot,daily,2025-07-17,0.01893388838363097
start_2018_no_dot,daily,2025-07-18,0.035486833969156195
start_2018_no_dot,daily,2025-07-19,0.04030340290859466
start_2018_no_dot,daily,2025-07-20,0.0245201867271546
start_2018_no_dot,daily,2025-07-21,0.02790228595024885
start_2018_no_dot,daily,2025-07-22,0.016844667042168526
start_2018_no_dot,daily,2025-07-23,0.008823051165925466
start_2018_no_dot,daily,2025-07-24,0.032483205522630385
start_2018_no_dot,daily,2025-07-25,0.011455991581873728
start_2018_no_dot,daily,2025-07-26,0.013666691381649804
start_2018_no_dot,daily,2025-07-27,0.002939779199266107
start_2018_no_dot,daily,2025-07-28,0.011566081997300526
start_2018_no_dot,daily,2025-07-29,0.020123529486276687
start_2018_no_dot,daily,2025-07-30,0.010602626751954225
start_2018_no_dot,daily,2025-07-31,0.017159300085215254
start_2018_no_dot,daily,2025-08-01,0.011071559853410615
start_2018_no_dot,daily,2025-08-02,0.016472126226435457
start_2018_no_dot,daily,2025-08-03,0.014027099908875768
start_2018_no_dot,daily,2025-08-04,0.01283843413494097
start_2018_no_dot,daily,2025-08-05,0.01639058218167877
start_2018_no_dot,daily,2025-08-06,0.01438314459955764
start_2018_no_dot,daily,2025-08-07,0.009074362827850027
start_2018_no_dot,daily,2025-08-08,0.028038488984348325
start_2018_no_dot,daily,2025-08-09,0.019270042083277455
start_2018_no_dot,daily,2025-08-10,0.035267016762514175
start_2018_no_dot,daily,2025-08-11,0.012993591145895156
start_2018_no_dot,daily,2025-08-12,0.019908641064388555
start_2018_no_dot,daily,2025-08-13,0.02253758343252822
start_2018_no_dot,daily,2025-08-14,0.015915573018243367
start_2018_no_dot,daily,2025-08-15,0.026146893155164774
start_2018_no_dot,daily,2025-08-16,0.014149853937692594
start_2018_no_dot,daily,2025-08-17,0.012983087323150455
start_2018_no_dot,daily,2025-08-18,0.025632228366082102
start_2018_no_dot,daily,2025-08-19,0.012947394297519718
start_2018_no_dot,daily,2025-08-20,0.01869053725546474
start_2018_no_dot,daily,2025-08-21,0.0199909800357492
start_2018_no_dot,daily,2025-08-22,0.011603887490960904
start_2018_no_dot,daily,2025-08-23,0.026772859974695445
start_2018_no_dot,daily,2025-08-24,0.003223234319342169
start_2018_no_dot,daily,2025-08-25,0.009184575218670152
start_2018_no_dot,daily,2025-08-26,0.018355946962243033
start_2018_no_dot,daily,2025-08-27,0.010247135179501321
start_2018_no_dot,daily,2025-08-28,0.009463801964014598
start_2018_no_dot,daily,2025-08-29,0.010297212586615923
start_2018_no_dot,daily,2025-08-30,0.011022600440391814
start_2018_no_dot,daily,2025-08-31,0.007785504599490484
start_2018_no_dot,daily,2025-09-01,0.006281072946568669
start_2018_no_dot,daily,2025-09-02,0.009229732492649093
start_2018_no_dot,daily,2025-09-03,0.015220326977653464
start_2018_no_dot,daily,2025-09-04,0.010876986225987803
start_2018_no_dot,daily,2025-09-05,0.009483044046636607
start_2018_no_dot,daily,2025-09-06,0.011466100493119274
start_2018_no_dot,daily,2025-09-07,0.008950265861378467
start_2018_no_dot,daily,2025-09-08,0.012096196201243997
start_2018_no_dot,daily,2025-09-09,0.02104270214131783
start_2018_no_dot,daily,2025-09-10,0.00575219527690643
start_2018_no_dot,daily,2025-09-11,0.008940036694409015
start_2018_no_dot,daily,2025-09-12,0.010401436988020263
start_2018_no_dot,daily,2025-09-13,0.013931262977683712
start_2018_no_dot,daily,2025-09-14,0.010844264788650484
start_2018_no_dot,daily,2025-09-15,0.015269332682297243
start_2018_no_dot,daily,2025-09-16,0.00949496074541159
start_2018_no_dot,daily,2025-09-17,0.0066995059631139026
start_2018_no_dot,daily,2025-09-18,0.010274586993818072
start_2018_no_dot,daily,2025-09-19,0.008466266860288618
start_2018_no_dot,daily,2025-09-20,0.0098935184686358
start_2018_no_dot,daily,2025-09-21,0.00446140903526053
start_2018_no_dot,daily,2025-09-22,0.006330470084142517
start_2018_no_dot,daily,2025-09-23,0.01868231605282994
start_2018_no_dot,daily,2025-09-24,0.0062252439156278705
start_2018_no_dot,daily,2025-09-25,0.01068218290441142
start_2018_no_dot,daily,2025-09-26,0.018204397223469795
start_2018_no_dot,daily,2025-09-27,0.010616539846387496
start_2018_no_dot,daily,2025-09-28,0.004037112211528138
start_2018_no_dot,daily,2025-09-29,0.006984448998242188
start_2018_no_dot,daily,2025-09-30,0.006246491821419578
start_2018_no_dot,daily,2025-10-01,0.006131701069418752
start_2018_no_dot,daily,2025-10-02,0.013363931510841143
start_2018_no_dot,daily,2025-10-03,0.011406786525191323
start_2018_no_dot,daily,2025-10-04,0.008467639308130187
start_2018_no_dot,daily,2025-10-05,0.011804814234288988
start_2018_no_dot,daily,2025-10-06,0.004912599291064398
start_2018_no_dot,daily,2025-10-07,0.017246562342545832
start_2018_no_dot,daily,2025-10-08,0.015615442240191874
start_2018_no_dot,daily,2025-10-09,0.008006864215334933
start_2018_no_dot,daily,2025-10-10,0.016001741903224842
start_2018_no_dot,daily,2025-10-11,0.06876734018673099
start_2018_no_dot,daily,2025-10-12,0.019787490316431483
start_2018_no_dot,daily,2025-10-13,0.02658995577899141
start_2018_no_dot,daily,2025-10-14,0.013595810535231359
start_2018_no_dot,daily,2025-10-15,0.009690073624245454
start_2018_no_dot,daily,2025-10-16,0.011734499033529244
start_2018_no_dot,daily,2025-10-17,0.0069862016302912056
start_2018_no_dot,daily,2025-10-18,0.0128503395077752
start_2018_no_dot,daily,2025-10-19,0.006396473397465366
start_2018_no_dot,daily,2025-10-20,0.006295884295622806
start_2018_no_dot,daily,2025-10-21,0.014279634988251869
start_2018_no_dot,daily,2025-10-22,0.011885838289782083
start_2018_no_dot,daily,2025-10-23,0.006986291846157594
start_2018_no_dot,daily,2025-10-24,0.008423091550705308
start_2018_no_dot,daily,2025-10-25,0.012261701131386762
start_2018_no_dot,daily,2025-10-26,0.009356190094277475
start_2018_no_dot,daily,2025-10-27,0.015962116975010265
start_2018_no_dot,daily,2025-10-28,0.0073554288196008705
start_2018_no_dot,daily,2025-10-29,0.011271902638206821
start_2018_no_dot,daily,2025-10-30,0.011289135419217111
start_2018_no_dot,daily,2025-10-31,0.016803574380482703
start_2018_no_dot,daily,2025-11-01,0.008257573304718033
start_2018_no_dot,daily,2025-11-02,0.015560280732730816
start_2018_no_dot,daily,2025-11-03,0.010414540379347179
start_2018_no_dot,daily,2025-11-04,0.02254123784248395
start_2018_no_dot,daily,2025-11-05,0.0179805288613165
start_2018_no_dot,daily,2025-11-06,0.011709255299808319
start_2018_no_dot,daily,2025-11-07,0.0090184925047945
start_2018_no_dot,daily,2025-11-08,0.04034003575105033
start_2018_no_dot,daily,2025-11-09,0.016656552945670478
start_2018_no_dot,daily,2025-11-10,0.013924151111899152
start_2018_no_dot,daily,2025-11-11,0.018871717117376743
start_2018_no_dot,daily,2025-11-12,0.015839930968673796
start_2018_no_dot,daily,2025-11-13,0.006825927646103541
start_2018_no_dot,daily,2025-11-14,0.013233040813766236
start_2018_no_dot,daily,2025-11-15,0.01683504299409866
start_2018_no_dot,daily,2025-11-16,0.014816520916187195
start_2018_no_dot,daily,2025-11-17,0.01104687283140375
start_2018_no_dot,daily,2025-11-18,0.01341706335749554
start_2018_no_dot,daily,2025-11-19,0.015569328551259906
start_2018_no_dot,daily,2025-11-20,0.013160700908067341
start_2018_no_dot,daily,2025-11-21,0.014219626728504464
start_2018_no_dot,daily,2025-11-22,0.02990626930117342
start_2018_no_dot,daily,2025-11-23,0.008377409551182047
start_2018_no_dot,daily,2025-11-24,0.019495529259975955
start_2018_no_dot,daily,2025-11-25,0.01642097730385096
start_2018_no_dot,daily,2025-11-26,0.009917753893504147
start_2018_no_dot,daily,2025-11-27,0.01009689059938057
start_2018_no_dot,daily,2025-11-28,0.007968940456514167
start_2018_no_dot,daily,2025-11-29,0.011997471009956615
start_2018_no_dot,daily,2025-11-30,0.010036301011719526
start_2018_no_dot,daily,2025-12-01,0.011079709712202054
start_2018_no_dot,daily,2025-12-02,0.013611418454828397
start_2018_no_dot,daily,2025-12-03,0.021654909211518428
start_2018_no_dot,daily,2025-12-04,0.019835241766672992
start_2018_no_dot,daily,2025-12-05,0.010737991276993028
start_2018_no_dot,daily,2025-12-06,0.011607240867087754
start_2018_no_dot,daily,2025-12-07,0.010589763895964374
start_2018_no_dot,daily,2025-12-08,0.010669597788876176
start_2018_no_dot,daily,2025-12-09,0.0158674412221214
start_2018_no_dot,daily,2025-12-10,0.01881860060668525
start_2018_no_dot,daily,2025-12-11,0.009010704586920298
start_2018_no_dot,daily,2025-12-12,0.015163741001254297
start_2018_no_dot,daily,2025-12-13,0.010299030786909996
start_2018_no_dot,daily,2025-12-14,0.007176123732354364
start_2018_no_dot,daily,2025-12-15,0.011440534513125739
start_2018_no_dot,daily,2025-12-16,0.010504720490687236
start_2018_no_dot,daily,2025-12-17,0.009014770704256256
start_2018_no_dot,daily,2025-12-18,0.015253823991838333
start_2018_no_dot,daily,2025-12-19,0.016511141648850494
start_2018_no_dot,daily,2025-12-20,0.017373281045064068
start_2018_no_dot,daily,2025-12-21,0.010055144090606552
start_2018_no_dot,daily,2025-12-22,0.008781999041935051
start_2018_no_dot,daily,2025-12-23,0.007530149458492202
start_2018_no_dot,daily,2025-12-24,0.005634761061857674
start_2018_no_dot,daily,2025-12-25,0.005426856202230532
start_2018_no_dot,daily,2025-12-26,0.014240523942448055
start_2018_no_dot,daily,2025-12-27,0.006131907361796141
start_2018_no_dot,daily,2025-12-28,0.014437658696651354
start_2018_no_dot,daily,2025-12-29,0.003121334782379817
start_2018_no_dot,daily,2025-12-30,0.010653524911292067
start_2018_no_dot,daily,2025-12-31,0.009122423605145619
start_2018_no_dot,daily,2026-01-01,0.01682205491049349
start_2018_no_dot,daily,2026-01-02,0.020927882648100374
start_2018_no_dot,daily,2026-01-03,0.02532253572574303
start_2018_no_dot,daily,2026-01-04,0.013952059279104215
start_2018_no_dot,daily,2026-01-05,0.017043365662897436
start_2018_no_dot,daily,2026-01-06,0.02578990827763905
start_2018_no_dot,daily,2026-01-07,0.011102575290363778
start_2018_no_dot,daily,2026-01-08,0.013750106550919378
start_2018_no_dot,daily,2026-01-09,0.007553034773160938
start_2018_no_dot,daily,2026-01-10,0.006203649755855384
start_2018_no_dot,daily,2026-01-11,0.0054011430203674965
start_2018_no_dot,daily,2026-01-12,0.010244929066821382
start_2018_no_dot,daily,2026-01-13,0.010496326001420156
start_2018_no_dot,daily,2026-01-14,0.025287315184430073
start_2018_no_dot,daily,2026-01-15,0.009540592264357065
start_2018_no_dot,daily,2026-01-16,0.01901603902743336
start_2018_no_dot,daily,2026-01-17,0.011285509186210421
start_2018_no_dot,daily,2026-01-18,0.008263467172572106
start_2018_no_dot,daily,2026-01-19,0.016626326485441212
start_2018_no_dot,daily,2026-01-20,0.006271988330174089
start_2018_no_dot,daily,2026-01-21,0.009611057284960423
start_2018_no_dot,daily,2026-01-22,0.0072037707446569454
start_2018_no_dot,daily,2026-01-23,0.010323742185158455
start_2018_no_dot,daily,2026-01-24,0.005352241934756266
start_2018_no_dot,daily,2026-01-25,0.0020981561663487996
start_2018_no_dot,daily,2026-01-26,0.012544908867211893
start_2018_no_dot,daily,2026-01-27,0.01016742607517418
start_2018_no_dot,daily,2026-01-28,0.011663139745548251
start_2018_no_dot,daily,2026-01-29,0.005848018935414159
start_2018_no_dot,daily,2026-01-30,0.011634439640987398
start_2018_no_dot,daily,2026-01-31,0.01451590300937522
start_2018_no_dot,daily,2026-02-01,0.0186460525946167
start_2018_no_dot,daily,2026-02-02,0.018411183261292777
start_2018_no_dot,daily,2026-02-03,0.010758341097647561
start_2018_no_dot,daily,2026-02-04,0.01098406054540671
start_2018_no_dot,daily,2026-02-05,0.011121906558245173
start_2018_no_dot,daily,2026-02-06,0.020130034212974726
start_2018_no_dot,daily,2026-02-07,0.025863943104626905
start_2018_no_dot,daily,2026-02-08,0.011192383284686816
start_2018_no_dot,daily,2026-02-09,0.00854409978865775
start_2018_no_dot,daily,2026-02-10,0.004858656849442769
start_2018_no_dot,daily,2026-02-11,0.009517922264407772
start_2018_no_dot,daily,2026-02-12,0.006216865393259177
start_2018_no_dot,daily,2026-02-13,0.011834900178588792
start_2018_no_dot,daily,2026-02-14,0.016174416641893577
start_2018_no_dot,daily,2026-02-15,0.03344071694390599
start_2018_no_dot,daily,2026-02-16,0.016467500949309016
start_2018_no_dot,daily,2026-02-17,0.009135922627531434
start_2018_no_dot,daily,2026-02-18,0.006086982722314185
start_2018_no_dot,daily,2026-02-19,0.00694613233907726
start_2018_no_dot,daily,2026-02-20,0.008328066159225003
start_2018_no_dot,daily,2026-02-21,0.01617168839902637
start_2018_no_dot,daily,2026-02-22,0.009690072752900458
start_2018_no_dot,daily,2026-02-23,0.016162015590171705
start_2018_no_dot,daily,2026-02-24,0.019044617935376262
start_2018_no_dot,daily,2026-02-25,0.005314150666980641
start_2018_no_dot,daily,2026-02-26,0.03177793100819175
start_2018_no_dot,daily,2026-02-27,0.010158060528604726
start_2018_no_dot,daily,2026-02-28,0.009538254380033445
start_2018_no_dot,daily,2026-03-01,0.008083143673396187
start_2018_no_dot,daily,2026-03-02,0.006016860658037429
start_2018_no_dot,daily,2026-03-03,0.01120398002803949
start_2018_no_dot,daily,2026-03-04,0.012467471035547309
start_2018_no_dot,daily,2026-03-05,0.013348426444686035
start_2018_no_dot,daily,2026-03-06,0.007834982795554571
start_2018_no_dot,daily,2026-03-07,0.00963585718607804
start_2018_no_dot,daily,2026-03-08,0.006219444561775422
start_2018_no_dot,daily,2026-03-09,0.0056319564322660776
start_2018_no_dot,daily,2026-03-10,0.010334747302255337
start_2018_no_dot,daily,2026-03-11,0.012499395933882912
start_2018_no_dot,daily,2026-03-12,0.007230319022321741
start_2018_no_dot,daily,2026-03-13,0.005547210804263347
start_2018_no_dot,daily,2026-03-14,0.004711804999165764
start_2018_no_dot,daily,2026-03-15,0.009119772167742804
start_2018_no_dot,daily,2026-03-16,0.008438619537659744
start_2018_no_dot,daily,2026-03-17,0.019547118617633016
start_2018_no_dot,daily,2026-03-18,0.00980424433474894
start_2018_no_dot,daily,2026-03-19,0.011467358871394426
start_2018_no_dot,daily,2026-03-20,0.007308820994744822
start_2018_no_dot,daily,2026-03-21,0.008369542587470177
start_2018_no_dot,daily,2026-03-22,0.006605717412329376
start_2018_no_dot,daily,2026-03-23,0.008809695491530156
start_2018_no_dot,daily,2026-03-24,0.013839175406981263
start_2018_no_dot,daily,2026-03-25,0.010832880176451454
start_2018_no_dot,daily,2026-03-26,0.008045141786246837
start_2018_no_dot,daily,2026-03-27,0.011921977851017285
start_2018_no_dot,daily,2026-03-28,0.014309729127797877
start_2018_no_dot,daily,2026-03-29,0.007109415058785221
start_2018_no_dot,daily,2026-03-30,0.012583295648878084
start_2018_no_dot,daily,2026-03-31,0.00891288482054306
start_2018_no_dot,daily,2026-04-01,0.011056823841788674
start_2018_no_dot,daily,2026-04-02,0.009969580102955178
start_2018_no_dot,daily,2026-04-03,0.009612384879133323
start_2018_no_dot,daily,2026-04-04,0.009960890910654774
start_2018_no_dot,daily,2026-04-05,0.010696833705936395
start_2018_no_dot,daily,2026-04-06,0.008817789042031107
start_2018_no_dot,daily,2026-04-07,0.012784998231267497
start_2018_no_dot,daily,2026-04-08,0.013390912520378245
start_2018_no_dot,daily,2026-04-09,0.013723825403777687
start_2018_no_dot,daily,2026-04-10,0.0058381278589523244
start_2018_no_dot,daily,2026-04-11,0.006455724608266281
start_2018_no_dot,daily,2026-04-12,0.00700167398141284
start_2018_no_dot,daily,2026-04-13,0.011064120601341779
start_2018_no_dot,daily,2026-04-14,0.016010074530545315
start_2018_no_dot,daily,2026-04-15,0.0119859408069843
start_2018_no_dot,daily,2026-04-16,0.005033487742699155
start_2018_no_dot,daily,2026-04-17,0.01792672225605342
start_2018_no_dot,daily,2026-04-18,0.011226980863288646
start_2018_no_dot,daily,2026-04-19,0.010383435962587853
start_2018_no_dot,daily,2026-04-20,0.006348915184266224
start_2018_no_dot,daily,2026-04-21,0.005586964689993451
start_2018_no_dot,daily,2026-04-22,0.00518195244615656
start_2018_no_dot,daily,2026-04-23,0.01132452364992928
start_2018_no_dot,daily,2026-04-24,0.007142806804011789
start_2018_no_dot,daily,2026-04-25,0.00726823550337527
start_2018_no_dot,daily,2026-04-26,0.0048357142571886225
start_2018_no_dot,daily,2026-04-27,0.004975541082179943
start_2018_no_dot,daily,2026-04-28,0.007019010734076583
start_2018_no_dot,daily,2026-04-29,0.007257007280310229
start_2018_no_dot,daily,2026-04-30,0.010147260862677573
start_2018_no_dot,daily,2026-05-01,0.007294769232882636
start_2018_no_dot,daily,2026-05-02,0.006950450004254163
start_2018_no_dot,daily,2026-05-03,0.005153285543273989
start_2018_no_dot,daily,2026-05-04,0.005337248992013474
start_2018_no_dot,daily,2026-05-05,0.008629431774962074
start_2018_no_dot,daily,2026-05-06,0.013660151726152814
start_2018_no_dot,daily,2026-05-07,0.01003879860760866
start_2018_no_dot,daily,2026-05-08,0.00981105580340838
start_2018_no_dot,daily,2026-05-09,0.01656891820257421
start_2018_no_dot,daily,2026-05-10,0.00567066644941179
start_2018_no_dot,daily,2026-05-11,0.009669566907837199
start_2018_no_dot,daily,2026-05-12,0.008165354177089579
start_2018_no_dot,daily,2026-05-13,0.009938218265543364
start_2018_no_dot,daily,2026-05-14,0.009206806719084665
start_2018_no_dot,daily,2026-05-15,0.006519063253238033
start_2018_no_dot,daily,2026-05-16,0.009581404371893962
start_2018_no_dot,daily,2026-05-17,0.00840057079016461
start_2018_no_dot,daily,2026-05-18,0.007758695008220448
start_2018_no_dot,daily,2026-05-19,0.01515968045549107
start_2018_no_dot,daily,2026-05-20,0.00892477660794945
start_2018_no_dot,daily,2026-05-21,0.004554147686819027
start_2018_no_dot,daily,2026-05-22,0.007475044581641763
start_2018_no_dot,daily,2026-05-23,0.00704831477854484
start_2018_no_dot,daily,2026-05-24,0.008366315272297628
start_2018_no_dot,daily,2026-05-25,0.006463518429022
start_2018_no_dot,daily,2026-05-26,0.005152071639952252
start_2018_no_dot,daily,2026-05-27,0.006315118168473133
start_2018_no_dot,daily,2026-05-28,0.022484345637225275
start_2018_no_dot,daily,2026-05-29,0.04434581146794711
start_2018_no_dot,daily,2026-05-30,0.04614871971566323
start_2018_no_dot,daily,2026-05-31,0.02198141154263475
start_2018_no_dot,daily,2026-06-01,0.022018473077787246
start_2018_no_dot,daily,2026-06-02,0.013180256730559253
start_2018_no_dot,daily,2026-06-03,0.011312811265978676
start_2018_no_dot,daily,2026-06-04,0.02830192257767522
start_2018_no_dot,daily,2026-06-05,0.021594729015735156
start_2018_no_dot,daily,2026-06-06,0.03570157913309087
start_2018_no_dot,daily,2026-06-07,0.014923674708682694
start_2018_no_dot,daily,2026-06-08,0.01985429736586214
start_2018_no_dot,daily,2026-06-09,0.018046310146371633
start_2018_no_dot,daily,2026-06-10,0.009281909905994215
start_2018_no_dot,daily,2026-06-11,0.013907222892157747
start_2018_no_dot,daily,2026-06-12,0.012546114764912492
start_2018_no_dot,daily,2026-06-13,0.0064714150327598585
start_2018_no_dot,daily,2026-06-14,0.008088471104462688
start_2018_no_dot,daily,2026-06-15,0.010692588527637062
start_2018_no_dot,daily,2026-06-16,0.029324819075449385
start_2018_no_dot,daily,2026-06-17,0.010883795256391243
start_2018_no_dot,daily,2026-06-18,0.015279525086342283
start_2018_no_dot,daily,2026-06-19,0.015717767919392014
start_2018_no_dot,daily,2026-06-20,0.016588601423660962
start_2018_no_dot,daily,2026-06-21,0.007159261992639804
start_2018_no_dot,daily,2026-06-22,0.008723083037324025
start_2018_no_dot,daily,2026-06-23,0.010700915050896903
start_2018_no_dot,daily,2026-06-24,0.012638962974053328
start_2018_no_dot,daily,2026-06-25,0.007711387583337614
start_2018_no_dot,daily,2026-06-26,0.013354514235479176
start_2018_no_dot,daily,2026-06-27,0.011130253037732421
start_2018_no_dot,daily,2026-06-28,0.008135761453719817
start_2018_no_dot,daily,2026-06-29,0.0067726483148127375
start_2018_no_dot,daily,2026-06-30,0.008447112504512605
start_2018_no_dot,daily,2026-07-01,0.01840567383659869
start_2018_no_dot,daily,2026-07-02,0.015749217922474024
start_2018_no_dot,daily,2026-07-03,0.015388090264311746
start_2018_no_dot,daily,2026-07-04,0.016232458645350917
start_2018_no_dot,daily,2026-07-05,0.012778072308822525
start_2018_no_dot,daily,2026-07-06,0.01058147763494656
start_2018_no_dot,daily,2026-07-07,0.008876022403014522
start_2018_no_dot,daily,2026-07-08,0.013720933869797919
start_2018_no_dot,daily,2026-07-09,0.009835331227449645
start_2018_no_dot,daily,2026-07-10,0.006881556896910571
start_2018_no_dot,daily,2026-07-11,0.010019926624584341
start_2018_no_dot,daily,2026-07-12,0.004384959807191419
start_2018_no_dot,daily,2026-07-13,0.009914236184051364
start_2018_no_dot,daily,2026-07-14,0.007118161096402925
start_2018_no_dot,daily,2026-07-15,0.015187770647182339
start_2018_no_dot,daily,2026-07-16,0.012428254160343002
start_2018_no_dot,daily,2026-07-17,0.007530773946931094
start_2018_no_dot,daily,2026-07-18,0.00857318439992441
start_2018_no_dot,daily,2026-07-19,0.008105573917123077
start_2018_no_dot,daily,2026-07-20,0.005573965698389763
start_2018_no_dot,daily,2026-07-21,0.00949955032710012
start_2018_no_dot,daily,2026-07-22,0.00691759279881804
start_2018_no_dot,daily,2026-07-23,0.0064894262571731365
start_2018_no_dot,daily,2026-07-24,0.012195418076567793
start_2018_no_dot,daily,2026-07-25,0.009672664625349589
start_2018_no_dot,daily,2026-07-26,0.006972938418280061
start_2018_no_dot,daily,2026-07-27,0.013995341173572193
start_2018_no_dot,daily,2026-07-28,0.01100250605520875
start_2018_no_dot,daily,2026-07-29,0.008123523294553944
start_2018_no_dot,daily,2026-07-30,0.00643450236720057
start_2018_no_dot,daily,2026-07-31,0.008925593722508021
start_2018_no_dot,daily,2026-08-01,0.009796159480338518
start_2018_no_dot,weekly,2018-01-02,1.0
start_2018_no_dot,weekly,2018-01-08,0.2862468328120666
start_2018_no_dot,weekly,2018-01-15,0.1843280707972712
start_2018_no_dot,weekly,2018-01-22,0.07629777962266802
start_2018_no_dot,weekly,2018-01-29,0.08954876414072109
start_2018_no_dot,weekly,2018-02-05,0.08507900773388155
start_2018_no_dot,weekly,2018-02-12,0.07343487582865867
start_2018_no_dot,weekly,2018-02-19,0.1202008164676611
start_2018_no_dot,weekly,2018-02-26,0.07486369039887945
start_2018_no_dot,weekly,2018-03-05,0.10473271276910634
start_2018_no_dot,weekly,2018-03-12,0.05189260582670363
start_2018_no_dot,weekly,2018-03-19,0.05209792304961808
start_2018_no_dot,weekly,2018-03-26,0.09087914261775523
start_2018_no_dot,weekly,2018-04-02,0.0674116329601928
start_2018_no_dot,weekly,2018-04-09,0.05028692428670431
start_2018_no_dot,weekly,2018-04-16,0.09089264054485137
start_2018_no_dot,weekly,2018-04-23,0.07180933423543917
start_2018_no_dot,weekly,2018-04-30,0.11805283547249414
start_2018_no_dot,weekly,2018-05-07,0.08695110336145004
start_2018_no_dot,weekly,2018-05-14,0.04948749696594755
start_2018_no_dot,weekly,2018-05-21,0.047801785323307255
start_2018_no_dot,weekly,2018-05-28,0.05270967039945282
start_2018_no_dot,weekly,2018-06-04,0.044753988839677086
start_2018_no_dot,weekly,2018-06-11,0.05923723168852518
start_2018_no_dot,weekly,2018-06-18,0.04766009872267912
start_2018_no_dot,weekly,2018-06-25,0.05850147615696803
start_2018_no_dot,weekly,2018-07-02,0.052142254865957444
start_2018_no_dot,weekly,2018-07-09,0.032762203373032914
start_2018_no_dot,weekly,2018-07-16,0.040323171696697746
start_2018_no_dot,weekly,2018-07-23,0.10407106485432438
start_2018_no_dot,weekly,2018-07-30,0.09757941301338156
start_2018_no_dot,weekly,2018-08-06,0.06737910237798009
start_2018_no_dot,weekly,2018-08-13,0.09914849250911688
start_2018_no_dot,weekly,2018-08-20,0.04442768064003745
start_2018_no_dot,weekly,2018-08-27,0.0452997047089151
start_2018_no_dot,weekly,2018-09-03,0.1476410946742021
start_2018_no_dot,weekly,2018-09-10,0.09977545087159426
start_2018_no_dot,weekly,2018-09-17,0.05342100962360534
start_2018_no_dot,weekly,2018-09-24,0.16042965136494508
start_2018_no_dot,weekly,2018-10-01,0.034266216381688
start_2018_no_dot,weekly,2018-10-08,0.054546824362562404
start_2018_no_dot,weekly,2018-10-15,0.041383198575861355
start_2018_no_dot,weekly,2018-10-22,0.05181769557407531
start_2018_no_dot,weekly,2018-10-29,0.03882933750718319
start_2018_no_dot,weekly,2018-11-05,0.06201136469723337
start_2018_no_dot,weekly,2018-11-12,0.04766294276578893
start_2018_no_dot,weekly,2018-11-19,0.07942720864995399
start_2018_no_dot,weekly,2018-11-26,0.11349163345691485
start_2018_no_dot,weekly,2018-12-03,0.06854989098685424
start_2018_no_dot,weekly,2018-12-10,0.08112845209082967
start_2018_no_dot,weekly,2018-12-17,0.06364602832161563
start_2018_no_dot,weekly,2018-12-24,0.14607195924159203
start_2018_no_dot,weekly,2018-12-31,0.04707824702530873
start_2018_no_dot,weekly,2019-01-07,0.0794408254490232
start_2018_no_dot,weekly,2019-01-14,0.08796264724495588
start_2018_no_dot,weekly,2019-01-21,0.03475858331276527
start_2018_no_dot,weekly,2019-01-28,0.05694020991542084
start_2018_no_dot,weekly,2019-02-04,0.040355670818635406
start_2018_no_dot,weekly,2019-02-11,0.07207117046377742
start_2018_no_dot,weekly,2019-02-18,0.02930012925077867
start_2018_no_dot,weekly,2019-02-25,0.027445322579627632
start_2018_no_dot,weekly,2019-03-04,0.024001339607585506
start_2018_no_dot,weekly,2019-03-11,0.05779139101286866
start_2018_no_dot,weekly,2019-03-18,0.042790213799844115
start_2018_no_dot,weekly,2019-03-25,0.05625549814760067
start_2018_no_dot,weekly,2019-04-01,0.031410227490914475
start_2018_no_dot,weekly,2019-04-08,0.1480934275061278
start_2018_no_dot,weekly,2019-04-15,0.03636728807235225
start_2018_no_dot,weekly,2019-04-22,0.03765742334265698
start_2018_no_dot,weekly,2019-04-29,0.02556214266349595
start_2018_no_dot,weekly,2019-05-06,0.04582203176975609
start_2018_no_dot,weekly,2019-05-13,0.07816481234374086
start_2018_no_dot,weekly,2019-05-20,0.08184132455184115
start_2018_no_dot,weekly,2019-05-27,0.0503769507260388
start_2018_no_dot,weekly,2019-06-03,0.06857291134109073
start_2018_no_dot,weekly,2019-06-10,0.059369032682921
start_2018_no_dot,weekly,2019-06-17,0.0689379765511684
start_2018_no_dot,weekly,2019-06-24,0.047164361378406225
start_2018_no_dot,weekly,2019-07-01,0.17756100168990752
start_2018_no_dot,weekly,2019-07-08,0.037409394964609766
start_2018_no_dot,weekly,2019-07-15,0.06788427251279593
start_2018_no_dot,weekly,2019-07-22,0.05081693480535794
start_2018_no_dot,weekly,2019-07-29,0.04285026567023813
start_2018_no_dot,weekly,2019-08-05,0.04115036223249219
start_2018_no_dot,weekly,2019-08-12,0.025776203741513848
start_2018_no_dot,weekly,2019-08-19,0.03962947339412051
start_2018_no_dot,weekly,2019-08-26,0.058260056871511326
start_2018_no_dot,weekly,2019-09-02,0.031203575345814333
start_2018_no_dot,weekly,2019-09-09,0.027072143559506906
start_2018_no_dot,weekly,2019-09-16,0.029332136387597102
start_2018_no_dot,weekly,2019-09-23,0.04746431263590428
start_2018_no_dot,weekly,2019-09-30,0.06151528934266631
start_2018_no_dot,weekly,2019-10-07,0.049133028602296014
start_2018_no_dot,weekly,2019-10-14,0.025798398168753484
start_2018_no_dot,weekly,2019-10-21,0.042001638191090776
start_2018_no_dot,weekly,2019-10-28,0.05332797355210549
start_2018_no_dot,weekly,2019-11-04,0.03455948840805213
start_2018_no_dot,weekly,2019-11-11,0.03591072692420269
start_2018_no_dot,weekly,2019-11-18,0.03619407247050431
start_2018_no_dot,weekly,2019-11-25,0.043692348345135815
start_2018_no_dot,weekly,2019-12-02,0.03835136248841328
start_2018_no_dot,weekly,2019-12-09,0.02319464975233196
start_2018_no_dot,weekly,2019-12-16,0.017695841045384367
start_2018_no_dot,weekly,2019-12-23,0.05562682622921522
start_2018_no_dot,weekly,2019-12-30,0.039017630309077914
start_2018_no_dot,weekly,2020-01-06,0.038854277839753065
start_2018_no_dot,weekly,2020-01-13,0.0469638541932888
start_2018_no_dot,weekly,2020-01-20,0.08155469530550868
start_2018_no_dot,weekly,2020-01-27,0.02974037269010793
start_2018_no_dot,weekly,2020-02-03,0.05271312805966581
start_2018_no_dot,weekly,2020-02-10,0.051481938242230324
start_2018_no_dot,weekly,2020-02-17,0.08726477501799561
start_2018_no_dot,weekly,2020-02-24,0.03136623194687364
start_2018_no_dot,weekly,2020-03-02,0.05115389431715897
start_2018_no_dot,weekly,2020-03-09,0.04298068456155288
start_2018_no_dot,weekly,2020-03-16,0.09127321868222449
start_2018_no_dot,weekly,2020-03-23,0.04467210706002522
start_2018_no_dot,weekly,2020-03-30,0.018728834808578967
start_2018_no_dot,weekly,2020-04-06,0.02624824463688942
start_2018_no_dot,weekly,2020-04-13,0.07766233183605817
start_2018_no_dot,weekly,2020-04-20,0.02660573142838636
start_2018_no_dot,weekly,2020-04-27,0.0641139489362761
start_2018_no_dot,weekly,2020-05-04,0.04460794025412826
start_2018_no_dot,weekly,2020-05-11,0.04887200476359044
start_2018_no_dot,weekly,2020-05-18,0.027080222185215302
start_2018_no_dot,weekly,2020-05-25,0.025439838846952
start_2018_no_dot,weekly,2020-06-01,0.05624988831246605
start_2018_no_dot,weekly,2020-06-08,0.04223882427556323
start_2018_no_dot,weekly,2020-06-15,0.024937962148445417
start_2018_no_dot,weekly,2020-06-22,0.020622794370339925
start_2018_no_dot,weekly,2020-06-29,0.033833586670873245
start_2018_no_dot,weekly,2020-07-06,0.043079965749986474
start_2018_no_dot,weekly,2020-07-13,0.14141222647250473
start_2018_no_dot,weekly,2020-07-20,0.03562082808382783
start_2018_no_dot,weekly,2020-07-27,0.06620622684960413
start_2018_no_dot,weekly,2020-08-03,0.07382403548438608
start_2018_no_dot,weekly,2020-08-10,0.09625507768414604
start_2018_no_dot,weekly,2020-08-17,0.08814130835308455
start_2018_no_dot,weekly,2020-08-24,0.043071517518673996
start_2018_no_dot,weekly,2020-08-31,0.04602420380577053
start_2018_no_dot,weekly,2020-09-07,0.077912514985922
start_2018_no_dot,weekly,2020-09-14,0.023573564137897046
start_2018_no_dot,weekly,2020-09-21,0.05385207555771146
start_2018_no_dot,weekly,2020-09-28,0.04799924209045671
start_2018_no_dot,weekly,2020-10-05,0.02925412734666362
start_2018_no_dot,weekly,2020-10-12,0.02838663607778104
start_2018_no_dot,weekly,2020-10-19,0.02905772956447658
start_2018_no_dot,weekly,2020-10-26,0.04389413458157043
start_2018_no_dot,weekly,2020-11-02,0.025896106495370094
start_2018_no_dot,weekly,2020-11-09,0.040766233615008016
start_2018_no_dot,weekly,2020-11-16,0.03601932091210942
start_2018_no_dot,weekly,2020-11-23,0.08692839925912896
start_2018_no_dot,weekly,2020-11-30,0.16004638817287142
start_2018_no_dot,weekly,2020-12-07,0.03658704477698893
start_2018_no_dot,weekly,2020-12-14,0.02877614095367366
start_2018_no_dot,weekly,2020-12-21,0.1100132419080197
start_2018_no_dot,weekly,2020-12-28,0.11634177891950843
start_2018_no_dot,weekly,2021-01-04,0.17533878144397136
start_2018_no_dot,weekly,2021-01-11,0.1559455939677984
start_2018_no_dot,weekly,2021-01-18,0.14255733618054414
start_2018_no_dot,weekly,2021-01-25,0.05383057633261215
start_2018_no_dot,weekly,2021-02-01,0.45030508593036633
start_2018_no_dot,weekly,2021-02-08,0.20628378680635504
start_2018_no_dot,weekly,2021-02-15,0.14530728828076567
start_2018_no_dot,weekly,2021-02-22,0.08440274229784454
start_2018_no_dot,weekly,2021-03-01,0.11567589369089562
start_2018_no_dot,weekly,2021-03-08,0.05635899419116394
start_2018_no_dot,weekly,2021-03-15,0.06956732262747253
start_2018_no_dot,weekly,2021-03-22,0.08174192725929431
start_2018_no_dot,weekly,2021-03-29,0.03292460315263897
start_2018_no_dot,weekly,2021-04-05,0.1324179538626843
start_2018_no_dot,weekly,2021-04-12,0.16490113414897106
start_2018_no_dot,weekly,2021-04-19,0.40793733242996133
start_2018_no_dot,weekly,2021-04-26,0.07250842831260407
start_2018_no_dot,weekly,2021-05-03,0.08352701816819831
start_2018_no_dot,weekly,2021-05-10,0.1935930541968507
start_2018_no_dot,weekly,2021-05-17,0.13247960596135344
start_2018_no_dot,weekly,2021-05-24,0.0944822972635716
start_2018_no_dot,weekly,2021-05-31,0.07152979610216306
start_2018_no_dot,weekly,2021-06-07,0.05070326904044395
start_2018_no_dot,weekly,2021-06-14,0.039100411313447644
start_2018_no_dot,weekly,2021-06-21,0.02582006483311626
start_2018_no_dot,weekly,2021-06-28,0.05125105314294015
start_2018_no_dot,weekly,2021-07-05,0.060977340638488836
start_2018_no_dot,weekly,2021-07-12,0.02083051121931677
start_2018_no_dot,weekly,2021-07-19,0.030254667255935994
start_2018_no_dot,weekly,2021-07-26,0.036783209784888735
start_2018_no_dot,weekly,2021-08-02,0.05668566585878178
start_2018_no_dot,weekly,2021-08-09,0.03804913855212623
start_2018_no_dot,weekly,2021-08-16,0.09766171286871146
start_2018_no_dot,weekly,2021-08-23,0.06209773082160702
start_2018_no_dot,weekly,2021-08-30,0.04199233874437494
start_2018_no_dot,weekly,2021-09-06,0.05619841496860785
start_2018_no_dot,weekly,2021-09-13,0.05614035557545609
start_2018_no_dot,weekly,2021-09-20,0.02508630914380071
start_2018_no_dot,weekly,2021-09-27,0.03551993875386868
start_2018_no_dot,weekly,2021-10-04,0.023272361495439098
start_2018_no_dot,weekly,2021-10-11,0.03701735505436997
start_2018_no_dot,weekly,2021-10-18,0.045160289624962324
start_2018_no_dot,weekly,2021-10-25,0.044272474810521587
start_2018_no_dot,weekly,2021-11-01,0.022681033967192676
start_2018_no_dot,weekly,2021-11-08,0.033862305194002656
start_2018_no_dot,weekly,2021-11-15,0.07101997291199298
start_2018_no_dot,weekly,2021-11-22,0.033552273360940896
start_2018_no_dot,weekly,2021-11-29,0.042576296598094046
start_2018_no_dot,weekly,2021-12-06,0.04976045596992397
start_2018_no_dot,weekly,2021-12-13,0.02623643531697066
start_2018_no_dot,weekly,2021-12-20,0.028916758200122628
start_2018_no_dot,weekly,2021-12-27,0.046305967739678655
start_2018_no_dot,weekly,2022-01-03,0.02078114428544002
start_2018_no_dot,weekly,2022-01-10,0.07409933274142852
start_2018_no_dot,weekly,2022-01-17,0.05443439617317908
start_2018_no_dot,weekly,2022-01-24,0.04096683526174438
start_2018_no_dot,weekly,2022-01-31,0.0349086007566549
start_2018_no_dot,weekly,2022-02-07,0.029059071500127612
start_2018_no_dot,weekly,2022-02-14,0.061595551347715216
start_2018_no_dot,weekly,2022-02-21,0.02688998036321842
start_2018_no_dot,weekly,2022-02-28,0.03413242457054051
start_2018_no_dot,weekly,2022-03-07,0.019925290315656388
start_2018_no_dot,weekly,2022-03-14,0.027200937369556324
start_2018_no_dot,weekly,2022-03-21,0.06225079779220773
start_2018_no_dot,weekly,2022-03-28,0.04704420163545962
start_2018_no_dot,weekly,2022-04-04,0.028791067617501734
start_2018_no_dot,weekly,2022-04-11,0.0406317083703019
start_2018_no_dot,weekly,2022-04-18,0.037645236080504615
start_2018_no_dot,weekly,2022-04-25,0.02971575178185072
start_2018_no_dot,weekly,2022-05-02,0.060909437236650626
start_2018_no_dot,weekly,2022-05-09,0.055970281373358285
start_2018_no_dot,weekly,2022-05-16,0.04773064469184095
start_2018_no_dot,weekly,2022-05-23,0.03420709434979158
start_2018_no_dot,weekly,2022-05-30,0.054488716983724025
start_2018_no_dot,weekly,2022-06-06,0.057841875612854726
start_2018_no_dot,weekly,2022-06-13,0.05335355419425894
start_2018_no_dot,weekly,2022-06-20,0.09800920861160364
start_2018_no_dot,weekly,2022-06-27,0.04155474588226797
start_2018_no_dot,weekly,2022-07-04,0.024429485586512534
start_2018_no_dot,weekly,2022-07-11,0.02146146957111361
start_2018_no_dot,weekly,2022-07-18,0.06282577498297363
start_2018_no_dot,weekly,2022-07-25,0.0648463333332419
start_2018_no_dot,weekly,2022-08-01,0.06018913387740113
start_2018_no_dot,weekly,2022-08-08,0.019305838894429883
start_2018_no_dot,weekly,2022-08-15,0.04504815756264416
start_2018_no_dot,weekly,2022-08-22,0.041291064381194315
start_2018_no_dot,weekly,2022-08-29,0.023017203897452904
start_2018_no_dot,weekly,2022-09-05,0.04521856809116942
start_2018_no_dot,weekly,2022-09-12,0.04188062034882761
start_2018_no_dot,weekly,2022-09-19,0.06494332145470992
start_2018_no_dot,weekly,2022-09-26,0.07164132924434687
start_2018_no_dot,weekly,2022-10-03,0.03465376544546983
start_2018_no_dot,weekly,2022-10-10,0.03385940078559417
start_2018_no_dot,weekly,2022-10-17,0.0437471471975089
start_2018_no_dot,weekly,2022-10-24,0.019206340456825982
start_2018_no_dot,weekly,2022-10-31,0.13490732210422107
start_2018_no_dot,weekly,2022-11-07,0.04053239514273621
start_2018_no_dot,weekly,2022-11-14,0.04346409373689594
start_2018_no_dot,weekly,2022-11-21,0.0485586497470549
start_2018_no_dot,weekly,2022-11-28,0.0639978064411945
start_2018_no_dot,weekly,2022-12-05,0.030696758555303294
start_2018_no_dot,weekly,2022-12-12,0.02998150262967063
start_2018_no_dot,weekly,2022-12-19,0.050964998481271714
start_2018_no_dot,weekly,2022-12-26,0.02313333028330755
start_2018_no_dot,weekly,2023-01-02,0.020919435643902876
start_2018_no_dot,weekly,2023-01-09,0.053968688075108115
start_2018_no_dot,weekly,2023-01-16,0.029810313719647444
start_2018_no_dot,weekly,2023-01-23,0.02171158190018696
start_2018_no_dot,weekly,2023-01-30,0.017312065168716875
start_2018_no_dot,weekly,2023-02-06,0.020083732749029415
start_2018_no_dot,weekly,2023-02-13,0.02330045075505792
start_2018_no_dot,weekly,2023-02-20,0.02847125932424159
start_2018_no_dot,weekly,2023-02-27,0.0202986394149086
start_2018_no_dot,weekly,2023-03-06,0.020486104464174967
start_2018_no_dot,weekly,2023-03-13,0.03346615880574001
start_2018_no_dot,weekly,2023-03-20,0.044206551728024526
start_2018_no_dot,weekly,2023-03-27,0.049059074183342447
start_2018_no_dot,weekly,2023-04-03,0.04872252024636499
start_2018_no_dot,weekly,2023-04-10,0.019955944133938544
start_2018_no_dot,weekly,2023-04-17,0.03578069149885016
start_2018_no_dot,weekly,2023-04-24,0.02632377766330267
start_2018_no_dot,weekly,2023-05-01,0.013590945434165516
start_2018_no_dot,weekly,2023-05-08,0.018344930011077024
start_2018_no_dot,weekly,2023-05-15,0.019545621410284444
start_2018_no_dot,weekly,2023-05-22,0.037586451561420375
start_2018_no_dot,weekly,2023-05-29,0.017107711051971397
start_2018_no_dot,weekly,2023-06-05,0.033732368090156256
start_2018_no_dot,weekly,2023-06-12,0.06713176362196288
start_2018_no_dot,weekly,2023-06-19,0.024735746968581204
start_2018_no_dot,weekly,2023-06-26,0.103010943518287
start_2018_no_dot,weekly,2023-07-03,0.10621523136827542
start_2018_no_dot,weekly,2023-07-10,0.04042906325147211
start_2018_no_dot,weekly,2023-07-17,0.11739719609787724
start_2018_no_dot,weekly,2023-07-24,0.05373039476630599
start_2018_no_dot,weekly,2023-07-31,0.026624251380491334
start_2018_no_dot,weekly,2023-08-07,0.0377617433167589
start_2018_no_dot,weekly,2023-08-14,0.011060780482104446
start_2018_no_dot,weekly,2023-08-21,0.050504682709162474
start_2018_no_dot,weekly,2023-08-28,0.024785834803949983
start_2018_no_dot,weekly,2023-09-04,0.011645677240347208
start_2018_no_dot,weekly,2023-09-11,0.02730556727552169
start_2018_no_dot,weekly,2023-09-18,0.03620135421829497
start_2018_no_dot,weekly,2023-09-25,0.02821304575628561
start_2018_no_dot,weekly,2023-10-02,0.0333084998946066
start_2018_no_dot,weekly,2023-10-09,0.01621387984201375
start_2018_no_dot,weekly,2023-10-16,0.011314122664078982
start_2018_no_dot,weekly,2023-10-23,0.05253996316883573
start_2018_no_dot,weekly,2023-10-30,0.03126845045860835
start_2018_no_dot,weekly,2023-11-06,0.04658331908422282
start_2018_no_dot,weekly,2023-11-13,0.0552584513150058
start_2018_no_dot,weekly,2023-11-20,0.02372083772849813
start_2018_no_dot,weekly,2023-11-27,0.016386733004611256
start_2018_no_dot,weekly,2023-12-04,0.026793904316830736
start_2018_no_dot,weekly,2023-12-11,0.07210031378739437
start_2018_no_dot,weekly,2023-12-18,0.0219489156241936
start_2018_no_dot,weekly,2023-12-25,0.019805696786979285
start_2018_no_dot,weekly,2024-01-01,0.028698012309048185
start_2018_no_dot,weekly,2024-01-08,0.048376771203186175
start_2018_no_dot,weekly,2024-01-15,0.059503061285377454
start_2018_no_dot,weekly,2024-01-22,0.032773146660669286
start_2018_no_dot,weekly,2024-01-29,0.02887503129257278
start_2018_no_dot,weekly,2024-02-05,0.05153048005430659
start_2018_no_dot,weekly,2024-02-12,0.03637969946305113
start_2018_no_dot,weekly,2024-02-19,0.042275732929079865
start_2018_no_dot,weekly,2024-02-26,0.027679542359940787
start_2018_no_dot,weekly,2024-03-04,0.14103629596899442
start_2018_no_dot,weekly,2024-03-11,0.06047344276163612
start_2018_no_dot,weekly,2024-03-18,0.03485431588968241
start_2018_no_dot,weekly,2024-03-25,0.05760301957374288
start_2018_no_dot,weekly,2024-04-01,0.0850179969519153
start_2018_no_dot,weekly,2024-04-08,0.02905184386911118
start_2018_no_dot,weekly,2024-04-15,0.06315759339294837
start_2018_no_dot,weekly,2024-04-22,0.031712791736939014
start_2018_no_dot,weekly,2024-04-29,0.042918417824388266
start_2018_no_dot,weekly,2024-05-06,0.02858957395284263
start_2018_no_dot,weekly,2024-05-13,0.030786749913149142
start_2018_no_dot,weekly,2024-05-20,0.045624885054299194
start_2018_no_dot,weekly,2024-05-27,0.061248215802085546
start_2018_no_dot,weekly,2024-06-03,0.028382740017206046
start_2018_no_dot,weekly,2024-06-10,0.0349693936277683
start_2018_no_dot,weekly,2024-06-17,0.02770523579535278
start_2018_no_dot,weekly,2024-06-24,0.037627056543457035
start_2018_no_dot,weekly,2024-07-01,0.019049510461909266
start_2018_no_dot,weekly,2024-07-08,0.045916406542059
start_2018_no_dot,weekly,2024-07-15,0.050861461207694206
start_2018_no_dot,weekly,2024-07-22,0.04595535424374601
start_2018_no_dot,weekly,2024-07-29,0.04304502512612654
start_2018_no_dot,weekly,2024-08-05,0.03464733191948062
start_2018_no_dot,weekly,2024-08-12,0.04113865298510205
start_2018_no_dot,weekly,2024-08-19,0.024827094363435998
start_2018_no_dot,weekly,2024-08-26,0.046370784286188516
start_2018_no_dot,weekly,2024-09-02,0.029496278509986984
start_2018_no_dot,weekly,2024-09-09,0.021980470547351694
start_2018_no_dot,weekly,2024-09-16,0.02904447504797815
start_2018_no_dot,weekly,2024-09-23,0.026745506486247544
start_2018_no_dot,weekly,2024-09-30,0.04073473281525329
start_2018_no_dot,weekly,2024-10-07,0.03111970029675662
start_2018_no_dot,weekly,2024-10-14,0.018808391675728828
start_2018_no_dot,weekly,2024-10-21,0.04943591798816965
start_2018_no_dot,weekly,2024-10-28,0.0343896191791974
start_2018_no_dot,weekly,2024-11-04,0.021648485001546452
start_2018_no_dot,weekly,2024-11-11,0.135042729771878
start_2018_no_dot,weekly,2024-11-18,0.17719684246446205
start_2018_no_dot,weekly,2024-11-25,0.2108382178800911
start_2018_no_dot,weekly,2024-12-02,0.10145571429983931
start_2018_no_dot,weekly,2024-12-09,0.10675261317817247
start_2018_no_dot,weekly,2024-12-16,0.06288669319555677
start_2018_no_dot,weekly,2024-12-23,0.04587194375883112
start_2018_no_dot,weekly,2024-12-30,0.02335166237905438
start_2018_no_dot,weekly,2025-01-06,0.06348647942357058
start_2018_no_dot,weekly,2025-01-13,0.04876204044037789
start_2018_no_dot,weekly,2025-01-20,0.06501284450509663
start_2018_no_dot,weekly,2025-01-27,0.031810696984392636
start_2018_no_dot,weekly,2025-02-03,0.04344974875197173
start_2018_no_dot,weekly,2025-02-10,0.04291071827822904
start_2018_no_dot,weekly,2025-02-17,0.0481122263146236
start_2018_no_dot,weekly,2025-02-24,0.034707118182640856
start_2018_no_dot,weekly,2025-03-03,0.09049478855258719
start_2018_no_dot,weekly,2025-03-10,0.11299088278001965
start_2018_no_dot,weekly,2025-03-17,0.03511946821656391
start_2018_no_dot,weekly,2025-03-24,0.028552597197995633
start_2018_no_dot,weekly,2025-03-31,0.025878672779835618
start_2018_no_dot,weekly,2025-04-07,0.04381890184976374
start_2018_no_dot,weekly,2025-04-14,0.03323218317254038
start_2018_no_dot,weekly,2025-04-21,0.027922261891054886
start_2018_no_dot,weekly,2025-04-28,0.03737311060808078
start_2018_no_dot,weekly,2025-05-05,0.028527822885699106
start_2018_no_dot,weekly,2025-05-12,0.06645310947613932
start_2018_no_dot,weekly,2025-05-19,0.031609292102229375
start_2018_no_dot,weekly,2025-05-26,0.026159018932282466
start_2018_no_dot,weekly,2025-06-02,0.03317327133595811
start_2018_no_dot,weekly,2025-06-09,0.02047905234787445
start_2018_no_dot,weekly,2025-06-16,0.031044275718587713
start_2018_no_dot,weekly,2025-06-23,0.04152361161608231
start_2018_no_dot,weekly,2025-06-30,0.02535358150016713
start_2018_no_dot,weekly,2025-07-07,0.01916981642476684
start_2018_no_dot,weekly,2025-07-14,0.11849870742195939
start_2018_no_dot,weekly,2025-07-21,0.09650601247596964
start_2018_no_dot,weekly,2025-07-28,0.041810582674931956
start_2018_no_dot,weekly,2025-08-04,0.04825653253447734
start_2018_no_dot,weekly,2025-08-11,0.06192807032861218
start_2018_no_dot,weekly,2025-08-18,0.05996694958409102
start_2018_no_dot,weekly,2025-08-25,0.029501926185388314
start_2018_no_dot,weekly,2025-09-01,0.021827614351912952
start_2018_no_dot,weekly,2025-09-08,0.03297418100252508
start_2018_no_dot,weekly,2025-09-15,0.033680835899660616
start_2018_no_dot,weekly,2025-09-22,0.018163099274138617
start_2018_no_dot,weekly,2025-09-29,0.02077325627534969
start_2018_no_dot,weekly,2025-10-06,0.025938255619314815
start_2018_no_dot,weekly,2025-10-13,0.042345012191745676
start_2018_no_dot,weekly,2025-10-20,0.020674356609238054
start_2018_no_dot,weekly,2025-10-27,0.03302898877783468
start_2018_no_dot,weekly,2025-11-03,0.027583221144803244
start_2018_no_dot,weekly,2025-11-10,0.036228153646116465
start_2018_no_dot,weekly,2025-11-17,0.041953676597135656
start_2018_no_dot,weekly,2025-11-24,0.04678943388472766
start_2018_no_dot,weekly,2025-12-01,0.018114122022793444
start_2018_no_dot,weekly,2025-12-08,0.03793894531948466
start_2018_no_dot,weekly,2025-12-15,0.010250574700529466
start_2018_no_dot,weekly,2025-12-22,0.03169189716253816
start_2018_no_dot,weekly,2025-12-29,0.020846990691306203
start_2018_no_dot,weekly,2026-01-05,0.03285004072243633
start_2018_no_dot,weekly,2026-01-12,0.021218664510526133
start_2018_no_dot,weekly,2026-01-19,0.04135012824965112
start_2018_no_dot,weekly,2026-01-26,0.024934454152682153
start_2018_no_dot,weekly,2026-02-02,0.033080970156853406
start_2018_no_dot,weekly,2026-02-09,0.026388633880252324
start_2018_no_dot,weekly,2026-02-16,0.027395876063457406
start_2018_no_dot,weekly,2026-02-23,0.02933155728427715
start_2018_no_dot,weekly,2026-03-02,0.0367325591020167
start_2018_no_dot,weekly,2026-03-09,0.025264913778752757
start_2018_no_dot,weekly,2026-03-16,0.023055930234469016
start_2018_no_dot,weekly,2026-03-23,0.026942419385393032
start_2018_no_dot,weekly,2026-03-30,0.025740177157498753
start_2018_no_dot,weekly,2026-04-06,0.03265416014056843
start_2018_no_dot,weekly,2026-04-13,0.027964160216083764
start_2018_no_dot,weekly,2026-04-20,0.01650353402529932
start_2018_no_dot,weekly,2026-04-27,0.014617352148107637
start_2018_no_dot,weekly,2026-05-04,0.0299672980508897
start_2018_no_dot,weekly,2026-05-11,0.041435376435043386
start_2018_no_dot,weekly,2026-05-18,0.03980284734400051
start_2018_no_dot,weekly,2026-05-25,0.030864435975356444
start_2018_no_dot,weekly,2026-06-01,0.12890012737905768
start_2018_no_dot,weekly,2026-06-08,0.055751082341311556
start_2018_no_dot,weekly,2026-06-15,0.03967757914392078
start_2018_no_dot,weekly,2026-06-22,0.046547382435040766
start_2018_no_dot,weekly,2026-06-29,0.03383649482096422
start_2018_no_dot,weekly,2026-07-06,0.06548073277551654
start_2018_no_dot,weekly,2026-07-13,0.038373992841116936
start_2018_no_dot,weekly,2026-07-20,0.02733694212272693
start_2018_no_dot,weekly,2026-07-27,0.013266116044941809
start_2018_no_dot,monthly,2018-01-02,1.0
start_2018_no_dot,monthly,2018-02-01,0.23846100997174113
start_2018_no_dot,monthly,2018-03-01,0.20537728189242907
start_2018_no_dot,monthly,2018-04-01,0.15691316603277752
start_2018_no_dot,monthly,2018-05-01,0.17361130813604642
start_2018_no_dot,monthly,2018-06-01,0.08403010431433254
start_2018_no_dot,monthly,2018-07-01,0.11871872666684406
start_2018_no_dot,monthly,2018-08-01,0.1298758087574168
start_2018_no_dot,monthly,2018-09-01,0.2151566814482135
start_2018_no_dot,monthly,2018-10-01,0.1757212131076007
start_2018_no_dot,monthly,2018-11-01,0.16365742900114366
start_2018_no_dot,monthly,2018-12-01,0.1263757090163427
start_2018_no_dot,monthly,2019-01-01,0.1257654197585495
start_2018_no_dot,monthly,2019-02-01,0.17406012258684966
start_2018_no_dot,monthly,2019-03-01,0.08598431634966437
start_2018_no_dot,monthly,2019-04-01,0.12260261923280068
start_2018_no_dot,monthly,2019-05-01,0.13163189890129318
start_2018_no_dot,monthly,2019-06-01,0.11335546233519055
start_2018_no_dot,monthly,2019-07-01,0.3444695675353927
start_2018_no_dot,monthly,2019-08-01,0.07627715976303923
start_2018_no_dot,monthly,2019-09-01,0.10115515665801189
start_2018_no_dot,monthly,2019-10-01,0.08040917653361417
start_2018_no_dot,monthly,2019-11-01,0.10791045135294368
start_2018_no_dot,monthly,2019-12-01,0.05846304843628394
start_2018_no_dot,monthly,2020-01-01,0.07835093845516089
start_2018_no_dot,monthly,2020-02-01,0.16971512066604733
start_2018_no_dot,monthly,2020-03-01,0.14546314536794447
start_2018_no_dot,monthly,2020-04-01,0.07987344920065022
start_2018_no_dot,monthly,2020-05-01,0.11269453576596375
start_2018_no_dot,monthly,2020-06-01,0.08700859500021285
start_2018_no_dot,monthly,2020-07-01,0.07330337538409805
start_2018_no_dot,monthly,2020-08-01,0.0870901299541875
start_2018_no_dot,monthly,2020-09-01,0.20941791950680533
start_2018_no_dot,monthly,2020-10-01,0.06340606884561893
start_2018_no_dot,monthly,2020-11-01,0.08607782048610045
start_2018_no_dot,monthly,2020-12-01,0.2477823731910624
start_2018_no_dot,monthly,2021-01-01,0.28457328079635263
start_2018_no_dot,monthly,2021-02-01,0.4980180756074326
start_2018_no_dot,monthly,2021-03-01,0.2908405535415898
start_2018_no_dot,monthly,2021-04-01,0.14949964501191187
start_2018_no_dot,monthly,2021-05-01,0.4931852595521998
start_2018_no_dot,monthly,2021-06-01,0.2998236651707964
start_2018_no_dot,monthly,2021-07-01,0.09129790129392815
start_2018_no_dot,monthly,2021-08-01,0.08611341564558797
start_2018_no_dot,monthly,2021-09-01,0.13779595748017787
start_2018_no_dot,monthly,2021-10-01,0.08634932783026729
start_2018_no_dot,monthly,2021-11-01,0.09008222212228753
start_2018_no_dot,monthly,2021-12-01,0.08207149252792509
start_2018_no_dot,monthly,2022-01-01,0.043394744498133825
start_2018_no_dot,monthly,2022-02-01,0.060794067761220066
start_2018_no_dot,monthly,2022-03-01,0.09353408317682683
start_2018_no_dot,monthly,2022-04-01,0.0771093616625949
start_2018_no_dot,monthly,2022-05-01,0.11063125318836273
start_2018_no_dot,monthly,2022-06-01,0.1547524328440455
start_2018_no_dot,monthly,2022-07-01,0.12998019367591646
start_2018_no_dot,monthly,2022-08-01,0.20574534245076462
start_2018_no_dot,monthly,2022-09-01,0.026930975941297064
start_2018_no_dot,monthly,2022-10-01,0.10840023925092912
start_2018_no_dot,monthly,2022-11-01,0.17177013759750726
start_2018_no_dot,monthly,2022-12-01,0.13006143746713295
start_2018_no_dot,monthly,2023-01-01,0.09862323014295205
start_2018_no_dot,monthly,2023-02-01,0.06412950495966409
start_2018_no_dot,monthly,2023-03-01,0.05420869911789908
start_2018_no_dot,monthly,2023-04-01,0.12034521468147506
start_2018_no_dot,monthly,2023-05-01,0.055684340035043176
start_2018_no_dot,monthly,2023-06-01,0.058000560042261826
start_2018_no_dot,monthly,2023-07-01,0.23688126822559918
start_2018_no_dot,monthly,2023-08-01,0.15713898283644867
start_2018_no_dot,monthly,2023-09-01,0.07202433062799293
start_2018_no_dot,monthly,2023-10-01,0.07912118715272266
start_2018_no_dot,monthly,2023-11-01,0.07110937842906637
start_2018_no_dot,monthly,2023-12-01,0.08821955559617398
start_2018_no_dot,monthly,2024-01-01,0.08468867378028973
start_2018_no_dot,monthly,2024-02-01,0.08926404900063871
start_2018_no_dot,monthly,2024-03-01,0.07951740225838744
start_2018_no_dot,monthly,2024-04-01,0.2359376775120176
start_2018_no_dot,monthly,2024-05-01,0.10301000616948715
start_2018_no_dot,monthly,2024-06-01,0.09506469093540625
start_2018_no_dot,monthly,2024-07-01,0.0727072822010768
start_2018_no_dot,monthly,2024-08-01,0.07927999545104522
start_2018_no_dot,monthly,2024-09-01,0.08213931637083087
start_2018_no_dot,monthly,2024-10-01,0.02454156974180699
start_2018_no_dot,monthly,2024-11-01,0.10179703021218639
start_2018_no_dot,monthly,2024-12-01,0.46008739274325317
start_2018_no_dot,monthly,2025-01-01,0.15910344235228085
start_2018_no_dot,monthly,2025-02-01,0.10592446797177181
start_2018_no_dot,monthly,2025-03-01,0.1265353150081176
start_2018_no_dot,monthly,2025-04-01,0.0954025953195469
start_2018_no_dot,monthly,2025-05-01,0.04417565229841247
start_2018_no_dot,monthly,2025-06-01,0.07661910269865876
start_2018_no_dot,monthly,2025-07-01,0.0725384268768245
start_2018_no_dot,monthly,2025-08-01,0.09286847334926714
start_2018_no_dot,monthly,2025-09-01,0.09405869985895882
start_2018_no_dot,monthly,2025-10-01,0.047104043988918654
start_2018_no_dot,monthly,2025-11-01,0.06034809563018971
start_2018_no_dot,monthly,2025-12-01,0.08143501697440371
start_2018_no_dot,monthly,2026-01-01,0.09352497202595912
start_2018_no_dot,monthly,2026-02-01,0.05090177306167243
start_2018_no_dot,monthly,2026-03-01,0.041630700130511886
start_2018_no_dot,monthly,2026-04-01,0.04847850237310536
start_2018_no_dot,monthly,2026-05-01,0.04265991194790529
start_2018_no_dot,monthly,2026-06-01,0.12731398744860511
start_2018_no_dot,monthly,2026-07-01,0.08084147676573585
start_2018_no_dot,monthly,2026-08-01,0.0627923589657959
start_2020_no_dot,buyhold,2020-01-02,1.0
start_2020_no_dot,daily,2020-01-02,1.0
start_2020_no_dot,daily,2020-01-03,0.010554578653513058
start_2020_no_dot,daily,2020-01-04,0.019823084282803854
start_2020_no_dot,daily,2020-01-05,0.009235044253395067
start_2020_no_dot,daily,2020-01-06,0.017818721971826684
start_2020_no_dot,daily,2020-01-07,0.021214225745363066
start_2020_no_dot,daily,2020-01-08,0.027246823325654215
start_2020_no_dot,daily,2020-01-09,0.016530863870967222
start_2020_no_dot,daily,2020-01-10,0.014982142728679329
start_2020_no_dot,daily,2020-01-11,0.02261025834739941
start_2020_no_dot,daily,2020-01-12,0.01785069103087028
start_2020_no_dot,daily,2020-01-13,0.01023030653043032
start_2020_no_dot,daily,2020-01-14,0.006334541975559299
start_2020_no_dot,daily,2020-01-15,0.04975440540178615
start_2020_no_dot,daily,2020-01-16,0.0368487512697028
start_2020_no_dot,daily,2020-01-17,0.0175449773530853
start_2020_no_dot,daily,2020-01-18,0.03127595874703418
start_2020_no_dot,daily,2020-01-19,0.03602054797889151
start_2020_no_dot,daily,2020-01-20,0.02052291116906023
start_2020_no_dot,daily,2020-01-21,0.017190769066759704
start_2020_no_dot,daily,2020-01-22,0.013690509826505048
start_2020_no_dot,daily,2020-01-23,0.014796152097002718
start_2020_no_dot,daily,2020-01-24,0.020626915936078877
start_2020_no_dot,daily,2020-01-25,0.013924365510364578
start_2020_no_dot,daily,2020-01-26,0.007150316000468004
start_2020_no_dot,daily,2020-01-27,0.017319296437838916
start_2020_no_dot,daily,2020-01-28,0.025326632118303397
start_2020_no_dot,daily,2020-01-29,0.02530026186826334
start_2020_no_dot,daily,2020-01-30,0.02069090338904153
start_2020_no_dot,daily,2020-01-31,0.023834269296776733
start_2020_no_dot,daily,2020-02-01,0.017697578562532942
start_2020_no_dot,daily,2020-02-02,0.012081730710170019
start_2020_no_dot,daily,2020-02-03,0.017673101186817974
start_2020_no_dot,daily,2020-02-04,0.012514278528201028
start_2020_no_dot,daily,2020-02-05,0.01983951752153841
start_2020_no_dot,daily,2020-02-06,0.023767193362574282
start_2020_no_dot,daily,2020-02-07,0.017186907622571676
start_2020_no_dot,daily,2020-02-08,0.032808025982588376
start_2020_no_dot,daily,2020-02-09,0.026648412592197412
start_2020_no_dot,daily,2020-02-10,0.007128809405363118
start_2020_no_dot,daily,2020-02-11,0.01707584201470179
start_2020_no_dot,daily,2020-02-12,0.024640815958046583
start_2020_no_dot,daily,2020-02-13,0.030019354632159212
start_2020_no_dot,daily,2020-02-14,0.02078842549908666
start_2020_no_dot,daily,2020-02-15,0.02888395061759501
start_2020_no_dot,daily,2020-02-16,0.02478388753320969
start_2020_no_dot,daily,2020-02-17,0.02585400683314372
start_2020_no_dot,daily,2020-02-18,0.014493341464749954
start_2020_no_dot,daily,2020-02-19,0.008605020679677042
start_2020_no_dot,daily,2020-02-20,0.017064230456562635
start_2020_no_dot,daily,2020-02-21,0.013653535775779033
start_2020_no_dot,daily,2020-02-22,0.015279151794361318
start_2020_no_dot,daily,2020-02-23,0.014344252124147042
start_2020_no_dot,daily,2020-02-24,0.01495922185981545
start_2020_no_dot,daily,2020-02-25,0.013859654197398125
start_2020_no_dot,daily,2020-02-26,0.018032322312279997
start_2020_no_dot,daily,2020-02-27,0.04152330003739836
start_2020_no_dot,daily,2020-02-28,0.018368408009685797
start_2020_no_dot,daily,2020-02-29,0.017957877262627195
start_2020_no_dot,daily,2020-03-01,0.006325755398123287
start_2020_no_dot,daily,2020-03-02,0.018866477172778423
start_2020_no_dot,daily,2020-03-03,0.013604589338903225
start_2020_no_dot,daily,2020-03-04,0.026599245825609255
start_2020_no_dot,daily,2020-03-05,0.020213477674363184
start_2020_no_dot,daily,2020-03-06,0.010970587155999731
start_2020_no_dot,daily,2020-03-07,0.014288991967736697
start_2020_no_dot,daily,2020-03-08,0.01268055941657717
start_2020_no_dot,daily,2020-03-09,0.030388191052967403
start_2020_no_dot,daily,2020-03-10,0.021612969819163566
start_2020_no_dot,daily,2020-03-11,0.0058344150058247946
start_2020_no_dot,daily,2020-03-12,0.013728304519286666
start_2020_no_dot,daily,2020-03-13,0.06403991854017041
start_2020_no_dot,daily,2020-03-14,0.021254977545506495
start_2020_no_dot,daily,2020-03-15,0.01871345544468825
start_2020_no_dot,daily,2020-03-16,0.02182514231451914
start_2020_no_dot,daily,2020-03-17,0.02822939059095253
start_2020_no_dot,daily,2020-03-18,0.011974712294598053
start_2020_no_dot,daily,2020-03-19,0.010306895793444418
start_2020_no_dot,daily,2020-03-20,0.020969925493892705
start_2020_no_dot,daily,2020-03-21,0.013928111480076583
start_2020_no_dot,daily,2020-03-22,0.006800424654197806
start_2020_no_dot,daily,2020-03-23,0.015951475248716804
start_2020_no_dot,daily,2020-03-24,0.01741085403402931
start_2020_no_dot,daily,2020-03-25,0.0068393188364166
start_2020_no_dot,daily,2020-03-26,0.009904513609373305
start_2020_no_dot,daily,2020-03-27,0.01757338892588807
start_2020_no_dot,daily,2020-03-28,0.012541606678991513
start_2020_no_dot,daily,2020-03-29,0.013151734481070515
start_2020_no_dot,daily,2020-03-30,0.013480186623016407
start_2020_no_dot,daily,2020-03-31,0.0102143966671428
start_2020_no_dot,daily,2020-04-01,0.012563162828093527
start_2020_no_dot,daily,2020-04-02,0.009416851243418983
start_2020_no_dot,daily,2020-04-03,0.01170925582837283
start_2020_no_dot,daily,2020-04-04,0.007001658628255553
start_2020_no_dot,daily,2020-04-05,0.0040631482782207545
start_2020_no_dot,daily,2020-04-06,0.018157031444743107
start_2020_no_dot,daily,2020-04-07,0.019664480574831125
start_2020_no_dot,daily,2020-04-08,0.02045239988031354
start_2020_no_dot,daily,2020-04-09,0.02220882446851491
start_2020_no_dot,daily,2020-04-10,0.016613681638210948
start_2020_no_dot,daily,2020-04-11,0.021889775193738054
start_2020_no_dot,daily,2020-04-12,0.008714300100534325
start_2020_no_dot,daily,2020-04-13,0.010316486228983957
start_2020_no_dot,daily,2020-04-14,0.007386741384415085
start_2020_no_dot,daily,2020-04-15,0.009071124318846144
start_2020_no_dot,daily,2020-04-16,0.007054721691925489
start_2020_no_dot,daily,2020-04-17,0.01655952205030732
start_2020_no_dot,daily,2020-04-18,0.003674596209907302
start_2020_no_dot,daily,2020-04-19,0.017806720082881963
start_2020_no_dot,daily,2020-04-20,0.009011142737798836
start_2020_no_dot,daily,2020-04-21,0.01083337911393184
start_2020_no_dot,daily,2020-04-22,0.00597513345506015
start_2020_no_dot,daily,2020-04-23,0.015435819940053802
start_2020_no_dot,daily,2020-04-24,0.02738544939393324
start_2020_no_dot,daily,2020-04-25,0.00992185730293342
start_2020_no_dot,daily,2020-04-26,0.009440884790293966
start_2020_no_dot,daily,2020-04-27,0.03355822493736774
start_2020_no_dot,daily,2020-04-28,0.01979978557599199
start_2020_no_dot,daily,2020-04-29,0.01991664050553313
start_2020_no_dot,daily,2020-04-30,0.018061145574706672
start_2020_no_dot,daily,2020-05-01,0.014576233489170143
start_2020_no_dot,daily,2020-05-02,0.014671939256168998
start_2020_no_dot,daily,2020-05-03,0.01868994647684026
start_2020_no_dot,daily,2020-05-04,0.007589973982406989
start_2020_no_dot,daily,2020-05-05,0.011849236046817285
start_2020_no_dot,daily,2020-05-06,0.007950750874736276
start_2020_no_dot,daily,2020-05-07,0.014150483997329655
start_2020_no_dot,daily,2020-05-08,0.012536462816943733
start_2020_no_dot,daily,2020-05-09,0.010403744345743163
start_2020_no_dot,daily,2020-05-10,0.014846100305653032
start_2020_no_dot,daily,2020-05-11,0.02111738759492178
start_2020_no_dot,daily,2020-05-12,0.010213349359557436
start_2020_no_dot,daily,2020-05-13,0.020027531174343444
start_2020_no_dot,daily,2020-05-14,0.010080209986964461
start_2020_no_dot,daily,2020-05-15,0.011143542994968905
start_2020_no_dot,daily,2020-05-16,0.013263202676195948
start_2020_no_dot,daily,2020-05-17,0.007804942019394176
start_2020_no_dot,daily,2020-05-18,0.008442603425580883
start_2020_no_dot,daily,2020-05-19,0.012054876031494535
start_2020_no_dot,daily,2020-05-20,0.01001613400613656
start_2020_no_dot,daily,2020-05-21,0.017968999803321423
start_2020_no_dot,daily,2020-05-22,0.01259415726345918
start_2020_no_dot,daily,2020-05-23,0.013697547496979892
start_2020_no_dot,daily,2020-05-24,0.009644257671423462
start_2020_no_dot,daily,2020-05-25,0.010874901904243367
start_2020_no_dot,daily,2020-05-26,0.0070298210233405295
start_2020_no_dot,daily,2020-05-27,0.003188328971757498
start_2020_no_dot,daily,2020-05-28,0.010199193187927336
start_2020_no_dot,daily,2020-05-29,0.025224029789485777
start_2020_no_dot,daily,2020-05-30,0.011480302833813114
start_2020_no_dot,daily,2020-05-31,0.029424452810228652
start_2020_no_dot,daily,2020-06-01,0.014147441961919846
start_2020_no_dot,daily,2020-06-02,0.012875682024646423
start_2020_no_dot,daily,2020-06-03,0.02021463700518633
start_2020_no_dot,daily,2020-06-04,0.016767239701545797
start_2020_no_dot,daily,2020-06-05,0.010708612495706746
start_2020_no_dot,daily,2020-06-06,0.008890772705027
start_2020_no_dot,daily,2020-06-07,0.004855501538413923
start_2020_no_dot,daily,2020-06-08,0.01187920301770179
start_2020_no_dot,daily,2020-06-09,0.007254963986683571
start_2020_no_dot,daily,2020-06-10,0.008204851144386738
start_2020_no_dot,daily,2020-06-11,0.004434788655491767
start_2020_no_dot,daily,2020-06-12,0.017110424573251473
start_2020_no_dot,daily,2020-06-13,0.007626382975680246
start_2020_no_dot,daily,2020-06-14,0.0063039288001258825
start_2020_no_dot,daily,2020-06-15,0.009389655577568698
start_2020_no_dot,daily,2020-06-16,0.008685955718473692
start_2020_no_dot,daily,2020-06-17,0.007528841320627658
start_2020_no_dot,daily,2020-06-18,0.011777490533880566
start_2020_no_dot,daily,2020-06-19,0.004004095457204079
start_2020_no_dot,daily,2020-06-20,0.0070479460366407315
start_2020_no_dot,daily,2020-06-21,0.006519227564950464
start_2020_no_dot,daily,2020-06-22,0.004792174346734929
start_2020_no_dot,daily,2020-06-23,0.014661305782521242
start_2020_no_dot,daily,2020-06-24,0.013029389297671043
start_2020_no_dot,daily,2020-06-25,0.006753631555831266
start_2020_no_dot,daily,2020-06-26,0.0059594795387507005
start_2020_no_dot,daily,2020-06-27,0.007847782343136003
start_2020_no_dot,daily,2020-06-28,0.015470266529621454
start_2020_no_dot,daily,2020-06-29,0.009433037806543226
start_2020_no_dot,daily,2020-06-30,0.007711045014795664
start_2020_no_dot,daily,2020-07-01,0.009701788847240267
start_2020_no_dot,daily,2020-07-02,0.023417062586572057
start_2020_no_dot,daily,2020-07-03,0.008188312055985872
start_2020_no_dot,daily,2020-07-04,0.008680300757062456
start_2020_no_dot,daily,2020-07-05,0.007074910994086886
start_2020_no_dot,daily,2020-07-06,0.00478089391399196
start_2020_no_dot,daily,2020-07-07,0.02021016703597016
start_2020_no_dot,daily,2020-07-08,0.05095614389387278
start_2020_no_dot,daily,2020-07-09,0.0788442155824967
start_2020_no_dot,daily,2020-07-10,0.026905198663915816
start_2020_no_dot,daily,2020-07-11,0.03641409502028081
start_2020_no_dot,daily,2020-07-12,0.02455953425188992
start_2020_no_dot,daily,2020-07-13,0.03227894991065226
start_2020_no_dot,daily,2020-07-14,0.02216771933495658
start_2020_no_dot,daily,2020-07-15,0.028574909281712482
start_2020_no_dot,daily,2020-07-16,0.01787491932997881
start_2020_no_dot,daily,2020-07-17,0.017597053671118038
start_2020_no_dot,daily,2020-07-18,0.009711535607292113
start_2020_no_dot,daily,2020-07-19,0.024414330914561203
start_2020_no_dot,daily,2020-07-20,0.007879586484447448
start_2020_no_dot,daily,2020-07-21,0.02261790077794472
start_2020_no_dot,daily,2020-07-22,0.00897308477598141
start_2020_no_dot,daily,2020-07-23,0.012899502917762512
start_2020_no_dot,daily,2020-07-24,0.01539243410348852
start_2020_no_dot,daily,2020-07-25,0.012833285066743555
start_2020_no_dot,daily,2020-07-26,0.03251226595901313
start_2020_no_dot,daily,2020-07-27,0.014325180492058068
start_2020_no_dot,daily,2020-07-28,0.05338030164929104
start_2020_no_dot,daily,2020-07-29,0.02083670327178737
start_2020_no_dot,daily,2020-07-30,0.017691033995081373
start_2020_no_dot,daily,2020-07-31,0.012735121864094659
start_2020_no_dot,daily,2020-08-01,0.01575929605033087
start_2020_no_dot,daily,2020-08-02,0.030343875338971787
start_2020_no_dot,daily,2020-08-03,0.027878676450899004
start_2020_no_dot,daily,2020-08-04,0.02113450773686036
start_2020_no_dot,daily,2020-08-05,0.028110850057823614
start_2020_no_dot,daily,2020-08-06,0.01698791862375776
start_2020_no_dot,daily,2020-08-07,0.018419463658307808
start_2020_no_dot,daily,2020-08-08,0.010298011446791239
start_2020_no_dot,daily,2020-08-09,0.04188980271656037
start_2020_no_dot,daily,2020-08-10,0.019261337132192732
start_2020_no_dot,daily,2020-08-11,0.01324905242520076
start_2020_no_dot,daily,2020-08-12,0.011744836848214882
start_2020_no_dot,daily,2020-08-13,0.04068984196681441
start_2020_no_dot,daily,2020-08-14,0.022806528850269597
start_2020_no_dot,daily,2020-08-15,0.024555947019740648
start_2020_no_dot,daily,2020-08-16,0.027921948278992248
start_2020_no_dot,daily,2020-08-17,0.032236619151307586
start_2020_no_dot,daily,2020-08-18,0.030648421737560105
start_2020_no_dot,daily,2020-08-19,0.010862309192718467
start_2020_no_dot,daily,2020-08-20,0.018189566175549385
start_2020_no_dot,daily,2020-08-21,0.012687575286565791
start_2020_no_dot,daily,2020-08-22,0.029264989116789097
start_2020_no_dot,daily,2020-08-23,0.023076370367407534
start_2020_no_dot,daily,2020-08-24,0.013063096965457363
start_2020_no_dot,daily,2020-08-25,0.010600406011054733
start_2020_no_dot,daily,2020-08-26,0.013995925463113582
start_2020_no_dot,daily,2020-08-27,0.01494006866930081
start_2020_no_dot,daily,2020-08-28,0.014897314757112937
start_2020_no_dot,daily,2020-08-29,0.006972660777351702
start_2020_no_dot,daily,2020-08-30,0.024774953059705215
start_2020_no_dot,daily,2020-08-31,0.025318849423048823
start_2020_no_dot,daily,2020-09-01,0.026410733432228772
start_2020_no_dot,daily,2020-09-02,0.03331623350894458
start_2020_no_dot,daily,2020-09-03,0.019179654396632786
start_2020_no_dot,daily,2020-09-04,0.06720567553467102
start_2020_no_dot,daily,2020-09-05,0.041438909461063184
start_2020_no_dot,daily,2020-09-06,0.044848276162546996
start_2020_no_dot,daily,2020-09-07,0.03353794154299945
start_2020_no_dot,daily,2020-09-08,0.011248307353068254
start_2020_no_dot,daily,2020-09-09,0.02110780543528172
start_2020_no_dot,daily,2020-09-10,0.013649148684921841
start_2020_no_dot,daily,2020-09-11,0.01352810529497328
start_2020_no_dot,daily,2020-09-12,0.008423246791438702
start_2020_no_dot,daily,2020-09-13,0.012699614827394928
start_2020_no_dot,daily,2020-09-14,0.01646959049241002
start_2020_no_dot,daily,2020-09-15,0.008616436146472076
start_2020_no_dot,daily,2020-09-16,0.031121830903592274
start_2020_no_dot,daily,2020-09-17,0.016160692418203518
start_2020_no_dot,daily,2020-09-18,0.016198564798360224
start_2020_no_dot,daily,2020-09-19,0.0192208705072294
start_2020_no_dot,daily,2020-09-20,0.009174076967014971
start_2020_no_dot,daily,2020-09-21,0.00804349781682101
start_2020_no_dot,daily,2020-09-22,0.018662636132111055
start_2020_no_dot,daily,2020-09-23,0.008255915583063989
start_2020_no_dot,daily,2020-09-24,0.02344567485077606
start_2020_no_dot,daily,2020-09-25,0.03877773446271751
start_2020_no_dot,daily,2020-09-26,0.03456916139499672
start_2020_no_dot,daily,2020-09-27,0.016713699643747873
start_2020_no_dot,daily,2020-09-28,0.01853191534636789
start_2020_no_dot,daily,2020-09-29,0.0074542430400482695
start_2020_no_dot,daily,2020-09-30,0.006934466928803687
start_2020_no_dot,daily,2020-10-01,0.0077530549294348855
start_2020_no_dot,daily,2020-10-02,0.0068098572984125055
start_2020_no_dot,daily,2020-10-03,0.013623854437392627
start_2020_no_dot,daily,2020-10-04,0.009685509138382523
start_2020_no_dot,daily,2020-10-05,0.01377878500492112
start_2020_no_dot,daily,2020-10-06,0.007941934387296692
start_2020_no_dot,daily,2020-10-07,0.02147375389941525
start_2020_no_dot,daily,2020-10-08,0.008811294638231604
start_2020_no_dot,daily,2020-10-09,0.014168770255423138
start_2020_no_dot,daily,2020-10-10,0.017691819165733563
start_2020_no_dot,daily,2020-10-11,0.009630786364184768
start_2020_no_dot,daily,2020-10-12,0.00943351853408729
start_2020_no_dot,daily,2020-10-13,0.014684621325122507
start_2020_no_dot,daily,2020-10-14,0.013734485510037517
start_2020_no_dot,daily,2020-10-15,0.009985328864554235
start_2020_no_dot,daily,2020-10-16,0.006401736156756696
start_2020_no_dot,daily,2020-10-17,0.019528819077691953
start_2020_no_dot,daily,2020-10-18,0.010412083898077948
start_2020_no_dot,daily,2020-10-19,0.008658786061505164
start_2020_no_dot,daily,2020-10-20,0.012880404601164464
start_2020_no_dot,daily,2020-10-21,0.023921299248677044
start_2020_no_dot,daily,2020-10-22,0.024470519851565578
start_2020_no_dot,daily,2020-10-23,0.019776282090692043
start_2020_no_dot,daily,2020-10-24,0.012381761486603055
start_2020_no_dot,daily,2020-10-25,0.014510476507219427
start_2020_no_dot,daily,2020-10-26,0.00987398129408594
start_2020_no_dot,daily,2020-10-27,0.013655974036281299
start_2020_no_dot,daily,2020-10-28,0.010121564210708395
start_2020_no_dot,daily,2020-10-29,0.012264377226620063
start_2020_no_dot,daily,2020-10-30,0.011387799654248743
start_2020_no_dot,daily,2020-10-31,0.009252534546227167
start_2020_no_dot,daily,2020-11-01,0.008318461193436322
start_2020_no_dot,daily,2020-11-02,0.01508086589423703
start_2020_no_dot,daily,2020-11-03,0.013661253944249344
start_2020_no_dot,daily,2020-11-04,0.018316112201473667
start_2020_no_dot,daily,2020-11-05,0.011879397824848648
start_2020_no_dot,daily,2020-11-06,0.01917296452761233
start_2020_no_dot,daily,2020-11-07,0.026306656311825577
start_2020_no_dot,daily,2020-11-08,0.012417320633451134
start_2020_no_dot,daily,2020-11-09,0.016619789550794406
start_2020_no_dot,daily,2020-11-10,0.006211680670911837
start_2020_no_dot,daily,2020-11-11,0.014182522651876348
start_2020_no_dot,daily,2020-11-12,0.010315551895687253
start_2020_no_dot,daily,2020-11-13,0.012132714202675754
start_2020_no_dot,daily,2020-11-14,0.015682118246339263
start_2020_no_dot,daily,2020-11-15,0.007479587048993652
start_2020_no_dot,daily,2020-11-16,0.017520750011000577
start_2020_no_dot,daily,2020-11-17,0.021172175695646195
start_2020_no_dot,daily,2020-11-18,0.013660979267595977
start_2020_no_dot,daily,2020-11-19,0.022606611219256972
start_2020_no_dot,daily,2020-11-20,0.023437023435277773
start_2020_no_dot,daily,2020-11-21,0.023835382874110092
start_2020_no_dot,daily,2020-11-22,0.06662535593251022
start_2020_no_dot,daily,2020-11-23,0.03352986724443251
start_2020_no_dot,daily,2020-11-24,0.06573315279533067
start_2020_no_dot,daily,2020-11-25,0.07361549942878318
start_2020_no_dot,daily,2020-11-26,0.028724006821207848
start_2020_no_dot,daily,2020-11-27,0.019592326288262046
start_2020_no_dot,daily,2020-11-28,0.041413517953356904
start_2020_no_dot,daily,2020-11-29,0.031805583628469164
start_2020_no_dot,daily,2020-11-30,0.024642786408798883
start_2020_no_dot,daily,2020-12-01,0.02247305875098768
start_2020_no_dot,daily,2020-12-02,0.019047435167461754
start_2020_no_dot,daily,2020-12-03,0.009486875149556456
start_2020_no_dot,daily,2020-12-04,0.01441621006612559
start_2020_no_dot,daily,2020-12-05,0.02680145313961789
start_2020_no_dot,daily,2020-12-06,0.011130373015775685
start_2020_no_dot,daily,2020-12-07,0.013572743711298407
start_2020_no_dot,daily,2020-12-08,0.009942028705138856
start_2020_no_dot,daily,2020-12-09,0.014673025513759375
start_2020_no_dot,daily,2020-12-10,0.023416931418614548
start_2020_no_dot,daily,2020-12-11,0.014349565643534942
start_2020_no_dot,daily,2020-12-12,0.012594472925239242
start_2020_no_dot,daily,2020-12-13,0.01909803439995611
start_2020_no_dot,daily,2020-12-14,0.02193288084644622
start_2020_no_dot,daily,2020-12-15,0.011336379823180573
start_2020_no_dot,daily,2020-12-16,0.017138162601725848
start_2020_no_dot,daily,2020-12-17,0.033128787584443986
start_2020_no_dot,daily,2020-12-18,0.034368558789515224
start_2020_no_dot,daily,2020-12-19,0.015520274447227131
start_2020_no_dot,daily,2020-12-20,0.0201916651589244
start_2020_no_dot,daily,2020-12-21,0.04729101379245279
start_2020_no_dot,daily,2020-12-22,0.022738538631327077
start_2020_no_dot,daily,2020-12-23,0.044259052292429754
start_2020_no_dot,daily,2020-12-24,0.07316774735212406
start_2020_no_dot,daily,2020-12-25,0.06289511929299028
start_2020_no_dot,daily,2020-12-26,0.03517157924524782
start_2020_no_dot,daily,2020-12-27,0.031814135203221794
start_2020_no_dot,daily,2020-12-28,0.03614047357047352
start_2020_no_dot,daily,2020-12-29,0.03888229619612317
start_2020_no_dot,daily,2020-12-30,0.0353006078610313
start_2020_no_dot,daily,2020-12-31,0.03106868823961466
start_2020_no_dot,daily,2021-01-01,0.018128915971844767
start_2020_no_dot,daily,2021-01-02,0.04358929700392425
start_2020_no_dot,daily,2021-01-03,0.1266263985123326
start_2020_no_dot,daily,2021-01-04,0.06684101673053519
start_2020_no_dot,daily,2021-01-05,0.05198279981699763
start_2020_no_dot,daily,2021-01-06,0.05025930890768773
start_2020_no_dot,daily,2021-01-07,0.11209356746902639
start_2020_no_dot,daily,2021-01-08,0.07010534248209958
start_2020_no_dot,daily,2021-01-09,0.022465991107098404
start_2020_no_dot,daily,2021-01-10,0.06058291468372255
start_2020_no_dot,daily,2021-01-11,0.04522260411798683
start_2020_no_dot,daily,2021-01-12,0.04530379508423721
start_2020_no_dot,daily,2021-01-13,0.03337532636363941
start_2020_no_dot,daily,2021-01-14,0.01839338103853333
start_2020_no_dot,daily,2021-01-15,0.03836899827017415
start_2020_no_dot,daily,2021-01-16,0.039092544464789436
start_2020_no_dot,daily,2021-01-17,0.03344203954806094
start_2020_no_dot,daily,2021-01-18,0.0392788904626815
start_2020_no_dot,daily,2021-01-19,0.02589095131691338
start_2020_no_dot,daily,2021-01-20,0.026441474357243325
start_2020_no_dot,daily,2021-01-21,0.016400575238962045
start_2020_no_dot,daily,2021-01-22,0.03183473098731614
start_2020_no_dot,daily,2021-01-23,0.03185250305899358
start_2020_no_dot,daily,2021-01-24,0.026229792911643332
start_2020_no_dot,daily,2021-01-25,0.01892489015604118
start_2020_no_dot,daily,2021-01-26,0.013140108343948631
start_2020_no_dot,daily,2021-01-27,0.01025406887464575
start_2020_no_dot,daily,2021-01-28,0.01614278844002194
start_2020_no_dot,daily,2021-01-29,0.4056259924924533
start_2020_no_dot,daily,2021-01-30,0.06847343769230525
start_2020_no_dot,daily,2021-01-31,0.11234287213004143
start_2020_no_dot,daily,2021-02-01,0.07525691680463341
start_2020_no_dot,daily,2021-02-02,0.0583150763375036
start_2020_no_dot,daily,2021-02-03,0.03461933380395081
start_2020_no_dot,daily,2021-02-04,0.031218786648471317
start_2020_no_dot,daily,2021-02-05,0.09330384472501722
start_2020_no_dot,daily,2021-02-06,0.04673205923359755
start_2020_no_dot,daily,2021-02-07,0.06188733612851967
start_2020_no_dot,daily,2021-02-08,0.06754144013552357
start_2020_no_dot,daily,2021-02-09,0.038517495425527085
start_2020_no_dot,daily,2021-02-10,0.04723536283075702
start_2020_no_dot,daily,2021-02-11,0.061642296493326004
start_2020_no_dot,daily,2021-02-12,0.05014641561096454
start_2020_no_dot,daily,2021-02-13,0.05262740490692121
start_2020_no_dot,daily,2021-02-14,0.08002650795714113
start_2020_no_dot,daily,2021-02-15,0.03881075909118903
start_2020_no_dot,daily,2021-02-16,0.033894107461631226
start_2020_no_dot,daily,2021-02-17,0.02189506092946257
start_2020_no_dot,daily,2021-02-18,0.03050019635343515
start_2020_no_dot,daily,2021-02-19,0.04226470097633003
start_2020_no_dot,daily,2021-02-20,0.03271680718895216
start_2020_no_dot,daily,2021-02-21,0.0439017605167108
start_2020_no_dot,daily,2021-02-22,0.016645759793048442
start_2020_no_dot,daily,2021-02-23,0.03578000639530142
start_2020_no_dot,daily,2021-02-24,0.03277849161480534
start_2020_no_dot,daily,2021-02-25,0.03690410055768906
start_2020_no_dot,daily,2021-02-26,0.03159093026963242
start_2020_no_dot,daily,2021-02-27,0.03619037549599445
start_2020_no_dot,daily,2021-02-28,0.024478487074263255
start_2020_no_dot,daily,2021-03-01,0.017824156243883657
start_2020_no_dot,daily,2021-03-02,0.02423788968034679
start_2020_no_dot,daily,2021-03-03,0.02252880195569895
start_2020_no_dot,daily,2021-03-04,0.018955442959809776
start_2020_no_dot,daily,2021-03-05,0.03276839734612824
start_2020_no_dot,daily,2021-03-06,0.016092170226997313
start_2020_no_dot,daily,2021-03-07,0.01694211550285077
start_2020_no_dot,daily,2021-03-08,0.011647353731658011
start_2020_no_dot,daily,2021-03-09,0.04144729705611874
start_2020_no_dot,daily,2021-03-10,0.026541876345197696
start_2020_no_dot,daily,2021-03-11,0.01830709863301816
start_2020_no_dot,daily,2021-03-12,0.011078054687464131
start_2020_no_dot,daily,2021-03-13,0.026125492645825296
start_2020_no_dot,daily,2021-03-14,0.029723748692516802
start_2020_no_dot,daily,2021-03-15,0.013160874211786633
start_2020_no_dot,daily,2021-03-16,0.018259316016741883
start_2020_no_dot,daily,2021-03-17,0.03250582738209633
start_2020_no_dot,daily,2021-03-18,0.028539482592635362
start_2020_no_dot,daily,2021-03-19,0.017656251552367497
start_2020_no_dot,daily,2021-03-20,0.019190141946329176
start_2020_no_dot,daily,2021-03-21,0.029971155108503955
start_2020_no_dot,daily,2021-03-22,0.010479486112625433
start_2020_no_dot,daily,2021-03-23,0.025038571740472304
start_2020_no_dot,daily,2021-03-24,0.01378603239608886
start_2020_no_dot,daily,2021-03-25,0.02069375878790837
start_2020_no_dot,daily,2021-03-26,0.01898039758303681
start_2020_no_dot,daily,2021-03-27,0.022037143175384313
start_2020_no_dot,daily,2021-03-28,0.013056302138355402
start_2020_no_dot,daily,2021-03-29,0.009731843400974771
start_2020_no_dot,daily,2021-03-30,0.016772966476793716
start_2020_no_dot,daily,2021-03-31,0.009928436954824649
start_2020_no_dot,daily,2021-04-01,0.06348148602846582
start_2020_no_dot,daily,2021-04-02,0.03035435307241087
start_2020_no_dot,daily,2021-04-03,0.031410055162068976
start_2020_no_dot,daily,2021-04-04,0.03897997686124434
start_2020_no_dot,daily,2021-04-05,0.04045592388309738
start_2020_no_dot,daily,2021-04-06,0.07870722381550141
start_2020_no_dot,daily,2021-04-07,0.051975915097417516
start_2020_no_dot,daily,2021-04-08,0.041702480952376414
start_2020_no_dot,daily,2021-04-09,0.026377033312763323
start_2020_no_dot,daily,2021-04-10,0.015286778705876775
start_2020_no_dot,daily,2021-04-11,0.0634592047206976
start_2020_no_dot,daily,2021-04-12,0.036273036829225086
start_2020_no_dot,daily,2021-04-13,0.03368453835055872
start_2020_no_dot,daily,2021-04-14,0.049912486186364596
start_2020_no_dot,daily,2021-04-15,0.0644188165716311
start_2020_no_dot,daily,2021-04-16,0.11059720567291753
start_2020_no_dot,daily,2021-04-17,0.20059932838270877
start_2020_no_dot,daily,2021-04-18,0.04293920728326721
start_2020_no_dot,daily,2021-04-19,0.04428725463201702
start_2020_no_dot,daily,2021-04-20,0.06148692520220554
start_2020_no_dot,daily,2021-04-21,0.04874168961017006
start_2020_no_dot,daily,2021-04-22,0.020617579981636214
start_2020_no_dot,daily,2021-04-23,0.04605933321614909
start_2020_no_dot,daily,2021-04-24,0.014923488341211738
start_2020_no_dot,daily,2021-04-25,0.036310044902828395
start_2020_no_dot,daily,2021-04-26,0.016593488331109296
start_2020_no_dot,daily,2021-04-27,0.03703510222169619
start_2020_no_dot,daily,2021-04-28,0.015342144308281708
start_2020_no_dot,daily,2021-04-29,0.0381436733575579
start_2020_no_dot,daily,2021-04-30,0.015476442659721437
start_2020_no_dot,daily,2021-05-01,0.02877222345620095
start_2020_no_dot,daily,2021-05-02,0.05305963793391871
start_2020_no_dot,daily,2021-05-03,0.01929740157438839
start_2020_no_dot,daily,2021-05-04,0.054235356394288975
start_2020_no_dot,daily,2021-05-05,0.11288595167756732
start_2020_no_dot,daily,2021-05-06,0.07635584448046258
start_2020_no_dot,daily,2021-05-07,0.08485931606764778
start_2020_no_dot,daily,2021-05-08,0.04938391512936037
start_2020_no_dot,daily,2021-05-09,0.03899535881955436
start_2020_no_dot,daily,2021-05-10,0.04770313494744316
start_2020_no_dot,daily,2021-05-11,0.049662442141938476
start_2020_no_dot,daily,2021-05-12,0.02779768443406816
start_2020_no_dot,daily,2021-05-13,0.049501742112471936
start_2020_no_dot,daily,2021-05-14,0.062263739089585254
start_2020_no_dot,daily,2021-05-15,0.042306077251346524
start_2020_no_dot,daily,2021-05-16,0.05914201898071983
start_2020_no_dot,daily,2021-05-17,0.022216734694402634
start_2020_no_dot,daily,2021-05-18,0.029724754368359224
start_2020_no_dot,daily,2021-05-19,0.03380122587748448
start_2020_no_dot,daily,2021-05-20,0.06209326718477315
start_2020_no_dot,daily,2021-05-21,0.03358647920725577
start_2020_no_dot,daily,2021-05-22,0.022764006183976587
start_2020_no_dot,daily,2021-05-23,0.023506528192595397
start_2020_no_dot,daily,2021-05-24,0.029875013234618067
start_2020_no_dot,daily,2021-05-25,0.05342873089735595
start_2020_no_dot,daily,2021-05-26,0.026662603503029764
start_2020_no_dot,daily,2021-05-27,0.040034942504163604
start_2020_no_dot,daily,2021-05-28,0.016028639482407528
start_2020_no_dot,daily,2021-05-29,0.014946959893131426
start_2020_no_dot,daily,2021-05-30,0.017237645108072366
start_2020_no_dot,daily,2021-05-31,0.023137265667367485
start_2020_no_dot,daily,2021-06-01,0.03328377338539819
start_2020_no_dot,daily,2021-06-02,0.03285539208719147
start_2020_no_dot,daily,2021-06-03,0.021123458623084818
start_2020_no_dot,daily,2021-06-04,0.01992460168672079
start_2020_no_dot,daily,2021-06-05,0.011251547227710462
start_2020_no_dot,daily,2021-06-06,0.00991824942900102
start_2020_no_dot,daily,2021-06-07,0.006525934441324557
start_2020_no_dot,daily,2021-06-08,0.016689515146903255
start_2020_no_dot,daily,2021-06-09,0.012252834974063681
start_2020_no_dot,daily,2021-06-10,0.018363522353121733
start_2020_no_dot,daily,2021-06-11,0.016262512825682418
start_2020_no_dot,daily,2021-06-12,0.02035179446449971
start_2020_no_dot,daily,2021-06-13,0.01974163222318899
start_2020_no_dot,daily,2021-06-14,0.010656740026648182
start_2020_no_dot,daily,2021-06-15,0.006204360920795016
start_2020_no_dot,daily,2021-06-16,0.020206202725097044
start_2020_no_dot,daily,2021-06-17,0.013724143351832044
start_2020_no_dot,daily,2021-06-18,0.012471122566807602
start_2020_no_dot,daily,2021-06-19,0.008470497923705689
start_2020_no_dot,daily,2021-06-20,0.008183399641167502
start_2020_no_dot,daily,2021-06-21,0.017649300711957902
start_2020_no_dot,daily,2021-06-22,0.04588629378400334
start_2020_no_dot,daily,2021-06-23,0.0343335175230413
start_2020_no_dot,daily,2021-06-24,0.03004074329822433
start_2020_no_dot,daily,2021-06-25,0.03589206860075268
start_2020_no_dot,daily,2021-06-26,0.011633157578267841
start_2020_no_dot,daily,2021-06-27,0.008488790279161579
start_2020_no_dot,daily,2021-06-28,0.01679167142100435
start_2020_no_dot,daily,2021-06-29,0.020634545762015247
start_2020_no_dot,daily,2021-06-30,0.04289595131290351
start_2020_no_dot,daily,2021-07-01,0.013449419333514068
start_2020_no_dot,daily,2021-07-02,0.012040193568054955
start_2020_no_dot,daily,2021-07-03,0.013298710944884912
start_2020_no_dot,daily,2021-07-04,0.011608958973775105
start_2020_no_dot,daily,2021-07-05,0.015398123572042913
start_2020_no_dot,daily,2021-07-06,0.006224616604894054
start_2020_no_dot,daily,2021-07-07,0.01796091513699613
start_2020_no_dot,daily,2021-07-08,0.009297409042914415
start_2020_no_dot,daily,2021-07-09,0.014131173342827263
start_2020_no_dot,daily,2021-07-10,0.009396688208108517
start_2020_no_dot,daily,2021-07-11,0.006127493236975409
start_2020_no_dot,daily,2021-07-12,0.004460166594215095
start_2020_no_dot,daily,2021-07-13,0.010353889187083659
start_2020_no_dot,daily,2021-07-14,0.011528725609149582
start_2020_no_dot,daily,2021-07-15,0.00905722953965224
start_2020_no_dot,daily,2021-07-16,0.01472471266531375
start_2020_no_dot,daily,2021-07-17,0.01327125915469654
start_2020_no_dot,daily,2021-07-18,0.014149203865609278
start_2020_no_dot,daily,2021-07-19,0.008125239488269154
start_2020_no_dot,daily,2021-07-20,0.012718865145179475
start_2020_no_dot,daily,2021-07-21,0.01697495977931708
start_2020_no_dot,daily,2021-07-22,0.014160406678318319
start_2020_no_dot,daily,2021-07-23,0.025127619459397302
start_2020_no_dot,daily,2021-07-24,0.009521796402872595
start_2020_no_dot,daily,2021-07-25,0.013729725275547416
start_2020_no_dot,daily,2021-07-26,0.010921340744946065
start_2020_no_dot,daily,2021-07-27,0.01812705620127908
start_2020_no_dot,daily,2021-07-28,0.014551232586064972
start_2020_no_dot,daily,2021-07-29,0.023858353979978514
start_2020_no_dot,daily,2021-07-30,0.01388270300421482
start_2020_no_dot,daily,2021-07-31,0.02269252435245335
start_2020_no_dot,daily,2021-08-01,0.011880422768652268
start_2020_no_dot,daily,2021-08-02,0.012074934758069117
start_2020_no_dot,daily,2021-08-03,0.016724143897591984
start_2020_no_dot,daily,2021-08-04,0.02031556355936945
start_2020_no_dot,daily,2021-08-05,0.01647976907861992
start_2020_no_dot,daily,2021-08-06,0.01321984498359298
start_2020_no_dot,daily,2021-08-07,0.009066454809358554
start_2020_no_dot,daily,2021-08-08,0.04285063702684358
start_2020_no_dot,daily,2021-08-09,0.013090135245591702
start_2020_no_dot,daily,2021-08-10,0.014867638705452157
start_2020_no_dot,daily,2021-08-11,0.02776006228181388
start_2020_no_dot,daily,2021-08-12,0.03823014228516049
start_2020_no_dot,daily,2021-08-13,0.016732354457208082
start_2020_no_dot,daily,2021-08-14,0.021063395062007162
start_2020_no_dot,daily,2021-08-15,0.0394807715928622
start_2020_no_dot,daily,2021-08-16,0.038511728352765645
start_2020_no_dot,daily,2021-08-17,0.017116488926960008
start_2020_no_dot,daily,2021-08-18,0.016091557815763657
start_2020_no_dot,daily,2021-08-19,0.021850352856643843
start_2020_no_dot,daily,2021-08-20,0.01960027705147907
start_2020_no_dot,daily,2021-08-21,0.012389827890762609
start_2020_no_dot,daily,2021-08-22,0.008342339250188638
start_2020_no_dot,daily,2021-08-23,0.02137503990522581
start_2020_no_dot,daily,2021-08-24,0.011366811274687624
start_2020_no_dot,daily,2021-08-25,0.01612619244456545
start_2020_no_dot,daily,2021-08-26,0.007060036927152541
start_2020_no_dot,daily,2021-08-27,0.013361941735858904
start_2020_no_dot,daily,2021-08-28,0.02352760716930559
start_2020_no_dot,daily,2021-08-29,0.014364228637488027
start_2020_no_dot,daily,2021-08-30,0.007235219669851675
start_2020_no_dot,daily,2021-08-31,0.008418292768715682
start_2020_no_dot,daily,2021-09-01,0.019024817270986802
start_2020_no_dot,daily,2021-09-02,0.02302007648553911
start_2020_no_dot,daily,2021-09-03,0.012582198892579638
start_2020_no_dot,daily,2021-09-04,0.02775289417994037
start_2020_no_dot,daily,2021-09-05,0.013718083904745965
start_2020_no_dot,daily,2021-09-06,0.024221481832233646
start_2020_no_dot,daily,2021-09-07,0.030323574443697376
start_2020_no_dot,daily,2021-09-08,0.036630181112128485
start_2020_no_dot,daily,2021-09-09,0.023166666454949816
start_2020_no_dot,daily,2021-09-10,0.010575591730573902
start_2020_no_dot,daily,2021-09-11,0.010393698258367737
start_2020_no_dot,daily,2021-09-12,0.017395699915607937
start_2020_no_dot,daily,2021-09-13,0.03173278277012204
start_2020_no_dot,daily,2021-09-14,0.01616390109985942
start_2020_no_dot,daily,2021-09-15,0.030199284343331856
start_2020_no_dot,daily,2021-09-16,0.009813866108029812
start_2020_no_dot,daily,2021-09-17,0.0079873313020008
start_2020_no_dot,daily,2021-09-18,0.019346865006327582
start_2020_no_dot,daily,2021-09-19,0.004582913924158313
start_2020_no_dot,daily,2021-09-20,0.004869532423454531
start_2020_no_dot,daily,2021-09-21,0.01126226786384689
start_2020_no_dot,daily,2021-09-22,0.014087699275766044
start_2020_no_dot,daily,2021-09-23,0.017542559660124094
start_2020_no_dot,daily,2021-09-24,0.01313998869092882
start_2020_no_dot,daily,2021-09-25,0.013182587806082169
start_2020_no_dot,daily,2021-09-26,0.01225472063323936
start_2020_no_dot,daily,2021-09-27,0.017187012407201496
start_2020_no_dot,daily,2021-09-28,0.009213574812912531
start_2020_no_dot,daily,2021-09-29,0.00787911266129225
start_2020_no_dot,daily,2021-09-30,0.011371839260830782
start_2020_no_dot,daily,2021-10-01,0.010152788156288922
start_2020_no_dot,daily,2021-10-02,0.0109389707139812
start_2020_no_dot,daily,2021-10-03,0.018192592905857327
start_2020_no_dot,daily,2021-10-04,0.007346870270910674
start_2020_no_dot,daily,2021-10-05,0.0222102466660552
start_2020_no_dot,daily,2021-10-06,0.010009065046184429
start_2020_no_dot,daily,2021-10-07,0.028764274204172047
start_2020_no_dot,daily,2021-10-08,0.014551309224688669
start_2020_no_dot,daily,2021-10-09,0.011122182979747694
start_2020_no_dot,daily,2021-10-10,0.01799438717382089
start_2020_no_dot,daily,2021-10-11,0.016449813552679535
start_2020_no_dot,daily,2021-10-12,0.017797548618306278
start_2020_no_dot,daily,2021-10-13,0.004814449301147897
start_2020_no_dot,daily,2021-10-14,0.01368151028619033
start_2020_no_dot,daily,2021-10-15,0.014614831414229978
start_2020_no_dot,daily,2021-10-16,0.019039439387788112
start_2020_no_dot,daily,2021-10-17,0.018656805847981336
start_2020_no_dot,daily,2021-10-18,0.013502504677428626
start_2020_no_dot,daily,2021-10-19,0.01337387056441526
start_2020_no_dot,daily,2021-10-20,0.0127446287538176
start_2020_no_dot,daily,2021-10-21,0.014210152514003371
start_2020_no_dot,daily,2021-10-22,0.01911741378094188
start_2020_no_dot,daily,2021-10-23,0.012670904575923195
start_2020_no_dot,daily,2021-10-24,0.01797850683971962
start_2020_no_dot,daily,2021-10-25,0.020495147380789766
start_2020_no_dot,daily,2021-10-26,0.020947614276116147
start_2020_no_dot,daily,2021-10-27,0.016858514429189564
start_2020_no_dot,daily,2021-10-28,0.023375325969640856
start_2020_no_dot,daily,2021-10-29,0.034967472071841574
start_2020_no_dot,daily,2021-10-30,0.013777699353772072
start_2020_no_dot,daily,2021-10-31,0.016308848024559952
start_2020_no_dot,daily,2021-11-01,0.015240604765596105
start_2020_no_dot,daily,2021-11-02,0.017644580350093586
start_2020_no_dot,daily,2021-11-03,0.015849185919022735
start_2020_no_dot,daily,2021-11-04,0.020038719363759172
start_2020_no_dot,daily,2021-11-05,0.007459502267861393
start_2020_no_dot,daily,2021-11-06,0.015277990199497188
start_2020_no_dot,daily,2021-11-07,0.008693409158460536
start_2020_no_dot,daily,2021-11-08,0.00789380555918133
start_2020_no_dot,daily,2021-11-09,0.014378517169504612
start_2020_no_dot,daily,2021-11-10,0.052677717409940025
start_2020_no_dot,daily,2021-11-11,0.026793350596185275
start_2020_no_dot,daily,2021-11-12,0.008638538631853404
start_2020_no_dot,daily,2021-11-13,0.008247410875729541
start_2020_no_dot,daily,2021-11-14,0.010869688290418747
start_2020_no_dot,daily,2021-11-15,0.018677179077342787
start_2020_no_dot,daily,2021-11-16,0.018315759731583725
start_2020_no_dot,daily,2021-11-17,0.01784646911104916
start_2020_no_dot,daily,2021-11-18,0.005756095824315036
start_2020_no_dot,daily,2021-11-19,0.017598624881942623
start_2020_no_dot,daily,2021-11-20,0.013840238753168616
start_2020_no_dot,daily,2021-11-21,0.013015346159195987
start_2020_no_dot,daily,2021-11-22,0.015317651396996534
start_2020_no_dot,daily,2021-11-23,0.012160617754793976
start_2020_no_dot,daily,2021-11-24,0.013263316859328342
start_2020_no_dot,daily,2021-11-25,0.0034398146428192417
start_2020_no_dot,daily,2021-11-26,0.022974223098912838
start_2020_no_dot,daily,2021-11-27,0.02075814685799776
start_2020_no_dot,daily,2021-11-28,0.005813566379401031
start_2020_no_dot,daily,2021-11-29,0.011839454216949596
start_2020_no_dot,daily,2021-11-30,0.009125479635704231
start_2020_no_dot,daily,2021-12-01,0.013873256753470453
start_2020_no_dot,daily,2021-12-02,0.00832685455497735
start_2020_no_dot,daily,2021-12-03,0.026274136639265575
start_2020_no_dot,daily,2021-12-04,0.013141267182667449
start_2020_no_dot,daily,2021-12-05,0.02534564562782854
start_2020_no_dot,daily,2021-12-06,0.01751570441166868
start_2020_no_dot,daily,2021-12-07,0.008523758973208978
start_2020_no_dot,daily,2021-12-08,0.018006837112251498
start_2020_no_dot,daily,2021-12-09,0.019905851742200775
start_2020_no_dot,daily,2021-12-10,0.02375614891506865
start_2020_no_dot,daily,2021-12-11,0.021938068054907722
start_2020_no_dot,daily,2021-12-12,0.015611729001706154
start_2020_no_dot,daily,2021-12-13,0.007050047051542066
start_2020_no_dot,daily,2021-12-14,0.014086500651060568
start_2020_no_dot,daily,2021-12-15,0.024584058920491314
start_2020_no_dot,daily,2021-12-16,0.018885577204226817
start_2020_no_dot,daily,2021-12-17,0.013468726722307922
start_2020_no_dot,daily,2021-12-18,0.010393652903510908
start_2020_no_dot,daily,2021-12-19,0.011079208483378303
start_2020_no_dot,daily,2021-12-20,0.010365440594893555
start_2020_no_dot,daily,2021-12-21,0.013500218547403381
start_2020_no_dot,daily,2021-12-22,0.012529991820815753
start_2020_no_dot,daily,2021-12-23,0.009770745653807048
start_2020_no_dot,daily,2021-12-24,0.02070762122599322
start_2020_no_dot,daily,2021-12-25,0.02033372560937327
start_2020_no_dot,daily,2021-12-26,0.013768310661885691
start_2020_no_dot,daily,2021-12-27,0.00910692747606763
start_2020_no_dot,daily,2021-12-28,0.014043805250748012
start_2020_no_dot,daily,2021-12-29,0.013179449923301167
start_2020_no_dot,daily,2021-12-30,0.011744562772028927
start_2020_no_dot,daily,2021-12-31,0.005519144841372212
start_2020_no_dot,daily,2022-01-01,0.00884018299960515
start_2020_no_dot,daily,2022-01-02,0.009170199617712413
start_2020_no_dot,daily,2022-01-03,0.01411963979948938
start_2020_no_dot,daily,2022-01-04,0.018771938110207942
start_2020_no_dot,daily,2022-01-05,0.006800087271955399
start_2020_no_dot,daily,2022-01-06,0.024813439292343864
start_2020_no_dot,daily,2022-01-07,0.01116625368829803
start_2020_no_dot,daily,2022-01-08,0.013569571119202178
start_2020_no_dot,daily,2022-01-09,0.00962700199799163
start_2020_no_dot,daily,2022-01-10,0.014508604283239107
start_2020_no_dot,daily,2022-01-11,0.014536063894795767
start_2020_no_dot,daily,2022-01-12,0.01920516746663882
start_2020_no_dot,daily,2022-01-13,0.018348322986712837
start_2020_no_dot,daily,2022-01-14,0.02062248619443728
start_2020_no_dot,daily,2022-01-15,0.02014783545021573
start_2020_no_dot,daily,2022-01-16,0.011029958555255612
start_2020_no_dot,daily,2022-01-17,0.019905153652388097
start_2020_no_dot,daily,2022-01-18,0.03661086446675858
start_2020_no_dot,daily,2022-01-19,0.026949753656451927
start_2020_no_dot,daily,2022-01-20,0.017659912897028354
start_2020_no_dot,daily,2022-01-21,0.016284114035170494
start_2020_no_dot,daily,2022-01-22,0.014973826583725161
start_2020_no_dot,daily,2022-01-23,0.011233900874789385
start_2020_no_dot,daily,2022-01-24,0.010266235488391465
start_2020_no_dot,daily,2022-01-25,0.0139207872444988
start_2020_no_dot,daily,2022-01-26,0.011504381467580774
start_2020_no_dot,daily,2022-01-27,0.009342140433329885
start_2020_no_dot,daily,2022-01-28,0.01033778945512516
start_2020_no_dot,daily,2022-01-29,0.013243270753291153
start_2020_no_dot,daily,2022-01-30,0.008062017280307823
start_2020_no_dot,daily,2022-01-31,0.0217957204359433
start_2020_no_dot,daily,2022-02-01,0.013875986235266466
start_2020_no_dot,daily,2022-02-02,0.016124740642215016
start_2020_no_dot,daily,2022-02-03,0.012074491376710628
start_2020_no_dot,daily,2022-02-04,0.011664183773928902
start_2020_no_dot,daily,2022-02-05,0.012842824859226082
start_2020_no_dot,daily,2022-02-06,0.012108817200688848
start_2020_no_dot,daily,2022-02-07,0.011024889976811655
start_2020_no_dot,daily,2022-02-08,0.029840332061170483
start_2020_no_dot,daily,2022-02-09,0.0186797780172617
start_2020_no_dot,daily,2022-02-10,0.017776362028847165
start_2020_no_dot,daily,2022-02-11,0.017795034192411865
start_2020_no_dot,daily,2022-02-12,0.013382161356813943
start_2020_no_dot,daily,2022-02-13,0.020257951092434445
start_2020_no_dot,daily,2022-02-14,0.01694922161434073
start_2020_no_dot,daily,2022-02-15,0.012570971441784928
start_2020_no_dot,daily,2022-02-16,0.013042199740793084
start_2020_no_dot,daily,2022-02-17,0.006677304026858455
start_2020_no_dot,daily,2022-02-18,0.010427390175760567
start_2020_no_dot,daily,2022-02-19,0.011692731649087976
start_2020_no_dot,daily,2022-02-20,0.011365023420709747
start_2020_no_dot,daily,2022-02-21,0.010026555344808508
start_2020_no_dot,daily,2022-02-22,0.01992226877645839
start_2020_no_dot,daily,2022-02-23,0.008214725598749098
start_2020_no_dot,daily,2022-02-24,0.007994459529901729
start_2020_no_dot,daily,2022-02-25,0.014258855309778579
start_2020_no_dot,daily,2022-02-26,0.02272341669538204
start_2020_no_dot,daily,2022-02-27,0.012806702535318265
start_2020_no_dot,daily,2022-02-28,0.012432397700481573
start_2020_no_dot,daily,2022-03-01,0.014704907819247909
start_2020_no_dot,daily,2022-03-02,0.008945901104633086
start_2020_no_dot,daily,2022-03-03,0.008018373663885484
start_2020_no_dot,daily,2022-03-04,0.014136699639674677
start_2020_no_dot,daily,2022-03-05,0.015203197071762056
start_2020_no_dot,daily,2022-03-06,0.01072980850700582
start_2020_no_dot,daily,2022-03-07,0.00640566734265044
start_2020_no_dot,daily,2022-03-08,0.010753410028641358
start_2020_no_dot,daily,2022-03-09,0.010071990842612843
start_2020_no_dot,daily,2022-03-10,0.015619629031072585
start_2020_no_dot,daily,2022-03-11,0.010318540844556995
start_2020_no_dot,daily,2022-03-12,0.022323157918234887
start_2020_no_dot,daily,2022-03-13,0.007617165224514388
start_2020_no_dot,daily,2022-03-14,0.010376886892949466
start_2020_no_dot,daily,2022-03-15,0.010410969770950407
start_2020_no_dot,daily,2022-03-16,0.009544466160670353
start_2020_no_dot,daily,2022-03-17,0.011366239356735697
start_2020_no_dot,daily,2022-03-18,0.005801891423375435
start_2020_no_dot,daily,2022-03-19,0.009697953761358388
start_2020_no_dot,daily,2022-03-20,0.035467195796278106
start_2020_no_dot,daily,2022-03-21,0.02500188388216061
start_2020_no_dot,daily,2022-03-22,0.014420171218993444
start_2020_no_dot,daily,2022-03-23,0.03898281847188574
start_2020_no_dot,daily,2022-03-24,0.027632807524286054
start_2020_no_dot,daily,2022-03-25,0.012995994314627252
start_2020_no_dot,daily,2022-03-26,0.011946362222415297
start_2020_no_dot,daily,2022-03-27,0.013914471151575875
start_2020_no_dot,daily,2022-03-28,0.012554977214585275
start_2020_no_dot,daily,2022-03-29,0.010648195277543474
start_2020_no_dot,daily,2022-03-30,0.0083809022259448
start_2020_no_dot,daily,2022-03-31,0.010954549038851749
start_2020_no_dot,daily,2022-04-01,0.017741247901343446
start_2020_no_dot,daily,2022-04-02,0.010972173528327286
start_2020_no_dot,daily,2022-04-03,0.008879751478099926
start_2020_no_dot,daily,2022-04-04,0.010340323475132931
start_2020_no_dot,daily,2022-04-05,0.016727188743560842
start_2020_no_dot,daily,2022-04-06,0.03200127771398861
start_2020_no_dot,daily,2022-04-07,0.02509889688253142
start_2020_no_dot,daily,2022-04-08,0.020471199275696947
start_2020_no_dot,daily,2022-04-09,0.013503733314026531
start_2020_no_dot,daily,2022-04-10,0.005300254305741645
start_2020_no_dot,daily,2022-04-11,0.010165361436691903
start_2020_no_dot,daily,2022-04-12,0.012581376732327884
start_2020_no_dot,daily,2022-04-13,0.006332070627141501
start_2020_no_dot,daily,2022-04-14,0.019932163844551765
start_2020_no_dot,daily,2022-04-15,0.016204304200690703
start_2020_no_dot,daily,2022-04-16,0.016214631672141655
start_2020_no_dot,daily,2022-04-17,0.009254402871573739
start_2020_no_dot,daily,2022-04-18,0.008107567916958908
start_2020_no_dot,daily,2022-04-19,0.0065541486897484486
start_2020_no_dot,daily,2022-04-20,0.007136779751682157
start_2020_no_dot,daily,2022-04-21,0.0071896896233057395
start_2020_no_dot,daily,2022-04-22,0.029025590801742773
start_2020_no_dot,daily,2022-04-23,0.015016620302254091
start_2020_no_dot,daily,2022-04-24,0.009051606343653831
start_2020_no_dot,daily,2022-04-25,0.007686766818399082
start_2020_no_dot,daily,2022-04-26,0.030427170193395192
start_2020_no_dot,daily,2022-04-27,0.01667156616106996
start_2020_no_dot,daily,2022-04-28,0.005900593072415888
start_2020_no_dot,daily,2022-04-29,0.010353321280298852
start_2020_no_dot,daily,2022-04-30,0.013805158064027559
start_2020_no_dot,daily,2022-05-01,0.020840468700796394
start_2020_no_dot,daily,2022-05-02,0.01872536261476336
start_2020_no_dot,daily,2022-05-03,0.011047452153494411
start_2020_no_dot,daily,2022-05-04,0.012037994249334077
start_2020_no_dot,daily,2022-05-05,0.036145646894804234
start_2020_no_dot,daily,2022-05-06,0.020031030950187836
start_2020_no_dot,daily,2022-05-07,0.026728743935855045
start_2020_no_dot,daily,2022-05-08,0.009711816254370453
start_2020_no_dot,daily,2022-05-09,0.016700930498288136
start_2020_no_dot,daily,2022-05-10,0.02639817393189367
start_2020_no_dot,daily,2022-05-11,0.0055579906947041124
start_2020_no_dot,daily,2022-05-12,0.051346737134183085
start_2020_no_dot,daily,2022-05-13,0.02443977048354387
start_2020_no_dot,daily,2022-05-14,0.025968048309605793
start_2020_no_dot,daily,2022-05-15,0.012269177041751761
start_2020_no_dot,daily,2022-05-16,0.018586007381091424
start_2020_no_dot,daily,2022-05-17,0.007769125286404027
start_2020_no_dot,daily,2022-05-18,0.010044634910759978
start_2020_no_dot,daily,2022-05-19,0.021810909361968736
start_2020_no_dot,daily,2022-05-20,0.012706616460305492
start_2020_no_dot,daily,2022-05-21,0.00614333515716059
start_2020_no_dot,daily,2022-05-22,0.008893054906815245
start_2020_no_dot,daily,2022-05-23,0.007586284700065948
start_2020_no_dot,daily,2022-05-24,0.01395456855382353
start_2020_no_dot,daily,2022-05-25,0.01972237579218236
start_2020_no_dot,daily,2022-05-26,0.01480422517949384
start_2020_no_dot,daily,2022-05-27,0.01611346526004448
start_2020_no_dot,daily,2022-05-28,0.021216484024527665
start_2020_no_dot,daily,2022-05-29,0.00841550452899116
start_2020_no_dot,daily,2022-05-30,0.013924841590625
start_2020_no_dot,daily,2022-05-31,0.025641575002512032
start_2020_no_dot,daily,2022-06-01,0.027980638351007586
start_2020_no_dot,daily,2022-06-02,0.020848116501423264
start_2020_no_dot,daily,2022-06-03,0.012666013193211215
start_2020_no_dot,daily,2022-06-04,0.010982814778248348
start_2020_no_dot,daily,2022-06-05,0.01574175670363029
start_2020_no_dot,daily,2022-06-06,0.011811073810323633
start_2020_no_dot,daily,2022-06-07,0.014473299645437504
start_2020_no_dot,daily,2022-06-08,0.024267713352360346
start_2020_no_dot,daily,2022-06-09,0.013535675225115631
start_2020_no_dot,daily,2022-06-10,0.012122681366703539
start_2020_no_dot,daily,2022-06-11,0.022420832717265
start_2020_no_dot,daily,2022-06-12,0.02273348450789464
start_2020_no_dot,daily,2022-06-13,0.023932549744154125
start_2020_no_dot,daily,2022-06-14,0.03681218145007263
start_2020_no_dot,daily,2022-06-15,0.04280375272724214
start_2020_no_dot,daily,2022-06-16,0.03146234570088753
start_2020_no_dot,daily,2022-06-17,0.02176469997645443
start_2020_no_dot,daily,2022-06-18,0.01987446807615302
start_2020_no_dot,daily,2022-06-19,0.023925988064830428
start_2020_no_dot,daily,2022-06-20,0.036644567292313135
start_2020_no_dot,daily,2022-06-21,0.021411750160207577
start_2020_no_dot,daily,2022-06-22,0.023751327861047167
start_2020_no_dot,daily,2022-06-23,0.015277421321449547
start_2020_no_dot,daily,2022-06-24,0.014020697932112289
start_2020_no_dot,daily,2022-06-25,0.02477386333926347
start_2020_no_dot,daily,2022-06-26,0.012436421431990974
start_2020_no_dot,daily,2022-06-27,0.024477093535825986
start_2020_no_dot,daily,2022-06-28,0.00865188408772262
start_2020_no_dot,daily,2022-06-29,0.018394402902015716
start_2020_no_dot,daily,2022-06-30,0.01907259650144126
start_2020_no_dot,daily,2022-07-01,0.015401785754849046
start_2020_no_dot,daily,2022-07-02,0.013479685802311556
start_2020_no_dot,daily,2022-07-03,0.01261021119743222
start_2020_no_dot,daily,2022-07-04,0.006949827480879828
start_2020_no_dot,daily,2022-07-05,0.011177333536894762
start_2020_no_dot,daily,2022-07-06,0.013701183382964055
start_2020_no_dot,daily,2022-07-07,0.008885475800683981
start_2020_no_dot,daily,2022-07-08,0.00880836175455428
start_2020_no_dot,daily,2022-07-09,0.01050933592478849
start_2020_no_dot,daily,2022-07-10,0.012203792346277872
start_2020_no_dot,daily,2022-07-11,0.0067036668406282585
start_2020_no_dot,daily,2022-07-12,0.014041077343975264
start_2020_no_dot,daily,2022-07-13,0.012280752534423192
start_2020_no_dot,daily,2022-07-14,0.008473030100857218
start_2020_no_dot,daily,2022-07-15,0.01244677775354193
start_2020_no_dot,daily,2022-07-16,0.008830169643280969
start_2020_no_dot,daily,2022-07-17,0.027263264053626543
start_2020_no_dot,daily,2022-07-18,0.026336380467345877
start_2020_no_dot,daily,2022-07-19,0.047902928410448825
start_2020_no_dot,daily,2022-07-20,0.019891493751295425
start_2020_no_dot,daily,2022-07-21,0.023660850791872787
start_2020_no_dot,daily,2022-07-22,0.019599196647103592
start_2020_no_dot,daily,2022-07-23,0.009572930988034592
start_2020_no_dot,daily,2022-07-24,0.013632817212735612
start_2020_no_dot,daily,2022-07-25,0.02030195701183471
start_2020_no_dot,daily,2022-07-26,0.015379013421651405
start_2020_no_dot,daily,2022-07-27,0.016103685209147553
start_2020_no_dot,daily,2022-07-28,0.0395007249119667
start_2020_no_dot,daily,2022-07-29,0.05341828045552216
start_2020_no_dot,daily,2022-07-30,0.020449087225018245
start_2020_no_dot,daily,2022-07-31,0.018622701174925163
start_2020_no_dot,daily,2022-08-01,0.011590147134021164
start_2020_no_dot,daily,2022-08-02,0.011193505570586529
start_2020_no_dot,daily,2022-08-03,0.01555488431329799
start_2020_no_dot,daily,2022-08-04,0.006337215176755132
start_2020_no_dot,daily,2022-08-05,0.012607691256981218
start_2020_no_dot,daily,2022-08-06,0.019392282550954196
start_2020_no_dot,daily,2022-08-07,0.00993964054723799
start_2020_no_dot,daily,2022-08-08,0.013775886093147324
start_2020_no_dot,daily,2022-08-09,0.01188442968105101
start_2020_no_dot,daily,2022-08-10,0.017530895098314972
start_2020_no_dot,daily,2022-08-11,0.013259295274443847
start_2020_no_dot,daily,2022-08-12,0.016354815671385498
start_2020_no_dot,daily,2022-08-13,0.011011447301327582
start_2020_no_dot,daily,2022-08-14,0.009877954533376976
start_2020_no_dot,daily,2022-08-15,0.027591288204873124
start_2020_no_dot,daily,2022-08-16,0.014093397042555078
start_2020_no_dot,daily,2022-08-17,0.026346472319345726
start_2020_no_dot,daily,2022-08-18,0.01733950274185024
start_2020_no_dot,daily,2022-08-19,0.019056995266938048
start_2020_no_dot,daily,2022-08-20,0.023187583695553127
start_2020_no_dot,daily,2022-08-21,0.00975702318405873
start_2020_no_dot,daily,2022-08-22,0.008383793649386115
start_2020_no_dot,daily,2022-08-23,0.012154843671501686
start_2020_no_dot,daily,2022-08-24,0.01572972302115634
start_2020_no_dot,daily,2022-08-25,0.008853057977178475
start_2020_no_dot,daily,2022-08-26,0.009644093001398318
start_2020_no_dot,daily,2022-08-27,0.019541547810396118
start_2020_no_dot,daily,2022-08-28,0.014699195186358538
start_2020_no_dot,daily,2022-08-29,0.014402322062613826
start_2020_no_dot,daily,2022-08-30,0.01705752418341369
start_2020_no_dot,daily,2022-08-31,0.015051744825010191
start_2020_no_dot,daily,2022-09-01,0.009651039851710994
start_2020_no_dot,daily,2022-09-02,0.012920290151251082
start_2020_no_dot,daily,2022-09-03,0.011989440652344363
start_2020_no_dot,daily,2022-09-04,0.014764384572262479
start_2020_no_dot,daily,2022-09-05,0.011041810066561353
start_2020_no_dot,daily,2022-09-06,0.04138358249685008
start_2020_no_dot,daily,2022-09-07,0.029829318625233886
start_2020_no_dot,daily,2022-09-08,0.013426132895218656
start_2020_no_dot,daily,2022-09-09,0.016673380802659135
start_2020_no_dot,daily,2022-09-10,0.014668896766350692
start_2020_no_dot,daily,2022-09-11,0.009839498600066693
start_2020_no_dot,daily,2022-09-12,0.0077787618773020595
start_2020_no_dot,daily,2022-09-13,0.012821020840165148
start_2020_no_dot,daily,2022-09-14,0.014199068825471728
start_2020_no_dot,daily,2022-09-15,0.01712465745410685
start_2020_no_dot,daily,2022-09-16,0.026908824739157705
start_2020_no_dot,daily,2022-09-17,0.02496353518849795
start_2020_no_dot,daily,2022-09-18,0.014086634514387825
start_2020_no_dot,daily,2022-09-19,0.025039529962383164
start_2020_no_dot,daily,2022-09-20,0.020686306480171487
start_2020_no_dot,daily,2022-09-21,0.029041152996761646
start_2020_no_dot,daily,2022-09-22,0.015198379981141819
start_2020_no_dot,daily,2022-09-23,0.033780023139709625
start_2020_no_dot,daily,2022-09-24,0.019648881387366007
start_2020_no_dot,daily,2022-09-25,0.01368237120811612
start_2020_no_dot,daily,2022-09-26,0.013096350488090505
start_2020_no_dot,daily,2022-09-27,0.01714728325280819
start_2020_no_dot,daily,2022-09-28,0.009921242387864238
start_2020_no_dot,daily,2022-09-29,0.01158915704847717
start_2020_no_dot,daily,2022-09-30,0.018821023291111433
start_2020_no_dot,daily,2022-10-01,0.01072623676669554
start_2020_no_dot,daily,2022-10-02,0.012189781712326209
start_2020_no_dot,daily,2022-10-03,0.00887455484551583
start_2020_no_dot,daily,2022-10-04,0.010958441834482663
start_2020_no_dot,daily,2022-10-05,0.015549391958986067
start_2020_no_dot,daily,2022-10-06,0.010431917433569249
start_2020_no_dot,daily,2022-10-07,0.01253304615784577
start_2020_no_dot,daily,2022-10-08,0.014755623652005903
start_2020_no_dot,daily,2022-10-09,0.009076342403578935
start_2020_no_dot,daily,2022-10-10,0.009517877717487619
start_2020_no_dot,daily,2022-10-11,0.021343572803314434
start_2020_no_dot,daily,2022-10-12,0.013778594148269097
start_2020_no_dot,daily,2022-10-13,0.006003369621032845
start_2020_no_dot,daily,2022-10-14,0.010414463692066403
start_2020_no_dot,daily,2022-10-15,0.01577724882597603
start_2020_no_dot,daily,2022-10-16,0.00847155166464722
start_2020_no_dot,daily,2022-10-17,0.009418290774432125
start_2020_no_dot,daily,2022-10-18,0.006930475017859969
start_2020_no_dot,daily,2022-10-19,0.007880527880330238
start_2020_no_dot,daily,2022-10-20,0.011264979151603002
start_2020_no_dot,daily,2022-10-21,0.010472895267277502
start_2020_no_dot,daily,2022-10-22,0.00920187925004673
start_2020_no_dot,daily,2022-10-23,0.008411707309800023
start_2020_no_dot,daily,2022-10-24,0.01018344696002696
start_2020_no_dot,daily,2022-10-25,0.007769794326107582
start_2020_no_dot,daily,2022-10-26,0.02761824060029186
start_2020_no_dot,daily,2022-10-27,0.028251751892423307
start_2020_no_dot,daily,2022-10-28,0.01602869612703707
start_2020_no_dot,daily,2022-10-29,0.013509123220648206
start_2020_no_dot,daily,2022-10-30,0.06755617952259445
start_2020_no_dot,daily,2022-10-31,0.011435998207774647
start_2020_no_dot,daily,2022-11-01,0.015592062209443883
start_2020_no_dot,daily,2022-11-02,0.021161822784623294
start_2020_no_dot,daily,2022-11-03,0.027486445880841037
start_2020_no_dot,daily,2022-11-04,0.014481085951624062
start_2020_no_dot,daily,2022-11-05,0.020983009001137254
start_2020_no_dot,daily,2022-11-06,0.01407872281124295
start_2020_no_dot,daily,2022-11-07,0.01809977835803872
start_2020_no_dot,daily,2022-11-08,0.018050017852249217
start_2020_no_dot,daily,2022-11-09,0.032914091625946926
start_2020_no_dot,daily,2022-11-10,0.026562469969360958
start_2020_no_dot,daily,2022-11-11,0.025024692949725508
start_2020_no_dot,daily,2022-11-12,0.014237663370208264
start_2020_no_dot,daily,2022-11-13,0.026537844783661224
start_2020_no_dot,daily,2022-11-14,0.01282216745247336
start_2020_no_dot,daily,2022-11-15,0.02117420372562602
start_2020_no_dot,daily,2022-11-16,0.006574045921324115
start_2020_no_dot,daily,2022-11-17,0.011023703429876436
start_2020_no_dot,daily,2022-11-18,0.01787130228586109
start_2020_no_dot,daily,2022-11-19,0.005712848176615576
start_2020_no_dot,daily,2022-11-20,0.007595578060376862
start_2020_no_dot,daily,2022-11-21,0.019514323857516475
start_2020_no_dot,daily,2022-11-22,0.01669263211855647
start_2020_no_dot,daily,2022-11-23,0.02897741330008094
start_2020_no_dot,daily,2022-11-24,0.024492477249155487
start_2020_no_dot,daily,2022-11-25,0.013466310881244573
start_2020_no_dot,daily,2022-11-26,0.020543699324617817
start_2020_no_dot,daily,2022-11-27,0.014822177674462755
start_2020_no_dot,daily,2022-11-28,0.02231444014221938
start_2020_no_dot,daily,2022-11-29,0.012919933763356345
start_2020_no_dot,daily,2022-11-30,0.012787083504492328
start_2020_no_dot,daily,2022-12-01,0.012170923627279354
start_2020_no_dot,daily,2022-12-02,0.0104206925284695
start_2020_no_dot,daily,2022-12-03,0.004764349621440858
start_2020_no_dot,daily,2022-12-04,0.010135131399210962
start_2020_no_dot,daily,2022-12-05,0.009944715332572768
start_2020_no_dot,daily,2022-12-06,0.01092457425888714
start_2020_no_dot,daily,2022-12-07,0.008857030093915766
start_2020_no_dot,daily,2022-12-08,0.009324366383091268
start_2020_no_dot,daily,2022-12-09,0.005368262223101078
start_2020_no_dot,daily,2022-12-10,0.0074284727814850765
start_2020_no_dot,daily,2022-12-11,0.002308454271878882
start_2020_no_dot,daily,2022-12-12,0.008320700702337674
start_2020_no_dot,daily,2022-12-13,0.008945394319912855
start_2020_no_dot,daily,2022-12-14,0.0109879715731485
start_2020_no_dot,daily,2022-12-15,0.011192151384456353
start_2020_no_dot,daily,2022-12-16,0.011047341646090877
start_2020_no_dot,daily,2022-12-17,0.021449556726788777
start_2020_no_dot,daily,2022-12-18,0.011183261785377471
start_2020_no_dot,daily,2022-12-19,0.0059760290128759025
start_2020_no_dot,daily,2022-12-20,0.017726726910950535
start_2020_no_dot,daily,2022-12-21,0.007081001609254012
start_2020_no_dot,daily,2022-12-22,0.009413069315180489
start_2020_no_dot,daily,2022-12-23,0.007575661647886062
start_2020_no_dot,daily,2022-12-24,0.00770075390928443
start_2020_no_dot,daily,2022-12-25,0.004383112166419678
start_2020_no_dot,daily,2022-12-26,0.011966626434756655
start_2020_no_dot,daily,2022-12-27,0.012158510626949184
start_2020_no_dot,daily,2022-12-28,0.007625867038579412
start_2020_no_dot,daily,2022-12-29,0.01235832005180626
start_2020_no_dot,daily,2022-12-30,0.014033935931612063
start_2020_no_dot,daily,2022-12-31,0.01312087111413096
start_2020_no_dot,daily,2023-01-01,0.011561630971374345
start_2020_no_dot,daily,2023-01-02,0.005344819502951764
start_2020_no_dot,daily,2023-01-03,0.009582679411468564
start_2020_no_dot,daily,2023-01-04,0.006469915537153967
start_2020_no_dot,daily,2023-01-05,0.033848726102452195
start_2020_no_dot,daily,2023-01-06,0.012126797987963053
start_2020_no_dot,daily,2023-01-07,0.020661980158742516
start_2020_no_dot,daily,2023-01-08,0.006869235250054506
start_2020_no_dot,daily,2023-01-09,0.010127388980113311
start_2020_no_dot,daily,2023-01-10,0.015405116907698371
start_2020_no_dot,daily,2023-01-11,0.007498452642878045
start_2020_no_dot,daily,2023-01-12,0.012633331117511803
start_2020_no_dot,daily,2023-01-13,0.01625661428573244
start_2020_no_dot,daily,2023-01-14,0.010671577079475553
start_2020_no_dot,daily,2023-01-15,0.011806155216467315
start_2020_no_dot,daily,2023-01-16,0.00838970965393862
start_2020_no_dot,daily,2023-01-17,0.011169210851335085
start_2020_no_dot,daily,2023-01-18,0.0091073196886024
start_2020_no_dot,daily,2023-01-19,0.013645103858424726
start_2020_no_dot,daily,2023-01-20,0.00555830043141281
start_2020_no_dot,daily,2023-01-21,0.010708972221804211
start_2020_no_dot,daily,2023-01-22,0.01396682354692258
start_2020_no_dot,daily,2023-01-23,0.013290072558644755
start_2020_no_dot,daily,2023-01-24,0.015521457840802541
start_2020_no_dot,daily,2023-01-25,0.00912719627571451
start_2020_no_dot,daily,2023-01-26,0.005732164334749032
start_2020_no_dot,daily,2023-01-27,0.011871186903693612
start_2020_no_dot,daily,2023-01-28,0.00913739661302275
start_2020_no_dot,daily,2023-01-29,0.008905120888364565
start_2020_no_dot,daily,2023-01-30,0.011453588276737592
start_2020_no_dot,daily,2023-01-31,0.011151275384858814
start_2020_no_dot,daily,2023-02-01,0.017836380462358553
start_2020_no_dot,daily,2023-02-02,0.013259698480375628
start_2020_no_dot,daily,2023-02-03,0.009331726746032207
start_2020_no_dot,daily,2023-02-04,0.007855564442710808
start_2020_no_dot,daily,2023-02-05,0.009988640865489687
start_2020_no_dot,daily,2023-02-06,0.009237724410814718
start_2020_no_dot,daily,2023-02-07,0.007612346082571206
start_2020_no_dot,daily,2023-02-08,0.0077025562037790485
start_2020_no_dot,daily,2023-02-09,0.007972641709482114
start_2020_no_dot,daily,2023-02-10,0.017938198385414383
start_2020_no_dot,daily,2023-02-11,0.009278817616072091
start_2020_no_dot,daily,2023-02-12,0.006532590677482811
start_2020_no_dot,daily,2023-02-13,0.007078903216966123
start_2020_no_dot,daily,2023-02-14,0.010254456160448178
start_2020_no_dot,daily,2023-02-15,0.012497064482797068
start_2020_no_dot,daily,2023-02-16,0.00984434489290699
start_2020_no_dot,daily,2023-02-17,0.011023079329277485
start_2020_no_dot,daily,2023-02-18,0.012109688031411894
start_2020_no_dot,daily,2023-02-19,0.010542587010523574
start_2020_no_dot,daily,2023-02-20,0.007905123571071662
start_2020_no_dot,daily,2023-02-21,0.015105159394948303
start_2020_no_dot,daily,2023-02-22,0.012040379843174256
start_2020_no_dot,daily,2023-02-23,0.011102541942874022
start_2020_no_dot,daily,2023-02-24,0.01081997996782981
start_2020_no_dot,daily,2023-02-25,0.01021476967552587
start_2020_no_dot,daily,2023-02-26,0.006049201031524856
start_2020_no_dot,daily,2023-02-27,0.005234311532201608
start_2020_no_dot,daily,2023-02-28,0.0057561737288900905
start_2020_no_dot,daily,2023-03-01,0.007855841617343262
start_2020_no_dot,daily,2023-03-02,0.009324948025409174
start_2020_no_dot,daily,2023-03-03,0.008165290872200831
start_2020_no_dot,daily,2023-03-04,0.012313684385636695
start_2020_no_dot,daily,2023-03-05,0.006703126140133131
start_2020_no_dot,daily,2023-03-06,0.007237560122765385
start_2020_no_dot,daily,2023-03-07,0.00899227231925992
start_2020_no_dot,daily,2023-03-08,0.009230024951781629
start_2020_no_dot,daily,2023-03-09,0.01726384140871154
start_2020_no_dot,daily,2023-03-10,0.013193152855243417
start_2020_no_dot,daily,2023-03-11,0.01654212017274828
start_2020_no_dot,daily,2023-03-12,0.01913901702214639
start_2020_no_dot,daily,2023-03-13,0.015399647002288089
start_2020_no_dot,daily,2023-03-14,0.01733987790221375
start_2020_no_dot,daily,2023-03-15,0.01260793295448187
start_2020_no_dot,daily,2023-03-16,0.02083469047458282
start_2020_no_dot,daily,2023-03-17,0.009145375807932288
start_2020_no_dot,daily,2023-03-18,0.016633011040396647
start_2020_no_dot,daily,2023-03-19,0.012885388141170892
start_2020_no_dot,daily,2023-03-20,0.007110930549840383
start_2020_no_dot,daily,2023-03-21,0.017358649300450613
start_2020_no_dot,daily,2023-03-22,0.042576887557215254
start_2020_no_dot,daily,2023-03-23,0.029190358850155335
start_2020_no_dot,daily,2023-03-24,0.01569849636471922
start_2020_no_dot,daily,2023-03-25,0.008761270111215039
start_2020_no_dot,daily,2023-03-26,0.014870493352481418
start_2020_no_dot,daily,2023-03-27,0.006041774868012786
start_2020_no_dot,daily,2023-03-28,0.023341014676198424
start_2020_no_dot,daily,2023-03-29,0.02115400908640394
start_2020_no_dot,daily,2023-03-30,0.014210908041288495
start_2020_no_dot,daily,2023-03-31,0.013785197456748263
start_2020_no_dot,daily,2023-04-01,0.015892050881767456
start_2020_no_dot,daily,2023-04-02,0.028900651455504342
start_2020_no_dot,daily,2023-04-03,0.014166166666716842
start_2020_no_dot,daily,2023-04-04,0.03748080674793318
start_2020_no_dot,daily,2023-04-05,0.0113888836383544
start_2020_no_dot,daily,2023-04-06,0.007250040592354096
start_2020_no_dot,daily,2023-04-07,0.012268061200943856
start_2020_no_dot,daily,2023-04-08,0.009431618520956975
start_2020_no_dot,daily,2023-04-09,0.0063890931292935604
start_2020_no_dot,daily,2023-04-10,0.004276876166351223
start_2020_no_dot,daily,2023-04-11,0.007746785510211171
start_2020_no_dot,daily,2023-04-12,0.01040067114025077
start_2020_no_dot,daily,2023-04-13,0.011187224334414783
start_2020_no_dot,daily,2023-04-14,0.013308413605533614
start_2020_no_dot,daily,2023-04-15,0.010584852877848133
start_2020_no_dot,daily,2023-04-16,0.011214144345030999
start_2020_no_dot,daily,2023-04-17,0.007362847973527181
start_2020_no_dot,daily,2023-04-18,0.01096366850576408
start_2020_no_dot,daily,2023-04-19,0.010705090015647803
start_2020_no_dot,daily,2023-04-20,0.01771038722819754
start_2020_no_dot,daily,2023-04-21,0.012445414906840882
start_2020_no_dot,daily,2023-04-22,0.013504928426220433
start_2020_no_dot,daily,2023-04-23,0.010143787288743378
start_2020_no_dot,daily,2023-04-24,0.007419855142288698
start_2020_no_dot,daily,2023-04-25,0.006369376203623475
start_2020_no_dot,daily,2023-04-26,0.008076171782651992
start_2020_no_dot,daily,2023-04-27,0.011844441939298858
start_2020_no_dot,daily,2023-04-28,0.008069718997044048
start_2020_no_dot,daily,2023-04-29,0.009236271923765027
start_2020_no_dot,daily,2023-04-30,0.007948605454707686
start_2020_no_dot,daily,2023-05-01,0.005377179595876344
start_2020_no_dot,daily,2023-05-02,0.009432154371020324
start_2020_no_dot,daily,2023-05-03,0.006254337061808973
start_2020_no_dot,daily,2023-05-04,0.006025762048448027
start_2020_no_dot,daily,2023-05-05,0.007171714608180335
start_2020_no_dot,daily,2023-05-06,0.009446752306294923
start_2020_no_dot,daily,2023-05-07,0.012538164756977915
start_2020_no_dot,daily,2023-05-08,0.005094497687968283
start_2020_no_dot,daily,2023-05-09,0.015201465632303054
start_2020_no_dot,daily,2023-05-10,0.019294704694365075
start_2020_no_dot,daily,2023-05-11,0.009783787211324613
start_2020_no_dot,daily,2023-05-12,0.009320206106906717
start_2020_no_dot,daily,2023-05-13,0.012168981514994459
start_2020_no_dot,daily,2023-05-14,0.0055983153026358395
start_2020_no_dot,daily,2023-05-15,0.008560729319001398
start_2020_no_dot,daily,2023-05-16,0.008388727927213485
start_2020_no_dot,daily,2023-05-17,0.009294708103492838
start_2020_no_dot,daily,2023-05-18,0.008386701937755453
start_2020_no_dot,daily,2023-05-19,0.0117122214647917
start_2020_no_dot,daily,2023-05-20,0.005719881562255155
start_2020_no_dot,daily,2023-05-21,0.0059945828690003145
start_2020_no_dot,daily,2023-05-22,0.010296808233470248
start_2020_no_dot,daily,2023-05-23,0.00991535720977757
start_2020_no_dot,daily,2023-05-24,0.004790431724990676
start_2020_no_dot,daily,2023-05-25,0.007155246700852852
start_2020_no_dot,daily,2023-05-26,0.005044206093986592
start_2020_no_dot,daily,2023-05-27,0.007206356535267772
start_2020_no_dot,daily,2023-05-28,0.005976286154899146
start_2020_no_dot,daily,2023-05-29,0.011986788115991173
start_2020_no_dot,daily,2023-05-30,0.008194069586476505
start_2020_no_dot,daily,2023-05-31,0.012808622181903623
start_2020_no_dot,daily,2023-06-01,0.00674355296403828
start_2020_no_dot,daily,2023-06-02,0.011245912540497782
start_2020_no_dot,daily,2023-06-03,0.016788041925066374
start_2020_no_dot,daily,2023-06-04,0.004665258173214004
start_2020_no_dot,daily,2023-06-05,0.007874742955552239
start_2020_no_dot,daily,2023-06-06,0.01270789892536485
start_2020_no_dot,daily,2023-06-07,0.01412399721208904
start_2020_no_dot,daily,2023-06-08,0.01493172385757438
start_2020_no_dot,daily,2023-06-09,0.004033644262980196
start_2020_no_dot,daily,2023-06-10,0.025585521640718575
start_2020_no_dot,daily,2023-06-11,0.03382560934914948
start_2020_no_dot,daily,2023-06-12,0.008569844738741436
start_2020_no_dot,daily,2023-06-13,0.0052755283902311545
start_2020_no_dot,daily,2023-06-14,0.009004814295146504
start_2020_no_dot,daily,2023-06-15,0.015157373292710372
start_2020_no_dot,daily,2023-06-16,0.013140521328144542
start_2020_no_dot,daily,2023-06-17,0.011290135600479673
start_2020_no_dot,daily,2023-06-18,0.007557658760422581
start_2020_no_dot,daily,2023-06-19,0.009285289886153666
start_2020_no_dot,daily,2023-06-20,0.006004536587666309
start_2020_no_dot,daily,2023-06-21,0.010769185217607238
start_2020_no_dot,daily,2023-06-22,0.02927689331251558
start_2020_no_dot,daily,2023-06-23,0.006639936785934497
start_2020_no_dot,daily,2023-06-24,0.06157709304735007
start_2020_no_dot,daily,2023-06-25,0.03268934743460325
start_2020_no_dot,daily,2023-06-26,0.023025060066622
start_2020_no_dot,daily,2023-06-27,0.029361298977055264
start_2020_no_dot,daily,2023-06-28,0.01639356046731734
start_2020_no_dot,daily,2023-06-29,0.01838942633445391
start_2020_no_dot,daily,2023-06-30,0.017898763316796754
start_2020_no_dot,daily,2023-07-01,0.06428181754388067
start_2020_no_dot,daily,2023-07-02,0.017265417264449218
start_2020_no_dot,daily,2023-07-03,0.015840930257665337
start_2020_no_dot,daily,2023-07-04,0.019917330980834855
start_2020_no_dot,daily,2023-07-05,0.011480257643032038
start_2020_no_dot,daily,2023-07-06,0.010107820595072856
start_2020_no_dot,daily,2023-07-07,0.016712993886605756
start_2020_no_dot,daily,2023-07-08,0.005438943163790302
start_2020_no_dot,daily,2023-07-09,0.010529745838017843
start_2020_no_dot,daily,2023-07-10,0.010041622887181176
start_2020_no_dot,daily,2023-07-11,0.007416941825116721
start_2020_no_dot,daily,2023-07-12,0.0051279212421375675
start_2020_no_dot,daily,2023-07-13,0.009481742440615115
start_2020_no_dot,daily,2023-07-14,0.15578960477304024
start_2020_no_dot,daily,2023-07-15,0.032116180691508026
start_2020_no_dot,daily,2023-07-16,0.016462606978085076
start_2020_no_dot,daily,2023-07-17,0.020383010372727564
start_2020_no_dot,daily,2023-07-18,0.01823789496994377
start_2020_no_dot,daily,2023-07-19,0.01827189523763534
start_2020_no_dot,daily,2023-07-20,0.03412693229230099
start_2020_no_dot,daily,2023-07-21,0.03864391567722085
start_2020_no_dot,daily,2023-07-22,0.016160059301247115
start_2020_no_dot,daily,2023-07-23,0.016382129104488496
start_2020_no_dot,daily,2023-07-24,0.008613251038730979
start_2020_no_dot,daily,2023-07-25,0.016569733255882374
start_2020_no_dot,daily,2023-07-26,0.017299339262358437
start_2020_no_dot,daily,2023-07-27,0.0175408581004214
start_2020_no_dot,daily,2023-07-28,0.008868823743092752
start_2020_no_dot,daily,2023-07-29,0.00960971797171882
start_2020_no_dot,daily,2023-07-30,0.011178261564482012
start_2020_no_dot,daily,2023-07-31,0.01724749495526809
start_2020_no_dot,daily,2023-08-01,0.010697320428984788
start_2020_no_dot,daily,2023-08-02,0.006215189316886652
start_2020_no_dot,daily,2023-08-03,0.016121182774244736
start_2020_no_dot,daily,2023-08-04,0.015454742602076854
start_2020_no_dot,daily,2023-08-05,0.009065547371103128
start_2020_no_dot,daily,2023-08-06,0.009012020770466422
start_2020_no_dot,daily,2023-08-07,0.00528709573632527
start_2020_no_dot,daily,2023-08-08,0.017408484441156516
start_2020_no_dot,daily,2023-08-09,0.007396468464646408
start_2020_no_dot,daily,2023-08-10,0.007877335062005095
start_2020_no_dot,daily,2023-08-11,0.008408480070010743
start_2020_no_dot,daily,2023-08-12,0.005125604469601683
start_2020_no_dot,daily,2023-08-13,0.005242650263714926
start_2020_no_dot,daily,2023-08-14,0.005880772928123876
start_2020_no_dot,daily,2023-08-15,0.0043601347590526
start_2020_no_dot,daily,2023-08-16,0.015331742582634783
start_2020_no_dot,daily,2023-08-17,0.01775729241094967
start_2020_no_dot,daily,2023-08-18,0.026777819112642015
start_2020_no_dot,daily,2023-08-19,0.01843212857547845
start_2020_no_dot,daily,2023-08-20,0.011972451494379283
start_2020_no_dot,daily,2023-08-21,0.012259025613545416
start_2020_no_dot,daily,2023-08-22,0.013991329523282595
start_2020_no_dot,daily,2023-08-23,0.01028399195692821
start_2020_no_dot,daily,2023-08-24,0.011809108809377744
start_2020_no_dot,daily,2023-08-25,0.008844438436560922
start_2020_no_dot,daily,2023-08-26,0.007301381515584085
start_2020_no_dot,daily,2023-08-27,0.00473602260201067
start_2020_no_dot,daily,2023-08-28,0.006759538000848206
start_2020_no_dot,daily,2023-08-29,0.009035869259288384
start_2020_no_dot,daily,2023-08-30,0.024555363497066787
start_2020_no_dot,daily,2023-08-31,0.010515223939376261
start_2020_no_dot,daily,2023-09-01,0.013098274994088513
start_2020_no_dot,daily,2023-09-02,0.009034867286757994
start_2020_no_dot,daily,2023-09-03,0.00746042513011462
start_2020_no_dot,daily,2023-09-04,0.010014165239928333
start_2020_no_dot,daily,2023-09-05,0.008881520545140353
start_2020_no_dot,daily,2023-09-06,0.00753201691024008
start_2020_no_dot,daily,2023-09-07,0.008206001125002818
start_2020_no_dot,daily,2023-09-08,0.005657068359969347
start_2020_no_dot,daily,2023-09-09,0.007552524260928811
start_2020_no_dot,daily,2023-09-10,0.00770100111906781
start_2020_no_dot,daily,2023-09-11,0.009857976898936499
start_2020_no_dot,daily,2023-09-12,0.008973121697541303
start_2020_no_dot,daily,2023-09-13,0.01759688001462921
start_2020_no_dot,daily,2023-09-14,0.005936228905376539
start_2020_no_dot,daily,2023-09-15,0.008620241797488923
start_2020_no_dot,daily,2023-09-16,0.01587749608182905
start_2020_no_dot,daily,2023-09-17,0.0033261121640927593
start_2020_no_dot,daily,2023-09-18,0.00785303554027944
start_2020_no_dot,daily,2023-09-19,0.013156507800876113
start_2020_no_dot,daily,2023-09-20,0.008764126893941668
start_2020_no_dot,daily,2023-09-21,0.010595706159864063
start_2020_no_dot,daily,2023-09-22,0.0062267271412692615
start_2020_no_dot,daily,2023-09-23,0.0073428204445294964
start_2020_no_dot,daily,2023-09-24,0.007072714587226345
start_2020_no_dot,daily,2023-09-25,0.005339999304245127
start_2020_no_dot,daily,2023-09-26,0.012167587847611808
start_2020_no_dot,daily,2023-09-27,0.006461166576499519
start_2020_no_dot,daily,2023-09-28,0.015476400794219719
start_2020_no_dot,daily,2023-09-29,0.007069486752905224
start_2020_no_dot,daily,2023-09-30,0.010363890239351747
start_2020_no_dot,daily,2023-10-01,0.01111267967876002
start_2020_no_dot,daily,2023-10-02,0.012444856893985723
start_2020_no_dot,daily,2023-10-03,0.013519411914410848
start_2020_no_dot,daily,2023-10-04,0.022286365622548987
start_2020_no_dot,daily,2023-10-05,0.012546964249900011
start_2020_no_dot,daily,2023-10-06,0.007463039454447026
start_2020_no_dot,daily,2023-10-07,0.008121307886750917
start_2020_no_dot,daily,2023-10-08,0.006128325752134428
start_2020_no_dot,daily,2023-10-09,0.005420800753871385
start_2020_no_dot,daily,2023-10-10,0.009269245591920855
start_2020_no_dot,daily,2023-10-11,0.007109066606126549
start_2020_no_dot,daily,2023-10-12,0.010080370346347386
start_2020_no_dot,daily,2023-10-13,0.0048149172947331426
start_2020_no_dot,daily,2023-10-14,0.0025264055306120498
start_2020_no_dot,daily,2023-10-15,0.00715284846527893
start_2020_no_dot,daily,2023-10-16,0.007562408809289017
start_2020_no_dot,daily,2023-10-17,0.012362922283160757
start_2020_no_dot,daily,2023-10-18,0.007126834376486563
start_2020_no_dot,daily,2023-10-19,0.007679157407210646
start_2020_no_dot,daily,2023-10-20,0.015153267948033622
start_2020_no_dot,daily,2023-10-21,0.013351602879641059
start_2020_no_dot,daily,2023-10-22,0.024992336132537235
start_2020_no_dot,daily,2023-10-23,0.022644866573860695
start_2020_no_dot,daily,2023-10-24,0.015676644531902553
start_2020_no_dot,daily,2023-10-25,0.012694124952833188
start_2020_no_dot,daily,2023-10-26,0.013356404896311597
start_2020_no_dot,daily,2023-10-27,0.015181290601791353
start_2020_no_dot,daily,2023-10-28,0.016783864529923517
start_2020_no_dot,daily,2023-10-29,0.008583474124856064
start_2020_no_dot,daily,2023-10-30,0.004769832027919918
start_2020_no_dot,daily,2023-10-31,0.010093007273035512
start_2020_no_dot,daily,2023-11-01,0.016597315364018705
start_2020_no_dot,daily,2023-11-02,0.008764489235604522
start_2020_no_dot,daily,2023-11-03,0.01685513750726929
start_2020_no_dot,daily,2023-11-04,0.012393738140844823
start_2020_no_dot,daily,2023-11-05,0.00451567079247038
start_2020_no_dot,daily,2023-11-06,0.019176230053916873
start_2020_no_dot,daily,2023-11-07,0.024348057112931837
start_2020_no_dot,daily,2023-11-08,0.01579469901191749
start_2020_no_dot,daily,2023-11-09,0.02244116132334875
start_2020_no_dot,daily,2023-11-10,0.04266146939365989
start_2020_no_dot,daily,2023-11-11,0.02401356713299503
start_2020_no_dot,daily,2023-11-12,0.02020472212894646
start_2020_no_dot,daily,2023-11-13,0.004353263538165897
start_2020_no_dot,daily,2023-11-14,0.027908567309834667
start_2020_no_dot,daily,2023-11-15,0.013715729390839745
start_2020_no_dot,daily,2023-11-16,0.013625717776802299
start_2020_no_dot,daily,2023-11-17,0.021255165903353634
start_2020_no_dot,daily,2023-11-18,0.01788603521327381
start_2020_no_dot,daily,2023-11-19,0.012936181639223124
start_2020_no_dot,daily,2023-11-20,0.012700261899923307
start_2020_no_dot,daily,2023-11-21,0.009846967451763722
start_2020_no_dot,daily,2023-11-22,0.009648109779104089
start_2020_no_dot,daily,2023-11-23,0.007938020471101329
start_2020_no_dot,daily,2023-11-24,0.006712610406610503
start_2020_no_dot,daily,2023-11-25,0.0073015308283282815
start_2020_no_dot,daily,2023-11-26,0.009365006974101212
start_2020_no_dot,daily,2023-11-27,0.00548693542751548
start_2020_no_dot,daily,2023-11-28,0.01196541875356219
start_2020_no_dot,daily,2023-11-29,0.005613242635138849
start_2020_no_dot,daily,2023-11-30,0.004093951963365608
start_2020_no_dot,daily,2023-12-01,0.008773583892855069
start_2020_no_dot,daily,2023-12-02,0.008514105931469063
start_2020_no_dot,daily,2023-12-03,0.013684858026774577
start_2020_no_dot,daily,2023-12-04,0.007479810049158181
start_2020_no_dot,daily,2023-12-05,0.024621720754146134
start_2020_no_dot,daily,2023-12-06,0.015233515232142239
start_2020_no_dot,daily,2023-12-07,0.02057399909199563
start_2020_no_dot,daily,2023-12-08,0.020313337041625162
start_2020_no_dot,daily,2023-12-09,0.031731382103525316
start_2020_no_dot,daily,2023-12-10,0.017467830834278122
start_2020_no_dot,daily,2023-12-11,0.009442489047970778
start_2020_no_dot,daily,2023-12-12,0.013473597000791246
start_2020_no_dot,daily,2023-12-13,0.010387726079378531
start_2020_no_dot,daily,2023-12-14,0.022310258301328503
start_2020_no_dot,daily,2023-12-15,0.012957862306373635
start_2020_no_dot,daily,2023-12-16,0.011593828203777135
start_2020_no_dot,daily,2023-12-17,0.009907047329203486
start_2020_no_dot,daily,2023-12-18,0.01006778018483881
start_2020_no_dot,daily,2023-12-19,0.01590169694050872
start_2020_no_dot,daily,2023-12-20,0.009247408990176814
start_2020_no_dot,daily,2023-12-21,0.007960809737696597
start_2020_no_dot,daily,2023-12-22,0.01869243323025195
start_2020_no_dot,daily,2023-12-23,0.01721242518586634
start_2020_no_dot,daily,2023-12-24,0.009800668026153425
start_2020_no_dot,daily,2023-12-25,0.006572348400525008
start_2020_no_dot,daily,2023-12-26,0.013730703729700533
start_2020_no_dot,daily,2023-12-27,0.00869155901274861
start_2020_no_dot,daily,2023-12-28,0.03239584611089402
start_2020_no_dot,daily,2023-12-29,0.01215575929313624
start_2020_no_dot,daily,2023-12-30,0.010165041713013231
start_2020_no_dot,daily,2023-12-31,0.014864287096323703
start_2020_no_dot,daily,2024-01-01,0.010757958506090959
start_2020_no_dot,daily,2024-01-02,0.008226570559432891
start_2020_no_dot,daily,2024-01-03,0.013667709843212333
start_2020_no_dot,daily,2024-01-04,0.020657808635068456
start_2020_no_dot,daily,2024-01-05,0.0073724652300028864
start_2020_no_dot,daily,2024-01-06,0.011788931220776247
start_2020_no_dot,daily,2024-01-07,0.011066163860077416
start_2020_no_dot,daily,2024-01-08,0.012476673337147734
start_2020_no_dot,daily,2024-01-09,0.017771192739989325
start_2020_no_dot,daily,2024-01-10,0.016549682533970322
start_2020_no_dot,daily,2024-01-11,0.04267491447557327
start_2020_no_dot,daily,2024-01-12,0.026791526776683602
start_2020_no_dot,daily,2024-01-13,0.024105503138943496
start_2020_no_dot,daily,2024-01-14,0.015244048728695309
start_2020_no_dot,daily,2024-01-15,0.018755310488561064
start_2020_no_dot,daily,2024-01-16,0.011021327457621882
start_2020_no_dot,daily,2024-01-17,0.008632113996554377
start_2020_no_dot,daily,2024-01-18,0.013545438787008271
start_2020_no_dot,daily,2024-01-19,0.015015372086054288
start_2020_no_dot,daily,2024-01-20,0.022481147917004923
start_2020_no_dot,daily,2024-01-21,0.022483376356827747
start_2020_no_dot,daily,2024-01-22,0.008291003991525839
start_2020_no_dot,daily,2024-01-23,0.019188359692950907
start_2020_no_dot,daily,2024-01-24,0.011485190694449074
start_2020_no_dot,daily,2024-01-25,0.007853402523209166
start_2020_no_dot,daily,2024-01-26,0.011397653278823361
start_2020_no_dot,daily,2024-01-27,0.006931794503233252
start_2020_no_dot,daily,2024-01-28,0.005629853583176761
start_2020_no_dot,daily,2024-01-29,0.011177236216139336
start_2020_no_dot,daily,2024-01-30,0.013089623832290315
start_2020_no_dot,daily,2024-01-31,0.017689734623523495
start_2020_no_dot,daily,2024-02-01,0.01006802658479218
start_2020_no_dot,daily,2024-02-02,0.018833536737707268
start_2020_no_dot,daily,2024-02-03,0.008677236044411077
start_2020_no_dot,daily,2024-02-04,0.009131323514208173
start_2020_no_dot,daily,2024-02-05,0.015568128520262778
start_2020_no_dot,daily,2024-02-06,0.010569485268822301
start_2020_no_dot,daily,2024-02-07,0.012520265639178477
start_2020_no_dot,daily,2024-02-08,0.0065727315452300955
start_2020_no_dot,daily,2024-02-09,0.017301202149551054
start_2020_no_dot,daily,2024-02-10,0.005994663583067453
start_2020_no_dot,daily,2024-02-11,0.009890686200183615
start_2020_no_dot,daily,2024-02-12,0.02495479326386707
start_2020_no_dot,daily,2024-02-13,0.013265858631076446
start_2020_no_dot,daily,2024-02-14,0.014546911093564152
start_2020_no_dot,daily,2024-02-15,0.012714757124419523
start_2020_no_dot,daily,2024-02-16,0.0193257418924776
start_2020_no_dot,daily,2024-02-17,0.00978616683740964
start_2020_no_dot,daily,2024-02-18,0.015782504487845905
start_2020_no_dot,daily,2024-02-19,0.0065314166376481825
start_2020_no_dot,daily,2024-02-20,0.01315503807800017
start_2020_no_dot,daily,2024-02-21,0.01666029157484558
start_2020_no_dot,daily,2024-02-22,0.011865279160989797
start_2020_no_dot,daily,2024-02-23,0.007168401731884516
start_2020_no_dot,daily,2024-02-24,0.0071197672829685504
start_2020_no_dot,daily,2024-02-25,0.00683649937707663
start_2020_no_dot,daily,2024-02-26,0.012696435515427207
start_2020_no_dot,daily,2024-02-27,0.010063377586826558
start_2020_no_dot,daily,2024-02-28,0.022827256599469173
start_2020_no_dot,daily,2024-02-29,0.0420215554067679
start_2020_no_dot,daily,2024-03-01,0.020012232362064897
start_2020_no_dot,daily,2024-03-02,0.031456912145528204
start_2020_no_dot,daily,2024-03-03,0.08686047061741474
start_2020_no_dot,daily,2024-03-04,0.028919581168712974
start_2020_no_dot,daily,2024-03-05,0.04097461629739649
start_2020_no_dot,daily,2024-03-06,0.035050624391530796
start_2020_no_dot,daily,2024-03-07,0.01592664987150552
start_2020_no_dot,daily,2024-03-08,0.010491879042603819
start_2020_no_dot,daily,2024-03-09,0.013748782747638286
start_2020_no_dot,daily,2024-03-10,0.018590299743364944
start_2020_no_dot,daily,2024-03-11,0.023134088510489342
start_2020_no_dot,daily,2024-03-12,0.04579386122000269
start_2020_no_dot,daily,2024-03-13,0.015349164302008611
start_2020_no_dot,daily,2024-03-14,0.007411932777663069
start_2020_no_dot,daily,2024-03-15,0.019075398794975953
start_2020_no_dot,daily,2024-03-16,0.013843489134542322
start_2020_no_dot,daily,2024-03-17,0.02085965389950789
start_2020_no_dot,daily,2024-03-18,0.012143556371432634
start_2020_no_dot,daily,2024-03-19,0.02273367686715691
start_2020_no_dot,daily,2024-03-20,0.009355587994588452
start_2020_no_dot,daily,2024-03-21,0.022730130848589075
start_2020_no_dot,daily,2024-03-22,0.015424490930317253
start_2020_no_dot,daily,2024-03-23,0.016573484971297472
start_2020_no_dot,daily,2024-03-24,0.018046487109435808
start_2020_no_dot,daily,2024-03-25,0.016160953244202525
start_2020_no_dot,daily,2024-03-26,0.013803770023628134
start_2020_no_dot,daily,2024-03-27,0.01831710821209355
start_2020_no_dot,daily,2024-03-28,0.03160041784293069
start_2020_no_dot,daily,2024-03-29,0.026838024342783956
start_2020_no_dot,daily,2024-03-30,0.04057761506876642
start_2020_no_dot,daily,2024-03-31,0.02182276764693944
start_2020_no_dot,daily,2024-04-01,0.03016108538358714
start_2020_no_dot,daily,2024-04-02,0.010401970741175631
start_2020_no_dot,daily,2024-04-03,0.03419690571331743
start_2020_no_dot,daily,2024-04-04,0.023727208608582323
start_2020_no_dot,daily,2024-04-05,0.02433456738199448
start_2020_no_dot,daily,2024-04-06,0.0056102145383544605
start_2020_no_dot,daily,2024-04-07,0.013006176044639564
start_2020_no_dot,daily,2024-04-08,0.014719044502955539
start_2020_no_dot,daily,2024-04-09,0.015098336161308915
start_2020_no_dot,daily,2024-04-10,0.021194574041996525
start_2020_no_dot,daily,2024-04-11,0.021572042968227192
start_2020_no_dot,daily,2024-04-12,0.012789771478661713
start_2020_no_dot,daily,2024-04-13,0.031321332665616486
start_2020_no_dot,daily,2024-04-14,0.027783790368394817
start_2020_no_dot,daily,2024-04-15,0.01295583343041451
start_2020_no_dot,daily,2024-04-16,0.009321037328294327
start_2020_no_dot,daily,2024-04-17,0.013339572464536889
start_2020_no_dot,daily,2024-04-18,0.013381257338840921
start_2020_no_dot,daily,2024-04-19,0.011157282185415146
start_2020_no_dot,daily,2024-04-20,0.007839027169786073
start_2020_no_dot,daily,2024-04-21,0.018594885077675996
start_2020_no_dot,daily,2024-04-22,0.008941722773417066
start_2020_no_dot,daily,2024-04-23,0.010783541233292573
start_2020_no_dot,daily,2024-04-24,0.010820709261548989
start_2020_no_dot,daily,2024-04-25,0.015293107904911382
start_2020_no_dot,daily,2024-04-26,0.006827814346380884
start_2020_no_dot,daily,2024-04-27,0.016573143440387517
start_2020_no_dot,daily,2024-04-28,0.015624590621407572
start_2020_no_dot,daily,2024-04-29,0.010126355907382839
start_2020_no_dot,daily,2024-04-30,0.010619705808391888
start_2020_no_dot,daily,2024-05-01,0.01884974734759373
start_2020_no_dot,daily,2024-05-02,0.019529193153874386
start_2020_no_dot,daily,2024-05-03,0.007167096672880929
start_2020_no_dot,daily,2024-05-04,0.020051096828562723
start_2020_no_dot,daily,2024-05-05,0.01827978309269712
start_2020_no_dot,daily,2024-05-06,0.007477499550588865
start_2020_no_dot,daily,2024-05-07,0.012155273518516835
start_2020_no_dot,daily,2024-05-08,0.014187627238661779
start_2020_no_dot,daily,2024-05-09,0.01718751408789089
start_2020_no_dot,daily,2024-05-10,0.00901405685247958
start_2020_no_dot,daily,2024-05-11,0.012945580215886751
start_2020_no_dot,daily,2024-05-12,0.008576705093925427
start_2020_no_dot,daily,2024-05-13,0.008779316246061694
start_2020_no_dot,daily,2024-05-14,0.01511023384130164
start_2020_no_dot,daily,2024-05-15,0.0058432001234225706
start_2020_no_dot,daily,2024-05-16,0.014873832832558262
start_2020_no_dot,daily,2024-05-17,0.025325408947807146
start_2020_no_dot,daily,2024-05-18,0.014262511754739818
start_2020_no_dot,daily,2024-05-19,0.008046157450370711
start_2020_no_dot,daily,2024-05-20,0.013003773250008968
start_2020_no_dot,daily,2024-05-21,0.03581350707289517
start_2020_no_dot,daily,2024-05-22,0.013545541584010432
start_2020_no_dot,daily,2024-05-23,0.006674228886307615
start_2020_no_dot,daily,2024-05-24,0.022800870901309542
start_2020_no_dot,daily,2024-05-25,0.014006951775093354
start_2020_no_dot,daily,2024-05-26,0.01074778572208207
start_2020_no_dot,daily,2024-05-27,0.01190040116406467
start_2020_no_dot,daily,2024-05-28,0.014553132732944785
start_2020_no_dot,daily,2024-05-29,0.00643214404910622
start_2020_no_dot,daily,2024-05-30,0.00670896356065398
start_2020_no_dot,daily,2024-05-31,0.01079368717189405
start_2020_no_dot,daily,2024-06-01,0.008214690120585164
start_2020_no_dot,daily,2024-06-02,0.0046927051254749275
start_2020_no_dot,daily,2024-06-03,0.007118910835684458
start_2020_no_dot,daily,2024-06-04,0.011940918186960095
start_2020_no_dot,daily,2024-06-05,0.008113713940235523
start_2020_no_dot,daily,2024-06-06,0.008519774247280662
start_2020_no_dot,daily,2024-06-07,0.007843125711573584
start_2020_no_dot,daily,2024-06-08,0.015941526508240975
start_2020_no_dot,daily,2024-06-09,0.010628984958995072
start_2020_no_dot,daily,2024-06-10,0.005714510732270778
start_2020_no_dot,daily,2024-06-11,0.006758707127103913
start_2020_no_dot,daily,2024-06-12,0.009967216401978701
start_2020_no_dot,daily,2024-06-13,0.015636798295185286
start_2020_no_dot,daily,2024-06-14,0.013970841749902763
start_2020_no_dot,daily,2024-06-15,0.010657280848502135
start_2020_no_dot,daily,2024-06-16,0.008995446573979035
start_2020_no_dot,daily,2024-06-17,0.007415150971802467
start_2020_no_dot,daily,2024-06-18,0.019508687004190978
start_2020_no_dot,daily,2024-06-19,0.016595610173044964
start_2020_no_dot,daily,2024-06-20,0.011616743013848033
start_2020_no_dot,daily,2024-06-21,0.00716946407856188
start_2020_no_dot,daily,2024-06-22,0.010418605129052655
start_2020_no_dot,daily,2024-06-23,0.01163088755678128
start_2020_no_dot,daily,2024-06-24,0.006222454023054019
start_2020_no_dot,daily,2024-06-25,0.021092375631089982
start_2020_no_dot,daily,2024-06-26,0.01426655438851357
start_2020_no_dot,daily,2024-06-27,0.010407774180495113
start_2020_no_dot,daily,2024-06-28,0.010673720265554923
start_2020_no_dot,daily,2024-06-29,0.012135006724773384
start_2020_no_dot,daily,2024-06-30,0.011296019708963545
start_2020_no_dot,daily,2024-07-01,0.011673798786716497
start_2020_no_dot,daily,2024-07-02,0.011784736898175108
start_2020_no_dot,daily,2024-07-03,0.011673358473640316
start_2020_no_dot,daily,2024-07-04,0.011003730551019275
start_2020_no_dot,daily,2024-07-05,0.026260167073039603
start_2020_no_dot,daily,2024-07-06,0.011222332215765601
start_2020_no_dot,daily,2024-07-07,0.013072376899514349
start_2020_no_dot,daily,2024-07-08,0.013727315626846037
start_2020_no_dot,daily,2024-07-09,0.01564826890572417
start_2020_no_dot,daily,2024-07-10,0.011465575812906317
start_2020_no_dot,daily,2024-07-11,0.010835410315356064
start_2020_no_dot,daily,2024-07-12,0.015620324001873034
start_2020_no_dot,daily,2024-07-13,0.014583444229845047
start_2020_no_dot,daily,2024-07-14,0.027738948602711783
start_2020_no_dot,daily,2024-07-15,0.01484901763744588
start_2020_no_dot,daily,2024-07-16,0.024441946881449836
start_2020_no_dot,daily,2024-07-17,0.020653793727022016
start_2020_no_dot,daily,2024-07-18,0.023052650259956398
start_2020_no_dot,daily,2024-07-19,0.025497770695298988
start_2020_no_dot,daily,2024-07-20,0.010060007866172546
start_2020_no_dot,daily,2024-07-21,0.014666279518508199
start_2020_no_dot,daily,2024-07-22,0.010329576778786459
start_2020_no_dot,daily,2024-07-23,0.015811119264030934
start_2020_no_dot,daily,2024-07-24,0.02476621085220415
start_2020_no_dot,daily,2024-07-25,0.01946368082290921
start_2020_no_dot,daily,2024-07-26,0.016287040711789838
start_2020_no_dot,daily,2024-07-27,0.014309019235677484
start_2020_no_dot,daily,2024-07-28,0.009257820490916335
start_2020_no_dot,daily,2024-07-29,0.016254335958075045
start_2020_no_dot,daily,2024-07-30,0.018149747784702713
start_2020_no_dot,daily,2024-07-31,0.018609473914716124
start_2020_no_dot,daily,2024-08-01,0.007138741555481221
start_2020_no_dot,daily,2024-08-02,0.010796326428815742
start_2020_no_dot,daily,2024-08-03,0.01014375599688612
start_2020_no_dot,daily,2024-08-04,0.013313265405659414
start_2020_no_dot,daily,2024-08-05,0.019801841977232906
start_2020_no_dot,daily,2024-08-06,0.026773284589535942
start_2020_no_dot,daily,2024-08-07,0.012793544444750421
start_2020_no_dot,daily,2024-08-08,0.048495453837745714
start_2020_no_dot,daily,2024-08-09,0.03550716815715582
start_2020_no_dot,daily,2024-08-10,0.012801134865977781
start_2020_no_dot,daily,2024-08-11,0.005877838030383761
start_2020_no_dot,daily,2024-08-12,0.014478539593109976
start_2020_no_dot,daily,2024-08-13,0.021227855113827215
start_2020_no_dot,daily,2024-08-14,0.010736012415613574
start_2020_no_dot,daily,2024-08-15,0.012123128361212751
start_2020_no_dot,daily,2024-08-16,0.010261529485468823
start_2020_no_dot,daily,2024-08-17,0.008531879855244687
start_2020_no_dot,daily,2024-08-18,0.005568666143076481
start_2020_no_dot,daily,2024-08-19,0.008480969638695199
start_2020_no_dot,daily,2024-08-20,0.01496261255178355
start_2020_no_dot,daily,2024-08-21,0.0255474325515207
start_2020_no_dot,daily,2024-08-22,0.02583902276918365
start_2020_no_dot,daily,2024-08-23,0.009646103679750023
start_2020_no_dot,daily,2024-08-24,0.013688047915341811
start_2020_no_dot,daily,2024-08-25,0.004673340070765045
start_2020_no_dot,daily,2024-08-26,0.014594482133319875
start_2020_no_dot,daily,2024-08-27,0.007717454526255871
start_2020_no_dot,daily,2024-08-28,0.013247448318541633
start_2020_no_dot,daily,2024-08-29,0.00957494880365646
start_2020_no_dot,daily,2024-08-30,0.008964903761277968
start_2020_no_dot,daily,2024-08-31,0.011029519365933493
start_2020_no_dot,daily,2024-09-01,0.003404557210991088
start_2020_no_dot,daily,2024-09-02,0.011052752290535206
start_2020_no_dot,daily,2024-09-03,0.010337455748371041
start_2020_no_dot,daily,2024-09-04,0.012236450723597914
start_2020_no_dot,daily,2024-09-05,0.006898594750327655
start_2020_no_dot,daily,2024-09-06,0.014473340799303985
start_2020_no_dot,daily,2024-09-07,0.012505851754436498
start_2020_no_dot,daily,2024-09-08,0.012637448244330232
start_2020_no_dot,daily,2024-09-09,0.009721911247248485
start_2020_no_dot,daily,2024-09-10,0.01610754634629806
start_2020_no_dot,daily,2024-09-11,0.007614199896917029
start_2020_no_dot,daily,2024-09-12,0.013231458464439308
start_2020_no_dot,daily,2024-09-13,0.012649055959615074
start_2020_no_dot,daily,2024-09-14,0.016397767522961862
start_2020_no_dot,daily,2024-09-15,0.014212808092744056
start_2020_no_dot,daily,2024-09-16,0.013573966947292154
start_2020_no_dot,daily,2024-09-17,0.01115938749186754
start_2020_no_dot,daily,2024-09-18,0.007898210600062752
start_2020_no_dot,daily,2024-09-19,0.008284048451540946
start_2020_no_dot,daily,2024-09-20,0.011158586127166234
start_2020_no_dot,daily,2024-09-21,0.009170196684306214
start_2020_no_dot,daily,2024-09-22,0.008574524085011276
start_2020_no_dot,daily,2024-09-23,0.013105273352322463
start_2020_no_dot,daily,2024-09-24,0.013250074257725966
start_2020_no_dot,daily,2024-09-25,0.017154916458187147
start_2020_no_dot,daily,2024-09-26,0.005688272354260324
start_2020_no_dot,daily,2024-09-27,0.01565260704044376
start_2020_no_dot,daily,2024-09-28,0.011537797868226549
start_2020_no_dot,daily,2024-09-29,0.016465320315514245
start_2020_no_dot,daily,2024-09-30,0.015349368970346833
start_2020_no_dot,daily,2024-10-01,0.015600151704011508
start_2020_no_dot,daily,2024-10-02,0.013304258782972464
start_2020_no_dot,daily,2024-10-03,0.01785375214556635
start_2020_no_dot,daily,2024-10-04,0.010761540457590368
start_2020_no_dot,daily,2024-10-05,0.008814912065402858
start_2020_no_dot,daily,2024-10-06,0.008614123433364429
start_2020_no_dot,daily,2024-10-07,0.0040719097652929526
start_2020_no_dot,daily,2024-10-08,0.008188520937519914
start_2020_no_dot,daily,2024-10-09,0.014155253345092877
start_2020_no_dot,daily,2024-10-10,0.01010650246433041
start_2020_no_dot,daily,2024-10-11,0.006633228094594296
start_2020_no_dot,daily,2024-10-12,0.009600682493557972
start_2020_no_dot,daily,2024-10-13,0.004003817022354764
start_2020_no_dot,daily,2024-10-14,0.00783142262863043
start_2020_no_dot,daily,2024-10-15,0.020435972709026612
start_2020_no_dot,daily,2024-10-16,0.01757891875867107
start_2020_no_dot,daily,2024-10-17,0.017709776158204585
start_2020_no_dot,daily,2024-10-18,0.014843062536792836
start_2020_no_dot,daily,2024-10-19,0.01288166176924034
start_2020_no_dot,daily,2024-10-20,0.014742669107798423
start_2020_no_dot,daily,2024-10-21,0.015449542004515107
start_2020_no_dot,daily,2024-10-22,0.013942192608625434
start_2020_no_dot,daily,2024-10-23,0.013426369915015057
start_2020_no_dot,daily,2024-10-24,0.016469042520679017
start_2020_no_dot,daily,2024-10-25,0.011293656122628351
start_2020_no_dot,daily,2024-10-26,0.014712377081668782
start_2020_no_dot,daily,2024-10-27,0.012705521795151706
start_2020_no_dot,daily,2024-10-28,0.01200505199419856
start_2020_no_dot,daily,2024-10-29,0.020733849761141065
start_2020_no_dot,daily,2024-10-30,0.016135359991019782
start_2020_no_dot,daily,2024-10-31,0.020043127529864757
start_2020_no_dot,daily,2024-11-01,0.01282580552072489
start_2020_no_dot,daily,2024-11-02,0.01346329216670733
start_2020_no_dot,daily,2024-11-03,0.006926488189546498
start_2020_no_dot,daily,2024-11-04,0.013013745826457312
start_2020_no_dot,daily,2024-11-05,0.016652039747926728
start_2020_no_dot,daily,2024-11-06,0.018293798891684587
start_2020_no_dot,daily,2024-11-07,0.026782675649615464
start_2020_no_dot,daily,2024-11-08,0.02836669438256896
start_2020_no_dot,daily,2024-11-09,0.02711905189011994
start_2020_no_dot,daily,2024-11-10,0.03364089954562732
start_2020_no_dot,daily,2024-11-11,0.05357475076935517
start_2020_no_dot,daily,2024-11-12,0.035528530838875416
start_2020_no_dot,daily,2024-11-13,0.0838253039618089
start_2020_no_dot,daily,2024-11-14,0.029224592764821783
start_2020_no_dot,daily,2024-11-15,0.04933246131247972
start_2020_no_dot,daily,2024-11-16,0.03636142826076108
start_2020_no_dot,daily,2024-11-17,0.0949270345278168
start_2020_no_dot,daily,2024-11-18,0.029873960781156728
start_2020_no_dot,daily,2024-11-19,0.03233364500756655
start_2020_no_dot,daily,2024-11-20,0.0200032158552311
start_2020_no_dot,daily,2024-11-21,0.03204765363459544
start_2020_no_dot,daily,2024-11-22,0.027787607439279854
start_2020_no_dot,daily,2024-11-23,0.07585293299742087
start_2020_no_dot,daily,2024-11-24,0.0731753188789418
start_2020_no_dot,daily,2024-11-25,0.020323028930587947
start_2020_no_dot,daily,2024-11-26,0.032674606433806
start_2020_no_dot,daily,2024-11-27,0.020957629445520723
start_2020_no_dot,daily,2024-11-28,0.02763986419116593
start_2020_no_dot,daily,2024-11-29,0.02131835365880147
start_2020_no_dot,daily,2024-11-30,0.03919098894711537
start_2020_no_dot,daily,2024-12-01,0.024426645702477795
start_2020_no_dot,daily,2024-12-02,0.05150272915406032
start_2020_no_dot,daily,2024-12-03,0.07715258528850469
start_2020_no_dot,daily,2024-12-04,0.14660802777071597
start_2020_no_dot,daily,2024-12-05,0.055396985739931126
start_2020_no_dot,daily,2024-12-06,0.01702729570638907
start_2020_no_dot,daily,2024-12-07,0.019092623909662765
start_2020_no_dot,daily,2024-12-08,0.025322383879356036
start_2020_no_dot,daily,2024-12-09,0.01654090820549635
start_2020_no_dot,daily,2024-12-10,0.041428938455817355
start_2020_no_dot,daily,2024-12-11,0.03236839511962057
start_2020_no_dot,daily,2024-12-12,0.02033693953960916
start_2020_no_dot,daily,2024-12-13,0.04166942541277546
start_2020_no_dot,daily,2024-12-14,0.014295071307629595
start_2020_no_dot,daily,2024-12-15,0.016203842988164394
start_2020_no_dot,daily,2024-12-16,0.007405669102977547
start_2020_no_dot,daily,2024-12-17,0.01815753423923666
start_2020_no_dot,daily,2024-12-18,0.026196987070966224
start_2020_no_dot,daily,2024-12-19,0.016795513515434873
start_2020_no_dot,daily,2024-12-20,0.027184923911206457
start_2020_no_dot,daily,2024-12-21,0.012027347555923912
start_2020_no_dot,daily,2024-12-22,0.023403027292737633
start_2020_no_dot,daily,2024-12-23,0.008748599441537414
start_2020_no_dot,daily,2024-12-24,0.01840390962514607
start_2020_no_dot,daily,2024-12-25,0.014462321410230919
start_2020_no_dot,daily,2024-12-26,0.01495959855862869
start_2020_no_dot,daily,2024-12-27,0.0140995678288795
start_2020_no_dot,daily,2024-12-28,0.014102420026994439
start_2020_no_dot,daily,2024-12-29,0.00803360429809788
start_2020_no_dot,daily,2024-12-30,0.011572447714694595
start_2020_no_dot,daily,2024-12-31,0.009332443856269163
start_2020_no_dot,daily,2025-01-01,0.014791109972662059
start_2020_no_dot,daily,2025-01-02,0.05337044641193396
start_2020_no_dot,daily,2025-01-03,0.010175513752644999
start_2020_no_dot,daily,2025-01-04,0.029628725198350192
start_2020_no_dot,daily,2025-01-05,0.011763592921891886
start_2020_no_dot,daily,2025-01-06,0.015142448825797836
start_2020_no_dot,daily,2025-01-07,0.009485092718210256
start_2020_no_dot,daily,2025-01-08,0.01864894322412125
start_2020_no_dot,daily,2025-01-09,0.017613653676323796
start_2020_no_dot,daily,2025-01-10,0.01666168328634139
start_2020_no_dot,daily,2025-01-11,0.011992139524662174
start_2020_no_dot,daily,2025-01-12,0.032254394388285354
start_2020_no_dot,daily,2025-01-13,0.013026301473308119
start_2020_no_dot,daily,2025-01-14,0.01724200458723009
start_2020_no_dot,daily,2025-01-15,0.01444660598091152
start_2020_no_dot,daily,2025-01-16,0.030460251244754058
start_2020_no_dot,daily,2025-01-17,0.02291750525376729
start_2020_no_dot,daily,2025-01-18,0.02215065041350124
start_2020_no_dot,daily,2025-01-19,0.020995757562756012
start_2020_no_dot,daily,2025-01-20,0.03317851263428202
start_2020_no_dot,daily,2025-01-21,0.012546714628829406
start_2020_no_dot,daily,2025-01-22,0.018571587025479022
start_2020_no_dot,daily,2025-01-23,0.015082497207692988
start_2020_no_dot,daily,2025-01-24,0.017310873068016958
start_2020_no_dot,daily,2025-01-25,0.013192316492035311
start_2020_no_dot,daily,2025-01-26,0.013988490686036303
start_2020_no_dot,daily,2025-01-27,0.011255191753795177
start_2020_no_dot,daily,2025-01-28,0.010158258019362598
start_2020_no_dot,daily,2025-01-29,0.013919772244491035
start_2020_no_dot,daily,2025-01-30,0.013118327663821192
start_2020_no_dot,daily,2025-01-31,0.023299878438349145
start_2020_no_dot,daily,2025-02-01,0.018513962799664926
start_2020_no_dot,daily,2025-02-02,0.013957156240814103
start_2020_no_dot,daily,2025-02-03,0.021961858972485815
start_2020_no_dot,daily,2025-02-04,0.02699021362842717
start_2020_no_dot,daily,2025-02-05,0.015142073701016182
start_2020_no_dot,daily,2025-02-06,0.02019979749119083
start_2020_no_dot,daily,2025-02-07,0.0170924257490339
start_2020_no_dot,daily,2025-02-08,0.012085648544230776
start_2020_no_dot,daily,2025-02-09,0.007646676282107093
start_2020_no_dot,daily,2025-02-10,0.014516492112623416
start_2020_no_dot,daily,2025-02-11,0.02243213222982185
start_2020_no_dot,daily,2025-02-12,0.021057379113621016
start_2020_no_dot,daily,2025-02-13,0.011804948893006192
start_2020_no_dot,daily,2025-02-14,0.021182586011894503
start_2020_no_dot,daily,2025-02-15,0.019997669727367898
start_2020_no_dot,daily,2025-02-16,0.019959855893913872
start_2020_no_dot,daily,2025-02-17,0.010480553800879047
start_2020_no_dot,daily,2025-02-18,0.02277080322726581
start_2020_no_dot,daily,2025-02-19,0.023937743970369407
start_2020_no_dot,daily,2025-02-20,0.017918788315300443
start_2020_no_dot,daily,2025-02-21,0.015092901263631955
start_2020_no_dot,daily,2025-02-22,0.011611692765223017
start_2020_no_dot,daily,2025-02-23,0.012046080786936253
start_2020_no_dot,daily,2025-02-24,0.014533944571844884
start_2020_no_dot,daily,2025-02-25,0.026306912517798736
start_2020_no_dot,daily,2025-02-26,0.01292080306797902
start_2020_no_dot,daily,2025-02-27,0.030710276600818237
start_2020_no_dot,daily,2025-02-28,0.006487322693387768
start_2020_no_dot,daily,2025-03-01,0.024982749847465943
start_2020_no_dot,daily,2025-03-02,0.025416662840216916
start_2020_no_dot,daily,2025-03-03,0.10658196626395151
start_2020_no_dot,daily,2025-03-04,0.05480098068801946
start_2020_no_dot,daily,2025-03-05,0.02434326308104122
start_2020_no_dot,daily,2025-03-06,0.04326442745507866
start_2020_no_dot,daily,2025-03-07,0.020211216005141905
start_2020_no_dot,daily,2025-03-08,0.031375319128314816
start_2020_no_dot,daily,2025-03-09,0.013516526975238821
start_2020_no_dot,daily,2025-03-10,0.02176468054073598
start_2020_no_dot,daily,2025-03-11,0.0189477456771016
start_2020_no_dot,daily,2025-03-12,0.0205589826236931
start_2020_no_dot,daily,2025-03-13,0.014089536594795046
start_2020_no_dot,daily,2025-03-14,0.027077572058343574
start_2020_no_dot,daily,2025-03-15,0.016873586197611354
start_2020_no_dot,daily,2025-03-16,0.010373750283157082
start_2020_no_dot,daily,2025-03-17,0.010477260919058387
start_2020_no_dot,daily,2025-03-18,0.009222251923831151
start_2020_no_dot,daily,2025-03-19,0.01731014349943312
start_2020_no_dot,daily,2025-03-20,0.02048610093760876
start_2020_no_dot,daily,2025-03-21,0.013139234709794056
start_2020_no_dot,daily,2025-03-22,0.007459513734999923
start_2020_no_dot,daily,2025-03-23,0.0070245149160031994
start_2020_no_dot,daily,2025-03-24,0.011592210277158246
start_2020_no_dot,daily,2025-03-25,0.012548476169719755
start_2020_no_dot,daily,2025-03-26,0.010183567117943354
start_2020_no_dot,daily,2025-03-27,0.01547355226004142
start_2020_no_dot,daily,2025-03-28,0.011648017009799574
start_2020_no_dot,daily,2025-03-29,0.013954367762572223
start_2020_no_dot,daily,2025-03-30,0.012934758810888236
start_2020_no_dot,daily,2025-03-31,0.0066535950182031595
start_2020_no_dot,daily,2025-04-01,0.013438371519658418
start_2020_no_dot,daily,2025-04-02,0.011570331448514062
start_2020_no_dot,daily,2025-04-03,0.01223987850029852
start_2020_no_dot,daily,2025-04-04,0.0077979877561233785
start_2020_no_dot,daily,2025-04-05,0.01232321337426355
start_2020_no_dot,daily,2025-04-06,0.008445497542785743
start_2020_no_dot,daily,2025-04-07,0.02420960302131564
start_2020_no_dot,daily,2025-04-08,0.011475285022592305
start_2020_no_dot,daily,2025-04-09,0.014394104330051907
start_2020_no_dot,daily,2025-04-10,0.024961510346365165
start_2020_no_dot,daily,2025-04-11,0.012048900366211437
start_2020_no_dot,daily,2025-04-12,0.01208943245442641
start_2020_no_dot,daily,2025-04-13,0.01736721193116114
start_2020_no_dot,daily,2025-04-14,0.013213446165852905
start_2020_no_dot,daily,2025-04-15,0.01371655914649443
start_2020_no_dot,daily,2025-04-16,0.0077031530851992686
start_2020_no_dot,daily,2025-04-17,0.006155440328070083
start_2020_no_dot,daily,2025-04-18,0.0070628466552492275
start_2020_no_dot,daily,2025-04-19,0.0097554239745761
start_2020_no_dot,daily,2025-04-20,0.010351395481272271
start_2020_no_dot,daily,2025-04-21,0.010590053315493314
start_2020_no_dot,daily,2025-04-22,0.014243008258135126
start_2020_no_dot,daily,2025-04-23,0.01950381490297337
start_2020_no_dot,daily,2025-04-24,0.014713089589716122
start_2020_no_dot,daily,2025-04-25,0.015744825742767143
start_2020_no_dot,daily,2025-04-26,0.015141407412190791
start_2020_no_dot,daily,2025-04-27,0.015785348207477498
start_2020_no_dot,daily,2025-04-28,0.010728801469923471
start_2020_no_dot,daily,2025-04-29,0.012694874278520674
start_2020_no_dot,daily,2025-04-30,0.007958866064084219
start_2020_no_dot,daily,2025-05-01,0.011048491352407194
start_2020_no_dot,daily,2025-05-02,0.01668676450348465
start_2020_no_dot,daily,2025-05-03,0.012749705444500548
start_2020_no_dot,daily,2025-05-04,0.012674876376732577
start_2020_no_dot,daily,2025-05-05,0.009299229540621748
start_2020_no_dot,daily,2025-05-06,0.009942076218958706
start_2020_no_dot,daily,2025-05-07,0.019933748425075934
start_2020_no_dot,daily,2025-05-08,0.009410491896297973
start_2020_no_dot,daily,2025-05-09,0.037087115873884274
start_2020_no_dot,daily,2025-05-10,0.019701148711755365
start_2020_no_dot,daily,2025-05-11,0.03189495259622305
start_2020_no_dot,daily,2025-05-12,0.016686090825991318
start_2020_no_dot,daily,2025-05-13,0.02084811211923543
start_2020_no_dot,daily,2025-05-14,0.020268655200923094
start_2020_no_dot,daily,2025-05-15,0.01185144283801512
start_2020_no_dot,daily,2025-05-16,0.020658811737886196
start_2020_no_dot,daily,2025-05-17,0.005010589555518349
start_2020_no_dot,daily,2025-05-18,0.009077624685774083
start_2020_no_dot,daily,2025-05-19,0.015218197622010168
start_2020_no_dot,daily,2025-05-20,0.012332699097879415
start_2020_no_dot,daily,2025-05-21,0.00981744544300607
start_2020_no_dot,daily,2025-05-22,0.008909682494009322
start_2020_no_dot,daily,2025-05-23,0.01286136972493565
start_2020_no_dot,daily,2025-05-24,0.014196653083160357
start_2020_no_dot,daily,2025-05-25,0.005327930065564437
start_2020_no_dot,daily,2025-05-26,0.004728430163606606
start_2020_no_dot,daily,2025-05-27,0.0068584830398426555
start_2020_no_dot,daily,2025-05-28,0.01049614288149639
start_2020_no_dot,daily,2025-05-29,0.007912507232558819
start_2020_no_dot,daily,2025-05-30,0.007613592005770928
start_2020_no_dot,daily,2025-05-31,0.02153345888510408
start_2020_no_dot,daily,2025-06-01,0.009932886717090625
start_2020_no_dot,daily,2025-06-02,0.007638277547566977
start_2020_no_dot,daily,2025-06-03,0.00865467823403715
start_2020_no_dot,daily,2025-06-04,0.00634055134124932
start_2020_no_dot,daily,2025-06-05,0.011561517611501052
start_2020_no_dot,daily,2025-06-06,0.02143957896394051
start_2020_no_dot,daily,2025-06-07,0.011803415258627395
start_2020_no_dot,daily,2025-06-08,0.009137056323099815
start_2020_no_dot,daily,2025-06-09,0.01193559770032876
start_2020_no_dot,daily,2025-06-10,0.011844190842192293
start_2020_no_dot,daily,2025-06-11,0.015880758442449946
start_2020_no_dot,daily,2025-06-12,0.0073322210838563245
start_2020_no_dot,daily,2025-06-13,0.014460046309089328
start_2020_no_dot,daily,2025-06-14,0.01786348445702339
start_2020_no_dot,daily,2025-06-15,0.008462733012560536
start_2020_no_dot,daily,2025-06-16,0.011030949703544735
start_2020_no_dot,daily,2025-06-17,0.010252415114167218
start_2020_no_dot,daily,2025-06-18,0.010541982428194083
start_2020_no_dot,daily,2025-06-19,0.004991681146895327
start_2020_no_dot,daily,2025-06-20,0.014601094450132204
start_2020_no_dot,daily,2025-06-21,0.012455783090188632
start_2020_no_dot,daily,2025-06-22,0.012493540037175024
start_2020_no_dot,daily,2025-06-23,0.006912614363949535
start_2020_no_dot,daily,2025-06-24,0.01897581178178455
start_2020_no_dot,daily,2025-06-25,0.008892374618606341
start_2020_no_dot,daily,2025-06-26,0.01633897231798731
start_2020_no_dot,daily,2025-06-27,0.012664613612032805
start_2020_no_dot,daily,2025-06-28,0.005545975260238964
start_2020_no_dot,daily,2025-06-29,0.009049612275852117
start_2020_no_dot,daily,2025-06-30,0.008979444054202312
start_2020_no_dot,daily,2025-07-01,0.011298476567652621
start_2020_no_dot,daily,2025-07-02,0.012985576966958484
start_2020_no_dot,daily,2025-07-03,0.016677442538741927
start_2020_no_dot,daily,2025-07-04,0.008817662404921336
start_2020_no_dot,daily,2025-07-05,0.011200543137200078
start_2020_no_dot,daily,2025-07-06,0.0025273174375328167
start_2020_no_dot,daily,2025-07-07,0.010942219563290084
start_2020_no_dot,daily,2025-07-08,0.006370084767889347
start_2020_no_dot,daily,2025-07-09,0.009546441887643406
start_2020_no_dot,daily,2025-07-10,0.019074573819335763
start_2020_no_dot,daily,2025-07-11,0.017726854634856085
start_2020_no_dot,daily,2025-07-12,0.03588715395853953
start_2020_no_dot,daily,2025-07-13,0.01821236525461073
start_2020_no_dot,daily,2025-07-14,0.030850368094542238
start_2020_no_dot,daily,2025-07-15,0.010399491950360162
start_2020_no_dot,daily,2025-07-16,0.017454905069157187
start_2020_no_dot,daily,2025-07-17,0.01893388838363097
start_2020_no_dot,daily,2025-07-18,0.035486833969156195
start_2020_no_dot,daily,2025-07-19,0.04030340290859466
start_2020_no_dot,daily,2025-07-20,0.0245201867271546
start_2020_no_dot,daily,2025-07-21,0.02790228595024885
start_2020_no_dot,daily,2025-07-22,0.016844667042168526
start_2020_no_dot,daily,2025-07-23,0.008823051165925466
start_2020_no_dot,daily,2025-07-24,0.032483205522630385
start_2020_no_dot,daily,2025-07-25,0.011455991581873728
start_2020_no_dot,daily,2025-07-26,0.013666691381649804
start_2020_no_dot,daily,2025-07-27,0.002939779199266107
start_2020_no_dot,daily,2025-07-28,0.011566081997300526
start_2020_no_dot,daily,2025-07-29,0.020123529486276687
start_2020_no_dot,daily,2025-07-30,0.010602626751954225
start_2020_no_dot,daily,2025-07-31,0.017159300085215254
start_2020_no_dot,daily,2025-08-01,0.011071559853410615
start_2020_no_dot,daily,2025-08-02,0.016472126226435457
start_2020_no_dot,daily,2025-08-03,0.014027099908875768
start_2020_no_dot,daily,2025-08-04,0.01283843413494097
start_2020_no_dot,daily,2025-08-05,0.01639058218167877
start_2020_no_dot,daily,2025-08-06,0.01438314459955764
start_2020_no_dot,daily,2025-08-07,0.009074362827850027
start_2020_no_dot,daily,2025-08-08,0.028038488984348325
start_2020_no_dot,daily,2025-08-09,0.019270042083277455
start_2020_no_dot,daily,2025-08-10,0.035267016762514175
start_2020_no_dot,daily,2025-08-11,0.012993591145895156
start_2020_no_dot,daily,2025-08-12,0.019908641064388555
start_2020_no_dot,daily,2025-08-13,0.02253758343252822
start_2020_no_dot,daily,2025-08-14,0.015915573018243367
start_2020_no_dot,daily,2025-08-15,0.026146893155164774
start_2020_no_dot,daily,2025-08-16,0.014149853937692594
start_2020_no_dot,daily,2025-08-17,0.012983087323150455
start_2020_no_dot,daily,2025-08-18,0.025632228366082102
start_2020_no_dot,daily,2025-08-19,0.012947394297519718
start_2020_no_dot,daily,2025-08-20,0.01869053725546474
start_2020_no_dot,daily,2025-08-21,0.0199909800357492
start_2020_no_dot,daily,2025-08-22,0.011603887490960904
start_2020_no_dot,daily,2025-08-23,0.026772859974695445
start_2020_no_dot,daily,2025-08-24,0.003223234319342169
start_2020_no_dot,daily,2025-08-25,0.009184575218670152
start_2020_no_dot,daily,2025-08-26,0.018355946962243033
start_2020_no_dot,daily,2025-08-27,0.010247135179501321
start_2020_no_dot,daily,2025-08-28,0.009463801964014598
start_2020_no_dot,daily,2025-08-29,0.010297212586615923
start_2020_no_dot,daily,2025-08-30,0.011022600440391814
start_2020_no_dot,daily,2025-08-31,0.007785504599490484
start_2020_no_dot,daily,2025-09-01,0.006281072946568669
start_2020_no_dot,daily,2025-09-02,0.009229732492649093
start_2020_no_dot,daily,2025-09-03,0.015220326977653464
start_2020_no_dot,daily,2025-09-04,0.010876986225987803
start_2020_no_dot,daily,2025-09-05,0.009483044046636607
start_2020_no_dot,daily,2025-09-06,0.011466100493119274
start_2020_no_dot,daily,2025-09-07,0.008950265861378467
start_2020_no_dot,daily,2025-09-08,0.012096196201243997
start_2020_no_dot,daily,2025-09-09,0.02104270214131783
start_2020_no_dot,daily,2025-09-10,0.00575219527690643
start_2020_no_dot,daily,2025-09-11,0.008940036694409015
start_2020_no_dot,daily,2025-09-12,0.010401436988020263
start_2020_no_dot,daily,2025-09-13,0.013931262977683712
start_2020_no_dot,daily,2025-09-14,0.010844264788650484
start_2020_no_dot,daily,2025-09-15,0.015269332682297243
start_2020_no_dot,daily,2025-09-16,0.00949496074541159
start_2020_no_dot,daily,2025-09-17,0.0066995059631139026
start_2020_no_dot,daily,2025-09-18,0.010274586993818072
start_2020_no_dot,daily,2025-09-19,0.008466266860288618
start_2020_no_dot,daily,2025-09-20,0.0098935184686358
start_2020_no_dot,daily,2025-09-21,0.00446140903526053
start_2020_no_dot,daily,2025-09-22,0.006330470084142517
start_2020_no_dot,daily,2025-09-23,0.01868231605282994
start_2020_no_dot,daily,2025-09-24,0.0062252439156278705
start_2020_no_dot,daily,2025-09-25,0.01068218290441142
start_2020_no_dot,daily,2025-09-26,0.018204397223469795
start_2020_no_dot,daily,2025-09-27,0.010616539846387496
start_2020_no_dot,daily,2025-09-28,0.004037112211528138
start_2020_no_dot,daily,2025-09-29,0.006984448998242188
start_2020_no_dot,daily,2025-09-30,0.006246491821419578
start_2020_no_dot,daily,2025-10-01,0.006131701069418752
start_2020_no_dot,daily,2025-10-02,0.013363931510841143
start_2020_no_dot,daily,2025-10-03,0.011406786525191323
start_2020_no_dot,daily,2025-10-04,0.008467639308130187
start_2020_no_dot,daily,2025-10-05,0.011804814234288988
start_2020_no_dot,daily,2025-10-06,0.004912599291064398
start_2020_no_dot,daily,2025-10-07,0.017246562342545832
start_2020_no_dot,daily,2025-10-08,0.015615442240191874
start_2020_no_dot,daily,2025-10-09,0.008006864215334933
start_2020_no_dot,daily,2025-10-10,0.016001741903224842
start_2020_no_dot,daily,2025-10-11,0.06876734018673099
start_2020_no_dot,daily,2025-10-12,0.019787490316431483
start_2020_no_dot,daily,2025-10-13,0.02658995577899141
start_2020_no_dot,daily,2025-10-14,0.013595810535231359
start_2020_no_dot,daily,2025-10-15,0.009690073624245454
start_2020_no_dot,daily,2025-10-16,0.011734499033529244
start_2020_no_dot,daily,2025-10-17,0.0069862016302912056
start_2020_no_dot,daily,2025-10-18,0.0128503395077752
start_2020_no_dot,daily,2025-10-19,0.006396473397465366
start_2020_no_dot,daily,2025-10-20,0.006295884295622806
start_2020_no_dot,daily,2025-10-21,0.014279634988251869
start_2020_no_dot,daily,2025-10-22,0.011885838289782083
start_2020_no_dot,daily,2025-10-23,0.006986291846157594
start_2020_no_dot,daily,2025-10-24,0.008423091550705308
start_2020_no_dot,daily,2025-10-25,0.012261701131386762
start_2020_no_dot,daily,2025-10-26,0.009356190094277475
start_2020_no_dot,daily,2025-10-27,0.015962116975010265
start_2020_no_dot,daily,2025-10-28,0.0073554288196008705
start_2020_no_dot,daily,2025-10-29,0.011271902638206821
start_2020_no_dot,daily,2025-10-30,0.011289135419217111
start_2020_no_dot,daily,2025-10-31,0.016803574380482703
start_2020_no_dot,daily,2025-11-01,0.008257573304718033
start_2020_no_dot,daily,2025-11-02,0.015560280732730816
start_2020_no_dot,daily,2025-11-03,0.010414540379347179
start_2020_no_dot,daily,2025-11-04,0.02254123784248395
start_2020_no_dot,daily,2025-11-05,0.0179805288613165
start_2020_no_dot,daily,2025-11-06,0.011709255299808319
start_2020_no_dot,daily,2025-11-07,0.0090184925047945
start_2020_no_dot,daily,2025-11-08,0.04034003575105033
start_2020_no_dot,daily,2025-11-09,0.016656552945670478
start_2020_no_dot,daily,2025-11-10,0.013924151111899152
start_2020_no_dot,daily,2025-11-11,0.018871717117376743
start_2020_no_dot,daily,2025-11-12,0.015839930968673796
start_2020_no_dot,daily,2025-11-13,0.006825927646103541
start_2020_no_dot,daily,2025-11-14,0.013233040813766236
start_2020_no_dot,daily,2025-11-15,0.01683504299409866
start_2020_no_dot,daily,2025-11-16,0.014816520916187195
start_2020_no_dot,daily,2025-11-17,0.01104687283140375
start_2020_no_dot,daily,2025-11-18,0.01341706335749554
start_2020_no_dot,daily,2025-11-19,0.015569328551259906
start_2020_no_dot,daily,2025-11-20,0.013160700908067341
start_2020_no_dot,daily,2025-11-21,0.014219626728504464
start_2020_no_dot,daily,2025-11-22,0.02990626930117342
start_2020_no_dot,daily,2025-11-23,0.008377409551182047
start_2020_no_dot,daily,2025-11-24,0.019495529259975955
start_2020_no_dot,daily,2025-11-25,0.01642097730385096
start_2020_no_dot,daily,2025-11-26,0.009917753893504147
start_2020_no_dot,daily,2025-11-27,0.01009689059938057
start_2020_no_dot,daily,2025-11-28,0.007968940456514167
start_2020_no_dot,daily,2025-11-29,0.011997471009956615
start_2020_no_dot,daily,2025-11-30,0.010036301011719526
start_2020_no_dot,daily,2025-12-01,0.011079709712202054
start_2020_no_dot,daily,2025-12-02,0.013611418454828397
start_2020_no_dot,daily,2025-12-03,0.021654909211518428
start_2020_no_dot,daily,2025-12-04,0.019835241766672992
start_2020_no_dot,daily,2025-12-05,0.010737991276993028
start_2020_no_dot,daily,2025-12-06,0.011607240867087754
start_2020_no_dot,daily,2025-12-07,0.010589763895964374
start_2020_no_dot,daily,2025-12-08,0.010669597788876176
start_2020_no_dot,daily,2025-12-09,0.0158674412221214
start_2020_no_dot,daily,2025-12-10,0.01881860060668525
start_2020_no_dot,daily,2025-12-11,0.009010704586920298
start_2020_no_dot,daily,2025-12-12,0.015163741001254297
start_2020_no_dot,daily,2025-12-13,0.010299030786909996
start_2020_no_dot,daily,2025-12-14,0.007176123732354364
start_2020_no_dot,daily,2025-12-15,0.011440534513125739
start_2020_no_dot,daily,2025-12-16,0.010504720490687236
start_2020_no_dot,daily,2025-12-17,0.009014770704256256
start_2020_no_dot,daily,2025-12-18,0.015253823991838333
start_2020_no_dot,daily,2025-12-19,0.016511141648850494
start_2020_no_dot,daily,2025-12-20,0.017373281045064068
start_2020_no_dot,daily,2025-12-21,0.010055144090606552
start_2020_no_dot,daily,2025-12-22,0.008781999041935051
start_2020_no_dot,daily,2025-12-23,0.007530149458492202
start_2020_no_dot,daily,2025-12-24,0.005634761061857674
start_2020_no_dot,daily,2025-12-25,0.005426856202230532
start_2020_no_dot,daily,2025-12-26,0.014240523942448055
start_2020_no_dot,daily,2025-12-27,0.006131907361796141
start_2020_no_dot,daily,2025-12-28,0.014437658696651354
start_2020_no_dot,daily,2025-12-29,0.003121334782379817
start_2020_no_dot,daily,2025-12-30,0.010653524911292067
start_2020_no_dot,daily,2025-12-31,0.009122423605145619
start_2020_no_dot,daily,2026-01-01,0.01682205491049349
start_2020_no_dot,daily,2026-01-02,0.020927882648100374
start_2020_no_dot,daily,2026-01-03,0.02532253572574303
start_2020_no_dot,daily,2026-01-04,0.013952059279104215
start_2020_no_dot,daily,2026-01-05,0.017043365662897436
start_2020_no_dot,daily,2026-01-06,0.02578990827763905
start_2020_no_dot,daily,2026-01-07,0.011102575290363778
start_2020_no_dot,daily,2026-01-08,0.013750106550919378
start_2020_no_dot,daily,2026-01-09,0.007553034773160938
start_2020_no_dot,daily,2026-01-10,0.006203649755855384
start_2020_no_dot,daily,2026-01-11,0.0054011430203674965
start_2020_no_dot,daily,2026-01-12,0.010244929066821382
start_2020_no_dot,daily,2026-01-13,0.010496326001420156
start_2020_no_dot,daily,2026-01-14,0.025287315184430073
start_2020_no_dot,daily,2026-01-15,0.009540592264357065
start_2020_no_dot,daily,2026-01-16,0.01901603902743336
start_2020_no_dot,daily,2026-01-17,0.011285509186210421
start_2020_no_dot,daily,2026-01-18,0.008263467172572106
start_2020_no_dot,daily,2026-01-19,0.016626326485441212
start_2020_no_dot,daily,2026-01-20,0.006271988330174089
start_2020_no_dot,daily,2026-01-21,0.009611057284960423
start_2020_no_dot,daily,2026-01-22,0.0072037707446569454
start_2020_no_dot,daily,2026-01-23,0.010323742185158455
start_2020_no_dot,daily,2026-01-24,0.005352241934756266
start_2020_no_dot,daily,2026-01-25,0.0020981561663487996
start_2020_no_dot,daily,2026-01-26,0.012544908867211893
start_2020_no_dot,daily,2026-01-27,0.01016742607517418
start_2020_no_dot,daily,2026-01-28,0.011663139745548251
start_2020_no_dot,daily,2026-01-29,0.005848018935414159
start_2020_no_dot,daily,2026-01-30,0.011634439640987398
start_2020_no_dot,daily,2026-01-31,0.01451590300937522
start_2020_no_dot,daily,2026-02-01,0.0186460525946167
start_2020_no_dot,daily,2026-02-02,0.018411183261292777
start_2020_no_dot,daily,2026-02-03,0.010758341097647561
start_2020_no_dot,daily,2026-02-04,0.01098406054540671
start_2020_no_dot,daily,2026-02-05,0.011121906558245173
start_2020_no_dot,daily,2026-02-06,0.020130034212974726
start_2020_no_dot,daily,2026-02-07,0.025863943104626905
start_2020_no_dot,daily,2026-02-08,0.011192383284686816
start_2020_no_dot,daily,2026-02-09,0.00854409978865775
start_2020_no_dot,daily,2026-02-10,0.004858656849442769
start_2020_no_dot,daily,2026-02-11,0.009517922264407772
start_2020_no_dot,daily,2026-02-12,0.006216865393259177
start_2020_no_dot,daily,2026-02-13,0.011834900178588792
start_2020_no_dot,daily,2026-02-14,0.016174416641893577
start_2020_no_dot,daily,2026-02-15,0.03344071694390599
start_2020_no_dot,daily,2026-02-16,0.016467500949309016
start_2020_no_dot,daily,2026-02-17,0.009135922627531434
start_2020_no_dot,daily,2026-02-18,0.006086982722314185
start_2020_no_dot,daily,2026-02-19,0.00694613233907726
start_2020_no_dot,daily,2026-02-20,0.008328066159225003
start_2020_no_dot,daily,2026-02-21,0.01617168839902637
start_2020_no_dot,daily,2026-02-22,0.009690072752900458
start_2020_no_dot,daily,2026-02-23,0.016162015590171705
start_2020_no_dot,daily,2026-02-24,0.019044617935376262
start_2020_no_dot,daily,2026-02-25,0.005314150666980641
start_2020_no_dot,daily,2026-02-26,0.03177793100819175
start_2020_no_dot,daily,2026-02-27,0.010158060528604726
start_2020_no_dot,daily,2026-02-28,0.009538254380033445
start_2020_no_dot,daily,2026-03-01,0.008083143673396187
start_2020_no_dot,daily,2026-03-02,0.006016860658037429
start_2020_no_dot,daily,2026-03-03,0.01120398002803949
start_2020_no_dot,daily,2026-03-04,0.012467471035547309
start_2020_no_dot,daily,2026-03-05,0.013348426444686035
start_2020_no_dot,daily,2026-03-06,0.007834982795554571
start_2020_no_dot,daily,2026-03-07,0.00963585718607804
start_2020_no_dot,daily,2026-03-08,0.006219444561775422
start_2020_no_dot,daily,2026-03-09,0.0056319564322660776
start_2020_no_dot,daily,2026-03-10,0.010334747302255337
start_2020_no_dot,daily,2026-03-11,0.012499395933882912
start_2020_no_dot,daily,2026-03-12,0.007230319022321741
start_2020_no_dot,daily,2026-03-13,0.005547210804263347
start_2020_no_dot,daily,2026-03-14,0.004711804999165764
start_2020_no_dot,daily,2026-03-15,0.009119772167742804
start_2020_no_dot,daily,2026-03-16,0.008438619537659744
start_2020_no_dot,daily,2026-03-17,0.019547118617633016
start_2020_no_dot,daily,2026-03-18,0.00980424433474894
start_2020_no_dot,daily,2026-03-19,0.011467358871394426
start_2020_no_dot,daily,2026-03-20,0.007308820994744822
start_2020_no_dot,daily,2026-03-21,0.008369542587470177
start_2020_no_dot,daily,2026-03-22,0.006605717412329376
start_2020_no_dot,daily,2026-03-23,0.008809695491530156
start_2020_no_dot,daily,2026-03-24,0.013839175406981263
start_2020_no_dot,daily,2026-03-25,0.010832880176451454
start_2020_no_dot,daily,2026-03-26,0.008045141786246837
start_2020_no_dot,daily,2026-03-27,0.011921977851017285
start_2020_no_dot,daily,2026-03-28,0.014309729127797877
start_2020_no_dot,daily,2026-03-29,0.007109415058785221
start_2020_no_dot,daily,2026-03-30,0.012583295648878084
start_2020_no_dot,daily,2026-03-31,0.00891288482054306
start_2020_no_dot,daily,2026-04-01,0.011056823841788674
start_2020_no_dot,daily,2026-04-02,0.009969580102955178
start_2020_no_dot,daily,2026-04-03,0.009612384879133323
start_2020_no_dot,daily,2026-04-04,0.009960890910654774
start_2020_no_dot,daily,2026-04-05,0.010696833705936395
start_2020_no_dot,daily,2026-04-06,0.008817789042031107
start_2020_no_dot,daily,2026-04-07,0.012784998231267497
start_2020_no_dot,daily,2026-04-08,0.013390912520378245
start_2020_no_dot,daily,2026-04-09,0.013723825403777687
start_2020_no_dot,daily,2026-04-10,0.0058381278589523244
start_2020_no_dot,daily,2026-04-11,0.006455724608266281
start_2020_no_dot,daily,2026-04-12,0.00700167398141284
start_2020_no_dot,daily,2026-04-13,0.011064120601341779
start_2020_no_dot,daily,2026-04-14,0.016010074530545315
start_2020_no_dot,daily,2026-04-15,0.0119859408069843
start_2020_no_dot,daily,2026-04-16,0.005033487742699155
start_2020_no_dot,daily,2026-04-17,0.01792672225605342
start_2020_no_dot,daily,2026-04-18,0.011226980863288646
start_2020_no_dot,daily,2026-04-19,0.010383435962587853
start_2020_no_dot,daily,2026-04-20,0.006348915184266224
start_2020_no_dot,daily,2026-04-21,0.005586964689993451
start_2020_no_dot,daily,2026-04-22,0.00518195244615656
start_2020_no_dot,daily,2026-04-23,0.01132452364992928
start_2020_no_dot,daily,2026-04-24,0.007142806804011789
start_2020_no_dot,daily,2026-04-25,0.00726823550337527
start_2020_no_dot,daily,2026-04-26,0.0048357142571886225
start_2020_no_dot,daily,2026-04-27,0.004975541082179943
start_2020_no_dot,daily,2026-04-28,0.007019010734076583
start_2020_no_dot,daily,2026-04-29,0.007257007280310229
start_2020_no_dot,daily,2026-04-30,0.010147260862677573
start_2020_no_dot,daily,2026-05-01,0.007294769232882636
start_2020_no_dot,daily,2026-05-02,0.006950450004254163
start_2020_no_dot,daily,2026-05-03,0.005153285543273989
start_2020_no_dot,daily,2026-05-04,0.005337248992013474
start_2020_no_dot,daily,2026-05-05,0.008629431774962074
start_2020_no_dot,daily,2026-05-06,0.013660151726152814
start_2020_no_dot,daily,2026-05-07,0.01003879860760866
start_2020_no_dot,daily,2026-05-08,0.00981105580340838
start_2020_no_dot,daily,2026-05-09,0.01656891820257421
start_2020_no_dot,daily,2026-05-10,0.00567066644941179
start_2020_no_dot,daily,2026-05-11,0.009669566907837199
start_2020_no_dot,daily,2026-05-12,0.008165354177089579
start_2020_no_dot,daily,2026-05-13,0.009938218265543364
start_2020_no_dot,daily,2026-05-14,0.009206806719084665
start_2020_no_dot,daily,2026-05-15,0.006519063253238033
start_2020_no_dot,daily,2026-05-16,0.009581404371893962
start_2020_no_dot,daily,2026-05-17,0.00840057079016461
start_2020_no_dot,daily,2026-05-18,0.007758695008220448
start_2020_no_dot,daily,2026-05-19,0.01515968045549107
start_2020_no_dot,daily,2026-05-20,0.00892477660794945
start_2020_no_dot,daily,2026-05-21,0.004554147686819027
start_2020_no_dot,daily,2026-05-22,0.007475044581641763
start_2020_no_dot,daily,2026-05-23,0.00704831477854484
start_2020_no_dot,daily,2026-05-24,0.008366315272297628
start_2020_no_dot,daily,2026-05-25,0.006463518429022
start_2020_no_dot,daily,2026-05-26,0.005152071639952252
start_2020_no_dot,daily,2026-05-27,0.006315118168473133
start_2020_no_dot,daily,2026-05-28,0.022484345637225275
start_2020_no_dot,daily,2026-05-29,0.04434581146794711
start_2020_no_dot,daily,2026-05-30,0.04614871971566323
start_2020_no_dot,daily,2026-05-31,0.02198141154263475
start_2020_no_dot,daily,2026-06-01,0.022018473077787246
start_2020_no_dot,daily,2026-06-02,0.013180256730559253
start_2020_no_dot,daily,2026-06-03,0.011312811265978676
start_2020_no_dot,daily,2026-06-04,0.02830192257767522
start_2020_no_dot,daily,2026-06-05,0.021594729015735156
start_2020_no_dot,daily,2026-06-06,0.03570157913309087
start_2020_no_dot,daily,2026-06-07,0.014923674708682694
start_2020_no_dot,daily,2026-06-08,0.01985429736586214
start_2020_no_dot,daily,2026-06-09,0.018046310146371633
start_2020_no_dot,daily,2026-06-10,0.009281909905994215
start_2020_no_dot,daily,2026-06-11,0.013907222892157747
start_2020_no_dot,daily,2026-06-12,0.012546114764912492
start_2020_no_dot,daily,2026-06-13,0.0064714150327598585
start_2020_no_dot,daily,2026-06-14,0.008088471104462688
start_2020_no_dot,daily,2026-06-15,0.010692588527637062
start_2020_no_dot,daily,2026-06-16,0.029324819075449385
start_2020_no_dot,daily,2026-06-17,0.010883795256391243
start_2020_no_dot,daily,2026-06-18,0.015279525086342283
start_2020_no_dot,daily,2026-06-19,0.015717767919392014
start_2020_no_dot,daily,2026-06-20,0.016588601423660962
start_2020_no_dot,daily,2026-06-21,0.007159261992639804
start_2020_no_dot,daily,2026-06-22,0.008723083037324025
start_2020_no_dot,daily,2026-06-23,0.010700915050896903
start_2020_no_dot,daily,2026-06-24,0.012638962974053328
start_2020_no_dot,daily,2026-06-25,0.007711387583337614
start_2020_no_dot,daily,2026-06-26,0.013354514235479176
start_2020_no_dot,daily,2026-06-27,0.011130253037732421
start_2020_no_dot,daily,2026-06-28,0.008135761453719817
start_2020_no_dot,daily,2026-06-29,0.0067726483148127375
start_2020_no_dot,daily,2026-06-30,0.008447112504512605
start_2020_no_dot,daily,2026-07-01,0.01840567383659869
start_2020_no_dot,daily,2026-07-02,0.015749217922474024
start_2020_no_dot,daily,2026-07-03,0.015388090264311746
start_2020_no_dot,daily,2026-07-04,0.016232458645350917
start_2020_no_dot,daily,2026-07-05,0.012778072308822525
start_2020_no_dot,daily,2026-07-06,0.01058147763494656
start_2020_no_dot,daily,2026-07-07,0.008876022403014522
start_2020_no_dot,daily,2026-07-08,0.013720933869797919
start_2020_no_dot,daily,2026-07-09,0.009835331227449645
start_2020_no_dot,daily,2026-07-10,0.006881556896910571
start_2020_no_dot,daily,2026-07-11,0.010019926624584341
start_2020_no_dot,daily,2026-07-12,0.004384959807191419
start_2020_no_dot,daily,2026-07-13,0.009914236184051364
start_2020_no_dot,daily,2026-07-14,0.007118161096402925
start_2020_no_dot,daily,2026-07-15,0.015187770647182339
start_2020_no_dot,daily,2026-07-16,0.012428254160343002
start_2020_no_dot,daily,2026-07-17,0.007530773946931094
start_2020_no_dot,daily,2026-07-18,0.00857318439992441
start_2020_no_dot,daily,2026-07-19,0.008105573917123077
start_2020_no_dot,daily,2026-07-20,0.005573965698389763
start_2020_no_dot,daily,2026-07-21,0.00949955032710012
start_2020_no_dot,daily,2026-07-22,0.00691759279881804
start_2020_no_dot,daily,2026-07-23,0.0064894262571731365
start_2020_no_dot,daily,2026-07-24,0.012195418076567793
start_2020_no_dot,daily,2026-07-25,0.009672664625349589
start_2020_no_dot,daily,2026-07-26,0.006972938418280061
start_2020_no_dot,daily,2026-07-27,0.013995341173572193
start_2020_no_dot,daily,2026-07-28,0.01100250605520875
start_2020_no_dot,daily,2026-07-29,0.008123523294553944
start_2020_no_dot,daily,2026-07-30,0.00643450236720057
start_2020_no_dot,daily,2026-07-31,0.008925593722508021
start_2020_no_dot,daily,2026-08-01,0.009796159480338518
start_2020_no_dot,weekly,2020-01-02,1.0
start_2020_no_dot,weekly,2020-01-06,0.03849620107737617
start_2020_no_dot,weekly,2020-01-13,0.0469638541932888
start_2020_no_dot,weekly,2020-01-20,0.08155469530550868
start_2020_no_dot,weekly,2020-01-27,0.02974037269010793
start_2020_no_dot,weekly,2020-02-03,0.05271312805966581
start_2020_no_dot,weekly,2020-02-10,0.051481938242230324
start_2020_no_dot,weekly,2020-02-17,0.08726477501799561
start_2020_no_dot,weekly,2020-02-24,0.03136623194687364
start_2020_no_dot,weekly,2020-03-02,0.05115389431715897
start_2020_no_dot,weekly,2020-03-09,0.04298068456155288
start_2020_no_dot,weekly,2020-03-16,0.09127321868222449
start_2020_no_dot,weekly,2020-03-23,0.04467210706002522
start_2020_no_dot,weekly,2020-03-30,0.018728834808578967
start_2020_no_dot,weekly,2020-04-06,0.02624824463688942
start_2020_no_dot,weekly,2020-04-13,0.07766233183605817
start_2020_no_dot,weekly,2020-04-20,0.02660573142838636
start_2020_no_dot,weekly,2020-04-27,0.0641139489362761
start_2020_no_dot,weekly,2020-05-04,0.04460794025412826
start_2020_no_dot,weekly,2020-05-11,0.04887200476359044
start_2020_no_dot,weekly,2020-05-18,0.027080222185215302
start_2020_no_dot,weekly,2020-05-25,0.025439838846952
start_2020_no_dot,weekly,2020-06-01,0.05624988831246605
start_2020_no_dot,weekly,2020-06-08,0.04223882427556323
start_2020_no_dot,weekly,2020-06-15,0.024937962148445417
start_2020_no_dot,weekly,2020-06-22,0.020622794370339925
start_2020_no_dot,weekly,2020-06-29,0.033833586670873245
start_2020_no_dot,weekly,2020-07-06,0.043079965749986474
start_2020_no_dot,weekly,2020-07-13,0.14141222647250473
start_2020_no_dot,weekly,2020-07-20,0.03562082808382783
start_2020_no_dot,weekly,2020-07-27,0.06620622684960413
start_2020_no_dot,weekly,2020-08-03,0.07382403548438608
start_2020_no_dot,weekly,2020-08-10,0.09625507768414604
start_2020_no_dot,weekly,2020-08-17,0.08814130835308455
start_2020_no_dot,weekly,2020-08-24,0.043071517518673996
start_2020_no_dot,weekly,2020-08-31,0.04602420380577053
start_2020_no_dot,weekly,2020-09-07,0.077912514985922
start_2020_no_dot,weekly,2020-09-14,0.023573564137897046
start_2020_no_dot,weekly,2020-09-21,0.05385207555771146
start_2020_no_dot,weekly,2020-09-28,0.04799924209045671
start_2020_no_dot,weekly,2020-10-05,0.02925412734666362
start_2020_no_dot,weekly,2020-10-12,0.02838663607778104
start_2020_no_dot,weekly,2020-10-19,0.02905772956447658
start_2020_no_dot,weekly,2020-10-26,0.04389413458157043
start_2020_no_dot,weekly,2020-11-02,0.025896106495370094
start_2020_no_dot,weekly,2020-11-09,0.040766233615008016
start_2020_no_dot,weekly,2020-11-16,0.03601932091210942
start_2020_no_dot,weekly,2020-11-23,0.08692839925912896
start_2020_no_dot,weekly,2020-11-30,0.16004638817287142
start_2020_no_dot,weekly,2020-12-07,0.03658704477698893
start_2020_no_dot,weekly,2020-12-14,0.02877614095367366
start_2020_no_dot,weekly,2020-12-21,0.1100132419080197
start_2020_no_dot,weekly,2020-12-28,0.11634177891950843
start_2020_no_dot,weekly,2021-01-04,0.17533878144397136
start_2020_no_dot,weekly,2021-01-11,0.1559455939677984
start_2020_no_dot,weekly,2021-01-18,0.14255733618054414
start_2020_no_dot,weekly,2021-01-25,0.05383057633261215
start_2020_no_dot,weekly,2021-02-01,0.45030508593036633
start_2020_no_dot,weekly,2021-02-08,0.20628378680635504
start_2020_no_dot,weekly,2021-02-15,0.14530728828076567
start_2020_no_dot,weekly,2021-02-22,0.08440274229784454
start_2020_no_dot,weekly,2021-03-01,0.11567589369089562
start_2020_no_dot,weekly,2021-03-08,0.05635899419116394
start_2020_no_dot,weekly,2021-03-15,0.06956732262747253
start_2020_no_dot,weekly,2021-03-22,0.08174192725929431
start_2020_no_dot,weekly,2021-03-29,0.03292460315263897
start_2020_no_dot,weekly,2021-04-05,0.1324179538626843
start_2020_no_dot,weekly,2021-04-12,0.16490113414897106
start_2020_no_dot,weekly,2021-04-19,0.40793733242996133
start_2020_no_dot,weekly,2021-04-26,0.07250842831260407
start_2020_no_dot,weekly,2021-05-03,0.08352701816819831
start_2020_no_dot,weekly,2021-05-10,0.1935930541968507
start_2020_no_dot,weekly,2021-05-17,0.13247960596135344
start_2020_no_dot,weekly,2021-05-24,0.0944822972635716
start_2020_no_dot,weekly,2021-05-31,0.07152979610216306
start_2020_no_dot,weekly,2021-06-07,0.05070326904044395
start_2020_no_dot,weekly,2021-06-14,0.039100411313447644
start_2020_no_dot,weekly,2021-06-21,0.02582006483311626
start_2020_no_dot,weekly,2021-06-28,0.05125105314294015
start_2020_no_dot,weekly,2021-07-05,0.060977340638488836
start_2020_no_dot,weekly,2021-07-12,0.02083051121931677
start_2020_no_dot,weekly,2021-07-19,0.030254667255935994
start_2020_no_dot,weekly,2021-07-26,0.036783209784888735
start_2020_no_dot,weekly,2021-08-02,0.05668566585878178
start_2020_no_dot,weekly,2021-08-09,0.03804913855212623
start_2020_no_dot,weekly,2021-08-16,0.09766171286871146
start_2020_no_dot,weekly,2021-08-23,0.06209773082160702
start_2020_no_dot,weekly,2021-08-30,0.04199233874437494
start_2020_no_dot,weekly,2021-09-06,0.05619841496860785
start_2020_no_dot,weekly,2021-09-13,0.05614035557545609
start_2020_no_dot,weekly,2021-09-20,0.02508630914380071
start_2020_no_dot,weekly,2021-09-27,0.03551993875386868
start_2020_no_dot,weekly,2021-10-04,0.023272361495439098
start_2020_no_dot,weekly,2021-10-11,0.03701735505436997
start_2020_no_dot,weekly,2021-10-18,0.045160289624962324
start_2020_no_dot,weekly,2021-10-25,0.044272474810521587
start_2020_no_dot,weekly,2021-11-01,0.022681033967192676
start_2020_no_dot,weekly,2021-11-08,0.033862305194002656
start_2020_no_dot,weekly,2021-11-15,0.07101997291199298
start_2020_no_dot,weekly,2021-11-22,0.033552273360940896
start_2020_no_dot,weekly,2021-11-29,0.042576296598094046
start_2020_no_dot,weekly,2021-12-06,0.04976045596992397
start_2020_no_dot,weekly,2021-12-13,0.02623643531697066
start_2020_no_dot,weekly,2021-12-20,0.028916758200122628
start_2020_no_dot,weekly,2021-12-27,0.046305967739678655
start_2020_no_dot,weekly,2022-01-03,0.02078114428544002
start_2020_no_dot,weekly,2022-01-10,0.07409933274142852
start_2020_no_dot,weekly,2022-01-17,0.05443439617317908
start_2020_no_dot,weekly,2022-01-24,0.04096683526174438
start_2020_no_dot,weekly,2022-01-31,0.0349086007566549
start_2020_no_dot,weekly,2022-02-07,0.029059071500127612
start_2020_no_dot,weekly,2022-02-14,0.061595551347715216
start_2020_no_dot,weekly,2022-02-21,0.02688998036321842
start_2020_no_dot,weekly,2022-02-28,0.03413242457054051
start_2020_no_dot,weekly,2022-03-07,0.019925290315656388
start_2020_no_dot,weekly,2022-03-14,0.027200937369556324
start_2020_no_dot,weekly,2022-03-21,0.06225079779220773
start_2020_no_dot,weekly,2022-03-28,0.04704420163545962
start_2020_no_dot,weekly,2022-04-04,0.028791067617501734
start_2020_no_dot,weekly,2022-04-11,0.0406317083703019
start_2020_no_dot,weekly,2022-04-18,0.037645236080504615
start_2020_no_dot,weekly,2022-04-25,0.02971575178185072
start_2020_no_dot,weekly,2022-05-02,0.060909437236650626
start_2020_no_dot,weekly,2022-05-09,0.055970281373358285
start_2020_no_dot,weekly,2022-05-16,0.04773064469184095
start_2020_no_dot,weekly,2022-05-23,0.03420709434979158
start_2020_no_dot,weekly,2022-05-30,0.054488716983724025
start_2020_no_dot,weekly,2022-06-06,0.057841875612854726
start_2020_no_dot,weekly,2022-06-13,0.05335355419425894
start_2020_no_dot,weekly,2022-06-20,0.09800920861160364
start_2020_no_dot,weekly,2022-06-27,0.04155474588226797
start_2020_no_dot,weekly,2022-07-04,0.024429485586512534
start_2020_no_dot,weekly,2022-07-11,0.02146146957111361
start_2020_no_dot,weekly,2022-07-18,0.06282577498297363
start_2020_no_dot,weekly,2022-07-25,0.0648463333332419
start_2020_no_dot,weekly,2022-08-01,0.06018913387740113
start_2020_no_dot,weekly,2022-08-08,0.019305838894429883
start_2020_no_dot,weekly,2022-08-15,0.04504815756264416
start_2020_no_dot,weekly,2022-08-22,0.041291064381194315
start_2020_no_dot,weekly,2022-08-29,0.023017203897452904
start_2020_no_dot,weekly,2022-09-05,0.04521856809116942
start_2020_no_dot,weekly,2022-09-12,0.04188062034882761
start_2020_no_dot,weekly,2022-09-19,0.06494332145470992
start_2020_no_dot,weekly,2022-09-26,0.07164132924434687
start_2020_no_dot,weekly,2022-10-03,0.03465376544546983
start_2020_no_dot,weekly,2022-10-10,0.03385940078559417
start_2020_no_dot,weekly,2022-10-17,0.0437471471975089
start_2020_no_dot,weekly,2022-10-24,0.019206340456825982
start_2020_no_dot,weekly,2022-10-31,0.13490732210422107
start_2020_no_dot,weekly,2022-11-07,0.04053239514273621
start_2020_no_dot,weekly,2022-11-14,0.04346409373689594
start_2020_no_dot,weekly,2022-11-21,0.0485586497470549
start_2020_no_dot,weekly,2022-11-28,0.0639978064411945
start_2020_no_dot,weekly,2022-12-05,0.030696758555303294
start_2020_no_dot,weekly,2022-12-12,0.02998150262967063
start_2020_no_dot,weekly,2022-12-19,0.050964998481271714
start_2020_no_dot,weekly,2022-12-26,0.02313333028330755
start_2020_no_dot,weekly,2023-01-02,0.020919435643902876
start_2020_no_dot,weekly,2023-01-09,0.053968688075108115
start_2020_no_dot,weekly,2023-01-16,0.029810313719647444
start_2020_no_dot,weekly,2023-01-23,0.02171158190018696
start_2020_no_dot,weekly,2023-01-30,0.017312065168716875
start_2020_no_dot,weekly,2023-02-06,0.020083732749029415
start_2020_no_dot,weekly,2023-02-13,0.02330045075505792
start_2020_no_dot,weekly,2023-02-20,0.02847125932424159
start_2020_no_dot,weekly,2023-02-27,0.0202986394149086
start_2020_no_dot,weekly,2023-03-06,0.020486104464174967
start_2020_no_dot,weekly,2023-03-13,0.03346615880574001
start_2020_no_dot,weekly,2023-03-20,0.044206551728024526
start_2020_no_dot,weekly,2023-03-27,0.049059074183342447
start_2020_no_dot,weekly,2023-04-03,0.04872252024636499
start_2020_no_dot,weekly,2023-04-10,0.019955944133938544
start_2020_no_dot,weekly,2023-04-17,0.03578069149885016
start_2020_no_dot,weekly,2023-04-24,0.02632377766330267
start_2020_no_dot,weekly,2023-05-01,0.013590945434165516
start_2020_no_dot,weekly,2023-05-08,0.018344930011077024
start_2020_no_dot,weekly,2023-05-15,0.019545621410284444
start_2020_no_dot,weekly,2023-05-22,0.037586451561420375
start_2020_no_dot,weekly,2023-05-29,0.017107711051971397
start_2020_no_dot,weekly,2023-06-05,0.033732368090156256
start_2020_no_dot,weekly,2023-06-12,0.06713176362196288
start_2020_no_dot,weekly,2023-06-19,0.024735746968581204
start_2020_no_dot,weekly,2023-06-26,0.103010943518287
start_2020_no_dot,weekly,2023-07-03,0.10621523136827542
start_2020_no_dot,weekly,2023-07-10,0.04042906325147211
start_2020_no_dot,weekly,2023-07-17,0.11739719609787724
start_2020_no_dot,weekly,2023-07-24,0.05373039476630599
start_2020_no_dot,weekly,2023-07-31,0.026624251380491334
start_2020_no_dot,weekly,2023-08-07,0.0377617433167589
start_2020_no_dot,weekly,2023-08-14,0.011060780482104446
start_2020_no_dot,weekly,2023-08-21,0.050504682709162474
start_2020_no_dot,weekly,2023-08-28,0.024785834803949983
start_2020_no_dot,weekly,2023-09-04,0.011645677240347208
start_2020_no_dot,weekly,2023-09-11,0.02730556727552169
start_2020_no_dot,weekly,2023-09-18,0.03620135421829497
start_2020_no_dot,weekly,2023-09-25,0.02821304575628561
start_2020_no_dot,weekly,2023-10-02,0.0333084998946066
start_2020_no_dot,weekly,2023-10-09,0.01621387984201375
start_2020_no_dot,weekly,2023-10-16,0.011314122664078982
start_2020_no_dot,weekly,2023-10-23,0.05253996316883573
start_2020_no_dot,weekly,2023-10-30,0.03126845045860835
start_2020_no_dot,weekly,2023-11-06,0.04658331908422282
start_2020_no_dot,weekly,2023-11-13,0.0552584513150058
start_2020_no_dot,weekly,2023-11-20,0.02372083772849813
start_2020_no_dot,weekly,2023-11-27,0.016386733004611256
start_2020_no_dot,weekly,2023-12-04,0.026793904316830736
start_2020_no_dot,weekly,2023-12-11,0.07210031378739437
start_2020_no_dot,weekly,2023-12-18,0.0219489156241936
start_2020_no_dot,weekly,2023-12-25,0.019805696786979285
start_2020_no_dot,weekly,2024-01-01,0.028698012309048185
start_2020_no_dot,weekly,2024-01-08,0.048376771203186175
start_2020_no_dot,weekly,2024-01-15,0.059503061285377454
start_2020_no_dot,weekly,2024-01-22,0.032773146660669286
start_2020_no_dot,weekly,2024-01-29,0.02887503129257278
start_2020_no_dot,weekly,2024-02-05,0.05153048005430659
start_2020_no_dot,weekly,2024-02-12,0.03637969946305113
start_2020_no_dot,weekly,2024-02-19,0.042275732929079865
start_2020_no_dot,weekly,2024-02-26,0.027679542359940787
start_2020_no_dot,weekly,2024-03-04,0.14103629596899442
start_2020_no_dot,weekly,2024-03-11,0.06047344276163612
start_2020_no_dot,weekly,2024-03-18,0.03485431588968241
start_2020_no_dot,weekly,2024-03-25,0.05760301957374288
start_2020_no_dot,weekly,2024-04-01,0.0850179969519153
start_2020_no_dot,weekly,2024-04-08,0.02905184386911118
start_2020_no_dot,weekly,2024-04-15,0.06315759339294837
start_2020_no_dot,weekly,2024-04-22,0.031712791736939014
start_2020_no_dot,weekly,2024-04-29,0.042918417824388266
start_2020_no_dot,weekly,2024-05-06,0.02858957395284263
start_2020_no_dot,weekly,2024-05-13,0.030786749913149142
start_2020_no_dot,weekly,2024-05-20,0.045624885054299194
start_2020_no_dot,weekly,2024-05-27,0.061248215802085546
start_2020_no_dot,weekly,2024-06-03,0.028382740017206046
start_2020_no_dot,weekly,2024-06-10,0.0349693936277683
start_2020_no_dot,weekly,2024-06-17,0.02770523579535278
start_2020_no_dot,weekly,2024-06-24,0.037627056543457035
start_2020_no_dot,weekly,2024-07-01,0.019049510461909266
start_2020_no_dot,weekly,2024-07-08,0.045916406542059
start_2020_no_dot,weekly,2024-07-15,0.050861461207694206
start_2020_no_dot,weekly,2024-07-22,0.04595535424374601
start_2020_no_dot,weekly,2024-07-29,0.04304502512612654
start_2020_no_dot,weekly,2024-08-05,0.03464733191948062
start_2020_no_dot,weekly,2024-08-12,0.04113865298510205
start_2020_no_dot,weekly,2024-08-19,0.024827094363435998
start_2020_no_dot,weekly,2024-08-26,0.046370784286188516
start_2020_no_dot,weekly,2024-09-02,0.029496278509986984
start_2020_no_dot,weekly,2024-09-09,0.021980470547351694
start_2020_no_dot,weekly,2024-09-16,0.02904447504797815
start_2020_no_dot,weekly,2024-09-23,0.026745506486247544
start_2020_no_dot,weekly,2024-09-30,0.04073473281525329
start_2020_no_dot,weekly,2024-10-07,0.03111970029675662
start_2020_no_dot,weekly,2024-10-14,0.018808391675728828
start_2020_no_dot,weekly,2024-10-21,0.04943591798816965
start_2020_no_dot,weekly,2024-10-28,0.0343896191791974
start_2020_no_dot,weekly,2024-11-04,0.021648485001546452
start_2020_no_dot,weekly,2024-11-11,0.135042729771878
start_2020_no_dot,weekly,2024-11-18,0.17719684246446205
start_2020_no_dot,weekly,2024-11-25,0.2108382178800911
start_2020_no_dot,weekly,2024-12-02,0.10145571429983931
start_2020_no_dot,weekly,2024-12-09,0.10675261317817247
start_2020_no_dot,weekly,2024-12-16,0.06288669319555677
start_2020_no_dot,weekly,2024-12-23,0.04587194375883112
start_2020_no_dot,weekly,2024-12-30,0.02335166237905438
start_2020_no_dot,weekly,2025-01-06,0.06348647942357058
start_2020_no_dot,weekly,2025-01-13,0.04876204044037789
start_2020_no_dot,weekly,2025-01-20,0.06501284450509663
start_2020_no_dot,weekly,2025-01-27,0.031810696984392636
start_2020_no_dot,weekly,2025-02-03,0.04344974875197173
start_2020_no_dot,weekly,2025-02-10,0.04291071827822904
start_2020_no_dot,weekly,2025-02-17,0.0481122263146236
start_2020_no_dot,weekly,2025-02-24,0.034707118182640856
start_2020_no_dot,weekly,2025-03-03,0.09049478855258719
start_2020_no_dot,weekly,2025-03-10,0.11299088278001965
start_2020_no_dot,weekly,2025-03-17,0.03511946821656391
start_2020_no_dot,weekly,2025-03-24,0.028552597197995633
start_2020_no_dot,weekly,2025-03-31,0.025878672779835618
start_2020_no_dot,weekly,2025-04-07,0.04381890184976374
start_2020_no_dot,weekly,2025-04-14,0.03323218317254038
start_2020_no_dot,weekly,2025-04-21,0.027922261891054886
start_2020_no_dot,weekly,2025-04-28,0.03737311060808078
start_2020_no_dot,weekly,2025-05-05,0.028527822885699106
start_2020_no_dot,weekly,2025-05-12,0.06645310947613932
start_2020_no_dot,weekly,2025-05-19,0.031609292102229375
start_2020_no_dot,weekly,2025-05-26,0.026159018932282466
start_2020_no_dot,weekly,2025-06-02,0.03317327133595811
start_2020_no_dot,weekly,2025-06-09,0.02047905234787445
start_2020_no_dot,weekly,2025-06-16,0.031044275718587713
start_2020_no_dot,weekly,2025-06-23,0.04152361161608231
start_2020_no_dot,weekly,2025-06-30,0.02535358150016713
start_2020_no_dot,weekly,2025-07-07,0.01916981642476684
start_2020_no_dot,weekly,2025-07-14,0.11849870742195939
start_2020_no_dot,weekly,2025-07-21,0.09650601247596964
start_2020_no_dot,weekly,2025-07-28,0.041810582674931956
start_2020_no_dot,weekly,2025-08-04,0.04825653253447734
start_2020_no_dot,weekly,2025-08-11,0.06192807032861218
start_2020_no_dot,weekly,2025-08-18,0.05996694958409102
start_2020_no_dot,weekly,2025-08-25,0.029501926185388314
start_2020_no_dot,weekly,2025-09-01,0.021827614351912952
start_2020_no_dot,weekly,2025-09-08,0.03297418100252508
start_2020_no_dot,weekly,2025-09-15,0.033680835899660616
start_2020_no_dot,weekly,2025-09-22,0.018163099274138617
start_2020_no_dot,weekly,2025-09-29,0.02077325627534969
start_2020_no_dot,weekly,2025-10-06,0.025938255619314815
start_2020_no_dot,weekly,2025-10-13,0.042345012191745676
start_2020_no_dot,weekly,2025-10-20,0.020674356609238054
start_2020_no_dot,weekly,2025-10-27,0.03302898877783468
start_2020_no_dot,weekly,2025-11-03,0.027583221144803244
start_2020_no_dot,weekly,2025-11-10,0.036228153646116465
start_2020_no_dot,weekly,2025-11-17,0.041953676597135656
start_2020_no_dot,weekly,2025-11-24,0.04678943388472766
start_2020_no_dot,weekly,2025-12-01,0.018114122022793444
start_2020_no_dot,weekly,2025-12-08,0.03793894531948466
start_2020_no_dot,weekly,2025-12-15,0.010250574700529466
start_2020_no_dot,weekly,2025-12-22,0.03169189716253816
start_2020_no_dot,weekly,2025-12-29,0.020846990691306203
start_2020_no_dot,weekly,2026-01-05,0.03285004072243633
start_2020_no_dot,weekly,2026-01-12,0.021218664510526133
start_2020_no_dot,weekly,2026-01-19,0.04135012824965112
start_2020_no_dot,weekly,2026-01-26,0.024934454152682153
start_2020_no_dot,weekly,2026-02-02,0.033080970156853406
start_2020_no_dot,weekly,2026-02-09,0.026388633880252324
start_2020_no_dot,weekly,2026-02-16,0.027395876063457406
start_2020_no_dot,weekly,2026-02-23,0.02933155728427715
start_2020_no_dot,weekly,2026-03-02,0.0367325591020167
start_2020_no_dot,weekly,2026-03-09,0.025264913778752757
start_2020_no_dot,weekly,2026-03-16,0.023055930234469016
start_2020_no_dot,weekly,2026-03-23,0.026942419385393032
start_2020_no_dot,weekly,2026-03-30,0.025740177157498753
start_2020_no_dot,weekly,2026-04-06,0.03265416014056843
start_2020_no_dot,weekly,2026-04-13,0.027964160216083764
start_2020_no_dot,weekly,2026-04-20,0.01650353402529932
start_2020_no_dot,weekly,2026-04-27,0.014617352148107637
start_2020_no_dot,weekly,2026-05-04,0.0299672980508897
start_2020_no_dot,weekly,2026-05-11,0.041435376435043386
start_2020_no_dot,weekly,2026-05-18,0.03980284734400051
start_2020_no_dot,weekly,2026-05-25,0.030864435975356444
start_2020_no_dot,weekly,2026-06-01,0.12890012737905768
start_2020_no_dot,weekly,2026-06-08,0.055751082341311556
start_2020_no_dot,weekly,2026-06-15,0.03967757914392078
start_2020_no_dot,weekly,2026-06-22,0.046547382435040766
start_2020_no_dot,weekly,2026-06-29,0.03383649482096422
start_2020_no_dot,weekly,2026-07-06,0.06548073277551654
start_2020_no_dot,weekly,2026-07-13,0.038373992841116936
start_2020_no_dot,weekly,2026-07-20,0.02733694212272693
start_2020_no_dot,weekly,2026-07-27,0.013266116044941809
start_2020_no_dot,monthly,2020-01-02,1.0
start_2020_no_dot,monthly,2020-02-01,0.16583142039857673
start_2020_no_dot,monthly,2020-03-01,0.14546314536794447
start_2020_no_dot,monthly,2020-04-01,0.07987344920065022
start_2020_no_dot,monthly,2020-05-01,0.11269453576596375
start_2020_no_dot,monthly,2020-06-01,0.08700859500021285
start_2020_no_dot,monthly,2020-07-01,0.07330337538409805
start_2020_no_dot,monthly,2020-08-01,0.0870901299541875
start_2020_no_dot,monthly,2020-09-01,0.20941791950680533
start_2020_no_dot,monthly,2020-10-01,0.06340606884561893
start_2020_no_dot,monthly,2020-11-01,0.08607782048610045
start_2020_no_dot,monthly,2020-12-01,0.2477823731910624
start_2020_no_dot,monthly,2021-01-01,0.28457328079635263
start_2020_no_dot,monthly,2021-02-01,0.4980180756074326
start_2020_no_dot,monthly,2021-03-01,0.2908405535415898
start_2020_no_dot,monthly,2021-04-01,0.14949964501191187
start_2020_no_dot,monthly,2021-05-01,0.4931852595521998
start_2020_no_dot,monthly,2021-06-01,0.2998236651707964
start_2020_no_dot,monthly,2021-07-01,0.09129790129392815
start_2020_no_dot,monthly,2021-08-01,0.08611341564558797
start_2020_no_dot,monthly,2021-09-01,0.13779595748017787
start_2020_no_dot,monthly,2021-10-01,0.08634932783026729
start_2020_no_dot,monthly,2021-11-01,0.09008222212228753
start_2020_no_dot,monthly,2021-12-01,0.08207149252792509
start_2020_no_dot,monthly,2022-01-01,0.043394744498133825
start_2020_no_dot,monthly,2022-02-01,0.060794067761220066
start_2020_no_dot,monthly,2022-03-01,0.09353408317682683
start_2020_no_dot,monthly,2022-04-01,0.0771093616625949
start_2020_no_dot,monthly,2022-05-01,0.11063125318836273
start_2020_no_dot,monthly,2022-06-01,0.1547524328440455
start_2020_no_dot,monthly,2022-07-01,0.12998019367591646
start_2020_no_dot,monthly,2022-08-01,0.20574534245076462
start_2020_no_dot,monthly,2022-09-01,0.026930975941297064
start_2020_no_dot,monthly,2022-10-01,0.10840023925092912
start_2020_no_dot,monthly,2022-11-01,0.17177013759750726
start_2020_no_dot,monthly,2022-12-01,0.13006143746713295
start_2020_no_dot,monthly,2023-01-01,0.09862323014295205
start_2020_no_dot,monthly,2023-02-01,0.06412950495966409
start_2020_no_dot,monthly,2023-03-01,0.05420869911789908
start_2020_no_dot,monthly,2023-04-01,0.12034521468147506
start_2020_no_dot,monthly,2023-05-01,0.055684340035043176
start_2020_no_dot,monthly,2023-06-01,0.058000560042261826
start_2020_no_dot,monthly,2023-07-01,0.23688126822559918
start_2020_no_dot,monthly,2023-08-01,0.15713898283644867
start_2020_no_dot,monthly,2023-09-01,0.07202433062799293
start_2020_no_dot,monthly,2023-10-01,0.07912118715272266
start_2020_no_dot,monthly,2023-11-01,0.07110937842906637
start_2020_no_dot,monthly,2023-12-01,0.08821955559617398
start_2020_no_dot,monthly,2024-01-01,0.08468867378028973
start_2020_no_dot,monthly,2024-02-01,0.08926404900063871
start_2020_no_dot,monthly,2024-03-01,0.07951740225838744
start_2020_no_dot,monthly,2024-04-01,0.2359376775120176
start_2020_no_dot,monthly,2024-05-01,0.10301000616948715
start_2020_no_dot,monthly,2024-06-01,0.09506469093540625
start_2020_no_dot,monthly,2024-07-01,0.0727072822010768
start_2020_no_dot,monthly,2024-08-01,0.07927999545104522
start_2020_no_dot,monthly,2024-09-01,0.08213931637083087
start_2020_no_dot,monthly,2024-10-01,0.02454156974180699
start_2020_no_dot,monthly,2024-11-01,0.10179703021218639
start_2020_no_dot,monthly,2024-12-01,0.46008739274325317
start_2020_no_dot,monthly,2025-01-01,0.15910344235228085
start_2020_no_dot,monthly,2025-02-01,0.10592446797177181
start_2020_no_dot,monthly,2025-03-01,0.1265353150081176
start_2020_no_dot,monthly,2025-04-01,0.0954025953195469
start_2020_no_dot,monthly,2025-05-01,0.04417565229841247
start_2020_no_dot,monthly,2025-06-01,0.07661910269865876
start_2020_no_dot,monthly,2025-07-01,0.0725384268768245
start_2020_no_dot,monthly,2025-08-01,0.09286847334926714
start_2020_no_dot,monthly,2025-09-01,0.09405869985895882
start_2020_no_dot,monthly,2025-10-01,0.047104043988918654
start_2020_no_dot,monthly,2025-11-01,0.06034809563018971
start_2020_no_dot,monthly,2025-12-01,0.08143501697440371
start_2020_no_dot,monthly,2026-01-01,0.09352497202595912
start_2020_no_dot,monthly,2026-02-01,0.05090177306167243
start_2020_no_dot,monthly,2026-03-01,0.041630700130511886
start_2020_no_dot,monthly,2026-04-01,0.04847850237310536
start_2020_no_dot,monthly,2026-05-01,0.04265991194790529
start_2020_no_dot,monthly,2026-06-01,0.12731398744860511
start_2020_no_dot,monthly,2026-07-01,0.08084147676573585
start_2020_no_dot,monthly,2026-08-01,0.0627923589657959
exclude_dot_same_window,buyhold,2020-08-21,1.0
exclude_dot_same_window,daily,2020-08-21,1.0
exclude_dot_same_window,daily,2020-08-22,0.029264989116789097
exclude_dot_same_window,daily,2020-08-23,0.023076370367407534
exclude_dot_same_window,daily,2020-08-24,0.013063096965457363
exclude_dot_same_window,daily,2020-08-25,0.010600406011054733
exclude_dot_same_window,daily,2020-08-26,0.013995925463113582
exclude_dot_same_window,daily,2020-08-27,0.01494006866930081
exclude_dot_same_window,daily,2020-08-28,0.014897314757112937
exclude_dot_same_window,daily,2020-08-29,0.006972660777351702
exclude_dot_same_window,daily,2020-08-30,0.024774953059705215
exclude_dot_same_window,daily,2020-08-31,0.025318849423048823
exclude_dot_same_window,daily,2020-09-01,0.026410733432228772
exclude_dot_same_window,daily,2020-09-02,0.03331623350894458
exclude_dot_same_window,daily,2020-09-03,0.019179654396632786
exclude_dot_same_window,daily,2020-09-04,0.06720567553467102
exclude_dot_same_window,daily,2020-09-05,0.041438909461063184
exclude_dot_same_window,daily,2020-09-06,0.044848276162546996
exclude_dot_same_window,daily,2020-09-07,0.03353794154299945
exclude_dot_same_window,daily,2020-09-08,0.011248307353068254
exclude_dot_same_window,daily,2020-09-09,0.02110780543528172
exclude_dot_same_window,daily,2020-09-10,0.013649148684921841
exclude_dot_same_window,daily,2020-09-11,0.01352810529497328
exclude_dot_same_window,daily,2020-09-12,0.008423246791438702
exclude_dot_same_window,daily,2020-09-13,0.012699614827394928
exclude_dot_same_window,daily,2020-09-14,0.01646959049241002
exclude_dot_same_window,daily,2020-09-15,0.008616436146472076
exclude_dot_same_window,daily,2020-09-16,0.031121830903592274
exclude_dot_same_window,daily,2020-09-17,0.016160692418203518
exclude_dot_same_window,daily,2020-09-18,0.016198564798360224
exclude_dot_same_window,daily,2020-09-19,0.0192208705072294
exclude_dot_same_window,daily,2020-09-20,0.009174076967014971
exclude_dot_same_window,daily,2020-09-21,0.00804349781682101
exclude_dot_same_window,daily,2020-09-22,0.018662636132111055
exclude_dot_same_window,daily,2020-09-23,0.008255915583063989
exclude_dot_same_window,daily,2020-09-24,0.02344567485077606
exclude_dot_same_window,daily,2020-09-25,0.03877773446271751
exclude_dot_same_window,daily,2020-09-26,0.03456916139499672
exclude_dot_same_window,daily,2020-09-27,0.016713699643747873
exclude_dot_same_window,daily,2020-09-28,0.01853191534636789
exclude_dot_same_window,daily,2020-09-29,0.0074542430400482695
exclude_dot_same_window,daily,2020-09-30,0.006934466928803687
exclude_dot_same_window,daily,2020-10-01,0.0077530549294348855
exclude_dot_same_window,daily,2020-10-02,0.0068098572984125055
exclude_dot_same_window,daily,2020-10-03,0.013623854437392627
exclude_dot_same_window,daily,2020-10-04,0.009685509138382523
exclude_dot_same_window,daily,2020-10-05,0.01377878500492112
exclude_dot_same_window,daily,2020-10-06,0.007941934387296692
exclude_dot_same_window,daily,2020-10-07,0.02147375389941525
exclude_dot_same_window,daily,2020-10-08,0.008811294638231604
exclude_dot_same_window,daily,2020-10-09,0.014168770255423138
exclude_dot_same_window,daily,2020-10-10,0.017691819165733563
exclude_dot_same_window,daily,2020-10-11,0.009630786364184768
exclude_dot_same_window,daily,2020-10-12,0.00943351853408729
exclude_dot_same_window,daily,2020-10-13,0.014684621325122507
exclude_dot_same_window,daily,2020-10-14,0.013734485510037517
exclude_dot_same_window,daily,2020-10-15,0.009985328864554235
exclude_dot_same_window,daily,2020-10-16,0.006401736156756696
exclude_dot_same_window,daily,2020-10-17,0.019528819077691953
exclude_dot_same_window,daily,2020-10-18,0.010412083898077948
exclude_dot_same_window,daily,2020-10-19,0.008658786061505164
exclude_dot_same_window,daily,2020-10-20,0.012880404601164464
exclude_dot_same_window,daily,2020-10-21,0.023921299248677044
exclude_dot_same_window,daily,2020-10-22,0.024470519851565578
exclude_dot_same_window,daily,2020-10-23,0.019776282090692043
exclude_dot_same_window,daily,2020-10-24,0.012381761486603055
exclude_dot_same_window,daily,2020-10-25,0.014510476507219427
exclude_dot_same_window,daily,2020-10-26,0.00987398129408594
exclude_dot_same_window,daily,2020-10-27,0.013655974036281299
exclude_dot_same_window,daily,2020-10-28,0.010121564210708395
exclude_dot_same_window,daily,2020-10-29,0.012264377226620063
exclude_dot_same_window,daily,2020-10-30,0.011387799654248743
exclude_dot_same_window,daily,2020-10-31,0.009252534546227167
exclude_dot_same_window,daily,2020-11-01,0.008318461193436322
exclude_dot_same_window,daily,2020-11-02,0.01508086589423703
exclude_dot_same_window,daily,2020-11-03,0.013661253944249344
exclude_dot_same_window,daily,2020-11-04,0.018316112201473667
exclude_dot_same_window,daily,2020-11-05,0.011879397824848648
exclude_dot_same_window,daily,2020-11-06,0.01917296452761233
exclude_dot_same_window,daily,2020-11-07,0.026306656311825577
exclude_dot_same_window,daily,2020-11-08,0.012417320633451134
exclude_dot_same_window,daily,2020-11-09,0.016619789550794406
exclude_dot_same_window,daily,2020-11-10,0.006211680670911837
exclude_dot_same_window,daily,2020-11-11,0.014182522651876348
exclude_dot_same_window,daily,2020-11-12,0.010315551895687253
exclude_dot_same_window,daily,2020-11-13,0.012132714202675754
exclude_dot_same_window,daily,2020-11-14,0.015682118246339263
exclude_dot_same_window,daily,2020-11-15,0.007479587048993652
exclude_dot_same_window,daily,2020-11-16,0.017520750011000577
exclude_dot_same_window,daily,2020-11-17,0.021172175695646195
exclude_dot_same_window,daily,2020-11-18,0.013660979267595977
exclude_dot_same_window,daily,2020-11-19,0.022606611219256972
exclude_dot_same_window,daily,2020-11-20,0.023437023435277773
exclude_dot_same_window,daily,2020-11-21,0.023835382874110092
exclude_dot_same_window,daily,2020-11-22,0.06662535593251022
exclude_dot_same_window,daily,2020-11-23,0.03352986724443251
exclude_dot_same_window,daily,2020-11-24,0.06573315279533067
exclude_dot_same_window,daily,2020-11-25,0.07361549942878318
exclude_dot_same_window,daily,2020-11-26,0.028724006821207848
exclude_dot_same_window,daily,2020-11-27,0.019592326288262046
exclude_dot_same_window,daily,2020-11-28,0.041413517953356904
exclude_dot_same_window,daily,2020-11-29,0.031805583628469164
exclude_dot_same_window,daily,2020-11-30,0.024642786408798883
exclude_dot_same_window,daily,2020-12-01,0.02247305875098768
exclude_dot_same_window,daily,2020-12-02,0.019047435167461754
exclude_dot_same_window,daily,2020-12-03,0.009486875149556456
exclude_dot_same_window,daily,2020-12-04,0.01441621006612559
exclude_dot_same_window,daily,2020-12-05,0.02680145313961789
exclude_dot_same_window,daily,2020-12-06,0.011130373015775685
exclude_dot_same_window,daily,2020-12-07,0.013572743711298407
exclude_dot_same_window,daily,2020-12-08,0.009942028705138856
exclude_dot_same_window,daily,2020-12-09,0.014673025513759375
exclude_dot_same_window,daily,2020-12-10,0.023416931418614548
exclude_dot_same_window,daily,2020-12-11,0.014349565643534942
exclude_dot_same_window,daily,2020-12-12,0.012594472925239242
exclude_dot_same_window,daily,2020-12-13,0.01909803439995611
exclude_dot_same_window,daily,2020-12-14,0.02193288084644622
exclude_dot_same_window,daily,2020-12-15,0.011336379823180573
exclude_dot_same_window,daily,2020-12-16,0.017138162601725848
exclude_dot_same_window,daily,2020-12-17,0.033128787584443986
exclude_dot_same_window,daily,2020-12-18,0.034368558789515224
exclude_dot_same_window,daily,2020-12-19,0.015520274447227131
exclude_dot_same_window,daily,2020-12-20,0.0201916651589244
exclude_dot_same_window,daily,2020-12-21,0.04729101379245279
exclude_dot_same_window,daily,2020-12-22,0.022738538631327077
exclude_dot_same_window,daily,2020-12-23,0.044259052292429754
exclude_dot_same_window,daily,2020-12-24,0.07316774735212406
exclude_dot_same_window,daily,2020-12-25,0.06289511929299028
exclude_dot_same_window,daily,2020-12-26,0.03517157924524782
exclude_dot_same_window,daily,2020-12-27,0.031814135203221794
exclude_dot_same_window,daily,2020-12-28,0.03614047357047352
exclude_dot_same_window,daily,2020-12-29,0.03888229619612317
exclude_dot_same_window,daily,2020-12-30,0.0353006078610313
exclude_dot_same_window,daily,2020-12-31,0.03106868823961466
exclude_dot_same_window,daily,2021-01-01,0.018128915971844767
exclude_dot_same_window,daily,2021-01-02,0.04358929700392425
exclude_dot_same_window,daily,2021-01-03,0.1266263985123326
exclude_dot_same_window,daily,2021-01-04,0.06684101673053519
exclude_dot_same_window,daily,2021-01-05,0.05198279981699763
exclude_dot_same_window,daily,2021-01-06,0.05025930890768773
exclude_dot_same_window,daily,2021-01-07,0.11209356746902639
exclude_dot_same_window,daily,2021-01-08,0.07010534248209958
exclude_dot_same_window,daily,2021-01-09,0.022465991107098404
exclude_dot_same_window,daily,2021-01-10,0.06058291468372255
exclude_dot_same_window,daily,2021-01-11,0.04522260411798683
exclude_dot_same_window,daily,2021-01-12,0.04530379508423721
exclude_dot_same_window,daily,2021-01-13,0.03337532636363941
exclude_dot_same_window,daily,2021-01-14,0.01839338103853333
exclude_dot_same_window,daily,2021-01-15,0.03836899827017415
exclude_dot_same_window,daily,2021-01-16,0.039092544464789436
exclude_dot_same_window,daily,2021-01-17,0.03344203954806094
exclude_dot_same_window,daily,2021-01-18,0.0392788904626815
exclude_dot_same_window,daily,2021-01-19,0.02589095131691338
exclude_dot_same_window,daily,2021-01-20,0.026441474357243325
exclude_dot_same_window,daily,2021-01-21,0.016400575238962045
exclude_dot_same_window,daily,2021-01-22,0.03183473098731614
exclude_dot_same_window,daily,2021-01-23,0.03185250305899358
exclude_dot_same_window,daily,2021-01-24,0.026229792911643332
exclude_dot_same_window,daily,2021-01-25,0.01892489015604118
exclude_dot_same_window,daily,2021-01-26,0.013140108343948631
exclude_dot_same_window,daily,2021-01-27,0.01025406887464575
exclude_dot_same_window,daily,2021-01-28,0.01614278844002194
exclude_dot_same_window,daily,2021-01-29,0.4056259924924533
exclude_dot_same_window,daily,2021-01-30,0.06847343769230525
exclude_dot_same_window,daily,2021-01-31,0.11234287213004143
exclude_dot_same_window,daily,2021-02-01,0.07525691680463341
exclude_dot_same_window,daily,2021-02-02,0.0583150763375036
exclude_dot_same_window,daily,2021-02-03,0.03461933380395081
exclude_dot_same_window,daily,2021-02-04,0.031218786648471317
exclude_dot_same_window,daily,2021-02-05,0.09330384472501722
exclude_dot_same_window,daily,2021-02-06,0.04673205923359755
exclude_dot_same_window,daily,2021-02-07,0.06188733612851967
exclude_dot_same_window,daily,2021-02-08,0.06754144013552357
exclude_dot_same_window,daily,2021-02-09,0.038517495425527085
exclude_dot_same_window,daily,2021-02-10,0.04723536283075702
exclude_dot_same_window,daily,2021-02-11,0.061642296493326004
exclude_dot_same_window,daily,2021-02-12,0.05014641561096454
exclude_dot_same_window,daily,2021-02-13,0.05262740490692121
exclude_dot_same_window,daily,2021-02-14,0.08002650795714113
exclude_dot_same_window,daily,2021-02-15,0.03881075909118903
exclude_dot_same_window,daily,2021-02-16,0.033894107461631226
exclude_dot_same_window,daily,2021-02-17,0.02189506092946257
exclude_dot_same_window,daily,2021-02-18,0.03050019635343515
exclude_dot_same_window,daily,2021-02-19,0.04226470097633003
exclude_dot_same_window,daily,2021-02-20,0.03271680718895216
exclude_dot_same_window,daily,2021-02-21,0.0439017605167108
exclude_dot_same_window,daily,2021-02-22,0.016645759793048442
exclude_dot_same_window,daily,2021-02-23,0.03578000639530142
exclude_dot_same_window,daily,2021-02-24,0.03277849161480534
exclude_dot_same_window,daily,2021-02-25,0.03690410055768906
exclude_dot_same_window,daily,2021-02-26,0.03159093026963242
exclude_dot_same_window,daily,2021-02-27,0.03619037549599445
exclude_dot_same_window,daily,2021-02-28,0.024478487074263255
exclude_dot_same_window,daily,2021-03-01,0.017824156243883657
exclude_dot_same_window,daily,2021-03-02,0.02423788968034679
exclude_dot_same_window,daily,2021-03-03,0.02252880195569895
exclude_dot_same_window,daily,2021-03-04,0.018955442959809776
exclude_dot_same_window,daily,2021-03-05,0.03276839734612824
exclude_dot_same_window,daily,2021-03-06,0.016092170226997313
exclude_dot_same_window,daily,2021-03-07,0.01694211550285077
exclude_dot_same_window,daily,2021-03-08,0.011647353731658011
exclude_dot_same_window,daily,2021-03-09,0.04144729705611874
exclude_dot_same_window,daily,2021-03-10,0.026541876345197696
exclude_dot_same_window,daily,2021-03-11,0.01830709863301816
exclude_dot_same_window,daily,2021-03-12,0.011078054687464131
exclude_dot_same_window,daily,2021-03-13,0.026125492645825296
exclude_dot_same_window,daily,2021-03-14,0.029723748692516802
exclude_dot_same_window,daily,2021-03-15,0.013160874211786633
exclude_dot_same_window,daily,2021-03-16,0.018259316016741883
exclude_dot_same_window,daily,2021-03-17,0.03250582738209633
exclude_dot_same_window,daily,2021-03-18,0.028539482592635362
exclude_dot_same_window,daily,2021-03-19,0.017656251552367497
exclude_dot_same_window,daily,2021-03-20,0.019190141946329176
exclude_dot_same_window,daily,2021-03-21,0.029971155108503955
exclude_dot_same_window,daily,2021-03-22,0.010479486112625433
exclude_dot_same_window,daily,2021-03-23,0.025038571740472304
exclude_dot_same_window,daily,2021-03-24,0.01378603239608886
exclude_dot_same_window,daily,2021-03-25,0.02069375878790837
exclude_dot_same_window,daily,2021-03-26,0.01898039758303681
exclude_dot_same_window,daily,2021-03-27,0.022037143175384313
exclude_dot_same_window,daily,2021-03-28,0.013056302138355402
exclude_dot_same_window,daily,2021-03-29,0.009731843400974771
exclude_dot_same_window,daily,2021-03-30,0.016772966476793716
exclude_dot_same_window,daily,2021-03-31,0.009928436954824649
exclude_dot_same_window,daily,2021-04-01,0.06348148602846582
exclude_dot_same_window,daily,2021-04-02,0.03035435307241087
exclude_dot_same_window,daily,2021-04-03,0.031410055162068976
exclude_dot_same_window,daily,2021-04-04,0.03897997686124434
exclude_dot_same_window,daily,2021-04-05,0.04045592388309738
exclude_dot_same_window,daily,2021-04-06,0.07870722381550141
exclude_dot_same_window,daily,2021-04-07,0.051975915097417516
exclude_dot_same_window,daily,2021-04-08,0.041702480952376414
exclude_dot_same_window,daily,2021-04-09,0.026377033312763323
exclude_dot_same_window,daily,2021-04-10,0.015286778705876775
exclude_dot_same_window,daily,2021-04-11,0.0634592047206976
exclude_dot_same_window,daily,2021-04-12,0.036273036829225086
exclude_dot_same_window,daily,2021-04-13,0.03368453835055872
exclude_dot_same_window,daily,2021-04-14,0.049912486186364596
exclude_dot_same_window,daily,2021-04-15,0.0644188165716311
exclude_dot_same_window,daily,2021-04-16,0.11059720567291753
exclude_dot_same_window,daily,2021-04-17,0.20059932838270877
exclude_dot_same_window,daily,2021-04-18,0.04293920728326721
exclude_dot_same_window,daily,2021-04-19,0.04428725463201702
exclude_dot_same_window,daily,2021-04-20,0.06148692520220554
exclude_dot_same_window,daily,2021-04-21,0.04874168961017006
exclude_dot_same_window,daily,2021-04-22,0.020617579981636214
exclude_dot_same_window,daily,2021-04-23,0.04605933321614909
exclude_dot_same_window,daily,2021-04-24,0.014923488341211738
exclude_dot_same_window,daily,2021-04-25,0.036310044902828395
exclude_dot_same_window,daily,2021-04-26,0.016593488331109296
exclude_dot_same_window,daily,2021-04-27,0.03703510222169619
exclude_dot_same_window,daily,2021-04-28,0.015342144308281708
exclude_dot_same_window,daily,2021-04-29,0.0381436733575579
exclude_dot_same_window,daily,2021-04-30,0.015476442659721437
exclude_dot_same_window,daily,2021-05-01,0.02877222345620095
exclude_dot_same_window,daily,2021-05-02,0.05305963793391871
exclude_dot_same_window,daily,2021-05-03,0.01929740157438839
exclude_dot_same_window,daily,2021-05-04,0.054235356394288975
exclude_dot_same_window,daily,2021-05-05,0.11288595167756732
exclude_dot_same_window,daily,2021-05-06,0.07635584448046258
exclude_dot_same_window,daily,2021-05-07,0.08485931606764778
exclude_dot_same_window,daily,2021-05-08,0.04938391512936037
exclude_dot_same_window,daily,2021-05-09,0.03899535881955436
exclude_dot_same_window,daily,2021-05-10,0.04770313494744316
exclude_dot_same_window,daily,2021-05-11,0.049662442141938476
exclude_dot_same_window,daily,2021-05-12,0.02779768443406816
exclude_dot_same_window,daily,2021-05-13,0.049501742112471936
exclude_dot_same_window,daily,2021-05-14,0.062263739089585254
exclude_dot_same_window,daily,2021-05-15,0.042306077251346524
exclude_dot_same_window,daily,2021-05-16,0.05914201898071983
exclude_dot_same_window,daily,2021-05-17,0.022216734694402634
exclude_dot_same_window,daily,2021-05-18,0.029724754368359224
exclude_dot_same_window,daily,2021-05-19,0.03380122587748448
exclude_dot_same_window,daily,2021-05-20,0.06209326718477315
exclude_dot_same_window,daily,2021-05-21,0.03358647920725577
exclude_dot_same_window,daily,2021-05-22,0.022764006183976587
exclude_dot_same_window,daily,2021-05-23,0.023506528192595397
exclude_dot_same_window,daily,2021-05-24,0.029875013234618067
exclude_dot_same_window,daily,2021-05-25,0.05342873089735595
exclude_dot_same_window,daily,2021-05-26,0.026662603503029764
exclude_dot_same_window,daily,2021-05-27,0.040034942504163604
exclude_dot_same_window,daily,2021-05-28,0.016028639482407528
exclude_dot_same_window,daily,2021-05-29,0.014946959893131426
exclude_dot_same_window,daily,2021-05-30,0.017237645108072366
exclude_dot_same_window,daily,2021-05-31,0.023137265667367485
exclude_dot_same_window,daily,2021-06-01,0.03328377338539819
exclude_dot_same_window,daily,2021-06-02,0.03285539208719147
exclude_dot_same_window,daily,2021-06-03,0.021123458623084818
exclude_dot_same_window,daily,2021-06-04,0.01992460168672079
exclude_dot_same_window,daily,2021-06-05,0.011251547227710462
exclude_dot_same_window,daily,2021-06-06,0.00991824942900102
exclude_dot_same_window,daily,2021-06-07,0.006525934441324557
exclude_dot_same_window,daily,2021-06-08,0.016689515146903255
exclude_dot_same_window,daily,2021-06-09,0.012252834974063681
exclude_dot_same_window,daily,2021-06-10,0.018363522353121733
exclude_dot_same_window,daily,2021-06-11,0.016262512825682418
exclude_dot_same_window,daily,2021-06-12,0.02035179446449971
exclude_dot_same_window,daily,2021-06-13,0.01974163222318899
exclude_dot_same_window,daily,2021-06-14,0.010656740026648182
exclude_dot_same_window,daily,2021-06-15,0.006204360920795016
exclude_dot_same_window,daily,2021-06-16,0.020206202725097044
exclude_dot_same_window,daily,2021-06-17,0.013724143351832044
exclude_dot_same_window,daily,2021-06-18,0.012471122566807602
exclude_dot_same_window,daily,2021-06-19,0.008470497923705689
exclude_dot_same_window,daily,2021-06-20,0.008183399641167502
exclude_dot_same_window,daily,2021-06-21,0.017649300711957902
exclude_dot_same_window,daily,2021-06-22,0.04588629378400334
exclude_dot_same_window,daily,2021-06-23,0.0343335175230413
exclude_dot_same_window,daily,2021-06-24,0.03004074329822433
exclude_dot_same_window,daily,2021-06-25,0.03589206860075268
exclude_dot_same_window,daily,2021-06-26,0.011633157578267841
exclude_dot_same_window,daily,2021-06-27,0.008488790279161579
exclude_dot_same_window,daily,2021-06-28,0.01679167142100435
exclude_dot_same_window,daily,2021-06-29,0.020634545762015247
exclude_dot_same_window,daily,2021-06-30,0.04289595131290351
exclude_dot_same_window,daily,2021-07-01,0.013449419333514068
exclude_dot_same_window,daily,2021-07-02,0.012040193568054955
exclude_dot_same_window,daily,2021-07-03,0.013298710944884912
exclude_dot_same_window,daily,2021-07-04,0.011608958973775105
exclude_dot_same_window,daily,2021-07-05,0.015398123572042913
exclude_dot_same_window,daily,2021-07-06,0.006224616604894054
exclude_dot_same_window,daily,2021-07-07,0.01796091513699613
exclude_dot_same_window,daily,2021-07-08,0.009297409042914415
exclude_dot_same_window,daily,2021-07-09,0.014131173342827263
exclude_dot_same_window,daily,2021-07-10,0.009396688208108517
exclude_dot_same_window,daily,2021-07-11,0.006127493236975409
exclude_dot_same_window,daily,2021-07-12,0.004460166594215095
exclude_dot_same_window,daily,2021-07-13,0.010353889187083659
exclude_dot_same_window,daily,2021-07-14,0.011528725609149582
exclude_dot_same_window,daily,2021-07-15,0.00905722953965224
exclude_dot_same_window,daily,2021-07-16,0.01472471266531375
exclude_dot_same_window,daily,2021-07-17,0.01327125915469654
exclude_dot_same_window,daily,2021-07-18,0.014149203865609278
exclude_dot_same_window,daily,2021-07-19,0.008125239488269154
exclude_dot_same_window,daily,2021-07-20,0.012718865145179475
exclude_dot_same_window,daily,2021-07-21,0.01697495977931708
exclude_dot_same_window,daily,2021-07-22,0.014160406678318319
exclude_dot_same_window,daily,2021-07-23,0.025127619459397302
exclude_dot_same_window,daily,2021-07-24,0.009521796402872595
exclude_dot_same_window,daily,2021-07-25,0.013729725275547416
exclude_dot_same_window,daily,2021-07-26,0.010921340744946065
exclude_dot_same_window,daily,2021-07-27,0.01812705620127908
exclude_dot_same_window,daily,2021-07-28,0.014551232586064972
exclude_dot_same_window,daily,2021-07-29,0.023858353979978514
exclude_dot_same_window,daily,2021-07-30,0.01388270300421482
exclude_dot_same_window,daily,2021-07-31,0.02269252435245335
exclude_dot_same_window,daily,2021-08-01,0.011880422768652268
exclude_dot_same_window,daily,2021-08-02,0.012074934758069117
exclude_dot_same_window,daily,2021-08-03,0.016724143897591984
exclude_dot_same_window,daily,2021-08-04,0.02031556355936945
exclude_dot_same_window,daily,2021-08-05,0.01647976907861992
exclude_dot_same_window,daily,2021-08-06,0.01321984498359298
exclude_dot_same_window,daily,2021-08-07,0.009066454809358554
exclude_dot_same_window,daily,2021-08-08,0.04285063702684358
exclude_dot_same_window,daily,2021-08-09,0.013090135245591702
exclude_dot_same_window,daily,2021-08-10,0.014867638705452157
exclude_dot_same_window,daily,2021-08-11,0.02776006228181388
exclude_dot_same_window,daily,2021-08-12,0.03823014228516049
exclude_dot_same_window,daily,2021-08-13,0.016732354457208082
exclude_dot_same_window,daily,2021-08-14,0.021063395062007162
exclude_dot_same_window,daily,2021-08-15,0.0394807715928622
exclude_dot_same_window,daily,2021-08-16,0.038511728352765645
exclude_dot_same_window,daily,2021-08-17,0.017116488926960008
exclude_dot_same_window,daily,2021-08-18,0.016091557815763657
exclude_dot_same_window,daily,2021-08-19,0.021850352856643843
exclude_dot_same_window,daily,2021-08-20,0.01960027705147907
exclude_dot_same_window,daily,2021-08-21,0.012389827890762609
exclude_dot_same_window,daily,2021-08-22,0.008342339250188638
exclude_dot_same_window,daily,2021-08-23,0.02137503990522581
exclude_dot_same_window,daily,2021-08-24,0.011366811274687624
exclude_dot_same_window,daily,2021-08-25,0.01612619244456545
exclude_dot_same_window,daily,2021-08-26,0.007060036927152541
exclude_dot_same_window,daily,2021-08-27,0.013361941735858904
exclude_dot_same_window,daily,2021-08-28,0.02352760716930559
exclude_dot_same_window,daily,2021-08-29,0.014364228637488027
exclude_dot_same_window,daily,2021-08-30,0.007235219669851675
exclude_dot_same_window,daily,2021-08-31,0.008418292768715682
exclude_dot_same_window,daily,2021-09-01,0.019024817270986802
exclude_dot_same_window,daily,2021-09-02,0.02302007648553911
exclude_dot_same_window,daily,2021-09-03,0.012582198892579638
exclude_dot_same_window,daily,2021-09-04,0.02775289417994037
exclude_dot_same_window,daily,2021-09-05,0.013718083904745965
exclude_dot_same_window,daily,2021-09-06,0.024221481832233646
exclude_dot_same_window,daily,2021-09-07,0.030323574443697376
exclude_dot_same_window,daily,2021-09-08,0.036630181112128485
exclude_dot_same_window,daily,2021-09-09,0.023166666454949816
exclude_dot_same_window,daily,2021-09-10,0.010575591730573902
exclude_dot_same_window,daily,2021-09-11,0.010393698258367737
exclude_dot_same_window,daily,2021-09-12,0.017395699915607937
exclude_dot_same_window,daily,2021-09-13,0.03173278277012204
exclude_dot_same_window,daily,2021-09-14,0.01616390109985942
exclude_dot_same_window,daily,2021-09-15,0.030199284343331856
exclude_dot_same_window,daily,2021-09-16,0.009813866108029812
exclude_dot_same_window,daily,2021-09-17,0.0079873313020008
exclude_dot_same_window,daily,2021-09-18,0.019346865006327582
exclude_dot_same_window,daily,2021-09-19,0.004582913924158313
exclude_dot_same_window,daily,2021-09-20,0.004869532423454531
exclude_dot_same_window,daily,2021-09-21,0.01126226786384689
exclude_dot_same_window,daily,2021-09-22,0.014087699275766044
exclude_dot_same_window,daily,2021-09-23,0.017542559660124094
exclude_dot_same_window,daily,2021-09-24,0.01313998869092882
exclude_dot_same_window,daily,2021-09-25,0.013182587806082169
exclude_dot_same_window,daily,2021-09-26,0.01225472063323936
exclude_dot_same_window,daily,2021-09-27,0.017187012407201496
exclude_dot_same_window,daily,2021-09-28,0.009213574812912531
exclude_dot_same_window,daily,2021-09-29,0.00787911266129225
exclude_dot_same_window,daily,2021-09-30,0.011371839260830782
exclude_dot_same_window,daily,2021-10-01,0.010152788156288922
exclude_dot_same_window,daily,2021-10-02,0.0109389707139812
exclude_dot_same_window,daily,2021-10-03,0.018192592905857327
exclude_dot_same_window,daily,2021-10-04,0.007346870270910674
exclude_dot_same_window,daily,2021-10-05,0.0222102466660552
exclude_dot_same_window,daily,2021-10-06,0.010009065046184429
exclude_dot_same_window,daily,2021-10-07,0.028764274204172047
exclude_dot_same_window,daily,2021-10-08,0.014551309224688669
exclude_dot_same_window,daily,2021-10-09,0.011122182979747694
exclude_dot_same_window,daily,2021-10-10,0.01799438717382089
exclude_dot_same_window,daily,2021-10-11,0.016449813552679535
exclude_dot_same_window,daily,2021-10-12,0.017797548618306278
exclude_dot_same_window,daily,2021-10-13,0.004814449301147897
exclude_dot_same_window,daily,2021-10-14,0.01368151028619033
exclude_dot_same_window,daily,2021-10-15,0.014614831414229978
exclude_dot_same_window,daily,2021-10-16,0.019039439387788112
exclude_dot_same_window,daily,2021-10-17,0.018656805847981336
exclude_dot_same_window,daily,2021-10-18,0.013502504677428626
exclude_dot_same_window,daily,2021-10-19,0.01337387056441526
exclude_dot_same_window,daily,2021-10-20,0.0127446287538176
exclude_dot_same_window,daily,2021-10-21,0.014210152514003371
exclude_dot_same_window,daily,2021-10-22,0.01911741378094188
exclude_dot_same_window,daily,2021-10-23,0.012670904575923195
exclude_dot_same_window,daily,2021-10-24,0.01797850683971962
exclude_dot_same_window,daily,2021-10-25,0.020495147380789766
exclude_dot_same_window,daily,2021-10-26,0.020947614276116147
exclude_dot_same_window,daily,2021-10-27,0.016858514429189564
exclude_dot_same_window,daily,2021-10-28,0.023375325969640856
exclude_dot_same_window,daily,2021-10-29,0.034967472071841574
exclude_dot_same_window,daily,2021-10-30,0.013777699353772072
exclude_dot_same_window,daily,2021-10-31,0.016308848024559952
exclude_dot_same_window,daily,2021-11-01,0.015240604765596105
exclude_dot_same_window,daily,2021-11-02,0.017644580350093586
exclude_dot_same_window,daily,2021-11-03,0.015849185919022735
exclude_dot_same_window,daily,2021-11-04,0.020038719363759172
exclude_dot_same_window,daily,2021-11-05,0.007459502267861393
exclude_dot_same_window,daily,2021-11-06,0.015277990199497188
exclude_dot_same_window,daily,2021-11-07,0.008693409158460536
exclude_dot_same_window,daily,2021-11-08,0.00789380555918133
exclude_dot_same_window,daily,2021-11-09,0.014378517169504612
exclude_dot_same_window,daily,2021-11-10,0.052677717409940025
exclude_dot_same_window,daily,2021-11-11,0.026793350596185275
exclude_dot_same_window,daily,2021-11-12,0.008638538631853404
exclude_dot_same_window,daily,2021-11-13,0.008247410875729541
exclude_dot_same_window,daily,2021-11-14,0.010869688290418747
exclude_dot_same_window,daily,2021-11-15,0.018677179077342787
exclude_dot_same_window,daily,2021-11-16,0.018315759731583725
exclude_dot_same_window,daily,2021-11-17,0.01784646911104916
exclude_dot_same_window,daily,2021-11-18,0.005756095824315036
exclude_dot_same_window,daily,2021-11-19,0.017598624881942623
exclude_dot_same_window,daily,2021-11-20,0.013840238753168616
exclude_dot_same_window,daily,2021-11-21,0.013015346159195987
exclude_dot_same_window,daily,2021-11-22,0.015317651396996534
exclude_dot_same_window,daily,2021-11-23,0.012160617754793976
exclude_dot_same_window,daily,2021-11-24,0.013263316859328342
exclude_dot_same_window,daily,2021-11-25,0.0034398146428192417
exclude_dot_same_window,daily,2021-11-26,0.022974223098912838
exclude_dot_same_window,daily,2021-11-27,0.02075814685799776
exclude_dot_same_window,daily,2021-11-28,0.005813566379401031
exclude_dot_same_window,daily,2021-11-29,0.011839454216949596
exclude_dot_same_window,daily,2021-11-30,0.009125479635704231
exclude_dot_same_window,daily,2021-12-01,0.013873256753470453
exclude_dot_same_window,daily,2021-12-02,0.00832685455497735
exclude_dot_same_window,daily,2021-12-03,0.026274136639265575
exclude_dot_same_window,daily,2021-12-04,0.013141267182667449
exclude_dot_same_window,daily,2021-12-05,0.02534564562782854
exclude_dot_same_window,daily,2021-12-06,0.01751570441166868
exclude_dot_same_window,daily,2021-12-07,0.008523758973208978
exclude_dot_same_window,daily,2021-12-08,0.018006837112251498
exclude_dot_same_window,daily,2021-12-09,0.019905851742200775
exclude_dot_same_window,daily,2021-12-10,0.02375614891506865
exclude_dot_same_window,daily,2021-12-11,0.021938068054907722
exclude_dot_same_window,daily,2021-12-12,0.015611729001706154
exclude_dot_same_window,daily,2021-12-13,0.007050047051542066
exclude_dot_same_window,daily,2021-12-14,0.014086500651060568
exclude_dot_same_window,daily,2021-12-15,0.024584058920491314
exclude_dot_same_window,daily,2021-12-16,0.018885577204226817
exclude_dot_same_window,daily,2021-12-17,0.013468726722307922
exclude_dot_same_window,daily,2021-12-18,0.010393652903510908
exclude_dot_same_window,daily,2021-12-19,0.011079208483378303
exclude_dot_same_window,daily,2021-12-20,0.010365440594893555
exclude_dot_same_window,daily,2021-12-21,0.013500218547403381
exclude_dot_same_window,daily,2021-12-22,0.012529991820815753
exclude_dot_same_window,daily,2021-12-23,0.009770745653807048
exclude_dot_same_window,daily,2021-12-24,0.02070762122599322
exclude_dot_same_window,daily,2021-12-25,0.02033372560937327
exclude_dot_same_window,daily,2021-12-26,0.013768310661885691
exclude_dot_same_window,daily,2021-12-27,0.00910692747606763
exclude_dot_same_window,daily,2021-12-28,0.014043805250748012
exclude_dot_same_window,daily,2021-12-29,0.013179449923301167
exclude_dot_same_window,daily,2021-12-30,0.011744562772028927
exclude_dot_same_window,daily,2021-12-31,0.005519144841372212
exclude_dot_same_window,daily,2022-01-01,0.00884018299960515
exclude_dot_same_window,daily,2022-01-02,0.009170199617712413
exclude_dot_same_window,daily,2022-01-03,0.01411963979948938
exclude_dot_same_window,daily,2022-01-04,0.018771938110207942
exclude_dot_same_window,daily,2022-01-05,0.006800087271955399
exclude_dot_same_window,daily,2022-01-06,0.024813439292343864
exclude_dot_same_window,daily,2022-01-07,0.01116625368829803
exclude_dot_same_window,daily,2022-01-08,0.013569571119202178
exclude_dot_same_window,daily,2022-01-09,0.00962700199799163
exclude_dot_same_window,daily,2022-01-10,0.014508604283239107
exclude_dot_same_window,daily,2022-01-11,0.014536063894795767
exclude_dot_same_window,daily,2022-01-12,0.01920516746663882
exclude_dot_same_window,daily,2022-01-13,0.018348322986712837
exclude_dot_same_window,daily,2022-01-14,0.02062248619443728
exclude_dot_same_window,daily,2022-01-15,0.02014783545021573
exclude_dot_same_window,daily,2022-01-16,0.011029958555255612
exclude_dot_same_window,daily,2022-01-17,0.019905153652388097
exclude_dot_same_window,daily,2022-01-18,0.03661086446675858
exclude_dot_same_window,daily,2022-01-19,0.026949753656451927
exclude_dot_same_window,daily,2022-01-20,0.017659912897028354
exclude_dot_same_window,daily,2022-01-21,0.016284114035170494
exclude_dot_same_window,daily,2022-01-22,0.014973826583725161
exclude_dot_same_window,daily,2022-01-23,0.011233900874789385
exclude_dot_same_window,daily,2022-01-24,0.010266235488391465
exclude_dot_same_window,daily,2022-01-25,0.0139207872444988
exclude_dot_same_window,daily,2022-01-26,0.011504381467580774
exclude_dot_same_window,daily,2022-01-27,0.009342140433329885
exclude_dot_same_window,daily,2022-01-28,0.01033778945512516
exclude_dot_same_window,daily,2022-01-29,0.013243270753291153
exclude_dot_same_window,daily,2022-01-30,0.008062017280307823
exclude_dot_same_window,daily,2022-01-31,0.0217957204359433
exclude_dot_same_window,daily,2022-02-01,0.013875986235266466
exclude_dot_same_window,daily,2022-02-02,0.016124740642215016
exclude_dot_same_window,daily,2022-02-03,0.012074491376710628
exclude_dot_same_window,daily,2022-02-04,0.011664183773928902
exclude_dot_same_window,daily,2022-02-05,0.012842824859226082
exclude_dot_same_window,daily,2022-02-06,0.012108817200688848
exclude_dot_same_window,daily,2022-02-07,0.011024889976811655
exclude_dot_same_window,daily,2022-02-08,0.029840332061170483
exclude_dot_same_window,daily,2022-02-09,0.0186797780172617
exclude_dot_same_window,daily,2022-02-10,0.017776362028847165
exclude_dot_same_window,daily,2022-02-11,0.017795034192411865
exclude_dot_same_window,daily,2022-02-12,0.013382161356813943
exclude_dot_same_window,daily,2022-02-13,0.020257951092434445
exclude_dot_same_window,daily,2022-02-14,0.01694922161434073
exclude_dot_same_window,daily,2022-02-15,0.012570971441784928
exclude_dot_same_window,daily,2022-02-16,0.013042199740793084
exclude_dot_same_window,daily,2022-02-17,0.006677304026858455
exclude_dot_same_window,daily,2022-02-18,0.010427390175760567
exclude_dot_same_window,daily,2022-02-19,0.011692731649087976
exclude_dot_same_window,daily,2022-02-20,0.011365023420709747
exclude_dot_same_window,daily,2022-02-21,0.010026555344808508
exclude_dot_same_window,daily,2022-02-22,0.01992226877645839
exclude_dot_same_window,daily,2022-02-23,0.008214725598749098
exclude_dot_same_window,daily,2022-02-24,0.007994459529901729
exclude_dot_same_window,daily,2022-02-25,0.014258855309778579
exclude_dot_same_window,daily,2022-02-26,0.02272341669538204
exclude_dot_same_window,daily,2022-02-27,0.012806702535318265
exclude_dot_same_window,daily,2022-02-28,0.012432397700481573
exclude_dot_same_window,daily,2022-03-01,0.014704907819247909
exclude_dot_same_window,daily,2022-03-02,0.008945901104633086
exclude_dot_same_window,daily,2022-03-03,0.008018373663885484
exclude_dot_same_window,daily,2022-03-04,0.014136699639674677
exclude_dot_same_window,daily,2022-03-05,0.015203197071762056
exclude_dot_same_window,daily,2022-03-06,0.01072980850700582
exclude_dot_same_window,daily,2022-03-07,0.00640566734265044
exclude_dot_same_window,daily,2022-03-08,0.010753410028641358
exclude_dot_same_window,daily,2022-03-09,0.010071990842612843
exclude_dot_same_window,daily,2022-03-10,0.015619629031072585
exclude_dot_same_window,daily,2022-03-11,0.010318540844556995
exclude_dot_same_window,daily,2022-03-12,0.022323157918234887
exclude_dot_same_window,daily,2022-03-13,0.007617165224514388
exclude_dot_same_window,daily,2022-03-14,0.010376886892949466
exclude_dot_same_window,daily,2022-03-15,0.010410969770950407
exclude_dot_same_window,daily,2022-03-16,0.009544466160670353
exclude_dot_same_window,daily,2022-03-17,0.011366239356735697
exclude_dot_same_window,daily,2022-03-18,0.005801891423375435
exclude_dot_same_window,daily,2022-03-19,0.009697953761358388
exclude_dot_same_window,daily,2022-03-20,0.035467195796278106
exclude_dot_same_window,daily,2022-03-21,0.02500188388216061
exclude_dot_same_window,daily,2022-03-22,0.014420171218993444
exclude_dot_same_window,daily,2022-03-23,0.03898281847188574
exclude_dot_same_window,daily,2022-03-24,0.027632807524286054
exclude_dot_same_window,daily,2022-03-25,0.012995994314627252
exclude_dot_same_window,daily,2022-03-26,0.011946362222415297
exclude_dot_same_window,daily,2022-03-27,0.013914471151575875
exclude_dot_same_window,daily,2022-03-28,0.012554977214585275
exclude_dot_same_window,daily,2022-03-29,0.010648195277543474
exclude_dot_same_window,daily,2022-03-30,0.0083809022259448
exclude_dot_same_window,daily,2022-03-31,0.010954549038851749
exclude_dot_same_window,daily,2022-04-01,0.017741247901343446
exclude_dot_same_window,daily,2022-04-02,0.010972173528327286
exclude_dot_same_window,daily,2022-04-03,0.008879751478099926
exclude_dot_same_window,daily,2022-04-04,0.010340323475132931
exclude_dot_same_window,daily,2022-04-05,0.016727188743560842
exclude_dot_same_window,daily,2022-04-06,0.03200127771398861
exclude_dot_same_window,daily,2022-04-07,0.02509889688253142
exclude_dot_same_window,daily,2022-04-08,0.020471199275696947
exclude_dot_same_window,daily,2022-04-09,0.013503733314026531
exclude_dot_same_window,daily,2022-04-10,0.005300254305741645
exclude_dot_same_window,daily,2022-04-11,0.010165361436691903
exclude_dot_same_window,daily,2022-04-12,0.012581376732327884
exclude_dot_same_window,daily,2022-04-13,0.006332070627141501
exclude_dot_same_window,daily,2022-04-14,0.019932163844551765
exclude_dot_same_window,daily,2022-04-15,0.016204304200690703
exclude_dot_same_window,daily,2022-04-16,0.016214631672141655
exclude_dot_same_window,daily,2022-04-17,0.009254402871573739
exclude_dot_same_window,daily,2022-04-18,0.008107567916958908
exclude_dot_same_window,daily,2022-04-19,0.0065541486897484486
exclude_dot_same_window,daily,2022-04-20,0.007136779751682157
exclude_dot_same_window,daily,2022-04-21,0.0071896896233057395
exclude_dot_same_window,daily,2022-04-22,0.029025590801742773
exclude_dot_same_window,daily,2022-04-23,0.015016620302254091
exclude_dot_same_window,daily,2022-04-24,0.009051606343653831
exclude_dot_same_window,daily,2022-04-25,0.007686766818399082
exclude_dot_same_window,daily,2022-04-26,0.030427170193395192
exclude_dot_same_window,daily,2022-04-27,0.01667156616106996
exclude_dot_same_window,daily,2022-04-28,0.005900593072415888
exclude_dot_same_window,daily,2022-04-29,0.010353321280298852
exclude_dot_same_window,daily,2022-04-30,0.013805158064027559
exclude_dot_same_window,daily,2022-05-01,0.020840468700796394
exclude_dot_same_window,daily,2022-05-02,0.01872536261476336
exclude_dot_same_window,daily,2022-05-03,0.011047452153494411
exclude_dot_same_window,daily,2022-05-04,0.012037994249334077
exclude_dot_same_window,daily,2022-05-05,0.036145646894804234
exclude_dot_same_window,daily,2022-05-06,0.020031030950187836
exclude_dot_same_window,daily,2022-05-07,0.026728743935855045
exclude_dot_same_window,daily,2022-05-08,0.009711816254370453
exclude_dot_same_window,daily,2022-05-09,0.016700930498288136
exclude_dot_same_window,daily,2022-05-10,0.02639817393189367
exclude_dot_same_window,daily,2022-05-11,0.0055579906947041124
exclude_dot_same_window,daily,2022-05-12,0.051346737134183085
exclude_dot_same_window,daily,2022-05-13,0.02443977048354387
exclude_dot_same_window,daily,2022-05-14,0.025968048309605793
exclude_dot_same_window,daily,2022-05-15,0.012269177041751761
exclude_dot_same_window,daily,2022-05-16,0.018586007381091424
exclude_dot_same_window,daily,2022-05-17,0.007769125286404027
exclude_dot_same_window,daily,2022-05-18,0.010044634910759978
exclude_dot_same_window,daily,2022-05-19,0.021810909361968736
exclude_dot_same_window,daily,2022-05-20,0.012706616460305492
exclude_dot_same_window,daily,2022-05-21,0.00614333515716059
exclude_dot_same_window,daily,2022-05-22,0.008893054906815245
exclude_dot_same_window,daily,2022-05-23,0.007586284700065948
exclude_dot_same_window,daily,2022-05-24,0.01395456855382353
exclude_dot_same_window,daily,2022-05-25,0.01972237579218236
exclude_dot_same_window,daily,2022-05-26,0.01480422517949384
exclude_dot_same_window,daily,2022-05-27,0.01611346526004448
exclude_dot_same_window,daily,2022-05-28,0.021216484024527665
exclude_dot_same_window,daily,2022-05-29,0.00841550452899116
exclude_dot_same_window,daily,2022-05-30,0.013924841590625
exclude_dot_same_window,daily,2022-05-31,0.025641575002512032
exclude_dot_same_window,daily,2022-06-01,0.027980638351007586
exclude_dot_same_window,daily,2022-06-02,0.020848116501423264
exclude_dot_same_window,daily,2022-06-03,0.012666013193211215
exclude_dot_same_window,daily,2022-06-04,0.010982814778248348
exclude_dot_same_window,daily,2022-06-05,0.01574175670363029
exclude_dot_same_window,daily,2022-06-06,0.011811073810323633
exclude_dot_same_window,daily,2022-06-07,0.014473299645437504
exclude_dot_same_window,daily,2022-06-08,0.024267713352360346
exclude_dot_same_window,daily,2022-06-09,0.013535675225115631
exclude_dot_same_window,daily,2022-06-10,0.012122681366703539
exclude_dot_same_window,daily,2022-06-11,0.022420832717265
exclude_dot_same_window,daily,2022-06-12,0.02273348450789464
exclude_dot_same_window,daily,2022-06-13,0.023932549744154125
exclude_dot_same_window,daily,2022-06-14,0.03681218145007263
exclude_dot_same_window,daily,2022-06-15,0.04280375272724214
exclude_dot_same_window,daily,2022-06-16,0.03146234570088753
exclude_dot_same_window,daily,2022-06-17,0.02176469997645443
exclude_dot_same_window,daily,2022-06-18,0.01987446807615302
exclude_dot_same_window,daily,2022-06-19,0.023925988064830428
exclude_dot_same_window,daily,2022-06-20,0.036644567292313135
exclude_dot_same_window,daily,2022-06-21,0.021411750160207577
exclude_dot_same_window,daily,2022-06-22,0.023751327861047167
exclude_dot_same_window,daily,2022-06-23,0.015277421321449547
exclude_dot_same_window,daily,2022-06-24,0.014020697932112289
exclude_dot_same_window,daily,2022-06-25,0.02477386333926347
exclude_dot_same_window,daily,2022-06-26,0.012436421431990974
exclude_dot_same_window,daily,2022-06-27,0.024477093535825986
exclude_dot_same_window,daily,2022-06-28,0.00865188408772262
exclude_dot_same_window,daily,2022-06-29,0.018394402902015716
exclude_dot_same_window,daily,2022-06-30,0.01907259650144126
exclude_dot_same_window,daily,2022-07-01,0.015401785754849046
exclude_dot_same_window,daily,2022-07-02,0.013479685802311556
exclude_dot_same_window,daily,2022-07-03,0.01261021119743222
exclude_dot_same_window,daily,2022-07-04,0.006949827480879828
exclude_dot_same_window,daily,2022-07-05,0.011177333536894762
exclude_dot_same_window,daily,2022-07-06,0.013701183382964055
exclude_dot_same_window,daily,2022-07-07,0.008885475800683981
exclude_dot_same_window,daily,2022-07-08,0.00880836175455428
exclude_dot_same_window,daily,2022-07-09,0.01050933592478849
exclude_dot_same_window,daily,2022-07-10,0.012203792346277872
exclude_dot_same_window,daily,2022-07-11,0.0067036668406282585
exclude_dot_same_window,daily,2022-07-12,0.014041077343975264
exclude_dot_same_window,daily,2022-07-13,0.012280752534423192
exclude_dot_same_window,daily,2022-07-14,0.008473030100857218
exclude_dot_same_window,daily,2022-07-15,0.01244677775354193
exclude_dot_same_window,daily,2022-07-16,0.008830169643280969
exclude_dot_same_window,daily,2022-07-17,0.027263264053626543
exclude_dot_same_window,daily,2022-07-18,0.026336380467345877
exclude_dot_same_window,daily,2022-07-19,0.047902928410448825
exclude_dot_same_window,daily,2022-07-20,0.019891493751295425
exclude_dot_same_window,daily,2022-07-21,0.023660850791872787
exclude_dot_same_window,daily,2022-07-22,0.019599196647103592
exclude_dot_same_window,daily,2022-07-23,0.009572930988034592
exclude_dot_same_window,daily,2022-07-24,0.013632817212735612
exclude_dot_same_window,daily,2022-07-25,0.02030195701183471
exclude_dot_same_window,daily,2022-07-26,0.015379013421651405
exclude_dot_same_window,daily,2022-07-27,0.016103685209147553
exclude_dot_same_window,daily,2022-07-28,0.0395007249119667
exclude_dot_same_window,daily,2022-07-29,0.05341828045552216
exclude_dot_same_window,daily,2022-07-30,0.020449087225018245
exclude_dot_same_window,daily,2022-07-31,0.018622701174925163
exclude_dot_same_window,daily,2022-08-01,0.011590147134021164
exclude_dot_same_window,daily,2022-08-02,0.011193505570586529
exclude_dot_same_window,daily,2022-08-03,0.01555488431329799
exclude_dot_same_window,daily,2022-08-04,0.006337215176755132
exclude_dot_same_window,daily,2022-08-05,0.012607691256981218
exclude_dot_same_window,daily,2022-08-06,0.019392282550954196
exclude_dot_same_window,daily,2022-08-07,0.00993964054723799
exclude_dot_same_window,daily,2022-08-08,0.013775886093147324
exclude_dot_same_window,daily,2022-08-09,0.01188442968105101
exclude_dot_same_window,daily,2022-08-10,0.017530895098314972
exclude_dot_same_window,daily,2022-08-11,0.013259295274443847
exclude_dot_same_window,daily,2022-08-12,0.016354815671385498
exclude_dot_same_window,daily,2022-08-13,0.011011447301327582
exclude_dot_same_window,daily,2022-08-14,0.009877954533376976
exclude_dot_same_window,daily,2022-08-15,0.027591288204873124
exclude_dot_same_window,daily,2022-08-16,0.014093397042555078
exclude_dot_same_window,daily,2022-08-17,0.026346472319345726
exclude_dot_same_window,daily,2022-08-18,0.01733950274185024
exclude_dot_same_window,daily,2022-08-19,0.019056995266938048
exclude_dot_same_window,daily,2022-08-20,0.023187583695553127
exclude_dot_same_window,daily,2022-08-21,0.00975702318405873
exclude_dot_same_window,daily,2022-08-22,0.008383793649386115
exclude_dot_same_window,daily,2022-08-23,0.012154843671501686
exclude_dot_same_window,daily,2022-08-24,0.01572972302115634
exclude_dot_same_window,daily,2022-08-25,0.008853057977178475
exclude_dot_same_window,daily,2022-08-26,0.009644093001398318
exclude_dot_same_window,daily,2022-08-27,0.019541547810396118
exclude_dot_same_window,daily,2022-08-28,0.014699195186358538
exclude_dot_same_window,daily,2022-08-29,0.014402322062613826
exclude_dot_same_window,daily,2022-08-30,0.01705752418341369
exclude_dot_same_window,daily,2022-08-31,0.015051744825010191
exclude_dot_same_window,daily,2022-09-01,0.009651039851710994
exclude_dot_same_window,daily,2022-09-02,0.012920290151251082
exclude_dot_same_window,daily,2022-09-03,0.011989440652344363
exclude_dot_same_window,daily,2022-09-04,0.014764384572262479
exclude_dot_same_window,daily,2022-09-05,0.011041810066561353
exclude_dot_same_window,daily,2022-09-06,0.04138358249685008
exclude_dot_same_window,daily,2022-09-07,0.029829318625233886
exclude_dot_same_window,daily,2022-09-08,0.013426132895218656
exclude_dot_same_window,daily,2022-09-09,0.016673380802659135
exclude_dot_same_window,daily,2022-09-10,0.014668896766350692
exclude_dot_same_window,daily,2022-09-11,0.009839498600066693
exclude_dot_same_window,daily,2022-09-12,0.0077787618773020595
exclude_dot_same_window,daily,2022-09-13,0.012821020840165148
exclude_dot_same_window,daily,2022-09-14,0.014199068825471728
exclude_dot_same_window,daily,2022-09-15,0.01712465745410685
exclude_dot_same_window,daily,2022-09-16,0.026908824739157705
exclude_dot_same_window,daily,2022-09-17,0.02496353518849795
exclude_dot_same_window,daily,2022-09-18,0.014086634514387825
exclude_dot_same_window,daily,2022-09-19,0.025039529962383164
exclude_dot_same_window,daily,2022-09-20,0.020686306480171487
exclude_dot_same_window,daily,2022-09-21,0.029041152996761646
exclude_dot_same_window,daily,2022-09-22,0.015198379981141819
exclude_dot_same_window,daily,2022-09-23,0.033780023139709625
exclude_dot_same_window,daily,2022-09-24,0.019648881387366007
exclude_dot_same_window,daily,2022-09-25,0.01368237120811612
exclude_dot_same_window,daily,2022-09-26,0.013096350488090505
exclude_dot_same_window,daily,2022-09-27,0.01714728325280819
exclude_dot_same_window,daily,2022-09-28,0.009921242387864238
exclude_dot_same_window,daily,2022-09-29,0.01158915704847717
exclude_dot_same_window,daily,2022-09-30,0.018821023291111433
exclude_dot_same_window,daily,2022-10-01,0.01072623676669554
exclude_dot_same_window,daily,2022-10-02,0.012189781712326209
exclude_dot_same_window,daily,2022-10-03,0.00887455484551583
exclude_dot_same_window,daily,2022-10-04,0.010958441834482663
exclude_dot_same_window,daily,2022-10-05,0.015549391958986067
exclude_dot_same_window,daily,2022-10-06,0.010431917433569249
exclude_dot_same_window,daily,2022-10-07,0.01253304615784577
exclude_dot_same_window,daily,2022-10-08,0.014755623652005903
exclude_dot_same_window,daily,2022-10-09,0.009076342403578935
exclude_dot_same_window,daily,2022-10-10,0.009517877717487619
exclude_dot_same_window,daily,2022-10-11,0.021343572803314434
exclude_dot_same_window,daily,2022-10-12,0.013778594148269097
exclude_dot_same_window,daily,2022-10-13,0.006003369621032845
exclude_dot_same_window,daily,2022-10-14,0.010414463692066403
exclude_dot_same_window,daily,2022-10-15,0.01577724882597603
exclude_dot_same_window,daily,2022-10-16,0.00847155166464722
exclude_dot_same_window,daily,2022-10-17,0.009418290774432125
exclude_dot_same_window,daily,2022-10-18,0.006930475017859969
exclude_dot_same_window,daily,2022-10-19,0.007880527880330238
exclude_dot_same_window,daily,2022-10-20,0.011264979151603002
exclude_dot_same_window,daily,2022-10-21,0.010472895267277502
exclude_dot_same_window,daily,2022-10-22,0.00920187925004673
exclude_dot_same_window,daily,2022-10-23,0.008411707309800023
exclude_dot_same_window,daily,2022-10-24,0.01018344696002696
exclude_dot_same_window,daily,2022-10-25,0.007769794326107582
exclude_dot_same_window,daily,2022-10-26,0.02761824060029186
exclude_dot_same_window,daily,2022-10-27,0.028251751892423307
exclude_dot_same_window,daily,2022-10-28,0.01602869612703707
exclude_dot_same_window,daily,2022-10-29,0.013509123220648206
exclude_dot_same_window,daily,2022-10-30,0.06755617952259445
exclude_dot_same_window,daily,2022-10-31,0.011435998207774647
exclude_dot_same_window,daily,2022-11-01,0.015592062209443883
exclude_dot_same_window,daily,2022-11-02,0.021161822784623294
exclude_dot_same_window,daily,2022-11-03,0.027486445880841037
exclude_dot_same_window,daily,2022-11-04,0.014481085951624062
exclude_dot_same_window,daily,2022-11-05,0.020983009001137254
exclude_dot_same_window,daily,2022-11-06,0.01407872281124295
exclude_dot_same_window,daily,2022-11-07,0.01809977835803872
exclude_dot_same_window,daily,2022-11-08,0.018050017852249217
exclude_dot_same_window,daily,2022-11-09,0.032914091625946926
exclude_dot_same_window,daily,2022-11-10,0.026562469969360958
exclude_dot_same_window,daily,2022-11-11,0.025024692949725508
exclude_dot_same_window,daily,2022-11-12,0.014237663370208264
exclude_dot_same_window,daily,2022-11-13,0.026537844783661224
exclude_dot_same_window,daily,2022-11-14,0.01282216745247336
exclude_dot_same_window,daily,2022-11-15,0.02117420372562602
exclude_dot_same_window,daily,2022-11-16,0.006574045921324115
exclude_dot_same_window,daily,2022-11-17,0.011023703429876436
exclude_dot_same_window,daily,2022-11-18,0.01787130228586109
exclude_dot_same_window,daily,2022-11-19,0.005712848176615576
exclude_dot_same_window,daily,2022-11-20,0.007595578060376862
exclude_dot_same_window,daily,2022-11-21,0.019514323857516475
exclude_dot_same_window,daily,2022-11-22,0.01669263211855647
exclude_dot_same_window,daily,2022-11-23,0.02897741330008094
exclude_dot_same_window,daily,2022-11-24,0.024492477249155487
exclude_dot_same_window,daily,2022-11-25,0.013466310881244573
exclude_dot_same_window,daily,2022-11-26,0.020543699324617817
exclude_dot_same_window,daily,2022-11-27,0.014822177674462755
exclude_dot_same_window,daily,2022-11-28,0.02231444014221938
exclude_dot_same_window,daily,2022-11-29,0.012919933763356345
exclude_dot_same_window,daily,2022-11-30,0.012787083504492328
exclude_dot_same_window,daily,2022-12-01,0.012170923627279354
exclude_dot_same_window,daily,2022-12-02,0.0104206925284695
exclude_dot_same_window,daily,2022-12-03,0.004764349621440858
exclude_dot_same_window,daily,2022-12-04,0.010135131399210962
exclude_dot_same_window,daily,2022-12-05,0.009944715332572768
exclude_dot_same_window,daily,2022-12-06,0.01092457425888714
exclude_dot_same_window,daily,2022-12-07,0.008857030093915766
exclude_dot_same_window,daily,2022-12-08,0.009324366383091268
exclude_dot_same_window,daily,2022-12-09,0.005368262223101078
exclude_dot_same_window,daily,2022-12-10,0.0074284727814850765
exclude_dot_same_window,daily,2022-12-11,0.002308454271878882
exclude_dot_same_window,daily,2022-12-12,0.008320700702337674
exclude_dot_same_window,daily,2022-12-13,0.008945394319912855
exclude_dot_same_window,daily,2022-12-14,0.0109879715731485
exclude_dot_same_window,daily,2022-12-15,0.011192151384456353
exclude_dot_same_window,daily,2022-12-16,0.011047341646090877
exclude_dot_same_window,daily,2022-12-17,0.021449556726788777
exclude_dot_same_window,daily,2022-12-18,0.011183261785377471
exclude_dot_same_window,daily,2022-12-19,0.0059760290128759025
exclude_dot_same_window,daily,2022-12-20,0.017726726910950535
exclude_dot_same_window,daily,2022-12-21,0.007081001609254012
exclude_dot_same_window,daily,2022-12-22,0.009413069315180489
exclude_dot_same_window,daily,2022-12-23,0.007575661647886062
exclude_dot_same_window,daily,2022-12-24,0.00770075390928443
exclude_dot_same_window,daily,2022-12-25,0.004383112166419678
exclude_dot_same_window,daily,2022-12-26,0.011966626434756655
exclude_dot_same_window,daily,2022-12-27,0.012158510626949184
exclude_dot_same_window,daily,2022-12-28,0.007625867038579412
exclude_dot_same_window,daily,2022-12-29,0.01235832005180626
exclude_dot_same_window,daily,2022-12-30,0.014033935931612063
exclude_dot_same_window,daily,2022-12-31,0.01312087111413096
exclude_dot_same_window,daily,2023-01-01,0.011561630971374345
exclude_dot_same_window,daily,2023-01-02,0.005344819502951764
exclude_dot_same_window,daily,2023-01-03,0.009582679411468564
exclude_dot_same_window,daily,2023-01-04,0.006469915537153967
exclude_dot_same_window,daily,2023-01-05,0.033848726102452195
exclude_dot_same_window,daily,2023-01-06,0.012126797987963053
exclude_dot_same_window,daily,2023-01-07,0.020661980158742516
exclude_dot_same_window,daily,2023-01-08,0.006869235250054506
exclude_dot_same_window,daily,2023-01-09,0.010127388980113311
exclude_dot_same_window,daily,2023-01-10,0.015405116907698371
exclude_dot_same_window,daily,2023-01-11,0.007498452642878045
exclude_dot_same_window,daily,2023-01-12,0.012633331117511803
exclude_dot_same_window,daily,2023-01-13,0.01625661428573244
exclude_dot_same_window,daily,2023-01-14,0.010671577079475553
exclude_dot_same_window,daily,2023-01-15,0.011806155216467315
exclude_dot_same_window,daily,2023-01-16,0.00838970965393862
exclude_dot_same_window,daily,2023-01-17,0.011169210851335085
exclude_dot_same_window,daily,2023-01-18,0.0091073196886024
exclude_dot_same_window,daily,2023-01-19,0.013645103858424726
exclude_dot_same_window,daily,2023-01-20,0.00555830043141281
exclude_dot_same_window,daily,2023-01-21,0.010708972221804211
exclude_dot_same_window,daily,2023-01-22,0.01396682354692258
exclude_dot_same_window,daily,2023-01-23,0.013290072558644755
exclude_dot_same_window,daily,2023-01-24,0.015521457840802541
exclude_dot_same_window,daily,2023-01-25,0.00912719627571451
exclude_dot_same_window,daily,2023-01-26,0.005732164334749032
exclude_dot_same_window,daily,2023-01-27,0.011871186903693612
exclude_dot_same_window,daily,2023-01-28,0.00913739661302275
exclude_dot_same_window,daily,2023-01-29,0.008905120888364565
exclude_dot_same_window,daily,2023-01-30,0.011453588276737592
exclude_dot_same_window,daily,2023-01-31,0.011151275384858814
exclude_dot_same_window,daily,2023-02-01,0.017836380462358553
exclude_dot_same_window,daily,2023-02-02,0.013259698480375628
exclude_dot_same_window,daily,2023-02-03,0.009331726746032207
exclude_dot_same_window,daily,2023-02-04,0.007855564442710808
exclude_dot_same_window,daily,2023-02-05,0.009988640865489687
exclude_dot_same_window,daily,2023-02-06,0.009237724410814718
exclude_dot_same_window,daily,2023-02-07,0.007612346082571206
exclude_dot_same_window,daily,2023-02-08,0.0077025562037790485
exclude_dot_same_window,daily,2023-02-09,0.007972641709482114
exclude_dot_same_window,daily,2023-02-10,0.017938198385414383
exclude_dot_same_window,daily,2023-02-11,0.009278817616072091
exclude_dot_same_window,daily,2023-02-12,0.006532590677482811
exclude_dot_same_window,daily,2023-02-13,0.007078903216966123
exclude_dot_same_window,daily,2023-02-14,0.010254456160448178
exclude_dot_same_window,daily,2023-02-15,0.012497064482797068
exclude_dot_same_window,daily,2023-02-16,0.00984434489290699
exclude_dot_same_window,daily,2023-02-17,0.011023079329277485
exclude_dot_same_window,daily,2023-02-18,0.012109688031411894
exclude_dot_same_window,daily,2023-02-19,0.010542587010523574
exclude_dot_same_window,daily,2023-02-20,0.007905123571071662
exclude_dot_same_window,daily,2023-02-21,0.015105159394948303
exclude_dot_same_window,daily,2023-02-22,0.012040379843174256
exclude_dot_same_window,daily,2023-02-23,0.011102541942874022
exclude_dot_same_window,daily,2023-02-24,0.01081997996782981
exclude_dot_same_window,daily,2023-02-25,0.01021476967552587
exclude_dot_same_window,daily,2023-02-26,0.006049201031524856
exclude_dot_same_window,daily,2023-02-27,0.005234311532201608
exclude_dot_same_window,daily,2023-02-28,0.0057561737288900905
exclude_dot_same_window,daily,2023-03-01,0.007855841617343262
exclude_dot_same_window,daily,2023-03-02,0.009324948025409174
exclude_dot_same_window,daily,2023-03-03,0.008165290872200831
exclude_dot_same_window,daily,2023-03-04,0.012313684385636695
exclude_dot_same_window,daily,2023-03-05,0.006703126140133131
exclude_dot_same_window,daily,2023-03-06,0.007237560122765385
exclude_dot_same_window,daily,2023-03-07,0.00899227231925992
exclude_dot_same_window,daily,2023-03-08,0.009230024951781629
exclude_dot_same_window,daily,2023-03-09,0.01726384140871154
exclude_dot_same_window,daily,2023-03-10,0.013193152855243417
exclude_dot_same_window,daily,2023-03-11,0.01654212017274828
exclude_dot_same_window,daily,2023-03-12,0.01913901702214639
exclude_dot_same_window,daily,2023-03-13,0.015399647002288089
exclude_dot_same_window,daily,2023-03-14,0.01733987790221375
exclude_dot_same_window,daily,2023-03-15,0.01260793295448187
exclude_dot_same_window,daily,2023-03-16,0.02083469047458282
exclude_dot_same_window,daily,2023-03-17,0.009145375807932288
exclude_dot_same_window,daily,2023-03-18,0.016633011040396647
exclude_dot_same_window,daily,2023-03-19,0.012885388141170892
exclude_dot_same_window,daily,2023-03-20,0.007110930549840383
exclude_dot_same_window,daily,2023-03-21,0.017358649300450613
exclude_dot_same_window,daily,2023-03-22,0.042576887557215254
exclude_dot_same_window,daily,2023-03-23,0.029190358850155335
exclude_dot_same_window,daily,2023-03-24,0.01569849636471922
exclude_dot_same_window,daily,2023-03-25,0.008761270111215039
exclude_dot_same_window,daily,2023-03-26,0.014870493352481418
exclude_dot_same_window,daily,2023-03-27,0.006041774868012786
exclude_dot_same_window,daily,2023-03-28,0.023341014676198424
exclude_dot_same_window,daily,2023-03-29,0.02115400908640394
exclude_dot_same_window,daily,2023-03-30,0.014210908041288495
exclude_dot_same_window,daily,2023-03-31,0.013785197456748263
exclude_dot_same_window,daily,2023-04-01,0.015892050881767456
exclude_dot_same_window,daily,2023-04-02,0.028900651455504342
exclude_dot_same_window,daily,2023-04-03,0.014166166666716842
exclude_dot_same_window,daily,2023-04-04,0.03748080674793318
exclude_dot_same_window,daily,2023-04-05,0.0113888836383544
exclude_dot_same_window,daily,2023-04-06,0.007250040592354096
exclude_dot_same_window,daily,2023-04-07,0.012268061200943856
exclude_dot_same_window,daily,2023-04-08,0.009431618520956975
exclude_dot_same_window,daily,2023-04-09,0.0063890931292935604
exclude_dot_same_window,daily,2023-04-10,0.004276876166351223
exclude_dot_same_window,daily,2023-04-11,0.007746785510211171
exclude_dot_same_window,daily,2023-04-12,0.01040067114025077
exclude_dot_same_window,daily,2023-04-13,0.011187224334414783
exclude_dot_same_window,daily,2023-04-14,0.013308413605533614
exclude_dot_same_window,daily,2023-04-15,0.010584852877848133
exclude_dot_same_window,daily,2023-04-16,0.011214144345030999
exclude_dot_same_window,daily,2023-04-17,0.007362847973527181
exclude_dot_same_window,daily,2023-04-18,0.01096366850576408
exclude_dot_same_window,daily,2023-04-19,0.010705090015647803
exclude_dot_same_window,daily,2023-04-20,0.01771038722819754
exclude_dot_same_window,daily,2023-04-21,0.012445414906840882
exclude_dot_same_window,daily,2023-04-22,0.013504928426220433
exclude_dot_same_window,daily,2023-04-23,0.010143787288743378
exclude_dot_same_window,daily,2023-04-24,0.007419855142288698
exclude_dot_same_window,daily,2023-04-25,0.006369376203623475
exclude_dot_same_window,daily,2023-04-26,0.008076171782651992
exclude_dot_same_window,daily,2023-04-27,0.011844441939298858
exclude_dot_same_window,daily,2023-04-28,0.008069718997044048
exclude_dot_same_window,daily,2023-04-29,0.009236271923765027
exclude_dot_same_window,daily,2023-04-30,0.007948605454707686
exclude_dot_same_window,daily,2023-05-01,0.005377179595876344
exclude_dot_same_window,daily,2023-05-02,0.009432154371020324
exclude_dot_same_window,daily,2023-05-03,0.006254337061808973
exclude_dot_same_window,daily,2023-05-04,0.006025762048448027
exclude_dot_same_window,daily,2023-05-05,0.007171714608180335
exclude_dot_same_window,daily,2023-05-06,0.009446752306294923
exclude_dot_same_window,daily,2023-05-07,0.012538164756977915
exclude_dot_same_window,daily,2023-05-08,0.005094497687968283
exclude_dot_same_window,daily,2023-05-09,0.015201465632303054
exclude_dot_same_window,daily,2023-05-10,0.019294704694365075
exclude_dot_same_window,daily,2023-05-11,0.009783787211324613
exclude_dot_same_window,daily,2023-05-12,0.009320206106906717
exclude_dot_same_window,daily,2023-05-13,0.012168981514994459
exclude_dot_same_window,daily,2023-05-14,0.0055983153026358395
exclude_dot_same_window,daily,2023-05-15,0.008560729319001398
exclude_dot_same_window,daily,2023-05-16,0.008388727927213485
exclude_dot_same_window,daily,2023-05-17,0.009294708103492838
exclude_dot_same_window,daily,2023-05-18,0.008386701937755453
exclude_dot_same_window,daily,2023-05-19,0.0117122214647917
exclude_dot_same_window,daily,2023-05-20,0.005719881562255155
exclude_dot_same_window,daily,2023-05-21,0.0059945828690003145
exclude_dot_same_window,daily,2023-05-22,0.010296808233470248
exclude_dot_same_window,daily,2023-05-23,0.00991535720977757
exclude_dot_same_window,daily,2023-05-24,0.004790431724990676
exclude_dot_same_window,daily,2023-05-25,0.007155246700852852
exclude_dot_same_window,daily,2023-05-26,0.005044206093986592
exclude_dot_same_window,daily,2023-05-27,0.007206356535267772
exclude_dot_same_window,daily,2023-05-28,0.005976286154899146
exclude_dot_same_window,daily,2023-05-29,0.011986788115991173
exclude_dot_same_window,daily,2023-05-30,0.008194069586476505
exclude_dot_same_window,daily,2023-05-31,0.012808622181903623
exclude_dot_same_window,daily,2023-06-01,0.00674355296403828
exclude_dot_same_window,daily,2023-06-02,0.011245912540497782
exclude_dot_same_window,daily,2023-06-03,0.016788041925066374
exclude_dot_same_window,daily,2023-06-04,0.004665258173214004
exclude_dot_same_window,daily,2023-06-05,0.007874742955552239
exclude_dot_same_window,daily,2023-06-06,0.01270789892536485
exclude_dot_same_window,daily,2023-06-07,0.01412399721208904
exclude_dot_same_window,daily,2023-06-08,0.01493172385757438
exclude_dot_same_window,daily,2023-06-09,0.004033644262980196
exclude_dot_same_window,daily,2023-06-10,0.025585521640718575
exclude_dot_same_window,daily,2023-06-11,0.03382560934914948
exclude_dot_same_window,daily,2023-06-12,0.008569844738741436
exclude_dot_same_window,daily,2023-06-13,0.0052755283902311545
exclude_dot_same_window,daily,2023-06-14,0.009004814295146504
exclude_dot_same_window,daily,2023-06-15,0.015157373292710372
exclude_dot_same_window,daily,2023-06-16,0.013140521328144542
exclude_dot_same_window,daily,2023-06-17,0.011290135600479673
exclude_dot_same_window,daily,2023-06-18,0.007557658760422581
exclude_dot_same_window,daily,2023-06-19,0.009285289886153666
exclude_dot_same_window,daily,2023-06-20,0.006004536587666309
exclude_dot_same_window,daily,2023-06-21,0.010769185217607238
exclude_dot_same_window,daily,2023-06-22,0.02927689331251558
exclude_dot_same_window,daily,2023-06-23,0.006639936785934497
exclude_dot_same_window,daily,2023-06-24,0.06157709304735007
exclude_dot_same_window,daily,2023-06-25,0.03268934743460325
exclude_dot_same_window,daily,2023-06-26,0.023025060066622
exclude_dot_same_window,daily,2023-06-27,0.029361298977055264
exclude_dot_same_window,daily,2023-06-28,0.01639356046731734
exclude_dot_same_window,daily,2023-06-29,0.01838942633445391
exclude_dot_same_window,daily,2023-06-30,0.017898763316796754
exclude_dot_same_window,daily,2023-07-01,0.06428181754388067
exclude_dot_same_window,daily,2023-07-02,0.017265417264449218
exclude_dot_same_window,daily,2023-07-03,0.015840930257665337
exclude_dot_same_window,daily,2023-07-04,0.019917330980834855
exclude_dot_same_window,daily,2023-07-05,0.011480257643032038
exclude_dot_same_window,daily,2023-07-06,0.010107820595072856
exclude_dot_same_window,daily,2023-07-07,0.016712993886605756
exclude_dot_same_window,daily,2023-07-08,0.005438943163790302
exclude_dot_same_window,daily,2023-07-09,0.010529745838017843
exclude_dot_same_window,daily,2023-07-10,0.010041622887181176
exclude_dot_same_window,daily,2023-07-11,0.007416941825116721
exclude_dot_same_window,daily,2023-07-12,0.0051279212421375675
exclude_dot_same_window,daily,2023-07-13,0.009481742440615115
exclude_dot_same_window,daily,2023-07-14,0.15578960477304024
exclude_dot_same_window,daily,2023-07-15,0.032116180691508026
exclude_dot_same_window,daily,2023-07-16,0.016462606978085076
exclude_dot_same_window,daily,2023-07-17,0.020383010372727564
exclude_dot_same_window,daily,2023-07-18,0.01823789496994377
exclude_dot_same_window,daily,2023-07-19,0.01827189523763534
exclude_dot_same_window,daily,2023-07-20,0.03412693229230099
exclude_dot_same_window,daily,2023-07-21,0.03864391567722085
exclude_dot_same_window,daily,2023-07-22,0.016160059301247115
exclude_dot_same_window,daily,2023-07-23,0.016382129104488496
exclude_dot_same_window,daily,2023-07-24,0.008613251038730979
exclude_dot_same_window,daily,2023-07-25,0.016569733255882374
exclude_dot_same_window,daily,2023-07-26,0.017299339262358437
exclude_dot_same_window,daily,2023-07-27,0.0175408581004214
exclude_dot_same_window,daily,2023-07-28,0.008868823743092752
exclude_dot_same_window,daily,2023-07-29,0.00960971797171882
exclude_dot_same_window,daily,2023-07-30,0.011178261564482012
exclude_dot_same_window,daily,2023-07-31,0.01724749495526809
exclude_dot_same_window,daily,2023-08-01,0.010697320428984788
exclude_dot_same_window,daily,2023-08-02,0.006215189316886652
exclude_dot_same_window,daily,2023-08-03,0.016121182774244736
exclude_dot_same_window,daily,2023-08-04,0.015454742602076854
exclude_dot_same_window,daily,2023-08-05,0.009065547371103128
exclude_dot_same_window,daily,2023-08-06,0.009012020770466422
exclude_dot_same_window,daily,2023-08-07,0.00528709573632527
exclude_dot_same_window,daily,2023-08-08,0.017408484441156516
exclude_dot_same_window,daily,2023-08-09,0.007396468464646408
exclude_dot_same_window,daily,2023-08-10,0.007877335062005095
exclude_dot_same_window,daily,2023-08-11,0.008408480070010743
exclude_dot_same_window,daily,2023-08-12,0.005125604469601683
exclude_dot_same_window,daily,2023-08-13,0.005242650263714926
exclude_dot_same_window,daily,2023-08-14,0.005880772928123876
exclude_dot_same_window,daily,2023-08-15,0.0043601347590526
exclude_dot_same_window,daily,2023-08-16,0.015331742582634783
exclude_dot_same_window,daily,2023-08-17,0.01775729241094967
exclude_dot_same_window,daily,2023-08-18,0.026777819112642015
exclude_dot_same_window,daily,2023-08-19,0.01843212857547845
exclude_dot_same_window,daily,2023-08-20,0.011972451494379283
exclude_dot_same_window,daily,2023-08-21,0.012259025613545416
exclude_dot_same_window,daily,2023-08-22,0.013991329523282595
exclude_dot_same_window,daily,2023-08-23,0.01028399195692821
exclude_dot_same_window,daily,2023-08-24,0.011809108809377744
exclude_dot_same_window,daily,2023-08-25,0.008844438436560922
exclude_dot_same_window,daily,2023-08-26,0.007301381515584085
exclude_dot_same_window,daily,2023-08-27,0.00473602260201067
exclude_dot_same_window,daily,2023-08-28,0.006759538000848206
exclude_dot_same_window,daily,2023-08-29,0.009035869259288384
exclude_dot_same_window,daily,2023-08-30,0.024555363497066787
exclude_dot_same_window,daily,2023-08-31,0.010515223939376261
exclude_dot_same_window,daily,2023-09-01,0.013098274994088513
exclude_dot_same_window,daily,2023-09-02,0.009034867286757994
exclude_dot_same_window,daily,2023-09-03,0.00746042513011462
exclude_dot_same_window,daily,2023-09-04,0.010014165239928333
exclude_dot_same_window,daily,2023-09-05,0.008881520545140353
exclude_dot_same_window,daily,2023-09-06,0.00753201691024008
exclude_dot_same_window,daily,2023-09-07,0.008206001125002818
exclude_dot_same_window,daily,2023-09-08,0.005657068359969347
exclude_dot_same_window,daily,2023-09-09,0.007552524260928811
exclude_dot_same_window,daily,2023-09-10,0.00770100111906781
exclude_dot_same_window,daily,2023-09-11,0.009857976898936499
exclude_dot_same_window,daily,2023-09-12,0.008973121697541303
exclude_dot_same_window,daily,2023-09-13,0.01759688001462921
exclude_dot_same_window,daily,2023-09-14,0.005936228905376539
exclude_dot_same_window,daily,2023-09-15,0.008620241797488923
exclude_dot_same_window,daily,2023-09-16,0.01587749608182905
exclude_dot_same_window,daily,2023-09-17,0.0033261121640927593
exclude_dot_same_window,daily,2023-09-18,0.00785303554027944
exclude_dot_same_window,daily,2023-09-19,0.013156507800876113
exclude_dot_same_window,daily,2023-09-20,0.008764126893941668
exclude_dot_same_window,daily,2023-09-21,0.010595706159864063
exclude_dot_same_window,daily,2023-09-22,0.0062267271412692615
exclude_dot_same_window,daily,2023-09-23,0.0073428204445294964
exclude_dot_same_window,daily,2023-09-24,0.007072714587226345
exclude_dot_same_window,daily,2023-09-25,0.005339999304245127
exclude_dot_same_window,daily,2023-09-26,0.012167587847611808
exclude_dot_same_window,daily,2023-09-27,0.006461166576499519
exclude_dot_same_window,daily,2023-09-28,0.015476400794219719
exclude_dot_same_window,daily,2023-09-29,0.007069486752905224
exclude_dot_same_window,daily,2023-09-30,0.010363890239351747
exclude_dot_same_window,daily,2023-10-01,0.01111267967876002
exclude_dot_same_window,daily,2023-10-02,0.012444856893985723
exclude_dot_same_window,daily,2023-10-03,0.013519411914410848
exclude_dot_same_window,daily,2023-10-04,0.022286365622548987
exclude_dot_same_window,daily,2023-10-05,0.012546964249900011
exclude_dot_same_window,daily,2023-10-06,0.007463039454447026
exclude_dot_same_window,daily,2023-10-07,0.008121307886750917
exclude_dot_same_window,daily,2023-10-08,0.006128325752134428
exclude_dot_same_window,daily,2023-10-09,0.005420800753871385
exclude_dot_same_window,daily,2023-10-10,0.009269245591920855
exclude_dot_same_window,daily,2023-10-11,0.007109066606126549
exclude_dot_same_window,daily,2023-10-12,0.010080370346347386
exclude_dot_same_window,daily,2023-10-13,0.0048149172947331426
exclude_dot_same_window,daily,2023-10-14,0.0025264055306120498
exclude_dot_same_window,daily,2023-10-15,0.00715284846527893
exclude_dot_same_window,daily,2023-10-16,0.007562408809289017
exclude_dot_same_window,daily,2023-10-17,0.012362922283160757
exclude_dot_same_window,daily,2023-10-18,0.007126834376486563
exclude_dot_same_window,daily,2023-10-19,0.007679157407210646
exclude_dot_same_window,daily,2023-10-20,0.015153267948033622
exclude_dot_same_window,daily,2023-10-21,0.013351602879641059
exclude_dot_same_window,daily,2023-10-22,0.024992336132537235
exclude_dot_same_window,daily,2023-10-23,0.022644866573860695
exclude_dot_same_window,daily,2023-10-24,0.015676644531902553
exclude_dot_same_window,daily,2023-10-25,0.012694124952833188
exclude_dot_same_window,daily,2023-10-26,0.013356404896311597
exclude_dot_same_window,daily,2023-10-27,0.015181290601791353
exclude_dot_same_window,daily,2023-10-28,0.016783864529923517
exclude_dot_same_window,daily,2023-10-29,0.008583474124856064
exclude_dot_same_window,daily,2023-10-30,0.004769832027919918
exclude_dot_same_window,daily,2023-10-31,0.010093007273035512
exclude_dot_same_window,daily,2023-11-01,0.016597315364018705
exclude_dot_same_window,daily,2023-11-02,0.008764489235604522
exclude_dot_same_window,daily,2023-11-03,0.01685513750726929
exclude_dot_same_window,daily,2023-11-04,0.012393738140844823
exclude_dot_same_window,daily,2023-11-05,0.00451567079247038
exclude_dot_same_window,daily,2023-11-06,0.019176230053916873
exclude_dot_same_window,daily,2023-11-07,0.024348057112931837
exclude_dot_same_window,daily,2023-11-08,0.01579469901191749
exclude_dot_same_window,daily,2023-11-09,0.02244116132334875
exclude_dot_same_window,daily,2023-11-10,0.04266146939365989
exclude_dot_same_window,daily,2023-11-11,0.02401356713299503
exclude_dot_same_window,daily,2023-11-12,0.02020472212894646
exclude_dot_same_window,daily,2023-11-13,0.004353263538165897
exclude_dot_same_window,daily,2023-11-14,0.027908567309834667
exclude_dot_same_window,daily,2023-11-15,0.013715729390839745
exclude_dot_same_window,daily,2023-11-16,0.013625717776802299
exclude_dot_same_window,daily,2023-11-17,0.021255165903353634
exclude_dot_same_window,daily,2023-11-18,0.01788603521327381
exclude_dot_same_window,daily,2023-11-19,0.012936181639223124
exclude_dot_same_window,daily,2023-11-20,0.012700261899923307
exclude_dot_same_window,daily,2023-11-21,0.009846967451763722
exclude_dot_same_window,daily,2023-11-22,0.009648109779104089
exclude_dot_same_window,daily,2023-11-23,0.007938020471101329
exclude_dot_same_window,daily,2023-11-24,0.006712610406610503
exclude_dot_same_window,daily,2023-11-25,0.0073015308283282815
exclude_dot_same_window,daily,2023-11-26,0.009365006974101212
exclude_dot_same_window,daily,2023-11-27,0.00548693542751548
exclude_dot_same_window,daily,2023-11-28,0.01196541875356219
exclude_dot_same_window,daily,2023-11-29,0.005613242635138849
exclude_dot_same_window,daily,2023-11-30,0.004093951963365608
exclude_dot_same_window,daily,2023-12-01,0.008773583892855069
exclude_dot_same_window,daily,2023-12-02,0.008514105931469063
exclude_dot_same_window,daily,2023-12-03,0.013684858026774577
exclude_dot_same_window,daily,2023-12-04,0.007479810049158181
exclude_dot_same_window,daily,2023-12-05,0.024621720754146134
exclude_dot_same_window,daily,2023-12-06,0.015233515232142239
exclude_dot_same_window,daily,2023-12-07,0.02057399909199563
exclude_dot_same_window,daily,2023-12-08,0.020313337041625162
exclude_dot_same_window,daily,2023-12-09,0.031731382103525316
exclude_dot_same_window,daily,2023-12-10,0.017467830834278122
exclude_dot_same_window,daily,2023-12-11,0.009442489047970778
exclude_dot_same_window,daily,2023-12-12,0.013473597000791246
exclude_dot_same_window,daily,2023-12-13,0.010387726079378531
exclude_dot_same_window,daily,2023-12-14,0.022310258301328503
exclude_dot_same_window,daily,2023-12-15,0.012957862306373635
exclude_dot_same_window,daily,2023-12-16,0.011593828203777135
exclude_dot_same_window,daily,2023-12-17,0.009907047329203486
exclude_dot_same_window,daily,2023-12-18,0.01006778018483881
exclude_dot_same_window,daily,2023-12-19,0.01590169694050872
exclude_dot_same_window,daily,2023-12-20,0.009247408990176814
exclude_dot_same_window,daily,2023-12-21,0.007960809737696597
exclude_dot_same_window,daily,2023-12-22,0.01869243323025195
exclude_dot_same_window,daily,2023-12-23,0.01721242518586634
exclude_dot_same_window,daily,2023-12-24,0.009800668026153425
exclude_dot_same_window,daily,2023-12-25,0.006572348400525008
exclude_dot_same_window,daily,2023-12-26,0.013730703729700533
exclude_dot_same_window,daily,2023-12-27,0.00869155901274861
exclude_dot_same_window,daily,2023-12-28,0.03239584611089402
exclude_dot_same_window,daily,2023-12-29,0.01215575929313624
exclude_dot_same_window,daily,2023-12-30,0.010165041713013231
exclude_dot_same_window,daily,2023-12-31,0.014864287096323703
exclude_dot_same_window,daily,2024-01-01,0.010757958506090959
exclude_dot_same_window,daily,2024-01-02,0.008226570559432891
exclude_dot_same_window,daily,2024-01-03,0.013667709843212333
exclude_dot_same_window,daily,2024-01-04,0.020657808635068456
exclude_dot_same_window,daily,2024-01-05,0.0073724652300028864
exclude_dot_same_window,daily,2024-01-06,0.011788931220776247
exclude_dot_same_window,daily,2024-01-07,0.011066163860077416
exclude_dot_same_window,daily,2024-01-08,0.012476673337147734
exclude_dot_same_window,daily,2024-01-09,0.017771192739989325
exclude_dot_same_window,daily,2024-01-10,0.016549682533970322
exclude_dot_same_window,daily,2024-01-11,0.04267491447557327
exclude_dot_same_window,daily,2024-01-12,0.026791526776683602
exclude_dot_same_window,daily,2024-01-13,0.024105503138943496
exclude_dot_same_window,daily,2024-01-14,0.015244048728695309
exclude_dot_same_window,daily,2024-01-15,0.018755310488561064
exclude_dot_same_window,daily,2024-01-16,0.011021327457621882
exclude_dot_same_window,daily,2024-01-17,0.008632113996554377
exclude_dot_same_window,daily,2024-01-18,0.013545438787008271
exclude_dot_same_window,daily,2024-01-19,0.015015372086054288
exclude_dot_same_window,daily,2024-01-20,0.022481147917004923
exclude_dot_same_window,daily,2024-01-21,0.022483376356827747
exclude_dot_same_window,daily,2024-01-22,0.008291003991525839
exclude_dot_same_window,daily,2024-01-23,0.019188359692950907
exclude_dot_same_window,daily,2024-01-24,0.011485190694449074
exclude_dot_same_window,daily,2024-01-25,0.007853402523209166
exclude_dot_same_window,daily,2024-01-26,0.011397653278823361
exclude_dot_same_window,daily,2024-01-27,0.006931794503233252
exclude_dot_same_window,daily,2024-01-28,0.005629853583176761
exclude_dot_same_window,daily,2024-01-29,0.011177236216139336
exclude_dot_same_window,daily,2024-01-30,0.013089623832290315
exclude_dot_same_window,daily,2024-01-31,0.017689734623523495
exclude_dot_same_window,daily,2024-02-01,0.01006802658479218
exclude_dot_same_window,daily,2024-02-02,0.018833536737707268
exclude_dot_same_window,daily,2024-02-03,0.008677236044411077
exclude_dot_same_window,daily,2024-02-04,0.009131323514208173
exclude_dot_same_window,daily,2024-02-05,0.015568128520262778
exclude_dot_same_window,daily,2024-02-06,0.010569485268822301
exclude_dot_same_window,daily,2024-02-07,0.012520265639178477
exclude_dot_same_window,daily,2024-02-08,0.0065727315452300955
exclude_dot_same_window,daily,2024-02-09,0.017301202149551054
exclude_dot_same_window,daily,2024-02-10,0.005994663583067453
exclude_dot_same_window,daily,2024-02-11,0.009890686200183615
exclude_dot_same_window,daily,2024-02-12,0.02495479326386707
exclude_dot_same_window,daily,2024-02-13,0.013265858631076446
exclude_dot_same_window,daily,2024-02-14,0.014546911093564152
exclude_dot_same_window,daily,2024-02-15,0.012714757124419523
exclude_dot_same_window,daily,2024-02-16,0.0193257418924776
exclude_dot_same_window,daily,2024-02-17,0.00978616683740964
exclude_dot_same_window,daily,2024-02-18,0.015782504487845905
exclude_dot_same_window,daily,2024-02-19,0.0065314166376481825
exclude_dot_same_window,daily,2024-02-20,0.01315503807800017
exclude_dot_same_window,daily,2024-02-21,0.01666029157484558
exclude_dot_same_window,daily,2024-02-22,0.011865279160989797
exclude_dot_same_window,daily,2024-02-23,0.007168401731884516
exclude_dot_same_window,daily,2024-02-24,0.0071197672829685504
exclude_dot_same_window,daily,2024-02-25,0.00683649937707663
exclude_dot_same_window,daily,2024-02-26,0.012696435515427207
exclude_dot_same_window,daily,2024-02-27,0.010063377586826558
exclude_dot_same_window,daily,2024-02-28,0.022827256599469173
exclude_dot_same_window,daily,2024-02-29,0.0420215554067679
exclude_dot_same_window,daily,2024-03-01,0.020012232362064897
exclude_dot_same_window,daily,2024-03-02,0.031456912145528204
exclude_dot_same_window,daily,2024-03-03,0.08686047061741474
exclude_dot_same_window,daily,2024-03-04,0.028919581168712974
exclude_dot_same_window,daily,2024-03-05,0.04097461629739649
exclude_dot_same_window,daily,2024-03-06,0.035050624391530796
exclude_dot_same_window,daily,2024-03-07,0.01592664987150552
exclude_dot_same_window,daily,2024-03-08,0.010491879042603819
exclude_dot_same_window,daily,2024-03-09,0.013748782747638286
exclude_dot_same_window,daily,2024-03-10,0.018590299743364944
exclude_dot_same_window,daily,2024-03-11,0.023134088510489342
exclude_dot_same_window,daily,2024-03-12,0.04579386122000269
exclude_dot_same_window,daily,2024-03-13,0.015349164302008611
exclude_dot_same_window,daily,2024-03-14,0.007411932777663069
exclude_dot_same_window,daily,2024-03-15,0.019075398794975953
exclude_dot_same_window,daily,2024-03-16,0.013843489134542322
exclude_dot_same_window,daily,2024-03-17,0.02085965389950789
exclude_dot_same_window,daily,2024-03-18,0.012143556371432634
exclude_dot_same_window,daily,2024-03-19,0.02273367686715691
exclude_dot_same_window,daily,2024-03-20,0.009355587994588452
exclude_dot_same_window,daily,2024-03-21,0.022730130848589075
exclude_dot_same_window,daily,2024-03-22,0.015424490930317253
exclude_dot_same_window,daily,2024-03-23,0.016573484971297472
exclude_dot_same_window,daily,2024-03-24,0.018046487109435808
exclude_dot_same_window,daily,2024-03-25,0.016160953244202525
exclude_dot_same_window,daily,2024-03-26,0.013803770023628134
exclude_dot_same_window,daily,2024-03-27,0.01831710821209355
exclude_dot_same_window,daily,2024-03-28,0.03160041784293069
exclude_dot_same_window,daily,2024-03-29,0.026838024342783956
exclude_dot_same_window,daily,2024-03-30,0.04057761506876642
exclude_dot_same_window,daily,2024-03-31,0.02182276764693944
exclude_dot_same_window,daily,2024-04-01,0.03016108538358714
exclude_dot_same_window,daily,2024-04-02,0.010401970741175631
exclude_dot_same_window,daily,2024-04-03,0.03419690571331743
exclude_dot_same_window,daily,2024-04-04,0.023727208608582323
exclude_dot_same_window,daily,2024-04-05,0.02433456738199448
exclude_dot_same_window,daily,2024-04-06,0.0056102145383544605
exclude_dot_same_window,daily,2024-04-07,0.013006176044639564
exclude_dot_same_window,daily,2024-04-08,0.014719044502955539
exclude_dot_same_window,daily,2024-04-09,0.015098336161308915
exclude_dot_same_window,daily,2024-04-10,0.021194574041996525
exclude_dot_same_window,daily,2024-04-11,0.021572042968227192
exclude_dot_same_window,daily,2024-04-12,0.012789771478661713
exclude_dot_same_window,daily,2024-04-13,0.031321332665616486
exclude_dot_same_window,daily,2024-04-14,0.027783790368394817
exclude_dot_same_window,daily,2024-04-15,0.01295583343041451
exclude_dot_same_window,daily,2024-04-16,0.009321037328294327
exclude_dot_same_window,daily,2024-04-17,0.013339572464536889
exclude_dot_same_window,daily,2024-04-18,0.013381257338840921
exclude_dot_same_window,daily,2024-04-19,0.011157282185415146
exclude_dot_same_window,daily,2024-04-20,0.007839027169786073
exclude_dot_same_window,daily,2024-04-21,0.018594885077675996
exclude_dot_same_window,daily,2024-04-22,0.008941722773417066
exclude_dot_same_window,daily,2024-04-23,0.010783541233292573
exclude_dot_same_window,daily,2024-04-24,0.010820709261548989
exclude_dot_same_window,daily,2024-04-25,0.015293107904911382
exclude_dot_same_window,daily,2024-04-26,0.006827814346380884
exclude_dot_same_window,daily,2024-04-27,0.016573143440387517
exclude_dot_same_window,daily,2024-04-28,0.015624590621407572
exclude_dot_same_window,daily,2024-04-29,0.010126355907382839
exclude_dot_same_window,daily,2024-04-30,0.010619705808391888
exclude_dot_same_window,daily,2024-05-01,0.01884974734759373
exclude_dot_same_window,daily,2024-05-02,0.019529193153874386
exclude_dot_same_window,daily,2024-05-03,0.007167096672880929
exclude_dot_same_window,daily,2024-05-04,0.020051096828562723
exclude_dot_same_window,daily,2024-05-05,0.01827978309269712
exclude_dot_same_window,daily,2024-05-06,0.007477499550588865
exclude_dot_same_window,daily,2024-05-07,0.012155273518516835
exclude_dot_same_window,daily,2024-05-08,0.014187627238661779
exclude_dot_same_window,daily,2024-05-09,0.01718751408789089
exclude_dot_same_window,daily,2024-05-10,0.00901405685247958
exclude_dot_same_window,daily,2024-05-11,0.012945580215886751
exclude_dot_same_window,daily,2024-05-12,0.008576705093925427
exclude_dot_same_window,daily,2024-05-13,0.008779316246061694
exclude_dot_same_window,daily,2024-05-14,0.01511023384130164
exclude_dot_same_window,daily,2024-05-15,0.0058432001234225706
exclude_dot_same_window,daily,2024-05-16,0.014873832832558262
exclude_dot_same_window,daily,2024-05-17,0.025325408947807146
exclude_dot_same_window,daily,2024-05-18,0.014262511754739818
exclude_dot_same_window,daily,2024-05-19,0.008046157450370711
exclude_dot_same_window,daily,2024-05-20,0.013003773250008968
exclude_dot_same_window,daily,2024-05-21,0.03581350707289517
exclude_dot_same_window,daily,2024-05-22,0.013545541584010432
exclude_dot_same_window,daily,2024-05-23,0.006674228886307615
exclude_dot_same_window,daily,2024-05-24,0.022800870901309542
exclude_dot_same_window,daily,2024-05-25,0.014006951775093354
exclude_dot_same_window,daily,2024-05-26,0.01074778572208207
exclude_dot_same_window,daily,2024-05-27,0.01190040116406467
exclude_dot_same_window,daily,2024-05-28,0.014553132732944785
exclude_dot_same_window,daily,2024-05-29,0.00643214404910622
exclude_dot_same_window,daily,2024-05-30,0.00670896356065398
exclude_dot_same_window,daily,2024-05-31,0.01079368717189405
exclude_dot_same_window,daily,2024-06-01,0.008214690120585164
exclude_dot_same_window,daily,2024-06-02,0.0046927051254749275
exclude_dot_same_window,daily,2024-06-03,0.007118910835684458
exclude_dot_same_window,daily,2024-06-04,0.011940918186960095
exclude_dot_same_window,daily,2024-06-05,0.008113713940235523
exclude_dot_same_window,daily,2024-06-06,0.008519774247280662
exclude_dot_same_window,daily,2024-06-07,0.007843125711573584
exclude_dot_same_window,daily,2024-06-08,0.015941526508240975
exclude_dot_same_window,daily,2024-06-09,0.010628984958995072
exclude_dot_same_window,daily,2024-06-10,0.005714510732270778
exclude_dot_same_window,daily,2024-06-11,0.006758707127103913
exclude_dot_same_window,daily,2024-06-12,0.009967216401978701
exclude_dot_same_window,daily,2024-06-13,0.015636798295185286
exclude_dot_same_window,daily,2024-06-14,0.013970841749902763
exclude_dot_same_window,daily,2024-06-15,0.010657280848502135
exclude_dot_same_window,daily,2024-06-16,0.008995446573979035
exclude_dot_same_window,daily,2024-06-17,0.007415150971802467
exclude_dot_same_window,daily,2024-06-18,0.019508687004190978
exclude_dot_same_window,daily,2024-06-19,0.016595610173044964
exclude_dot_same_window,daily,2024-06-20,0.011616743013848033
exclude_dot_same_window,daily,2024-06-21,0.00716946407856188
exclude_dot_same_window,daily,2024-06-22,0.010418605129052655
exclude_dot_same_window,daily,2024-06-23,0.01163088755678128
exclude_dot_same_window,daily,2024-06-24,0.006222454023054019
exclude_dot_same_window,daily,2024-06-25,0.021092375631089982
exclude_dot_same_window,daily,2024-06-26,0.01426655438851357
exclude_dot_same_window,daily,2024-06-27,0.010407774180495113
exclude_dot_same_window,daily,2024-06-28,0.010673720265554923
exclude_dot_same_window,daily,2024-06-29,0.012135006724773384
exclude_dot_same_window,daily,2024-06-30,0.011296019708963545
exclude_dot_same_window,daily,2024-07-01,0.011673798786716497
exclude_dot_same_window,daily,2024-07-02,0.011784736898175108
exclude_dot_same_window,daily,2024-07-03,0.011673358473640316
exclude_dot_same_window,daily,2024-07-04,0.011003730551019275
exclude_dot_same_window,daily,2024-07-05,0.026260167073039603
exclude_dot_same_window,daily,2024-07-06,0.011222332215765601
exclude_dot_same_window,daily,2024-07-07,0.013072376899514349
exclude_dot_same_window,daily,2024-07-08,0.013727315626846037
exclude_dot_same_window,daily,2024-07-09,0.01564826890572417
exclude_dot_same_window,daily,2024-07-10,0.011465575812906317
exclude_dot_same_window,daily,2024-07-11,0.010835410315356064
exclude_dot_same_window,daily,2024-07-12,0.015620324001873034
exclude_dot_same_window,daily,2024-07-13,0.014583444229845047
exclude_dot_same_window,daily,2024-07-14,0.027738948602711783
exclude_dot_same_window,daily,2024-07-15,0.01484901763744588
exclude_dot_same_window,daily,2024-07-16,0.024441946881449836
exclude_dot_same_window,daily,2024-07-17,0.020653793727022016
exclude_dot_same_window,daily,2024-07-18,0.023052650259956398
exclude_dot_same_window,daily,2024-07-19,0.025497770695298988
exclude_dot_same_window,daily,2024-07-20,0.010060007866172546
exclude_dot_same_window,daily,2024-07-21,0.014666279518508199
exclude_dot_same_window,daily,2024-07-22,0.010329576778786459
exclude_dot_same_window,daily,2024-07-23,0.015811119264030934
exclude_dot_same_window,daily,2024-07-24,0.02476621085220415
exclude_dot_same_window,daily,2024-07-25,0.01946368082290921
exclude_dot_same_window,daily,2024-07-26,0.016287040711789838
exclude_dot_same_window,daily,2024-07-27,0.014309019235677484
exclude_dot_same_window,daily,2024-07-28,0.009257820490916335
exclude_dot_same_window,daily,2024-07-29,0.016254335958075045
exclude_dot_same_window,daily,2024-07-30,0.018149747784702713
exclude_dot_same_window,daily,2024-07-31,0.018609473914716124
exclude_dot_same_window,daily,2024-08-01,0.007138741555481221
exclude_dot_same_window,daily,2024-08-02,0.010796326428815742
exclude_dot_same_window,daily,2024-08-03,0.01014375599688612
exclude_dot_same_window,daily,2024-08-04,0.013313265405659414
exclude_dot_same_window,daily,2024-08-05,0.019801841977232906
exclude_dot_same_window,daily,2024-08-06,0.026773284589535942
exclude_dot_same_window,daily,2024-08-07,0.012793544444750421
exclude_dot_same_window,daily,2024-08-08,0.048495453837745714
exclude_dot_same_window,daily,2024-08-09,0.03550716815715582
exclude_dot_same_window,daily,2024-08-10,0.012801134865977781
exclude_dot_same_window,daily,2024-08-11,0.005877838030383761
exclude_dot_same_window,daily,2024-08-12,0.014478539593109976
exclude_dot_same_window,daily,2024-08-13,0.021227855113827215
exclude_dot_same_window,daily,2024-08-14,0.010736012415613574
exclude_dot_same_window,daily,2024-08-15,0.012123128361212751
exclude_dot_same_window,daily,2024-08-16,0.010261529485468823
exclude_dot_same_window,daily,2024-08-17,0.008531879855244687
exclude_dot_same_window,daily,2024-08-18,0.005568666143076481
exclude_dot_same_window,daily,2024-08-19,0.008480969638695199
exclude_dot_same_window,daily,2024-08-20,0.01496261255178355
exclude_dot_same_window,daily,2024-08-21,0.0255474325515207
exclude_dot_same_window,daily,2024-08-22,0.02583902276918365
exclude_dot_same_window,daily,2024-08-23,0.009646103679750023
exclude_dot_same_window,daily,2024-08-24,0.013688047915341811
exclude_dot_same_window,daily,2024-08-25,0.004673340070765045
exclude_dot_same_window,daily,2024-08-26,0.014594482133319875
exclude_dot_same_window,daily,2024-08-27,0.007717454526255871
exclude_dot_same_window,daily,2024-08-28,0.013247448318541633
exclude_dot_same_window,daily,2024-08-29,0.00957494880365646
exclude_dot_same_window,daily,2024-08-30,0.008964903761277968
exclude_dot_same_window,daily,2024-08-31,0.011029519365933493
exclude_dot_same_window,daily,2024-09-01,0.003404557210991088
exclude_dot_same_window,daily,2024-09-02,0.011052752290535206
exclude_dot_same_window,daily,2024-09-03,0.010337455748371041
exclude_dot_same_window,daily,2024-09-04,0.012236450723597914
exclude_dot_same_window,daily,2024-09-05,0.006898594750327655
exclude_dot_same_window,daily,2024-09-06,0.014473340799303985
exclude_dot_same_window,daily,2024-09-07,0.012505851754436498
exclude_dot_same_window,daily,2024-09-08,0.012637448244330232
exclude_dot_same_window,daily,2024-09-09,0.009721911247248485
exclude_dot_same_window,daily,2024-09-10,0.01610754634629806
exclude_dot_same_window,daily,2024-09-11,0.007614199896917029
exclude_dot_same_window,daily,2024-09-12,0.013231458464439308
exclude_dot_same_window,daily,2024-09-13,0.012649055959615074
exclude_dot_same_window,daily,2024-09-14,0.016397767522961862
exclude_dot_same_window,daily,2024-09-15,0.014212808092744056
exclude_dot_same_window,daily,2024-09-16,0.013573966947292154
exclude_dot_same_window,daily,2024-09-17,0.01115938749186754
exclude_dot_same_window,daily,2024-09-18,0.007898210600062752
exclude_dot_same_window,daily,2024-09-19,0.008284048451540946
exclude_dot_same_window,daily,2024-09-20,0.011158586127166234
exclude_dot_same_window,daily,2024-09-21,0.009170196684306214
exclude_dot_same_window,daily,2024-09-22,0.008574524085011276
exclude_dot_same_window,daily,2024-09-23,0.013105273352322463
exclude_dot_same_window,daily,2024-09-24,0.013250074257725966
exclude_dot_same_window,daily,2024-09-25,0.017154916458187147
exclude_dot_same_window,daily,2024-09-26,0.005688272354260324
exclude_dot_same_window,daily,2024-09-27,0.01565260704044376
exclude_dot_same_window,daily,2024-09-28,0.011537797868226549
exclude_dot_same_window,daily,2024-09-29,0.016465320315514245
exclude_dot_same_window,daily,2024-09-30,0.015349368970346833
exclude_dot_same_window,daily,2024-10-01,0.015600151704011508
exclude_dot_same_window,daily,2024-10-02,0.013304258782972464
exclude_dot_same_window,daily,2024-10-03,0.01785375214556635
exclude_dot_same_window,daily,2024-10-04,0.010761540457590368
exclude_dot_same_window,daily,2024-10-05,0.008814912065402858
exclude_dot_same_window,daily,2024-10-06,0.008614123433364429
exclude_dot_same_window,daily,2024-10-07,0.0040719097652929526
exclude_dot_same_window,daily,2024-10-08,0.008188520937519914
exclude_dot_same_window,daily,2024-10-09,0.014155253345092877
exclude_dot_same_window,daily,2024-10-10,0.01010650246433041
exclude_dot_same_window,daily,2024-10-11,0.006633228094594296
exclude_dot_same_window,daily,2024-10-12,0.009600682493557972
exclude_dot_same_window,daily,2024-10-13,0.004003817022354764
exclude_dot_same_window,daily,2024-10-14,0.00783142262863043
exclude_dot_same_window,daily,2024-10-15,0.020435972709026612
exclude_dot_same_window,daily,2024-10-16,0.01757891875867107
exclude_dot_same_window,daily,2024-10-17,0.017709776158204585
exclude_dot_same_window,daily,2024-10-18,0.014843062536792836
exclude_dot_same_window,daily,2024-10-19,0.01288166176924034
exclude_dot_same_window,daily,2024-10-20,0.014742669107798423
exclude_dot_same_window,daily,2024-10-21,0.015449542004515107
exclude_dot_same_window,daily,2024-10-22,0.013942192608625434
exclude_dot_same_window,daily,2024-10-23,0.013426369915015057
exclude_dot_same_window,daily,2024-10-24,0.016469042520679017
exclude_dot_same_window,daily,2024-10-25,0.011293656122628351
exclude_dot_same_window,daily,2024-10-26,0.014712377081668782
exclude_dot_same_window,daily,2024-10-27,0.012705521795151706
exclude_dot_same_window,daily,2024-10-28,0.01200505199419856
exclude_dot_same_window,daily,2024-10-29,0.020733849761141065
exclude_dot_same_window,daily,2024-10-30,0.016135359991019782
exclude_dot_same_window,daily,2024-10-31,0.020043127529864757
exclude_dot_same_window,daily,2024-11-01,0.01282580552072489
exclude_dot_same_window,daily,2024-11-02,0.01346329216670733
exclude_dot_same_window,daily,2024-11-03,0.006926488189546498
exclude_dot_same_window,daily,2024-11-04,0.013013745826457312
exclude_dot_same_window,daily,2024-11-05,0.016652039747926728
exclude_dot_same_window,daily,2024-11-06,0.018293798891684587
exclude_dot_same_window,daily,2024-11-07,0.026782675649615464
exclude_dot_same_window,daily,2024-11-08,0.02836669438256896
exclude_dot_same_window,daily,2024-11-09,0.02711905189011994
exclude_dot_same_window,daily,2024-11-10,0.03364089954562732
exclude_dot_same_window,daily,2024-11-11,0.05357475076935517
exclude_dot_same_window,daily,2024-11-12,0.035528530838875416
exclude_dot_same_window,daily,2024-11-13,0.0838253039618089
exclude_dot_same_window,daily,2024-11-14,0.029224592764821783
exclude_dot_same_window,daily,2024-11-15,0.04933246131247972
exclude_dot_same_window,daily,2024-11-16,0.03636142826076108
exclude_dot_same_window,daily,2024-11-17,0.0949270345278168
exclude_dot_same_window,daily,2024-11-18,0.029873960781156728
exclude_dot_same_window,daily,2024-11-19,0.03233364500756655
exclude_dot_same_window,daily,2024-11-20,0.0200032158552311
exclude_dot_same_window,daily,2024-11-21,0.03204765363459544
exclude_dot_same_window,daily,2024-11-22,0.027787607439279854
exclude_dot_same_window,daily,2024-11-23,0.07585293299742087
exclude_dot_same_window,daily,2024-11-24,0.0731753188789418
exclude_dot_same_window,daily,2024-11-25,0.020323028930587947
exclude_dot_same_window,daily,2024-11-26,0.032674606433806
exclude_dot_same_window,daily,2024-11-27,0.020957629445520723
exclude_dot_same_window,daily,2024-11-28,0.02763986419116593
exclude_dot_same_window,daily,2024-11-29,0.02131835365880147
exclude_dot_same_window,daily,2024-11-30,0.03919098894711537
exclude_dot_same_window,daily,2024-12-01,0.024426645702477795
exclude_dot_same_window,daily,2024-12-02,0.05150272915406032
exclude_dot_same_window,daily,2024-12-03,0.07715258528850469
exclude_dot_same_window,daily,2024-12-04,0.14660802777071597
exclude_dot_same_window,daily,2024-12-05,0.055396985739931126
exclude_dot_same_window,daily,2024-12-06,0.01702729570638907
exclude_dot_same_window,daily,2024-12-07,0.019092623909662765
exclude_dot_same_window,daily,2024-12-08,0.025322383879356036
exclude_dot_same_window,daily,2024-12-09,0.01654090820549635
exclude_dot_same_window,daily,2024-12-10,0.041428938455817355
exclude_dot_same_window,daily,2024-12-11,0.03236839511962057
exclude_dot_same_window,daily,2024-12-12,0.02033693953960916
exclude_dot_same_window,daily,2024-12-13,0.04166942541277546
exclude_dot_same_window,daily,2024-12-14,0.014295071307629595
exclude_dot_same_window,daily,2024-12-15,0.016203842988164394
exclude_dot_same_window,daily,2024-12-16,0.007405669102977547
exclude_dot_same_window,daily,2024-12-17,0.01815753423923666
exclude_dot_same_window,daily,2024-12-18,0.026196987070966224
exclude_dot_same_window,daily,2024-12-19,0.016795513515434873
exclude_dot_same_window,daily,2024-12-20,0.027184923911206457
exclude_dot_same_window,daily,2024-12-21,0.012027347555923912
exclude_dot_same_window,daily,2024-12-22,0.023403027292737633
exclude_dot_same_window,daily,2024-12-23,0.008748599441537414
exclude_dot_same_window,daily,2024-12-24,0.01840390962514607
exclude_dot_same_window,daily,2024-12-25,0.014462321410230919
exclude_dot_same_window,daily,2024-12-26,0.01495959855862869
exclude_dot_same_window,daily,2024-12-27,0.0140995678288795
exclude_dot_same_window,daily,2024-12-28,0.014102420026994439
exclude_dot_same_window,daily,2024-12-29,0.00803360429809788
exclude_dot_same_window,daily,2024-12-30,0.011572447714694595
exclude_dot_same_window,daily,2024-12-31,0.009332443856269163
exclude_dot_same_window,daily,2025-01-01,0.014791109972662059
exclude_dot_same_window,daily,2025-01-02,0.05337044641193396
exclude_dot_same_window,daily,2025-01-03,0.010175513752644999
exclude_dot_same_window,daily,2025-01-04,0.029628725198350192
exclude_dot_same_window,daily,2025-01-05,0.011763592921891886
exclude_dot_same_window,daily,2025-01-06,0.015142448825797836
exclude_dot_same_window,daily,2025-01-07,0.009485092718210256
exclude_dot_same_window,daily,2025-01-08,0.01864894322412125
exclude_dot_same_window,daily,2025-01-09,0.017613653676323796
exclude_dot_same_window,daily,2025-01-10,0.01666168328634139
exclude_dot_same_window,daily,2025-01-11,0.011992139524662174
exclude_dot_same_window,daily,2025-01-12,0.032254394388285354
exclude_dot_same_window,daily,2025-01-13,0.013026301473308119
exclude_dot_same_window,daily,2025-01-14,0.01724200458723009
exclude_dot_same_window,daily,2025-01-15,0.01444660598091152
exclude_dot_same_window,daily,2025-01-16,0.030460251244754058
exclude_dot_same_window,daily,2025-01-17,0.02291750525376729
exclude_dot_same_window,daily,2025-01-18,0.02215065041350124
exclude_dot_same_window,daily,2025-01-19,0.020995757562756012
exclude_dot_same_window,daily,2025-01-20,0.03317851263428202
exclude_dot_same_window,daily,2025-01-21,0.012546714628829406
exclude_dot_same_window,daily,2025-01-22,0.018571587025479022
exclude_dot_same_window,daily,2025-01-23,0.015082497207692988
exclude_dot_same_window,daily,2025-01-24,0.017310873068016958
exclude_dot_same_window,daily,2025-01-25,0.013192316492035311
exclude_dot_same_window,daily,2025-01-26,0.013988490686036303
exclude_dot_same_window,daily,2025-01-27,0.011255191753795177
exclude_dot_same_window,daily,2025-01-28,0.010158258019362598
exclude_dot_same_window,daily,2025-01-29,0.013919772244491035
exclude_dot_same_window,daily,2025-01-30,0.013118327663821192
exclude_dot_same_window,daily,2025-01-31,0.023299878438349145
exclude_dot_same_window,daily,2025-02-01,0.018513962799664926
exclude_dot_same_window,daily,2025-02-02,0.013957156240814103
exclude_dot_same_window,daily,2025-02-03,0.021961858972485815
exclude_dot_same_window,daily,2025-02-04,0.02699021362842717
exclude_dot_same_window,daily,2025-02-05,0.015142073701016182
exclude_dot_same_window,daily,2025-02-06,0.02019979749119083
exclude_dot_same_window,daily,2025-02-07,0.0170924257490339
exclude_dot_same_window,daily,2025-02-08,0.012085648544230776
exclude_dot_same_window,daily,2025-02-09,0.007646676282107093
exclude_dot_same_window,daily,2025-02-10,0.014516492112623416
exclude_dot_same_window,daily,2025-02-11,0.02243213222982185
exclude_dot_same_window,daily,2025-02-12,0.021057379113621016
exclude_dot_same_window,daily,2025-02-13,0.011804948893006192
exclude_dot_same_window,daily,2025-02-14,0.021182586011894503
exclude_dot_same_window,daily,2025-02-15,0.019997669727367898
exclude_dot_same_window,daily,2025-02-16,0.019959855893913872
exclude_dot_same_window,daily,2025-02-17,0.010480553800879047
exclude_dot_same_window,daily,2025-02-18,0.02277080322726581
exclude_dot_same_window,daily,2025-02-19,0.023937743970369407
exclude_dot_same_window,daily,2025-02-20,0.017918788315300443
exclude_dot_same_window,daily,2025-02-21,0.015092901263631955
exclude_dot_same_window,daily,2025-02-22,0.011611692765223017
exclude_dot_same_window,daily,2025-02-23,0.012046080786936253
exclude_dot_same_window,daily,2025-02-24,0.014533944571844884
exclude_dot_same_window,daily,2025-02-25,0.026306912517798736
exclude_dot_same_window,daily,2025-02-26,0.01292080306797902
exclude_dot_same_window,daily,2025-02-27,0.030710276600818237
exclude_dot_same_window,daily,2025-02-28,0.006487322693387768
exclude_dot_same_window,daily,2025-03-01,0.024982749847465943
exclude_dot_same_window,daily,2025-03-02,0.025416662840216916
exclude_dot_same_window,daily,2025-03-03,0.10658196626395151
exclude_dot_same_window,daily,2025-03-04,0.05480098068801946
exclude_dot_same_window,daily,2025-03-05,0.02434326308104122
exclude_dot_same_window,daily,2025-03-06,0.04326442745507866
exclude_dot_same_window,daily,2025-03-07,0.020211216005141905
exclude_dot_same_window,daily,2025-03-08,0.031375319128314816
exclude_dot_same_window,daily,2025-03-09,0.013516526975238821
exclude_dot_same_window,daily,2025-03-10,0.02176468054073598
exclude_dot_same_window,daily,2025-03-11,0.0189477456771016
exclude_dot_same_window,daily,2025-03-12,0.0205589826236931
exclude_dot_same_window,daily,2025-03-13,0.014089536594795046
exclude_dot_same_window,daily,2025-03-14,0.027077572058343574
exclude_dot_same_window,daily,2025-03-15,0.016873586197611354
exclude_dot_same_window,daily,2025-03-16,0.010373750283157082
exclude_dot_same_window,daily,2025-03-17,0.010477260919058387
exclude_dot_same_window,daily,2025-03-18,0.009222251923831151
exclude_dot_same_window,daily,2025-03-19,0.01731014349943312
exclude_dot_same_window,daily,2025-03-20,0.02048610093760876
exclude_dot_same_window,daily,2025-03-21,0.013139234709794056
exclude_dot_same_window,daily,2025-03-22,0.007459513734999923
exclude_dot_same_window,daily,2025-03-23,0.0070245149160031994
exclude_dot_same_window,daily,2025-03-24,0.011592210277158246
exclude_dot_same_window,daily,2025-03-25,0.012548476169719755
exclude_dot_same_window,daily,2025-03-26,0.010183567117943354
exclude_dot_same_window,daily,2025-03-27,0.01547355226004142
exclude_dot_same_window,daily,2025-03-28,0.011648017009799574
exclude_dot_same_window,daily,2025-03-29,0.013954367762572223
exclude_dot_same_window,daily,2025-03-30,0.012934758810888236
exclude_dot_same_window,daily,2025-03-31,0.0066535950182031595
exclude_dot_same_window,daily,2025-04-01,0.013438371519658418
exclude_dot_same_window,daily,2025-04-02,0.011570331448514062
exclude_dot_same_window,daily,2025-04-03,0.01223987850029852
exclude_dot_same_window,daily,2025-04-04,0.0077979877561233785
exclude_dot_same_window,daily,2025-04-05,0.01232321337426355
exclude_dot_same_window,daily,2025-04-06,0.008445497542785743
exclude_dot_same_window,daily,2025-04-07,0.02420960302131564
exclude_dot_same_window,daily,2025-04-08,0.011475285022592305
exclude_dot_same_window,daily,2025-04-09,0.014394104330051907
exclude_dot_same_window,daily,2025-04-10,0.024961510346365165
exclude_dot_same_window,daily,2025-04-11,0.012048900366211437
exclude_dot_same_window,daily,2025-04-12,0.01208943245442641
exclude_dot_same_window,daily,2025-04-13,0.01736721193116114
exclude_dot_same_window,daily,2025-04-14,0.013213446165852905
exclude_dot_same_window,daily,2025-04-15,0.01371655914649443
exclude_dot_same_window,daily,2025-04-16,0.0077031530851992686
exclude_dot_same_window,daily,2025-04-17,0.006155440328070083
exclude_dot_same_window,daily,2025-04-18,0.0070628466552492275
exclude_dot_same_window,daily,2025-04-19,0.0097554239745761
exclude_dot_same_window,daily,2025-04-20,0.010351395481272271
exclude_dot_same_window,daily,2025-04-21,0.010590053315493314
exclude_dot_same_window,daily,2025-04-22,0.014243008258135126
exclude_dot_same_window,daily,2025-04-23,0.01950381490297337
exclude_dot_same_window,daily,2025-04-24,0.014713089589716122
exclude_dot_same_window,daily,2025-04-25,0.015744825742767143
exclude_dot_same_window,daily,2025-04-26,0.015141407412190791
exclude_dot_same_window,daily,2025-04-27,0.015785348207477498
exclude_dot_same_window,daily,2025-04-28,0.010728801469923471
exclude_dot_same_window,daily,2025-04-29,0.012694874278520674
exclude_dot_same_window,daily,2025-04-30,0.007958866064084219
exclude_dot_same_window,daily,2025-05-01,0.011048491352407194
exclude_dot_same_window,daily,2025-05-02,0.01668676450348465
exclude_dot_same_window,daily,2025-05-03,0.012749705444500548
exclude_dot_same_window,daily,2025-05-04,0.012674876376732577
exclude_dot_same_window,daily,2025-05-05,0.009299229540621748
exclude_dot_same_window,daily,2025-05-06,0.009942076218958706
exclude_dot_same_window,daily,2025-05-07,0.019933748425075934
exclude_dot_same_window,daily,2025-05-08,0.009410491896297973
exclude_dot_same_window,daily,2025-05-09,0.037087115873884274
exclude_dot_same_window,daily,2025-05-10,0.019701148711755365
exclude_dot_same_window,daily,2025-05-11,0.03189495259622305
exclude_dot_same_window,daily,2025-05-12,0.016686090825991318
exclude_dot_same_window,daily,2025-05-13,0.02084811211923543
exclude_dot_same_window,daily,2025-05-14,0.020268655200923094
exclude_dot_same_window,daily,2025-05-15,0.01185144283801512
exclude_dot_same_window,daily,2025-05-16,0.020658811737886196
exclude_dot_same_window,daily,2025-05-17,0.005010589555518349
exclude_dot_same_window,daily,2025-05-18,0.009077624685774083
exclude_dot_same_window,daily,2025-05-19,0.015218197622010168
exclude_dot_same_window,daily,2025-05-20,0.012332699097879415
exclude_dot_same_window,daily,2025-05-21,0.00981744544300607
exclude_dot_same_window,daily,2025-05-22,0.008909682494009322
exclude_dot_same_window,daily,2025-05-23,0.01286136972493565
exclude_dot_same_window,daily,2025-05-24,0.014196653083160357
exclude_dot_same_window,daily,2025-05-25,0.005327930065564437
exclude_dot_same_window,daily,2025-05-26,0.004728430163606606
exclude_dot_same_window,daily,2025-05-27,0.0068584830398426555
exclude_dot_same_window,daily,2025-05-28,0.01049614288149639
exclude_dot_same_window,daily,2025-05-29,0.007912507232558819
exclude_dot_same_window,daily,2025-05-30,0.007613592005770928
exclude_dot_same_window,daily,2025-05-31,0.02153345888510408
exclude_dot_same_window,daily,2025-06-01,0.009932886717090625
exclude_dot_same_window,daily,2025-06-02,0.007638277547566977
exclude_dot_same_window,daily,2025-06-03,0.00865467823403715
exclude_dot_same_window,daily,2025-06-04,0.00634055134124932
exclude_dot_same_window,daily,2025-06-05,0.011561517611501052
exclude_dot_same_window,daily,2025-06-06,0.02143957896394051
exclude_dot_same_window,daily,2025-06-07,0.011803415258627395
exclude_dot_same_window,daily,2025-06-08,0.009137056323099815
exclude_dot_same_window,daily,2025-06-09,0.01193559770032876
exclude_dot_same_window,daily,2025-06-10,0.011844190842192293
exclude_dot_same_window,daily,2025-06-11,0.015880758442449946
exclude_dot_same_window,daily,2025-06-12,0.0073322210838563245
exclude_dot_same_window,daily,2025-06-13,0.014460046309089328
exclude_dot_same_window,daily,2025-06-14,0.01786348445702339
exclude_dot_same_window,daily,2025-06-15,0.008462733012560536
exclude_dot_same_window,daily,2025-06-16,0.011030949703544735
exclude_dot_same_window,daily,2025-06-17,0.010252415114167218
exclude_dot_same_window,daily,2025-06-18,0.010541982428194083
exclude_dot_same_window,daily,2025-06-19,0.004991681146895327
exclude_dot_same_window,daily,2025-06-20,0.014601094450132204
exclude_dot_same_window,daily,2025-06-21,0.012455783090188632
exclude_dot_same_window,daily,2025-06-22,0.012493540037175024
exclude_dot_same_window,daily,2025-06-23,0.006912614363949535
exclude_dot_same_window,daily,2025-06-24,0.01897581178178455
exclude_dot_same_window,daily,2025-06-25,0.008892374618606341
exclude_dot_same_window,daily,2025-06-26,0.01633897231798731
exclude_dot_same_window,daily,2025-06-27,0.012664613612032805
exclude_dot_same_window,daily,2025-06-28,0.005545975260238964
exclude_dot_same_window,daily,2025-06-29,0.009049612275852117
exclude_dot_same_window,daily,2025-06-30,0.008979444054202312
exclude_dot_same_window,daily,2025-07-01,0.011298476567652621
exclude_dot_same_window,daily,2025-07-02,0.012985576966958484
exclude_dot_same_window,daily,2025-07-03,0.016677442538741927
exclude_dot_same_window,daily,2025-07-04,0.008817662404921336
exclude_dot_same_window,daily,2025-07-05,0.011200543137200078
exclude_dot_same_window,daily,2025-07-06,0.0025273174375328167
exclude_dot_same_window,daily,2025-07-07,0.010942219563290084
exclude_dot_same_window,daily,2025-07-08,0.006370084767889347
exclude_dot_same_window,daily,2025-07-09,0.009546441887643406
exclude_dot_same_window,daily,2025-07-10,0.019074573819335763
exclude_dot_same_window,daily,2025-07-11,0.017726854634856085
exclude_dot_same_window,daily,2025-07-12,0.03588715395853953
exclude_dot_same_window,daily,2025-07-13,0.01821236525461073
exclude_dot_same_window,daily,2025-07-14,0.030850368094542238
exclude_dot_same_window,daily,2025-07-15,0.010399491950360162
exclude_dot_same_window,daily,2025-07-16,0.017454905069157187
exclude_dot_same_window,daily,2025-07-17,0.01893388838363097
exclude_dot_same_window,daily,2025-07-18,0.035486833969156195
exclude_dot_same_window,daily,2025-07-19,0.04030340290859466
exclude_dot_same_window,daily,2025-07-20,0.0245201867271546
exclude_dot_same_window,daily,2025-07-21,0.02790228595024885
exclude_dot_same_window,daily,2025-07-22,0.016844667042168526
exclude_dot_same_window,daily,2025-07-23,0.008823051165925466
exclude_dot_same_window,daily,2025-07-24,0.032483205522630385
exclude_dot_same_window,daily,2025-07-25,0.011455991581873728
exclude_dot_same_window,daily,2025-07-26,0.013666691381649804
exclude_dot_same_window,daily,2025-07-27,0.002939779199266107
exclude_dot_same_window,daily,2025-07-28,0.011566081997300526
exclude_dot_same_window,daily,2025-07-29,0.020123529486276687
exclude_dot_same_window,daily,2025-07-30,0.010602626751954225
exclude_dot_same_window,daily,2025-07-31,0.017159300085215254
exclude_dot_same_window,daily,2025-08-01,0.011071559853410615
exclude_dot_same_window,daily,2025-08-02,0.016472126226435457
exclude_dot_same_window,daily,2025-08-03,0.014027099908875768
exclude_dot_same_window,daily,2025-08-04,0.01283843413494097
exclude_dot_same_window,daily,2025-08-05,0.01639058218167877
exclude_dot_same_window,daily,2025-08-06,0.01438314459955764
exclude_dot_same_window,daily,2025-08-07,0.009074362827850027
exclude_dot_same_window,daily,2025-08-08,0.028038488984348325
exclude_dot_same_window,daily,2025-08-09,0.019270042083277455
exclude_dot_same_window,daily,2025-08-10,0.035267016762514175
exclude_dot_same_window,daily,2025-08-11,0.012993591145895156
exclude_dot_same_window,daily,2025-08-12,0.019908641064388555
exclude_dot_same_window,daily,2025-08-13,0.02253758343252822
exclude_dot_same_window,daily,2025-08-14,0.015915573018243367
exclude_dot_same_window,daily,2025-08-15,0.026146893155164774
exclude_dot_same_window,daily,2025-08-16,0.014149853937692594
exclude_dot_same_window,daily,2025-08-17,0.012983087323150455
exclude_dot_same_window,daily,2025-08-18,0.025632228366082102
exclude_dot_same_window,daily,2025-08-19,0.012947394297519718
exclude_dot_same_window,daily,2025-08-20,0.01869053725546474
exclude_dot_same_window,daily,2025-08-21,0.0199909800357492
exclude_dot_same_window,daily,2025-08-22,0.011603887490960904
exclude_dot_same_window,daily,2025-08-23,0.026772859974695445
exclude_dot_same_window,daily,2025-08-24,0.003223234319342169
exclude_dot_same_window,daily,2025-08-25,0.009184575218670152
exclude_dot_same_window,daily,2025-08-26,0.018355946962243033
exclude_dot_same_window,daily,2025-08-27,0.010247135179501321
exclude_dot_same_window,daily,2025-08-28,0.009463801964014598
exclude_dot_same_window,daily,2025-08-29,0.010297212586615923
exclude_dot_same_window,daily,2025-08-30,0.011022600440391814
exclude_dot_same_window,daily,2025-08-31,0.007785504599490484
exclude_dot_same_window,daily,2025-09-01,0.006281072946568669
exclude_dot_same_window,daily,2025-09-02,0.009229732492649093
exclude_dot_same_window,daily,2025-09-03,0.015220326977653464
exclude_dot_same_window,daily,2025-09-04,0.010876986225987803
exclude_dot_same_window,daily,2025-09-05,0.009483044046636607
exclude_dot_same_window,daily,2025-09-06,0.011466100493119274
exclude_dot_same_window,daily,2025-09-07,0.008950265861378467
exclude_dot_same_window,daily,2025-09-08,0.012096196201243997
exclude_dot_same_window,daily,2025-09-09,0.02104270214131783
exclude_dot_same_window,daily,2025-09-10,0.00575219527690643
exclude_dot_same_window,daily,2025-09-11,0.008940036694409015
exclude_dot_same_window,daily,2025-09-12,0.010401436988020263
exclude_dot_same_window,daily,2025-09-13,0.013931262977683712
exclude_dot_same_window,daily,2025-09-14,0.010844264788650484
exclude_dot_same_window,daily,2025-09-15,0.015269332682297243
exclude_dot_same_window,daily,2025-09-16,0.00949496074541159
exclude_dot_same_window,daily,2025-09-17,0.0066995059631139026
exclude_dot_same_window,daily,2025-09-18,0.010274586993818072
exclude_dot_same_window,daily,2025-09-19,0.008466266860288618
exclude_dot_same_window,daily,2025-09-20,0.0098935184686358
exclude_dot_same_window,daily,2025-09-21,0.00446140903526053
exclude_dot_same_window,daily,2025-09-22,0.006330470084142517
exclude_dot_same_window,daily,2025-09-23,0.01868231605282994
exclude_dot_same_window,daily,2025-09-24,0.0062252439156278705
exclude_dot_same_window,daily,2025-09-25,0.01068218290441142
exclude_dot_same_window,daily,2025-09-26,0.018204397223469795
exclude_dot_same_window,daily,2025-09-27,0.010616539846387496
exclude_dot_same_window,daily,2025-09-28,0.004037112211528138
exclude_dot_same_window,daily,2025-09-29,0.006984448998242188
exclude_dot_same_window,daily,2025-09-30,0.006246491821419578
exclude_dot_same_window,daily,2025-10-01,0.006131701069418752
exclude_dot_same_window,daily,2025-10-02,0.013363931510841143
exclude_dot_same_window,daily,2025-10-03,0.011406786525191323
exclude_dot_same_window,daily,2025-10-04,0.008467639308130187
exclude_dot_same_window,daily,2025-10-05,0.011804814234288988
exclude_dot_same_window,daily,2025-10-06,0.004912599291064398
exclude_dot_same_window,daily,2025-10-07,0.017246562342545832
exclude_dot_same_window,daily,2025-10-08,0.015615442240191874
exclude_dot_same_window,daily,2025-10-09,0.008006864215334933
exclude_dot_same_window,daily,2025-10-10,0.016001741903224842
exclude_dot_same_window,daily,2025-10-11,0.06876734018673099
exclude_dot_same_window,daily,2025-10-12,0.019787490316431483
exclude_dot_same_window,daily,2025-10-13,0.02658995577899141
exclude_dot_same_window,daily,2025-10-14,0.013595810535231359
exclude_dot_same_window,daily,2025-10-15,0.009690073624245454
exclude_dot_same_window,daily,2025-10-16,0.011734499033529244
exclude_dot_same_window,daily,2025-10-17,0.0069862016302912056
exclude_dot_same_window,daily,2025-10-18,0.0128503395077752
exclude_dot_same_window,daily,2025-10-19,0.006396473397465366
exclude_dot_same_window,daily,2025-10-20,0.006295884295622806
exclude_dot_same_window,daily,2025-10-21,0.014279634988251869
exclude_dot_same_window,daily,2025-10-22,0.011885838289782083
exclude_dot_same_window,daily,2025-10-23,0.006986291846157594
exclude_dot_same_window,daily,2025-10-24,0.008423091550705308
exclude_dot_same_window,daily,2025-10-25,0.012261701131386762
exclude_dot_same_window,daily,2025-10-26,0.009356190094277475
exclude_dot_same_window,daily,2025-10-27,0.015962116975010265
exclude_dot_same_window,daily,2025-10-28,0.0073554288196008705
exclude_dot_same_window,daily,2025-10-29,0.011271902638206821
exclude_dot_same_window,daily,2025-10-30,0.011289135419217111
exclude_dot_same_window,daily,2025-10-31,0.016803574380482703
exclude_dot_same_window,daily,2025-11-01,0.008257573304718033
exclude_dot_same_window,daily,2025-11-02,0.015560280732730816
exclude_dot_same_window,daily,2025-11-03,0.010414540379347179
exclude_dot_same_window,daily,2025-11-04,0.02254123784248395
exclude_dot_same_window,daily,2025-11-05,0.0179805288613165
exclude_dot_same_window,daily,2025-11-06,0.011709255299808319
exclude_dot_same_window,daily,2025-11-07,0.0090184925047945
exclude_dot_same_window,daily,2025-11-08,0.04034003575105033
exclude_dot_same_window,daily,2025-11-09,0.016656552945670478
exclude_dot_same_window,daily,2025-11-10,0.013924151111899152
exclude_dot_same_window,daily,2025-11-11,0.018871717117376743
exclude_dot_same_window,daily,2025-11-12,0.015839930968673796
exclude_dot_same_window,daily,2025-11-13,0.006825927646103541
exclude_dot_same_window,daily,2025-11-14,0.013233040813766236
exclude_dot_same_window,daily,2025-11-15,0.01683504299409866
exclude_dot_same_window,daily,2025-11-16,0.014816520916187195
exclude_dot_same_window,daily,2025-11-17,0.01104687283140375
exclude_dot_same_window,daily,2025-11-18,0.01341706335749554
exclude_dot_same_window,daily,2025-11-19,0.015569328551259906
exclude_dot_same_window,daily,2025-11-20,0.013160700908067341
exclude_dot_same_window,daily,2025-11-21,0.014219626728504464
exclude_dot_same_window,daily,2025-11-22,0.02990626930117342
exclude_dot_same_window,daily,2025-11-23,0.008377409551182047
exclude_dot_same_window,daily,2025-11-24,0.019495529259975955
exclude_dot_same_window,daily,2025-11-25,0.01642097730385096
exclude_dot_same_window,daily,2025-11-26,0.009917753893504147
exclude_dot_same_window,daily,2025-11-27,0.01009689059938057
exclude_dot_same_window,daily,2025-11-28,0.007968940456514167
exclude_dot_same_window,daily,2025-11-29,0.011997471009956615
exclude_dot_same_window,daily,2025-11-30,0.010036301011719526
exclude_dot_same_window,daily,2025-12-01,0.011079709712202054
exclude_dot_same_window,daily,2025-12-02,0.013611418454828397
exclude_dot_same_window,daily,2025-12-03,0.021654909211518428
exclude_dot_same_window,daily,2025-12-04,0.019835241766672992
exclude_dot_same_window,daily,2025-12-05,0.010737991276993028
exclude_dot_same_window,daily,2025-12-06,0.011607240867087754
exclude_dot_same_window,daily,2025-12-07,0.010589763895964374
exclude_dot_same_window,daily,2025-12-08,0.010669597788876176
exclude_dot_same_window,daily,2025-12-09,0.0158674412221214
exclude_dot_same_window,daily,2025-12-10,0.01881860060668525
exclude_dot_same_window,daily,2025-12-11,0.009010704586920298
exclude_dot_same_window,daily,2025-12-12,0.015163741001254297
exclude_dot_same_window,daily,2025-12-13,0.010299030786909996
exclude_dot_same_window,daily,2025-12-14,0.007176123732354364
exclude_dot_same_window,daily,2025-12-15,0.011440534513125739
exclude_dot_same_window,daily,2025-12-16,0.010504720490687236
exclude_dot_same_window,daily,2025-12-17,0.009014770704256256
exclude_dot_same_window,daily,2025-12-18,0.015253823991838333
exclude_dot_same_window,daily,2025-12-19,0.016511141648850494
exclude_dot_same_window,daily,2025-12-20,0.017373281045064068
exclude_dot_same_window,daily,2025-12-21,0.010055144090606552
exclude_dot_same_window,daily,2025-12-22,0.008781999041935051
exclude_dot_same_window,daily,2025-12-23,0.007530149458492202
exclude_dot_same_window,daily,2025-12-24,0.005634761061857674
exclude_dot_same_window,daily,2025-12-25,0.005426856202230532
exclude_dot_same_window,daily,2025-12-26,0.014240523942448055
exclude_dot_same_window,daily,2025-12-27,0.006131907361796141
exclude_dot_same_window,daily,2025-12-28,0.014437658696651354
exclude_dot_same_window,daily,2025-12-29,0.003121334782379817
exclude_dot_same_window,daily,2025-12-30,0.010653524911292067
exclude_dot_same_window,daily,2025-12-31,0.009122423605145619
exclude_dot_same_window,daily,2026-01-01,0.01682205491049349
exclude_dot_same_window,daily,2026-01-02,0.020927882648100374
exclude_dot_same_window,daily,2026-01-03,0.02532253572574303
exclude_dot_same_window,daily,2026-01-04,0.013952059279104215
exclude_dot_same_window,daily,2026-01-05,0.017043365662897436
exclude_dot_same_window,daily,2026-01-06,0.02578990827763905
exclude_dot_same_window,daily,2026-01-07,0.011102575290363778
exclude_dot_same_window,daily,2026-01-08,0.013750106550919378
exclude_dot_same_window,daily,2026-01-09,0.007553034773160938
exclude_dot_same_window,daily,2026-01-10,0.006203649755855384
exclude_dot_same_window,daily,2026-01-11,0.0054011430203674965
exclude_dot_same_window,daily,2026-01-12,0.010244929066821382
exclude_dot_same_window,daily,2026-01-13,0.010496326001420156
exclude_dot_same_window,daily,2026-01-14,0.025287315184430073
exclude_dot_same_window,daily,2026-01-15,0.009540592264357065
exclude_dot_same_window,daily,2026-01-16,0.01901603902743336
exclude_dot_same_window,daily,2026-01-17,0.011285509186210421
exclude_dot_same_window,daily,2026-01-18,0.008263467172572106
exclude_dot_same_window,daily,2026-01-19,0.016626326485441212
exclude_dot_same_window,daily,2026-01-20,0.006271988330174089
exclude_dot_same_window,daily,2026-01-21,0.009611057284960423
exclude_dot_same_window,daily,2026-01-22,0.0072037707446569454
exclude_dot_same_window,daily,2026-01-23,0.010323742185158455
exclude_dot_same_window,daily,2026-01-24,0.005352241934756266
exclude_dot_same_window,daily,2026-01-25,0.0020981561663487996
exclude_dot_same_window,daily,2026-01-26,0.012544908867211893
exclude_dot_same_window,daily,2026-01-27,0.01016742607517418
exclude_dot_same_window,daily,2026-01-28,0.011663139745548251
exclude_dot_same_window,daily,2026-01-29,0.005848018935414159
exclude_dot_same_window,daily,2026-01-30,0.011634439640987398
exclude_dot_same_window,daily,2026-01-31,0.01451590300937522
exclude_dot_same_window,daily,2026-02-01,0.0186460525946167
exclude_dot_same_window,daily,2026-02-02,0.018411183261292777
exclude_dot_same_window,daily,2026-02-03,0.010758341097647561
exclude_dot_same_window,daily,2026-02-04,0.01098406054540671
exclude_dot_same_window,daily,2026-02-05,0.011121906558245173
exclude_dot_same_window,daily,2026-02-06,0.020130034212974726
exclude_dot_same_window,daily,2026-02-07,0.025863943104626905
exclude_dot_same_window,daily,2026-02-08,0.011192383284686816
exclude_dot_same_window,daily,2026-02-09,0.00854409978865775
exclude_dot_same_window,daily,2026-02-10,0.004858656849442769
exclude_dot_same_window,daily,2026-02-11,0.009517922264407772
exclude_dot_same_window,daily,2026-02-12,0.006216865393259177
exclude_dot_same_window,daily,2026-02-13,0.011834900178588792
exclude_dot_same_window,daily,2026-02-14,0.016174416641893577
exclude_dot_same_window,daily,2026-02-15,0.03344071694390599
exclude_dot_same_window,daily,2026-02-16,0.016467500949309016
exclude_dot_same_window,daily,2026-02-17,0.009135922627531434
exclude_dot_same_window,daily,2026-02-18,0.006086982722314185
exclude_dot_same_window,daily,2026-02-19,0.00694613233907726
exclude_dot_same_window,daily,2026-02-20,0.008328066159225003
exclude_dot_same_window,daily,2026-02-21,0.01617168839902637
exclude_dot_same_window,daily,2026-02-22,0.009690072752900458
exclude_dot_same_window,daily,2026-02-23,0.016162015590171705
exclude_dot_same_window,daily,2026-02-24,0.019044617935376262
exclude_dot_same_window,daily,2026-02-25,0.005314150666980641
exclude_dot_same_window,daily,2026-02-26,0.03177793100819175
exclude_dot_same_window,daily,2026-02-27,0.010158060528604726
exclude_dot_same_window,daily,2026-02-28,0.009538254380033445
exclude_dot_same_window,daily,2026-03-01,0.008083143673396187
exclude_dot_same_window,daily,2026-03-02,0.006016860658037429
exclude_dot_same_window,daily,2026-03-03,0.01120398002803949
exclude_dot_same_window,daily,2026-03-04,0.012467471035547309
exclude_dot_same_window,daily,2026-03-05,0.013348426444686035
exclude_dot_same_window,daily,2026-03-06,0.007834982795554571
exclude_dot_same_window,daily,2026-03-07,0.00963585718607804
exclude_dot_same_window,daily,2026-03-08,0.006219444561775422
exclude_dot_same_window,daily,2026-03-09,0.0056319564322660776
exclude_dot_same_window,daily,2026-03-10,0.010334747302255337
exclude_dot_same_window,daily,2026-03-11,0.012499395933882912
exclude_dot_same_window,daily,2026-03-12,0.007230319022321741
exclude_dot_same_window,daily,2026-03-13,0.005547210804263347
exclude_dot_same_window,daily,2026-03-14,0.004711804999165764
exclude_dot_same_window,daily,2026-03-15,0.009119772167742804
exclude_dot_same_window,daily,2026-03-16,0.008438619537659744
exclude_dot_same_window,daily,2026-03-17,0.019547118617633016
exclude_dot_same_window,daily,2026-03-18,0.00980424433474894
exclude_dot_same_window,daily,2026-03-19,0.011467358871394426
exclude_dot_same_window,daily,2026-03-20,0.007308820994744822
exclude_dot_same_window,daily,2026-03-21,0.008369542587470177
exclude_dot_same_window,daily,2026-03-22,0.006605717412329376
exclude_dot_same_window,daily,2026-03-23,0.008809695491530156
exclude_dot_same_window,daily,2026-03-24,0.013839175406981263
exclude_dot_same_window,daily,2026-03-25,0.010832880176451454
exclude_dot_same_window,daily,2026-03-26,0.008045141786246837
exclude_dot_same_window,daily,2026-03-27,0.011921977851017285
exclude_dot_same_window,daily,2026-03-28,0.014309729127797877
exclude_dot_same_window,daily,2026-03-29,0.007109415058785221
exclude_dot_same_window,daily,2026-03-30,0.012583295648878084
exclude_dot_same_window,daily,2026-03-31,0.00891288482054306
exclude_dot_same_window,daily,2026-04-01,0.011056823841788674
exclude_dot_same_window,daily,2026-04-02,0.009969580102955178
exclude_dot_same_window,daily,2026-04-03,0.009612384879133323
exclude_dot_same_window,daily,2026-04-04,0.009960890910654774
exclude_dot_same_window,daily,2026-04-05,0.010696833705936395
exclude_dot_same_window,daily,2026-04-06,0.008817789042031107
exclude_dot_same_window,daily,2026-04-07,0.012784998231267497
exclude_dot_same_window,daily,2026-04-08,0.013390912520378245
exclude_dot_same_window,daily,2026-04-09,0.013723825403777687
exclude_dot_same_window,daily,2026-04-10,0.0058381278589523244
exclude_dot_same_window,daily,2026-04-11,0.006455724608266281
exclude_dot_same_window,daily,2026-04-12,0.00700167398141284
exclude_dot_same_window,daily,2026-04-13,0.011064120601341779
exclude_dot_same_window,daily,2026-04-14,0.016010074530545315
exclude_dot_same_window,daily,2026-04-15,0.0119859408069843
exclude_dot_same_window,daily,2026-04-16,0.005033487742699155
exclude_dot_same_window,daily,2026-04-17,0.01792672225605342
exclude_dot_same_window,daily,2026-04-18,0.011226980863288646
exclude_dot_same_window,daily,2026-04-19,0.010383435962587853
exclude_dot_same_window,daily,2026-04-20,0.006348915184266224
exclude_dot_same_window,daily,2026-04-21,0.005586964689993451
exclude_dot_same_window,daily,2026-04-22,0.00518195244615656
exclude_dot_same_window,daily,2026-04-23,0.01132452364992928
exclude_dot_same_window,daily,2026-04-24,0.007142806804011789
exclude_dot_same_window,daily,2026-04-25,0.00726823550337527
exclude_dot_same_window,daily,2026-04-26,0.0048357142571886225
exclude_dot_same_window,daily,2026-04-27,0.004975541082179943
exclude_dot_same_window,daily,2026-04-28,0.007019010734076583
exclude_dot_same_window,daily,2026-04-29,0.007257007280310229
exclude_dot_same_window,daily,2026-04-30,0.010147260862677573
exclude_dot_same_window,daily,2026-05-01,0.007294769232882636
exclude_dot_same_window,daily,2026-05-02,0.006950450004254163
exclude_dot_same_window,daily,2026-05-03,0.005153285543273989
exclude_dot_same_window,daily,2026-05-04,0.005337248992013474
exclude_dot_same_window,daily,2026-05-05,0.008629431774962074
exclude_dot_same_window,daily,2026-05-06,0.013660151726152814
exclude_dot_same_window,daily,2026-05-07,0.01003879860760866
exclude_dot_same_window,daily,2026-05-08,0.00981105580340838
exclude_dot_same_window,daily,2026-05-09,0.01656891820257421
exclude_dot_same_window,daily,2026-05-10,0.00567066644941179
exclude_dot_same_window,daily,2026-05-11,0.009669566907837199
exclude_dot_same_window,daily,2026-05-12,0.008165354177089579
exclude_dot_same_window,daily,2026-05-13,0.009938218265543364
exclude_dot_same_window,daily,2026-05-14,0.009206806719084665
exclude_dot_same_window,daily,2026-05-15,0.006519063253238033
exclude_dot_same_window,daily,2026-05-16,0.009581404371893962
exclude_dot_same_window,daily,2026-05-17,0.00840057079016461
exclude_dot_same_window,daily,2026-05-18,0.007758695008220448
exclude_dot_same_window,daily,2026-05-19,0.01515968045549107
exclude_dot_same_window,daily,2026-05-20,0.00892477660794945
exclude_dot_same_window,daily,2026-05-21,0.004554147686819027
exclude_dot_same_window,daily,2026-05-22,0.007475044581641763
exclude_dot_same_window,daily,2026-05-23,0.00704831477854484
exclude_dot_same_window,daily,2026-05-24,0.008366315272297628
exclude_dot_same_window,daily,2026-05-25,0.006463518429022
exclude_dot_same_window,daily,2026-05-26,0.005152071639952252
exclude_dot_same_window,daily,2026-05-27,0.006315118168473133
exclude_dot_same_window,daily,2026-05-28,0.022484345637225275
exclude_dot_same_window,daily,2026-05-29,0.04434581146794711
exclude_dot_same_window,daily,2026-05-30,0.04614871971566323
exclude_dot_same_window,daily,2026-05-31,0.02198141154263475
exclude_dot_same_window,daily,2026-06-01,0.022018473077787246
exclude_dot_same_window,daily,2026-06-02,0.013180256730559253
exclude_dot_same_window,daily,2026-06-03,0.011312811265978676
exclude_dot_same_window,daily,2026-06-04,0.02830192257767522
exclude_dot_same_window,daily,2026-06-05,0.021594729015735156
exclude_dot_same_window,daily,2026-06-06,0.03570157913309087
exclude_dot_same_window,daily,2026-06-07,0.014923674708682694
exclude_dot_same_window,daily,2026-06-08,0.01985429736586214
exclude_dot_same_window,daily,2026-06-09,0.018046310146371633
exclude_dot_same_window,daily,2026-06-10,0.009281909905994215
exclude_dot_same_window,daily,2026-06-11,0.013907222892157747
exclude_dot_same_window,daily,2026-06-12,0.012546114764912492
exclude_dot_same_window,daily,2026-06-13,0.0064714150327598585
exclude_dot_same_window,daily,2026-06-14,0.008088471104462688
exclude_dot_same_window,daily,2026-06-15,0.010692588527637062
exclude_dot_same_window,daily,2026-06-16,0.029324819075449385
exclude_dot_same_window,daily,2026-06-17,0.010883795256391243
exclude_dot_same_window,daily,2026-06-18,0.015279525086342283
exclude_dot_same_window,daily,2026-06-19,0.015717767919392014
exclude_dot_same_window,daily,2026-06-20,0.016588601423660962
exclude_dot_same_window,daily,2026-06-21,0.007159261992639804
exclude_dot_same_window,daily,2026-06-22,0.008723083037324025
exclude_dot_same_window,daily,2026-06-23,0.010700915050896903
exclude_dot_same_window,daily,2026-06-24,0.012638962974053328
exclude_dot_same_window,daily,2026-06-25,0.007711387583337614
exclude_dot_same_window,daily,2026-06-26,0.013354514235479176
exclude_dot_same_window,daily,2026-06-27,0.011130253037732421
exclude_dot_same_window,daily,2026-06-28,0.008135761453719817
exclude_dot_same_window,daily,2026-06-29,0.0067726483148127375
exclude_dot_same_window,daily,2026-06-30,0.008447112504512605
exclude_dot_same_window,daily,2026-07-01,0.01840567383659869
exclude_dot_same_window,daily,2026-07-02,0.015749217922474024
exclude_dot_same_window,daily,2026-07-03,0.015388090264311746
exclude_dot_same_window,daily,2026-07-04,0.016232458645350917
exclude_dot_same_window,daily,2026-07-05,0.012778072308822525
exclude_dot_same_window,daily,2026-07-06,0.01058147763494656
exclude_dot_same_window,daily,2026-07-07,0.008876022403014522
exclude_dot_same_window,daily,2026-07-08,0.013720933869797919
exclude_dot_same_window,daily,2026-07-09,0.009835331227449645
exclude_dot_same_window,daily,2026-07-10,0.006881556896910571
exclude_dot_same_window,daily,2026-07-11,0.010019926624584341
exclude_dot_same_window,daily,2026-07-12,0.004384959807191419
exclude_dot_same_window,daily,2026-07-13,0.009914236184051364
exclude_dot_same_window,daily,2026-07-14,0.007118161096402925
exclude_dot_same_window,daily,2026-07-15,0.015187770647182339
exclude_dot_same_window,daily,2026-07-16,0.012428254160343002
exclude_dot_same_window,daily,2026-07-17,0.007530773946931094
exclude_dot_same_window,daily,2026-07-18,0.00857318439992441
exclude_dot_same_window,daily,2026-07-19,0.008105573917123077
exclude_dot_same_window,daily,2026-07-20,0.005573965698389763
exclude_dot_same_window,daily,2026-07-21,0.00949955032710012
exclude_dot_same_window,daily,2026-07-22,0.00691759279881804
exclude_dot_same_window,daily,2026-07-23,0.0064894262571731365
exclude_dot_same_window,daily,2026-07-24,0.012195418076567793
exclude_dot_same_window,daily,2026-07-25,0.009672664625349589
exclude_dot_same_window,daily,2026-07-26,0.006972938418280061
exclude_dot_same_window,daily,2026-07-27,0.013995341173572193
exclude_dot_same_window,daily,2026-07-28,0.01100250605520875
exclude_dot_same_window,daily,2026-07-29,0.008123523294553944
exclude_dot_same_window,daily,2026-07-30,0.00643450236720057
exclude_dot_same_window,daily,2026-07-31,0.008925593722508021
exclude_dot_same_window,daily,2026-08-01,0.009796159480338518
exclude_dot_same_window,weekly,2020-08-21,1.0
exclude_dot_same_window,weekly,2020-08-24,0.02532287632805079
exclude_dot_same_window,weekly,2020-08-31,0.04602420380577053
exclude_dot_same_window,weekly,2020-09-07,0.077912514985922
exclude_dot_same_window,weekly,2020-09-14,0.023573564137897046
exclude_dot_same_window,weekly,2020-09-21,0.05385207555771146
exclude_dot_same_window,weekly,2020-09-28,0.04799924209045671
exclude_dot_same_window,weekly,2020-10-05,0.02925412734666362
exclude_dot_same_window,weekly,2020-10-12,0.02838663607778104
exclude_dot_same_window,weekly,2020-10-19,0.02905772956447658
exclude_dot_same_window,weekly,2020-10-26,0.04389413458157043
exclude_dot_same_window,weekly,2020-11-02,0.025896106495370094
exclude_dot_same_window,weekly,2020-11-09,0.040766233615008016
exclude_dot_same_window,weekly,2020-11-16,0.03601932091210942
exclude_dot_same_window,weekly,2020-11-23,0.08692839925912896
exclude_dot_same_window,weekly,2020-11-30,0.16004638817287142
exclude_dot_same_window,weekly,2020-12-07,0.03658704477698893
exclude_dot_same_window,weekly,2020-12-14,0.02877614095367366
exclude_dot_same_window,weekly,2020-12-21,0.1100132419080197
exclude_dot_same_window,weekly,2020-12-28,0.11634177891950843
exclude_dot_same_window,weekly,2021-01-04,0.17533878144397136
exclude_dot_same_window,weekly,2021-01-11,0.1559455939677984
exclude_dot_same_window,weekly,2021-01-18,0.14255733618054414
exclude_dot_same_window,weekly,2021-01-25,0.05383057633261215
exclude_dot_same_window,weekly,2021-02-01,0.45030508593036633
exclude_dot_same_window,weekly,2021-02-08,0.20628378680635504
exclude_dot_same_window,weekly,2021-02-15,0.14530728828076567
exclude_dot_same_window,weekly,2021-02-22,0.08440274229784454
exclude_dot_same_window,weekly,2021-03-01,0.11567589369089562
exclude_dot_same_window,weekly,2021-03-08,0.05635899419116394
exclude_dot_same_window,weekly,2021-03-15,0.06956732262747253
exclude_dot_same_window,weekly,2021-03-22,0.08174192725929431
exclude_dot_same_window,weekly,2021-03-29,0.03292460315263897
exclude_dot_same_window,weekly,2021-04-05,0.1324179538626843
exclude_dot_same_window,weekly,2021-04-12,0.16490113414897106
exclude_dot_same_window,weekly,2021-04-19,0.40793733242996133
exclude_dot_same_window,weekly,2021-04-26,0.07250842831260407
exclude_dot_same_window,weekly,2021-05-03,0.08352701816819831
exclude_dot_same_window,weekly,2021-05-10,0.1935930541968507
exclude_dot_same_window,weekly,2021-05-17,0.13247960596135344
exclude_dot_same_window,weekly,2021-05-24,0.0944822972635716
exclude_dot_same_window,weekly,2021-05-31,0.07152979610216306
exclude_dot_same_window,weekly,2021-06-07,0.05070326904044395
exclude_dot_same_window,weekly,2021-06-14,0.039100411313447644
exclude_dot_same_window,weekly,2021-06-21,0.02582006483311626
exclude_dot_same_window,weekly,2021-06-28,0.05125105314294015
exclude_dot_same_window,weekly,2021-07-05,0.060977340638488836
exclude_dot_same_window,weekly,2021-07-12,0.02083051121931677
exclude_dot_same_window,weekly,2021-07-19,0.030254667255935994
exclude_dot_same_window,weekly,2021-07-26,0.036783209784888735
exclude_dot_same_window,weekly,2021-08-02,0.05668566585878178
exclude_dot_same_window,weekly,2021-08-09,0.03804913855212623
exclude_dot_same_window,weekly,2021-08-16,0.09766171286871146
exclude_dot_same_window,weekly,2021-08-23,0.06209773082160702
exclude_dot_same_window,weekly,2021-08-30,0.04199233874437494
exclude_dot_same_window,weekly,2021-09-06,0.05619841496860785
exclude_dot_same_window,weekly,2021-09-13,0.05614035557545609
exclude_dot_same_window,weekly,2021-09-20,0.02508630914380071
exclude_dot_same_window,weekly,2021-09-27,0.03551993875386868
exclude_dot_same_window,weekly,2021-10-04,0.023272361495439098
exclude_dot_same_window,weekly,2021-10-11,0.03701735505436997
exclude_dot_same_window,weekly,2021-10-18,0.045160289624962324
exclude_dot_same_window,weekly,2021-10-25,0.044272474810521587
exclude_dot_same_window,weekly,2021-11-01,0.022681033967192676
exclude_dot_same_window,weekly,2021-11-08,0.033862305194002656
exclude_dot_same_window,weekly,2021-11-15,0.07101997291199298
exclude_dot_same_window,weekly,2021-11-22,0.033552273360940896
exclude_dot_same_window,weekly,2021-11-29,0.042576296598094046
exclude_dot_same_window,weekly,2021-12-06,0.04976045596992397
exclude_dot_same_window,weekly,2021-12-13,0.02623643531697066
exclude_dot_same_window,weekly,2021-12-20,0.028916758200122628
exclude_dot_same_window,weekly,2021-12-27,0.046305967739678655
exclude_dot_same_window,weekly,2022-01-03,0.02078114428544002
exclude_dot_same_window,weekly,2022-01-10,0.07409933274142852
exclude_dot_same_window,weekly,2022-01-17,0.05443439617317908
exclude_dot_same_window,weekly,2022-01-24,0.04096683526174438
exclude_dot_same_window,weekly,2022-01-31,0.0349086007566549
exclude_dot_same_window,weekly,2022-02-07,0.029059071500127612
exclude_dot_same_window,weekly,2022-02-14,0.061595551347715216
exclude_dot_same_window,weekly,2022-02-21,0.02688998036321842
exclude_dot_same_window,weekly,2022-02-28,0.03413242457054051
exclude_dot_same_window,weekly,2022-03-07,0.019925290315656388
exclude_dot_same_window,weekly,2022-03-14,0.027200937369556324
exclude_dot_same_window,weekly,2022-03-21,0.06225079779220773
exclude_dot_same_window,weekly,2022-03-28,0.04704420163545962
exclude_dot_same_window,weekly,2022-04-04,0.028791067617501734
exclude_dot_same_window,weekly,2022-04-11,0.0406317083703019
exclude_dot_same_window,weekly,2022-04-18,0.037645236080504615
exclude_dot_same_window,weekly,2022-04-25,0.02971575178185072
exclude_dot_same_window,weekly,2022-05-02,0.060909437236650626
exclude_dot_same_window,weekly,2022-05-09,0.055970281373358285
exclude_dot_same_window,weekly,2022-05-16,0.04773064469184095
exclude_dot_same_window,weekly,2022-05-23,0.03420709434979158
exclude_dot_same_window,weekly,2022-05-30,0.054488716983724025
exclude_dot_same_window,weekly,2022-06-06,0.057841875612854726
exclude_dot_same_window,weekly,2022-06-13,0.05335355419425894
exclude_dot_same_window,weekly,2022-06-20,0.09800920861160364
exclude_dot_same_window,weekly,2022-06-27,0.04155474588226797
exclude_dot_same_window,weekly,2022-07-04,0.024429485586512534
exclude_dot_same_window,weekly,2022-07-11,0.02146146957111361
exclude_dot_same_window,weekly,2022-07-18,0.06282577498297363
exclude_dot_same_window,weekly,2022-07-25,0.0648463333332419
exclude_dot_same_window,weekly,2022-08-01,0.06018913387740113
exclude_dot_same_window,weekly,2022-08-08,0.019305838894429883
exclude_dot_same_window,weekly,2022-08-15,0.04504815756264416
exclude_dot_same_window,weekly,2022-08-22,0.041291064381194315
exclude_dot_same_window,weekly,2022-08-29,0.023017203897452904
exclude_dot_same_window,weekly,2022-09-05,0.04521856809116942
exclude_dot_same_window,weekly,2022-09-12,0.04188062034882761
exclude_dot_same_window,weekly,2022-09-19,0.06494332145470992
exclude_dot_same_window,weekly,2022-09-26,0.07164132924434687
exclude_dot_same_window,weekly,2022-10-03,0.03465376544546983
exclude_dot_same_window,weekly,2022-10-10,0.03385940078559417
exclude_dot_same_window,weekly,2022-10-17,0.0437471471975089
exclude_dot_same_window,weekly,2022-10-24,0.019206340456825982
exclude_dot_same_window,weekly,2022-10-31,0.13490732210422107
exclude_dot_same_window,weekly,2022-11-07,0.04053239514273621
exclude_dot_same_window,weekly,2022-11-14,0.04346409373689594
exclude_dot_same_window,weekly,2022-11-21,0.0485586497470549
exclude_dot_same_window,weekly,2022-11-28,0.0639978064411945
exclude_dot_same_window,weekly,2022-12-05,0.030696758555303294
exclude_dot_same_window,weekly,2022-12-12,0.02998150262967063
exclude_dot_same_window,weekly,2022-12-19,0.050964998481271714
exclude_dot_same_window,weekly,2022-12-26,0.02313333028330755
exclude_dot_same_window,weekly,2023-01-02,0.020919435643902876
exclude_dot_same_window,weekly,2023-01-09,0.053968688075108115
exclude_dot_same_window,weekly,2023-01-16,0.029810313719647444
exclude_dot_same_window,weekly,2023-01-23,0.02171158190018696
exclude_dot_same_window,weekly,2023-01-30,0.017312065168716875
exclude_dot_same_window,weekly,2023-02-06,0.020083732749029415
exclude_dot_same_window,weekly,2023-02-13,0.02330045075505792
exclude_dot_same_window,weekly,2023-02-20,0.02847125932424159
exclude_dot_same_window,weekly,2023-02-27,0.0202986394149086
exclude_dot_same_window,weekly,2023-03-06,0.020486104464174967
exclude_dot_same_window,weekly,2023-03-13,0.03346615880574001
exclude_dot_same_window,weekly,2023-03-20,0.044206551728024526
exclude_dot_same_window,weekly,2023-03-27,0.049059074183342447
exclude_dot_same_window,weekly,2023-04-03,0.04872252024636499
exclude_dot_same_window,weekly,2023-04-10,0.019955944133938544
exclude_dot_same_window,weekly,2023-04-17,0.03578069149885016
exclude_dot_same_window,weekly,2023-04-24,0.02632377766330267
exclude_dot_same_window,weekly,2023-05-01,0.013590945434165516
exclude_dot_same_window,weekly,2023-05-08,0.018344930011077024
exclude_dot_same_window,weekly,2023-05-15,0.019545621410284444
exclude_dot_same_window,weekly,2023-05-22,0.037586451561420375
exclude_dot_same_window,weekly,2023-05-29,0.017107711051971397
exclude_dot_same_window,weekly,2023-06-05,0.033732368090156256
exclude_dot_same_window,weekly,2023-06-12,0.06713176362196288
exclude_dot_same_window,weekly,2023-06-19,0.024735746968581204
exclude_dot_same_window,weekly,2023-06-26,0.103010943518287
exclude_dot_same_window,weekly,2023-07-03,0.10621523136827542
exclude_dot_same_window,weekly,2023-07-10,0.04042906325147211
exclude_dot_same_window,weekly,2023-07-17,0.11739719609787724
exclude_dot_same_window,weekly,2023-07-24,0.05373039476630599
exclude_dot_same_window,weekly,2023-07-31,0.026624251380491334
exclude_dot_same_window,weekly,2023-08-07,0.0377617433167589
exclude_dot_same_window,weekly,2023-08-14,0.011060780482104446
exclude_dot_same_window,weekly,2023-08-21,0.050504682709162474
exclude_dot_same_window,weekly,2023-08-28,0.024785834803949983
exclude_dot_same_window,weekly,2023-09-04,0.011645677240347208
exclude_dot_same_window,weekly,2023-09-11,0.02730556727552169
exclude_dot_same_window,weekly,2023-09-18,0.03620135421829497
exclude_dot_same_window,weekly,2023-09-25,0.02821304575628561
exclude_dot_same_window,weekly,2023-10-02,0.0333084998946066
exclude_dot_same_window,weekly,2023-10-09,0.01621387984201375
exclude_dot_same_window,weekly,2023-10-16,0.011314122664078982
exclude_dot_same_window,weekly,2023-10-23,0.05253996316883573
exclude_dot_same_window,weekly,2023-10-30,0.03126845045860835
exclude_dot_same_window,weekly,2023-11-06,0.04658331908422282
exclude_dot_same_window,weekly,2023-11-13,0.0552584513150058
exclude_dot_same_window,weekly,2023-11-20,0.02372083772849813
exclude_dot_same_window,weekly,2023-11-27,0.016386733004611256
exclude_dot_same_window,weekly,2023-12-04,0.026793904316830736
exclude_dot_same_window,weekly,2023-12-11,0.07210031378739437
exclude_dot_same_window,weekly,2023-12-18,0.0219489156241936
exclude_dot_same_window,weekly,2023-12-25,0.019805696786979285
exclude_dot_same_window,weekly,2024-01-01,0.028698012309048185
exclude_dot_same_window,weekly,2024-01-08,0.048376771203186175
exclude_dot_same_window,weekly,2024-01-15,0.059503061285377454
exclude_dot_same_window,weekly,2024-01-22,0.032773146660669286
exclude_dot_same_window,weekly,2024-01-29,0.02887503129257278
exclude_dot_same_window,weekly,2024-02-05,0.05153048005430659
exclude_dot_same_window,weekly,2024-02-12,0.03637969946305113
exclude_dot_same_window,weekly,2024-02-19,0.042275732929079865
exclude_dot_same_window,weekly,2024-02-26,0.027679542359940787
exclude_dot_same_window,weekly,2024-03-04,0.14103629596899442
exclude_dot_same_window,weekly,2024-03-11,0.06047344276163612
exclude_dot_same_window,weekly,2024-03-18,0.03485431588968241
exclude_dot_same_window,weekly,2024-03-25,0.05760301957374288
exclude_dot_same_window,weekly,2024-04-01,0.0850179969519153
exclude_dot_same_window,weekly,2024-04-08,0.02905184386911118
exclude_dot_same_window,weekly,2024-04-15,0.06315759339294837
exclude_dot_same_window,weekly,2024-04-22,0.031712791736939014
exclude_dot_same_window,weekly,2024-04-29,0.042918417824388266
exclude_dot_same_window,weekly,2024-05-06,0.02858957395284263
exclude_dot_same_window,weekly,2024-05-13,0.030786749913149142
exclude_dot_same_window,weekly,2024-05-20,0.045624885054299194
exclude_dot_same_window,weekly,2024-05-27,0.061248215802085546
exclude_dot_same_window,weekly,2024-06-03,0.028382740017206046
exclude_dot_same_window,weekly,2024-06-10,0.0349693936277683
exclude_dot_same_window,weekly,2024-06-17,0.02770523579535278
exclude_dot_same_window,weekly,2024-06-24,0.037627056543457035
exclude_dot_same_window,weekly,2024-07-01,0.019049510461909266
exclude_dot_same_window,weekly,2024-07-08,0.045916406542059
exclude_dot_same_window,weekly,2024-07-15,0.050861461207694206
exclude_dot_same_window,weekly,2024-07-22,0.04595535424374601
exclude_dot_same_window,weekly,2024-07-29,0.04304502512612654
exclude_dot_same_window,weekly,2024-08-05,0.03464733191948062
exclude_dot_same_window,weekly,2024-08-12,0.04113865298510205
exclude_dot_same_window,weekly,2024-08-19,0.024827094363435998
exclude_dot_same_window,weekly,2024-08-26,0.046370784286188516
exclude_dot_same_window,weekly,2024-09-02,0.029496278509986984
exclude_dot_same_window,weekly,2024-09-09,0.021980470547351694
exclude_dot_same_window,weekly,2024-09-16,0.02904447504797815
exclude_dot_same_window,weekly,2024-09-23,0.026745506486247544
exclude_dot_same_window,weekly,2024-09-30,0.04073473281525329
exclude_dot_same_window,weekly,2024-10-07,0.03111970029675662
exclude_dot_same_window,weekly,2024-10-14,0.018808391675728828
exclude_dot_same_window,weekly,2024-10-21,0.04943591798816965
exclude_dot_same_window,weekly,2024-10-28,0.0343896191791974
exclude_dot_same_window,weekly,2024-11-04,0.021648485001546452
exclude_dot_same_window,weekly,2024-11-11,0.135042729771878
exclude_dot_same_window,weekly,2024-11-18,0.17719684246446205
exclude_dot_same_window,weekly,2024-11-25,0.2108382178800911
exclude_dot_same_window,weekly,2024-12-02,0.10145571429983931
exclude_dot_same_window,weekly,2024-12-09,0.10675261317817247
exclude_dot_same_window,weekly,2024-12-16,0.06288669319555677
exclude_dot_same_window,weekly,2024-12-23,0.04587194375883112
exclude_dot_same_window,weekly,2024-12-30,0.02335166237905438
exclude_dot_same_window,weekly,2025-01-06,0.06348647942357058
exclude_dot_same_window,weekly,2025-01-13,0.04876204044037789
exclude_dot_same_window,weekly,2025-01-20,0.06501284450509663
exclude_dot_same_window,weekly,2025-01-27,0.031810696984392636
exclude_dot_same_window,weekly,2025-02-03,0.04344974875197173
exclude_dot_same_window,weekly,2025-02-10,0.04291071827822904
exclude_dot_same_window,weekly,2025-02-17,0.0481122263146236
exclude_dot_same_window,weekly,2025-02-24,0.034707118182640856
exclude_dot_same_window,weekly,2025-03-03,0.09049478855258719
exclude_dot_same_window,weekly,2025-03-10,0.11299088278001965
exclude_dot_same_window,weekly,2025-03-17,0.03511946821656391
exclude_dot_same_window,weekly,2025-03-24,0.028552597197995633
exclude_dot_same_window,weekly,2025-03-31,0.025878672779835618
exclude_dot_same_window,weekly,2025-04-07,0.04381890184976374
exclude_dot_same_window,weekly,2025-04-14,0.03323218317254038
exclude_dot_same_window,weekly,2025-04-21,0.027922261891054886
exclude_dot_same_window,weekly,2025-04-28,0.03737311060808078
exclude_dot_same_window,weekly,2025-05-05,0.028527822885699106
exclude_dot_same_window,weekly,2025-05-12,0.06645310947613932
exclude_dot_same_window,weekly,2025-05-19,0.031609292102229375
exclude_dot_same_window,weekly,2025-05-26,0.026159018932282466
exclude_dot_same_window,weekly,2025-06-02,0.03317327133595811
exclude_dot_same_window,weekly,2025-06-09,0.02047905234787445
exclude_dot_same_window,weekly,2025-06-16,0.031044275718587713
exclude_dot_same_window,weekly,2025-06-23,0.04152361161608231
exclude_dot_same_window,weekly,2025-06-30,0.02535358150016713
exclude_dot_same_window,weekly,2025-07-07,0.01916981642476684
exclude_dot_same_window,weekly,2025-07-14,0.11849870742195939
exclude_dot_same_window,weekly,2025-07-21,0.09650601247596964
exclude_dot_same_window,weekly,2025-07-28,0.041810582674931956
exclude_dot_same_window,weekly,2025-08-04,0.04825653253447734
exclude_dot_same_window,weekly,2025-08-11,0.06192807032861218
exclude_dot_same_window,weekly,2025-08-18,0.05996694958409102
exclude_dot_same_window,weekly,2025-08-25,0.029501926185388314
exclude_dot_same_window,weekly,2025-09-01,0.021827614351912952
exclude_dot_same_window,weekly,2025-09-08,0.03297418100252508
exclude_dot_same_window,weekly,2025-09-15,0.033680835899660616
exclude_dot_same_window,weekly,2025-09-22,0.018163099274138617
exclude_dot_same_window,weekly,2025-09-29,0.02077325627534969
exclude_dot_same_window,weekly,2025-10-06,0.025938255619314815
exclude_dot_same_window,weekly,2025-10-13,0.042345012191745676
exclude_dot_same_window,weekly,2025-10-20,0.020674356609238054
exclude_dot_same_window,weekly,2025-10-27,0.03302898877783468
exclude_dot_same_window,weekly,2025-11-03,0.027583221144803244
exclude_dot_same_window,weekly,2025-11-10,0.036228153646116465
exclude_dot_same_window,weekly,2025-11-17,0.041953676597135656
exclude_dot_same_window,weekly,2025-11-24,0.04678943388472766
exclude_dot_same_window,weekly,2025-12-01,0.018114122022793444
exclude_dot_same_window,weekly,2025-12-08,0.03793894531948466
exclude_dot_same_window,weekly,2025-12-15,0.010250574700529466
exclude_dot_same_window,weekly,2025-12-22,0.03169189716253816
exclude_dot_same_window,weekly,2025-12-29,0.020846990691306203
exclude_dot_same_window,weekly,2026-01-05,0.03285004072243633
exclude_dot_same_window,weekly,2026-01-12,0.021218664510526133
exclude_dot_same_window,weekly,2026-01-19,0.04135012824965112
exclude_dot_same_window,weekly,2026-01-26,0.024934454152682153
exclude_dot_same_window,weekly,2026-02-02,0.033080970156853406
exclude_dot_same_window,weekly,2026-02-09,0.026388633880252324
exclude_dot_same_window,weekly,2026-02-16,0.027395876063457406
exclude_dot_same_window,weekly,2026-02-23,0.02933155728427715
exclude_dot_same_window,weekly,2026-03-02,0.0367325591020167
exclude_dot_same_window,weekly,2026-03-09,0.025264913778752757
exclude_dot_same_window,weekly,2026-03-16,0.023055930234469016
exclude_dot_same_window,weekly,2026-03-23,0.026942419385393032
exclude_dot_same_window,weekly,2026-03-30,0.025740177157498753
exclude_dot_same_window,weekly,2026-04-06,0.03265416014056843
exclude_dot_same_window,weekly,2026-04-13,0.027964160216083764
exclude_dot_same_window,weekly,2026-04-20,0.01650353402529932
exclude_dot_same_window,weekly,2026-04-27,0.014617352148107637
exclude_dot_same_window,weekly,2026-05-04,0.0299672980508897
exclude_dot_same_window,weekly,2026-05-11,0.041435376435043386
exclude_dot_same_window,weekly,2026-05-18,0.03980284734400051
exclude_dot_same_window,weekly,2026-05-25,0.030864435975356444
exclude_dot_same_window,weekly,2026-06-01,0.12890012737905768
exclude_dot_same_window,weekly,2026-06-08,0.055751082341311556
exclude_dot_same_window,weekly,2026-06-15,0.03967757914392078
exclude_dot_same_window,weekly,2026-06-22,0.046547382435040766
exclude_dot_same_window,weekly,2026-06-29,0.03383649482096422
exclude_dot_same_window,weekly,2026-07-06,0.06548073277551654
exclude_dot_same_window,weekly,2026-07-13,0.038373992841116936
exclude_dot_same_window,weekly,2026-07-20,0.02733694212272693
exclude_dot_same_window,weekly,2026-07-27,0.013266116044941809
exclude_dot_same_window,monthly,2020-08-21,1.0
exclude_dot_same_window,monthly,2020-09-01,0.038216060740674476
exclude_dot_same_window,monthly,2020-10-01,0.06340606884561893
exclude_dot_same_window,monthly,2020-11-01,0.08607782048610045
exclude_dot_same_window,monthly,2020-12-01,0.2477823731910624
exclude_dot_same_window,monthly,2021-01-01,0.28457328079635263
exclude_dot_same_window,monthly,2021-02-01,0.4980180756074326
exclude_dot_same_window,monthly,2021-03-01,0.2908405535415898
exclude_dot_same_window,monthly,2021-04-01,0.14949964501191187
exclude_dot_same_window,monthly,2021-05-01,0.4931852595521998
exclude_dot_same_window,monthly,2021-06-01,0.2998236651707964
exclude_dot_same_window,monthly,2021-07-01,0.09129790129392815
exclude_dot_same_window,monthly,2021-08-01,0.08611341564558797
exclude_dot_same_window,monthly,2021-09-01,0.13779595748017787
exclude_dot_same_window,monthly,2021-10-01,0.08634932783026729
exclude_dot_same_window,monthly,2021-11-01,0.09008222212228753
exclude_dot_same_window,monthly,2021-12-01,0.08207149252792509
exclude_dot_same_window,monthly,2022-01-01,0.043394744498133825
exclude_dot_same_window,monthly,2022-02-01,0.060794067761220066
exclude_dot_same_window,monthly,2022-03-01,0.09353408317682683
exclude_dot_same_window,monthly,2022-04-01,0.0771093616625949
exclude_dot_same_window,monthly,2022-05-01,0.11063125318836273
exclude_dot_same_window,monthly,2022-06-01,0.1547524328440455
exclude_dot_same_window,monthly,2022-07-01,0.12998019367591646
exclude_dot_same_window,monthly,2022-08-01,0.20574534245076462
exclude_dot_same_window,monthly,2022-09-01,0.026930975941297064
exclude_dot_same_window,monthly,2022-10-01,0.10840023925092912
exclude_dot_same_window,monthly,2022-11-01,0.17177013759750726
exclude_dot_same_window,monthly,2022-12-01,0.13006143746713295
exclude_dot_same_window,monthly,2023-01-01,0.09862323014295205
exclude_dot_same_window,monthly,2023-02-01,0.06412950495966409
exclude_dot_same_window,monthly,2023-03-01,0.05420869911789908
exclude_dot_same_window,monthly,2023-04-01,0.12034521468147506
exclude_dot_same_window,monthly,2023-05-01,0.055684340035043176
exclude_dot_same_window,monthly,2023-06-01,0.058000560042261826
exclude_dot_same_window,monthly,2023-07-01,0.23688126822559918
exclude_dot_same_window,monthly,2023-08-01,0.15713898283644867
exclude_dot_same_window,monthly,2023-09-01,0.07202433062799293
exclude_dot_same_window,monthly,2023-10-01,0.07912118715272266
exclude_dot_same_window,monthly,2023-11-01,0.07110937842906637
exclude_dot_same_window,monthly,2023-12-01,0.08821955559617398
exclude_dot_same_window,monthly,2024-01-01,0.08468867378028973
exclude_dot_same_window,monthly,2024-02-01,0.08926404900063871
exclude_dot_same_window,monthly,2024-03-01,0.07951740225838744
exclude_dot_same_window,monthly,2024-04-01,0.2359376775120176
exclude_dot_same_window,monthly,2024-05-01,0.10301000616948715
exclude_dot_same_window,monthly,2024-06-01,0.09506469093540625
exclude_dot_same_window,monthly,2024-07-01,0.0727072822010768
exclude_dot_same_window,monthly,2024-08-01,0.07927999545104522
exclude_dot_same_window,monthly,2024-09-01,0.08213931637083087
exclude_dot_same_window,monthly,2024-10-01,0.02454156974180699
exclude_dot_same_window,monthly,2024-11-01,0.10179703021218639
exclude_dot_same_window,monthly,2024-12-01,0.46008739274325317
exclude_dot_same_window,monthly,2025-01-01,0.15910344235228085
exclude_dot_same_window,monthly,2025-02-01,0.10592446797177181
exclude_dot_same_window,monthly,2025-03-01,0.1265353150081176
exclude_dot_same_window,monthly,2025-04-01,0.0954025953195469
exclude_dot_same_window,monthly,2025-05-01,0.04417565229841247
exclude_dot_same_window,monthly,2025-06-01,0.07661910269865876
exclude_dot_same_window,monthly,2025-07-01,0.0725384268768245
exclude_dot_same_window,monthly,2025-08-01,0.09286847334926714
exclude_dot_same_window,monthly,2025-09-01,0.09405869985895882
exclude_dot_same_window,monthly,2025-10-01,0.047104043988918654
exclude_dot_same_window,monthly,2025-11-01,0.06034809563018971
exclude_dot_same_window,monthly,2025-12-01,0.08143501697440371
exclude_dot_same_window,monthly,2026-01-01,0.09352497202595912
exclude_dot_same_window,monthly,2026-02-01,0.05090177306167243
exclude_dot_same_window,monthly,2026-03-01,0.041630700130511886
exclude_dot_same_window,monthly,2026-04-01,0.04847850237310536
exclude_dot_same_window,monthly,2026-05-01,0.04265991194790529
exclude_dot_same_window,monthly,2026-06-01,0.12731398744860511
exclude_dot_same_window,monthly,2026-07-01,0.08084147676573585
exclude_dot_same_window,monthly,2026-08-01,0.0627923589657959
